project_id,project_number,title,project_leader,institution,amount_eur,start_date,start_year,duration_months,end_year,status,research_theme,funding_partner,is_iknl,iknl_involved,url
10004,10004,Statistische analyse van het lange-termijn risico op radiotherapie-gerelateerde tweede tumoren op basis van de verdeling van de stralingsdosis,prof. dr. Michael Hauptmann,Brandenburg Medical School Theodor Fontane,440556.0,2017-12-01,2017,58,2022,afgerond,Kwaliteit van Leven/Zorg,Alpe d'HuZes,False,False,https://www.kwf.nl/onderzoek/onderzoeksdatabase/statistische-analyse-van-het-lange-termijn-risico-op-radiotherapie
10014,10014,De DRUP studie: een nationaal onderzoek naar de effectiviteit van het koppelen van tumor kenmerken & gerichte anti-kanker medicijnen.,prof. dr. Emile Voest,Antoni van Leeuwenhoek / Nederlands Kanker Instituut,1745060.0,2017-06-01,2017,60,2022,afgerond,Medicijnen,,False,False,https://www.kwf.nl/onderzoek/onderzoeksdatabase/de-drup-studie-een-nationaal-onderzoek-naar-de-effectiviteit-van-het
10032,10032,Kankertherapie op maat: Profiteren van specifieke defecten en synthetische letaliteit in het DNA schade-tolerantie systeem,prof.dr. Heinz Jacobs,Antoni van Leeuwenhoek / Nederlands Kanker Instituut,962986.0,2017-03-01,2017,67,2022,afgerond,Basaal/fundamenteel onderzoek,,False,False,https://www.kwf.nl/onderzoek/onderzoeksdatabase/kankertherapie-op-maat-profiteren-van-specifieke-defecten-en
10034,10034,POINTING: het aanwijzen van factoren die voorspellen welke patiënten baat hebben bij immunotherapie op basis van zeer persoonlijke tumorkenmerken.,prof. dr. Elisabeth GE de Vries,UMC Groningen,1988920.0,2017-09-01,2017,84,2024,afgerond,Biomarkers,,False,False,https://www.kwf.nl/onderzoek/onderzoeksdatabase/pointing-het-aanwijzen-van-factoren-die-voorspellen-welke-patienten
10072,10072,Breek het verzet van therapie resistente leukemie,dr. Frank van Leeuwen,Prinses Máxima Centrum voor kinderoncologie,490880.0,2017-07-01,2017,51,2021,afgerond,Basaal/fundamenteel onderzoek,,False,False,https://www.kwf.nl/onderzoek/onderzoeksdatabase/breek-het-verzet-van-therapie-resistente-leukemie
10080,10080,Oncogene functies van de transcriptie factor C/EBPβ in borstkanker,prof. dr. Cornelis Calkhoven,UMC Groningen,660445.0,2017-05-01,2017,54,2021,afgerond,Basaal/fundamenteel onderzoek,,False,False,https://www.kwf.nl/onderzoek/onderzoeksdatabase/oncogene-functies-van-de-transcriptie-factor-cebpb-in-borstkanker
10083,10083,Effectiviteit van immunotherapie voor uitgezaaide borstkanker vergroten door opheffing van immunosuppressie,prof. dr. Karin de Visser,Antoni van Leeuwenhoek / Nederlands Kanker Instituut,557592.0,2017-05-01,2017,54,2021,afgerond,Basaal/fundamenteel onderzoek,,False,False,https://www.kwf.nl/onderzoek/onderzoeksdatabase/effectiviteit-van-immunotherapie-voor-uitgezaaide-borstkanker
10084,10084,Kunnen we voorspellen welke prostaatkanker patienten extra behandeling nodig hebben? En welke behandeling zou dat dan moeten zijn?,prof. dr. Wilbert Zwart,Antoni van Leeuwenhoek / Nederlands Kanker Instituut,655645.0,2017-06-01,2017,56,2022,afgerond,Biomarkers,Alpe d'HuZes,False,False,https://www.kwf.nl/onderzoek/onderzoeksdatabase/kunnen-we-voorspellen-welke-prostaatkanker-patienten-extra-behandeling
10089,10089,Een standaard training voor MDL-artsen in het behandelen van grote complexe poliepen,prof. dr. Ad Masclee,Universiteit Maastricht,392858.0,2017-09-01,2017,62,2022,afgerond,(Behandel)technieken,,False,False,https://www.kwf.nl/onderzoek/onderzoeksdatabase/een-standaard-training-voor-mdl-artsen-in-het-behandelen-van-grote
10094,10094,Kankerbehandeling tijdens de zwangerschap: van fetale veiligheid tot maternale effectiviteit,prof. dr. Frédéric Amant,Antoni van Leeuwenhoek / Nederlands Kanker Instituut,600666.0,2017-05-01,2017,57,2022,afgerond,Kwaliteit van Leven/Zorg,Gerichte Gift,False,False,https://www.kwf.nl/onderzoek/onderzoeksdatabase/kankerbehandeling-tijdens-de-zwangerschap-van-fetale-veiligheid-tot
10099,10099,Voorspellen van de respons op immunotherapie,prof. dr. Sandra Heskamp,Radboudumc,656250.0,2017-06-01,2017,54,2021,afgerond,Immunotherapie,Alpe d'HuZes,False,False,https://www.kwf.nl/onderzoek/onderzoeksdatabase/voorspellen-van-de-respons-op-immunotherapie
10100,10100,Toediening van gekweekte Natural Killer cellen in de buikholte van patiënten met teruggekeerde eierstokkanker (een fase I studie).,prof.dr. Harry Dolstra,Radboudumc,997063.0,2017-05-01,2017,73,2023,afgerond,Immunotherapie,Gerichte Gift,False,False,https://www.kwf.nl/onderzoek/onderzoeksdatabase/toediening-van-gekweekte-natural-killer-cellen-in-de-buikholte-van
10113,10113,Beeldgestuurde adaptieve radiotherapie voor kinderen: omdat kinderen geen volwassenen zijn.,prof.dr. Arjan Bel,Amsterdam UMC (locatie AMC),455016.0,2017-01-01,2017,72,2023,afgerond,(Behandel)technieken,,False,False,https://www.kwf.nl/onderzoek/onderzoeksdatabase/beeldgestuurde-adaptieve-radiotherapie-voor-kinderen-omdat-kinderen
10123,10123,De rol van het nanoskelet van gliomacellen bij het verspreiden van deze cellen in het brein,prof. dr. Elly Hol,UMC Utrecht,493976.0,2017-05-01,2017,54,2021,afgerond,Basaal/fundamenteel onderzoek,,False,False,https://www.kwf.nl/onderzoek/onderzoeksdatabase/de-rol-van-het-nanoskelet-van-gliomacellen-bij-het-verspreiden-van
10128,10128,Wegwijzer voor de chirurg: Tumoren beter zichtbaar maken tijdens de operatie bij dikkedarmkankerpatiënten,dr. Mark Rijpkema,Radboudumc,567865.0,2017-10-01,2017,54,2022,afgerond,(Behandel)technieken,,False,False,https://www.kwf.nl/onderzoek/onderzoeksdatabase/wegwijzer-voor-de-chirurg-tumoren-beter-zichtbaar-maken-tijdens-de
10138,10138,Een nieuw model voor het voorspellen van de effectiviteit van chemoradiatie behandeling voor endeldarmkanker - op weg naar ‘darmsparend’ behandelen,prof. dr. Regina Beets-Tan,Antoni van Leeuwenhoek / Nederlands Kanker Instituut,472398.0,2017-10-01,2017,49,2021,afgerond,Beeldvormende technieken,,False,False,https://www.kwf.nl/onderzoek/onderzoeksdatabase/een-nieuw-model-voor-het-voorspellen-van-de-effectiviteit-van
10140,10140,Identificatie van tumor vormende cellen bij lever kanker en hun interacties met het hepatitis virus,dr. Qiuwei Pan,Erasmus MC Rotterdam,548604.0,2017-09-01,2017,72,2023,afgerond,Basaal/fundamenteel onderzoek,Alpe d'HuZes,False,False,https://www.kwf.nl/onderzoek/onderzoeksdatabase/identificatie-van-tumor-vormende-cellen-bij-lever-kanker-en-hun
10150,10150,De Achilles hiel in darmkanker,prof. dr. Jan Paul Medema,Amsterdam UMC,1169420.0,2017-02-01,2017,60,2022,afgerond,Basaal/fundamenteel onderzoek,,False,False,https://www.kwf.nl/onderzoek/onderzoeksdatabase/de-achilles-hiel-in-darmkanker
10151,10151,Vruchtbaarheid en testosteronproductie bij mannen na behandeling van kanker op de kinderleeftijd,dr. Jacqueline Loonen,Radboudumc,570042.0,2017-07-01,2017,66,2023,afgerond,Kwaliteit van Leven/Zorg,,False,False,https://www.kwf.nl/onderzoek/onderzoeksdatabase/vruchtbaarheid-en-testosteronproductie-bij-mannen-na-behandeling-van
10164,10164,Gunstige en ongunstige neveneffecten van preventieve eierstokverwijdering bij vrouwen met een hoge kans op eierstokkanker,prof. dr. Flora E. van Leeuwen,Antoni van Leeuwenhoek / Nederlands Kanker Instituut,806172.0,2017-07-01,2017,64,2022,afgerond,(Behandel)technieken,Gerichte Gift,False,False,https://www.kwf.nl/onderzoek/onderzoeksdatabase/gunstige-en-ongunstige-neveneffecten-van-preventieve
10174,10174,Chemotherapie of niet? Het nemen van de juiste beslissing voor behandeling met chemotherapie van patiënten met de diagnose dikke darmkanker.,dr. Wilma Mesker,LUMC Leiden,625628.0,2017-07-01,2017,66,2023,afgerond,Biomarkers,Alpe d'HuZes,False,False,https://www.kwf.nl/onderzoek/onderzoeksdatabase/chemotherapie-of-niet-het-nemen-van-de-juiste-beslissing-voor
10212,10212,Nieuwe markers en drug targets ontdekken in fosfo-eiwitprofielen van alvleeskliertumoren,prof. dr. Connie Jimenez,Amsterdam UMC Research BV,835909.0,2017-05-01,2017,54,2021,afgerond,Basaal/fundamenteel onderzoek,,False,False,https://www.kwf.nl/onderzoek/onderzoeksdatabase/nieuwe-markers-en-drug-targets-ontdekken-in-fosfo-eiwitprofielen-van
10224,10224,De diagnostische waarde van een diffusie gewogen MRI met contrast voor het aantonen van uitzaaiingen in de lever bij alvleesklierkanker.,dr. John J.J. Hermans,Radboudumc,673982.0,2017-12-01,2017,85,2025,afgerond,Beeldvormende technieken,,False,False,https://www.kwf.nl/onderzoek/onderzoeksdatabase/de-diagnostische-waarde-van-een-diffusie-gewogen-mri-met-contrast-voor
10246,10246,Adjuvante dendritische cel therapie na cytoreductieve chirurgie en hypertherme intraperitoneale chemotherapie (HIPEC) voor peritoneaal mesothelioom,dr. Eva Madsen,Erasmus MC Rotterdam,599997.0,2017-03-01,2017,72,2023,afgerond,Immunotherapie,,False,False,https://www.kwf.nl/onderzoek/onderzoeksdatabase/adjuvante-dendritische-cel-therapie-na-cytoreductieve-chirurgie-en
10274,10274,Evaluatie van het optimale interval voor coloscopie surveillance: een randomized trial,prof. dr. Evelien Dekker,Amsterdam UMC Research BV,1142390.0,2017-02-01,2017,165,2030,lopend,Biomarkers,Gerichte Gift,False,False,https://www.kwf.nl/onderzoek/onderzoeksdatabase/evaluatie-van-het-optimale-interval-voor-coloscopie-surveillance-een
10275,10275,Op weg naar genezing van multipel myeloom patiënten door verdrijving van de myeloomcellen uit het beenmerg,dr. Marcel Spaargaren,Amsterdam UMC Research BV,583055.0,2018-01-01,2018,63,2023,afgerond,Medicijnen,Gerichte Gift,False,False,https://www.kwf.nl/onderzoek/onderzoeksdatabase/op-weg-naar-genezing-van-multipel-myeloom-patienten-door-verdrijving
10289,10289,Erfelijk pancreascarcinoom: herken de patiënt en red de familie!,prof. dr. Iris Nagtegaal,Radboudumc,459300.0,2017-10-01,2017,54,2022,afgerond,Biomarkers,,False,False,https://www.kwf.nl/onderzoek/onderzoeksdatabase/erfelijk-pancreascarcinoom-herken-de-patient-en-red-de-familie
10291,10291,Beeldgestuurde respons-bepaling bij de behandeling van slokdarmkanker-patiënten,dr. Gert Meijer,UMC Utrecht,623810.0,2017-06-01,2017,67,2023,afgerond,Beeldvormende technieken,Alpe d'HuZes,False,False,https://www.kwf.nl/onderzoek/onderzoeksdatabase/beeldgestuurde-respons-bepaling-bij-de-behandeling-van-slokdarmkanker
10300,10300,Verbetering van antilichaam therapie tegen kanker door remming van CD47-SIRPα interacties,prof. dr. Timo K. van den Berg,Sanquin Research,513773.0,2018-01-01,2018,45,2021,afgerond,Basaal/fundamenteel onderzoek,,False,False,https://www.kwf.nl/onderzoek/onderzoeksdatabase/verbetering-van-antilichaam-therapie-tegen-kanker-door-remming-van
10317,10317,PSMA-gerichte radionuclidentherapie van uitgezaaide prostaatkanker: veiliger en beter,dr. Julie Nonnekens,Erasmus MC Rotterdam,590896.0,2017-07-01,2017,51,2021,afgerond,(Behandel)technieken,,False,False,https://www.kwf.nl/onderzoek/onderzoeksdatabase/psma-gerichte-radionuclidentherapie-van-uitgezaaide-prostaatkanker
10319,10319,Het verminderen van het risico op blaaskanker na operatieve behandeling van urotheelcelcarcinoom in de hogere urinewegen,prof.dr. Joost Boormans,Erasmus MC Rotterdam,439721.0,2018-01-01,2018,63,2023,afgerond,Medicijnen,,False,False,https://www.kwf.nl/onderzoek/onderzoeksdatabase/het-verminderen-van-het-risico-op-blaaskanker-na-operatieve
10321,10321,Rol van GATA2-gereguleerde ontwikkeling van de bloedcelvorming in het ontstaan van erfelijke myeloide maligniteiten,dr. Emma de Pater,Erasmus MC Rotterdam,517630.0,2017-06-01,2017,52,2021,afgerond,Basaal/fundamenteel onderzoek,Alpe d'HuZes,False,False,https://www.kwf.nl/onderzoek/onderzoeksdatabase/rol-van-gata2-gereguleerde-ontwikkeling-van-de-bloedcelvorming-in-het
10324,10324,Gerandomiseerde fase 2 studie naar MRD gestuurde non-chemotherapeutische behandeling met obinutuzumab/venetoclax voor minder fitte patiënten met onbehandelde chronische lymfatische leukemie,prof. dr. Arnon Kater,Amsterdam UMC,266695.0,2017-01-01,2017,82,2023,afgerond,Medicijnen,,False,False,https://www.kwf.nl/onderzoek/onderzoeksdatabase/gerandomiseerde-fase-2-studie-naar-mrd-gestuurde-non
10325,10325,"Fysieke activiteit tijdens de chemotherapie, beschermt het tegen hartschade?",dr. Wim Groen,Antoni van Leeuwenhoek / Nederlands Kanker Instituut,336720.0,2017-09-01,2017,53,2022,afgerond,Kwaliteit van Leven/Zorg,Alpe d'HuZes,False,False,https://www.kwf.nl/onderzoek/onderzoeksdatabase/fysieke-activiteit-tijdens-de-chemotherapie-beschermt-het-tegen
10328,10328,Fase III onderzoek waarin bij patiënten met een nieuw gediagnostiseerd Burkitt lymfoom behandeling met R-CODOX-M/R-IVAC vergeleken wordt met DA-EPOCH-R.,prof.dr. Martine Chamuleau,Amsterdam UMC (locatie VUmc),713954.0,2017-07-01,2017,99,2025,afgerond,Medicijnen,Alpe d'HuZes,False,False,https://www.kwf.nl/onderzoek/onderzoeksdatabase/fase-iii-onderzoek-waarin-bij-patienten-met-een-nieuw-gediagnostiseerd
10351,10351,Versterken van het anti-leukemie effect door de combinatie van hypomethylerende middelen en immuuntherapie,dr. Willemijn Hobo,Radboudumc,617250.0,2017-06-01,2017,60,2022,afgerond,Immunotherapie,Alpe d'HuZes,False,False,https://www.kwf.nl/onderzoek/onderzoeksdatabase/versterken-van-het-anti-leukemie-effect-door-de-combinatie-van
10354,10354,Kinderkanker en de bijdrage van genetische interacties: een zoektocht naar mutaties die elkaar versterken of wederzijds uitsluiten,dr. Patrick Kemmeren,Prinses Máxima Centrum voor kinderoncologie,572050.0,2017-06-01,2017,52,2021,afgerond,Basaal/fundamenteel onderzoek,,False,False,https://www.kwf.nl/onderzoek/onderzoeksdatabase/kinderkanker-en-de-bijdrage-van-genetische-interacties-een-zoektocht
10355,10355,"Identificatie van leukemische biomarkers in T-cell acute lymfoblastische leukemie als voorspellers van de response op nieuwe, leukemie-gerichte middelen",dr. Jules Meijerink,Prinses Máxima Centrum voor kinderoncologie,655556.0,2017-10-01,2017,54,2022,afgerond,Medicijnen,Gerichte Gift,False,False,https://www.kwf.nl/onderzoek/onderzoeksdatabase/identificatie-van-leukemische-biomarkers-in-t-cell-acute
10382,10382,Methylerings-ziektemerkers als voorspellers voor risico op vulvakanker bij vrouwen met vulvaire intra-epitheliale neoplasie.,dr. Maaike Bleeker,Amsterdam UMC Research BV,495582.0,2017-10-01,2017,66,2023,afgerond,Biomarkers,,False,False,https://www.kwf.nl/onderzoek/onderzoeksdatabase/methylerings-ziektemerkers-als-voorspellers-voor-risico-op-vulvakanker
10392,10392,‘De last van het weten’ verlichten door het verbeteren van communicatie met ernstig zieke borstkankerpatiënten,dr. Liesbeth van Vliet,Universiteit Leiden,445179.0,2018-01-01,2018,64,2023,afgerond,Kwaliteit van Leven/Zorg,Alpe d'HuZes,False,False,https://www.kwf.nl/onderzoek/onderzoeksdatabase/de-last-van-het-weten-verlichten-door-het-verbeteren-van-communicatie
10424,10424,Risico op hartschade en tweede tumoren na behandeling voor agressief B-cel Non-Hodgkin lymfoom,dr. Michael Schaapveld,Antoni van Leeuwenhoek / Nederlands Kanker Instituut,770868.0,2018-01-01,2018,63,2023,afgerond,Kwaliteit van Leven/Zorg,Alpe d'HuZes,False,False,https://www.kwf.nl/onderzoek/onderzoeksdatabase/risico-op-hartschade-en-tweede-tumoren-na-behandeling-voor-agressief-b
10425,10425,De fenotype switch als aangrijpingspunt voor behandeling van melanoom,prof. dr. Daniel Peeper,Antoni van Leeuwenhoek / Nederlands Kanker Instituut,567762.0,2017-08-01,2017,60,2022,afgerond,Basaal/fundamenteel onderzoek,,False,False,https://www.kwf.nl/onderzoek/onderzoeksdatabase/de-fenotype-switch-als-aangrijpingspunt-voor-behandeling-van-melanoom
10438,10438,Betere behandeling van darmkanker patiënten met uitzaaiingen dankzij therapie op maat door analyse van vrij circulerend tumor DNA in bloed,dr. Remond Fijneman,Antoni van Leeuwenhoek / Nederlands Kanker Instituut,1033590.0,2017-10-01,2017,54,2022,afgerond,Biomarkers,,False,False,https://www.kwf.nl/onderzoek/onderzoeksdatabase/betere-behandeling-van-darmkanker-patienten-met-uitzaaiingen-dankzij
10456,10456,Het adhesoom onder de loep: Hoe verlies van binding tussen cellen de vorming van invasief lobulair borstkanker veroorzaakt.,prof. dr. Patrick Derksen,UMC Utrecht,641806.0,2017-03-01,2017,70,2023,afgerond,Basaal/fundamenteel onderzoek,,False,False,https://www.kwf.nl/onderzoek/onderzoeksdatabase/het-adhesoom-onder-de-loep-hoe-verlies-van-binding-tussen-cellen-de
10471,10471,Regulering van stam cell en kanker metabolisme door de PI3K/AKT/FOXO signalerings route.,prof. dr. Boudewijn Burgering,UMC Utrecht,619552.0,2017-02-01,2017,58,2021,afgerond,Basaal/fundamenteel onderzoek,,False,False,https://www.kwf.nl/onderzoek/onderzoeksdatabase/regulering-van-stam-cell-en-kanker-metabolisme-door-de-pi3kaktfoxo
10474,10474,Ontwikkeling van een superieure Wilms’ tumor specifieke NAVELSTRENGBLOED T cel voor behandeling van refractaire acute myeloide leukemie patiënten.,dr. Stefan Nierkens,UMC Utrecht,533554.0,2017-06-01,2017,60,2022,afgerond,Immunotherapie,Gerichte Gift,False,False,https://www.kwf.nl/onderzoek/onderzoeksdatabase/ontwikkeling-van-een-superieure-wilms-tumor-specifieke
10477,10477,Waarom krijgen kankerpatiënten die depressieve klachten ervaren vaak geen hulp?,dr. Maya Schroevers,UMC Groningen,340426.0,2017-08-01,2017,56,2022,afgerond,Kwaliteit van Leven/Zorg,,False,False,https://www.kwf.nl/onderzoek/onderzoeksdatabase/waarom-krijgen-kankerpatienten-die-depressieve-klachten-ervaren-vaak
10504,10504,Selectie van patiënten die baat gaan hebben bij behandeling met de nieuwe “checkpoint immuuntherapieën” door middel van moleculaire beeldvorming,prof. dr. Hans Nijman,UMC Groningen,839863.0,2017-04-01,2017,57,2022,afgerond,Beeldvormende technieken,Gerichte Gift,False,False,https://www.kwf.nl/onderzoek/onderzoeksdatabase/selectie-van-patienten-die-baat-gaan-hebben-bij-behandeling-met-de
10510,10510,Genetische kenmerken van borstkankers die geassocieerd zijn met kanker-immuun interacties,prof. dr. Marc van de Vijver,Amsterdam UMC,721382.0,2017-11-01,2017,60,2022,afgerond,Biomarkers,,False,False,https://www.kwf.nl/onderzoek/onderzoeksdatabase/genetische-kenmerken-van-borstkankers-die-geassocieerd-zijn-met-kanker
10516,10516,Chemotherapie via een pomp rechtstreeks in de leverslagader na het verwijderen van leveruitzaaiingen van darmkanker.,prof.dr. Bas Groot Koerkamp,Erasmus MC Rotterdam,599494.0,2017-11-01,2017,90,2025,afgerond,Medicijnen,,False,False,https://www.kwf.nl/onderzoek/onderzoeksdatabase/chemotherapie-via-een-pomp-rechtstreeks-in-de-leverslagader-na-het
10529,10529,De dynamiek van tumorgroei en ontwikkeling van resistentie in tumoren van het spijsverteringskanaal.,prof. dr. Louis Vermeulen,Amsterdam UMC (locatie AMC),578196.0,2017-08-01,2017,54,2022,afgerond,Basaal/fundamenteel onderzoek,,False,False,https://www.kwf.nl/onderzoek/onderzoeksdatabase/de-dynamiek-van-tumorgroei-en-ontwikkeling-van-resistentie-in-tumoren
10535,10535,Begrijpen hoe eiwitten aberrant worden geproduceerd in darm kanker,dr. William Faller,Antoni van Leeuwenhoek / Nederlands Kanker Instituut,591404.0,2017-07-01,2017,60,2022,afgerond,Basaal/fundamenteel onderzoek,,False,False,https://www.kwf.nl/onderzoek/onderzoeksdatabase/begrijpen-hoe-eiwitten-aberrant-worden-geproduceerd-in-darm-kanker
10595,10595,Verbetering van de behandeling van buikvliesuitzaaiingen bij darmkankerpatiënten door planning van de temperatuurverdeling tijdens spoeling van de buikholte met chemotherapie,dr. Hans Crezee,Amsterdam UMC Research BV,563765.0,2017-09-01,2017,53,2022,afgerond,(Behandel)technieken,,False,False,https://www.kwf.nl/onderzoek/onderzoeksdatabase/verbetering-van-de-behandeling-van-buikvliesuitzaaiingen-bij
10598,10598,Fase I-II studie met brentuximab vedotin in combinatie met R-DHAP bij refractair/recidief CD30 positief diffuus grootcellig B-cel lymfoom: HOVON 136,dr. Pieternella Lugtenburg,Erasmus MC Rotterdam,179030.0,2017-12-01,2017,50,2022,afgerond,Medicijnen,,False,False,https://www.kwf.nl/onderzoek/onderzoeksdatabase/fase-i-ii-studie-met-brentuximab-vedotin-in-combinatie-met-r-dhap-bij
10602,10602,Betere selectie van darmkanker patiënten voor uitgebreidere behandeling door digitale analyse van tumor budding,prof. dr. Iris Nagtegaal,Radboudumc,1702640.0,2017-11-01,2017,72,2023,afgerond,Beeldvormende technieken,,False,False,https://www.kwf.nl/onderzoek/onderzoeksdatabase/betere-selectie-van-darmkanker-patienten-voor-uitgebreidere
10603,10603,Nieuwe statistische methoden voor doelmatige identificatie van biomarkers voor gepersonaliseerde kankerbehandeling,prof. dr. Michael Hauptmann,Brandenburg Medical School Theodor Fontane,400300.0,2017-08-01,2017,69,2023,afgerond,Biomarkers,,False,False,https://www.kwf.nl/onderzoek/onderzoeksdatabase/nieuwe-statistische-methoden-voor-doelmatige-identificatie-van
10606,10606,Brede functionele benadering van speekselklieren ter voorkoming van een iatrogene droge mond,dr. Wouter Vogel,Antoni van Leeuwenhoek / Nederlands Kanker Instituut,520258.0,2017-11-01,2017,48,2021,afgerond,Beeldvormende technieken,,False,False,https://www.kwf.nl/onderzoek/onderzoeksdatabase/brede-functionele-benadering-van-speekselklieren-ter-voorkoming-van
10613,10613,Identificatie van patiënten met slokdarm- en maagtumoren met kans op goede reactie op behandeling met immunotherapie.,prof.dr. Nicole van Grieken,Amsterdam UMC Research BV,678480.0,2017-11-01,2017,54,2022,afgerond,Biomarkers,Gerichte Gift,False,False,https://www.kwf.nl/onderzoek/onderzoeksdatabase/identificatie-van-patienten-met-slokdarm-en-maagtumoren-met-kans-op
10620,10620,Individualisering van immuuntherapie met behulp van causale netwerken,dr. Johannes Textor,Radboudumc,517449.0,2017-11-01,2017,48,2021,afgerond,Immunotherapie,Alpe d'HuZes,False,False,https://www.kwf.nl/onderzoek/onderzoeksdatabase/individualisering-van-immuuntherapie-met-behulp-van-causale-netwerken
10623,10623,De effectiviteit van chemotherapie voor borstkanker verbeteren door het afweersysteem aan te pakken,prof. dr. Karin de Visser,Antoni van Leeuwenhoek / Nederlands Kanker Instituut,549510.0,2018-04-01,2018,54,2022,afgerond,Basaal/fundamenteel onderzoek,,False,False,https://www.kwf.nl/onderzoek/onderzoeksdatabase/de-effectiviteit-van-chemotherapie-voor-borstkanker-verbeteren-door
10645,10645,Klinische implementatie van diagnostische tests voor de kankerpredispositie Lynch syndroom,prof. dr. Hein te Riele,Antoni van Leeuwenhoek / Nederlands Kanker Instituut,1117460.0,2018-02-01,2018,54,2022,afgerond,Biomarkers,Gerichte Gift,False,False,https://www.kwf.nl/onderzoek/onderzoeksdatabase/klinische-implementatie-van-diagnostische-tests-voor-de
10650,10650,Autologe stamceltherapie na kanker behandeling geïnduceerde hypothyreoïdie,prof. dr. Rob Coppes,UMC Groningen,528937.0,2017-09-01,2017,55,2022,afgerond,Kwaliteit van Leven/Zorg,,False,False,https://www.kwf.nl/onderzoek/onderzoeksdatabase/autologe-stamceltherapie-na-kanker-behandeling-geinduceerde
10651,10651,Darmkanker subtype specifieke therapie,prof. dr. Louis Vermeulen,Amsterdam UMC (locatie AMC),557347.0,2017-10-01,2017,48,2021,afgerond,Biomarkers,Gerichte Gift,False,False,https://www.kwf.nl/onderzoek/onderzoeksdatabase/darmkanker-subtype-specifieke-therapie
10658,10658,Verbetering van de standaard van zorg resultaten voor glioom door modulatie van de functies van tumor-geassocieerde macrofagen en microglia,prof.dr. Leila Akkari,Antoni van Leeuwenhoek / Nederlands Kanker Instituut,521467.0,2017-06-01,2017,60,2022,afgerond,Basaal/fundamenteel onderzoek,Alpe d'HuZes,False,False,https://www.kwf.nl/onderzoek/onderzoeksdatabase/verbetering-van-de-standaard-van-zorg-resultaten-voor-glioom-door
10665,10665,Aanhoudende therapievrije remissie bij CML: vergelijking nilotinib met imatinib en switch van imatinib naar nilotinib bij suboptimale respons,dr. Jeroen Janssen,Radboudumc,345096.0,2017-12-01,2017,72,2023,afgerond,Medicijnen,,False,False,https://www.kwf.nl/onderzoek/onderzoeksdatabase/aanhoudende-therapievrije-remissie-bij-cml-vergelijking-nilotinib-met
10666,10666,Fotodynamische therapie van chirurgisch inoperabele galwegkanker,dr. Michal Heger,Universiteit Utrecht,508079.0,2017-11-01,2017,60,2022,afgerond,Medicijnen,Gerichte Gift,False,False,https://www.kwf.nl/onderzoek/onderzoeksdatabase/fotodynamische-therapie-van-chirurgisch-inoperabele-galwegkanker
10668,10668,"Behandeling van kwetsbare of niet-fitte patiënten met nieuw gediagnostiseerd Multipel Myeloom met Ixazomib, Daratumumab en lage dosis dexamethason.",prof. dr. Sonja Zweegman,Amsterdam UMC Research BV,627649.0,2017-07-01,2017,63,2022,afgerond,Medicijnen,,False,False,https://www.kwf.nl/onderzoek/onderzoeksdatabase/behandeling-van-kwetsbare-of-niet-fitte-patienten-met-nieuw
10673,10673,Op naar het voorspellen van welke kankerpatiënten baat hebben bij Immunotherapie.,prof. dr. Carl Figdor,Radboudumc,699474.0,2017-11-01,2017,48,2021,afgerond,Biomarkers,,False,False,https://www.kwf.nl/onderzoek/onderzoeksdatabase/op-naar-het-voorspellen-van-welke-kankerpatienten-baat-hebben-bij
10674,10674,Seksuele revalidatie na radiotherapie voor gynaecologische kanker: Vergelijking van een verpleegkundig begeleidingsprogramma versus standaard zorg in een gerandomiseerde multicenter studie,dr. Moniek ter Kuile,LUMC Leiden,513062.0,2018-01-01,2018,72,2024,afgerond,Kwaliteit van Leven/Zorg,Alpe d'HuZes,False,False,https://www.kwf.nl/onderzoek/onderzoeksdatabase/seksuele-revalidatie-na-radiotherapie-voor-gynaecologische-kanker
10684,10684,HOVON133: Autologe stamceltransplantatie na rituximab/ibrutinib/ara-C bevattende inductie voor behandeling van gegeneraliseerd mantelcellymfoom – een gerandomiseerde studie van Europese MCL netwerk.,dr. Jeanette Doorduijn,Erasmus MC Rotterdam,253885.0,2017-11-01,2017,60,2022,afgerond,Medicijnen,,False,False,https://www.kwf.nl/onderzoek/onderzoeksdatabase/hovon133-autologe-stamceltransplantatie-na-rituximabibrutinibara-c
10690,10690,Conditieverbeteringsprogramma (prehabilitatie) voor kankerpatiënten vóór de operatie ter vermindering van complicaties en sterfte en ter verbetering van kwaliteit van leven.,dr. Gerrit Slooter,Máxima MC Eindhoven,659416.0,2017-07-01,2017,54,2022,afgerond,Leefstijl en omgevingsfactoren,,False,True,https://www.kwf.nl/onderzoek/onderzoeksdatabase/conditieverbeteringsprogramma-prehabilitatie-voor-kankerpatienten-voor
10698,10698,Bepaling van tumorbindweefsel met MR Elastografie om het behandeleffect van chemotherapie bij alvleesklierkanker te voorspellen (ASAP-studie),prof. dr. Jaap Stoker,Amsterdam UMC (locatie AMC),772431.0,2019-01-01,2019,100,2027,afgerond,Beeldvormende technieken,Gerichte Gift,False,False,https://www.kwf.nl/onderzoek/onderzoeksdatabase/bepaling-van-tumorbindweefsel-met-mr-elastografie-om-het
10701,10701,Zwakke chromosoomringen in kankercellen: een unieke achilleshiel met een onbekende oorsprong,dr. Job de Lange,Amsterdam UMC Research BV,562357.0,2017-10-01,2017,52,2022,afgerond,Basaal/fundamenteel onderzoek,Alpe d'HuZes,False,False,https://www.kwf.nl/onderzoek/onderzoeksdatabase/zwakke-chromosoomringen-in-kankercellen-een-unieke-achilleshiel-met
10706,10706,De effectiviteit van online gedragstherapie op het verbeteren van slaapproblemen bij overlevers van kinderkanker,dr. Raphaele van Litsenburg,Prinses Máxima Centrum voor kinderoncologie,453237.0,2017-11-01,2017,60,2022,afgerond,Kwaliteit van Leven/Zorg,Alpe d'HuZes,False,False,https://www.kwf.nl/onderzoek/onderzoeksdatabase/de-effectiviteit-van-online-gedragstherapie-op-het-verbeteren-van
10709,10709,Exploratieve studies naar het gebruik van Galectin-9 voor het behandelen van acute myeloide leukemie (AML),dr. Valerie Wiersma,UMC Groningen,509495.0,2017-07-01,2017,60,2022,afgerond,Basaal/fundamenteel onderzoek,Alpe d'HuZes,False,False,https://www.kwf.nl/onderzoek/onderzoeksdatabase/exploratieve-studies-naar-het-gebruik-van-galectin-9-voor-het
10713,10713,Identificatie van het dominante repertoire aan polymorfe antigenen in anti-tumor immuniteit na allogene stamceltransplantatie,dr. Marieke Griffioen,LUMC Leiden,559816.0,2017-10-01,2017,54,2022,afgerond,Biomarkers,,False,False,https://www.kwf.nl/onderzoek/onderzoeksdatabase/identificatie-van-het-dominante-repertoire-aan-polymorfe-antigenen-in
10726,10726,De rol van CD161+ T-cellen in kanker,prof. dr. Sjoerd van der Burg,LUMC Leiden,584120.0,2017-10-01,2017,48,2021,afgerond,Immunotherapie,,False,False,https://www.kwf.nl/onderzoek/onderzoeksdatabase/de-rol-van-cd161-t-cellen-in-kanker
10747,10747,"Hyperspectrale imaging, een nieuwe techniek die onnodige heroperaties voorkomt door tijdens de eerste borstsparende operatie snijranden te beoordelen op tumorresten.",prof. dr. Theodoor Ruers,Universiteit Twente,430850.0,2018-01-01,2018,54,2022,afgerond,(Behandel)technieken,Gerichte Gift,False,False,https://www.kwf.nl/onderzoek/onderzoeksdatabase/hyperspectrale-imaging-een-nieuwe-techniek-die-onnodige-heroperaties
10755,10755,"De ""SELECT"" MRI test voor hormoontherapie in patiënten met hormoongevoelig borstkanker",dr. Kenneth Gilhuijs,UMC Utrecht,480462.0,2017-10-01,2017,48,2021,afgerond,Beeldvormende technieken,,False,False,https://www.kwf.nl/onderzoek/onderzoeksdatabase/de-select-mri-test-voor-hormoontherapie-in-patienten-met
10758,10758,"Risico, screening en behandeling van borstkanker bij vrouwen uit CHEK2 c.1100delC families in Nederland",dr. Maartje Hooning,Erasmus MC Rotterdam,549769.0,2017-12-01,2017,70,2023,afgerond,Biomarkers,Pink Ribbon,False,False,https://www.kwf.nl/onderzoek/onderzoeksdatabase/risico-screening-en-behandeling-van-borstkanker-bij-vrouwen-uit-chek2
10774,10774,Gerandomiseerd onderzoek voor de evaluatie van erectiele disfunctie na gehele en partiële brachytherapie van de prostaat - (POWER),dr. Bradley Pieters,Amsterdam UMC,710837.0,2018-05-01,2018,127,2028,voortijdig beëindigd,(Behandel)technieken,,False,False,https://www.kwf.nl/onderzoek/onderzoeksdatabase/gerandomiseerd-onderzoek-voor-de-evaluatie-van-erectiele-disfunctie-na
10781,10781,DNA methylerings-ziektemerkers als voorspellers voor het risico op anuskanker bij hiv-positieve mannen,prof. dr. Renske Steenbergen,Amsterdam UMC Research BV,546269.0,2017-11-01,2017,48,2021,afgerond,Biomarkers,,False,False,https://www.kwf.nl/onderzoek/onderzoeksdatabase/dna-methylerings-ziektemerkers-als-voorspellers-voor-het-risico-op
10795,10795,Perioperatieve systemische therapie in patiënten die chirurgie met HIPEC ondergaan voor dikkedarmkanker met buikvliesuitzaaiingen: de CAIRO6 studie.,prof. dr. Ignace de Hingh,Catharina Ziekenhuis Eindhoven,608598.0,2017-07-01,2017,60,2022,afgerond,Medicijnen,,False,False,https://www.kwf.nl/onderzoek/onderzoeksdatabase/perioperatieve-systemische-therapie-in-patienten-die-chirurgie-met
10796,10796,"Rol van DNA-schade-tolerantie routes voor genoomstabiliteit, weefselhomeostase, en kankeronderdrukking",prof.dr. Heinz Jacobs,Antoni van Leeuwenhoek / Nederlands Kanker Instituut,583902.0,2017-10-01,2017,66,2023,afgerond,Basaal/fundamenteel onderzoek,,False,False,https://www.kwf.nl/onderzoek/onderzoeksdatabase/rol-van-dna-schade-tolerantie-routes-voor-genoomstabiliteit
10813,10813,Uitgebreide genetische monitoring van MDS en AML subklonen onder therapie,prof. dr. Joop Jansen,Radboudumc,508306.0,2018-03-01,2018,54,2022,afgerond,Biomarkers,Gerichte Gift,False,False,https://www.kwf.nl/onderzoek/onderzoeksdatabase/uitgebreide-genetische-monitoring-van-mds-en-aml-subklonen-onder
10815,10815,"Mogelijke extra tumor-mutaties die geschikt zijn voor immunotherapie van kanker, ziet het afweersysteem ze niet of worden ze niet gepresenteerd?",prof. dr. Sjoerd van der Burg,LUMC Leiden,620638.0,2017-08-01,2017,54,2022,afgerond,Basaal/fundamenteel onderzoek,,False,False,https://www.kwf.nl/onderzoek/onderzoeksdatabase/mogelijke-extra-tumor-mutaties-die-geschikt-zijn-voor-immunotherapie
10817,10817,Verbeterde bloedtest voor het meten van minimale restziekte bij patiënten met het multipel myeloom,dr. Joannes Jacobs,Radboudumc,510017.0,2017-10-01,2017,52,2022,afgerond,Biomarkers,Alpe d'HuZes,False,False,https://www.kwf.nl/onderzoek/onderzoeksdatabase/verbeterde-bloedtest-voor-het-meten-van-minimale-restziekte-bij
10823,10823,Heeft een mutatie in de oestrogeenreceptor invloed op de uitkomst op eerstelijns chemotherapiebehandeling bij patiënten met uitgezaaide borstkanker?,prof. dr. Stefan Sleijfer,Erasmus MC Rotterdam,391720.0,2017-11-01,2017,57,2022,afgerond,Biomarkers,,False,False,https://www.kwf.nl/onderzoek/onderzoeksdatabase/heeft-een-mutatie-in-de-oestrogeenreceptor-invloed-op-de-uitkomst-op
10825,10825,Neoadjuvante chemoradiotherapie gevolgd door standaard slokdarmresectie versus ‘actieve surveillance’ bij het slokdarmcarcinoom,prof.dr. Bas Wijnhoven,Erasmus MC Rotterdam,1068260.0,2017-11-01,2017,106,2026,afgerond,(Behandel)technieken,Gerichte Gift,False,False,https://www.kwf.nl/onderzoek/onderzoeksdatabase/neoadjuvante-chemoradiotherapie-gevolgd-door-standaard
10835,10835,SUMOylatie remmers als anti-kanker strategie,prof. dr. Alfred Vertegaal,LUMC Leiden,528893.0,2017-10-01,2017,60,2022,afgerond,Basaal/fundamenteel onderzoek,,False,False,https://www.kwf.nl/onderzoek/onderzoeksdatabase/sumoylatie-remmers-als-anti-kanker-strategie
10845,10845,"Follow-up na chirurgie voor leveruitzaaiingen van darmkanker: de gerandomiseerde, multicenter FUTURE trial.",dr. Dirk Grünhagen,Erasmus MC Rotterdam,526070.0,2017-11-01,2017,111,2027,afgerond,Kwaliteit van Leven/Zorg,,False,False,https://www.kwf.nl/onderzoek/onderzoeksdatabase/follow-up-na-chirurgie-voor-leveruitzaaiingen-van-darmkanker-de
10851,10851,Intra-operatief-fluorescent geleide chirurgie (IOFGC) bij schildklierkanker om overbehandeling en postoperatieve morbiditeit te verminderen.,prof. dr. Schelto Kruijff,UMC Groningen,611684.0,2018-02-01,2018,66,2023,afgerond,(Behandel)technieken,Alpe d'HuZes,False,False,https://www.kwf.nl/onderzoek/onderzoeksdatabase/intra-operatief-fluorescent-geleide-chirurgie-iofgc-bij
10861,10861,Versnelde veroudering bij kankeroverlevers: het ontstaan van cellulaire veroudering (senescence) na behandeling met chemotherapie voor zaadbalkanker.,prof. dr. Jourik Gietema,UMC Groningen,746132.0,2018-02-01,2018,60,2023,afgerond,Kwaliteit van Leven/Zorg,Gerichte Gift,False,False,https://www.kwf.nl/onderzoek/onderzoeksdatabase/versnelde-veroudering-bij-kankeroverlevers-het-ontstaan-van-cellulaire
10873,10873,Klinisch gebruik van hyperthermie behandelingsplanning om de effectiviteit van hyperthermiebehandelingen bij patiënten met baarmoederhalskanker te vergroten.,dr. Petra Kok,Amsterdam UMC Research BV,326487.0,2018-01-01,2018,60,2023,afgerond,(Behandel)technieken,,False,False,https://www.kwf.nl/onderzoek/onderzoeksdatabase/klinisch-gebruik-van-hyperthermie-behandelingsplanning-om-de
10882,10882,"Maagbestraling op maat: een dagelijks behandelplan toegesneden op de individuele dagelijkse anatomie, nu en in de toekomst",dr. Astrid van der Horst,Antoni van Leeuwenhoek / Nederlands Kanker Instituut,611237.0,2018-01-01,2018,58,2022,afgerond,(Behandel)technieken,Gerichte Gift,False,False,https://www.kwf.nl/onderzoek/onderzoeksdatabase/maagbestraling-op-maat-een-dagelijks-behandelplan-toegesneden-op-de
10894,10894,Het bereiken van systemische synergie tussen radiotherapie en immunotherapie om controle van uitzaaiingen te verbeteren,prof. dr. Jannie Borst,LUMC Leiden,679585.0,2018-02-01,2018,69,2023,afgerond,Immunotherapie,Alpe d'HuZes,False,False,https://www.kwf.nl/onderzoek/onderzoeksdatabase/het-bereiken-van-systemische-synergie-tussen-radiotherapie-en
10895,10895,Oorzaken en effecten van variatie in de behandeling van patiënten met slokdarm- of maagkanker.,dr. Rob Verhoeven,Integraal Kankercentrum Nederland (IKNL),551466.0,2018-03-01,2018,48,2022,afgerond,Kwaliteit van Leven/Zorg,Alpe d'HuZes,True,True,https://www.kwf.nl/onderzoek/onderzoeksdatabase/oorzaken-en-effecten-van-variatie-in-de-behandeling-van-patienten-met
10902,10902,Nieuw tijdperk voor het slimmer bestralen van tumoren,dr. Gerben Borst,Antoni van Leeuwenhoek / Nederlands Kanker Instituut,675831.0,2018-02-01,2018,72,2024,afgerond,(Behandel)technieken,,False,False,https://www.kwf.nl/onderzoek/onderzoeksdatabase/nieuw-tijdperk-voor-het-slimmer-bestralen-van-tumoren
10911,10911,"ROGUE-project: Vergroten van stralingsgevoeligheid van hooggradig glioom en diffuus intrinsiek ponsglioom door gerichte, ultrageluid-gemedieerde medicatie-toediening richting de hersenen",dr. Dannis van Vuurden,Prinses Máxima Centrum voor kinderoncologie,497883.0,2018-07-01,2018,52,2022,afgerond,Medicijnen,Alpe d'HuZes,False,False,https://www.kwf.nl/onderzoek/onderzoeksdatabase/rogue-project-vergroten-van-stralingsgevoeligheid-van-hooggradig
10913,10913,Verbeteren van het anti-kankereffect van immunotherapie door het gericht beïnvloeden van de tumorstofwisseling bij patiënten met uitgezaaid melanoom (TAMIC),dr. Mathilde Jalving,UMC Groningen,477492.0,2018-05-01,2018,48,2022,afgerond,Medicijnen,Alpe d'HuZes,False,False,https://www.kwf.nl/onderzoek/onderzoeksdatabase/verbeteren-van-het-anti-kankereffect-van-immunotherapie-door-het
10932,10932,MRI-geleide focale salvage HDR brachytherapie voor prostaatkanker recidieven na primaire radiotherapie.,dr. Jochem van der Voort van Zyp,UMC Utrecht,323926.0,2018-02-01,2018,72,2024,afgerond,(Behandel)technieken,,False,False,https://www.kwf.nl/onderzoek/onderzoeksdatabase/mri-geleide-focale-salvage-hdr-brachytherapie-voor-prostaatkanker
10933,10933,Een voorspelmodel voor hart- en vaatziekten na behandeling voor borstkanker,prof. dr. Flora E. van Leeuwen,Antoni van Leeuwenhoek / Nederlands Kanker Instituut,439130.0,2017-12-01,2017,51,2022,afgerond,Kwaliteit van Leven/Zorg,Pink Ribbon,False,False,https://www.kwf.nl/onderzoek/onderzoeksdatabase/een-voorspelmodel-voor-hart-en-vaatziekten-na-behandeling-voor
10936,10936,Angst voor terugkeer van kanker – het effect van eerstelijnsbehandeling door de POH-GGZ,prof. dr. Marije van der Lee,Helen Dowling Instituut (HDI),398309.0,2018-03-01,2018,61,2023,afgerond,Kwaliteit van Leven/Zorg,Alpe d'HuZes,False,False,https://www.kwf.nl/onderzoek/onderzoeksdatabase/angst-voor-terugkeer-van-kanker-het-effect-van-eerstelijnsbehandeling
10944,10944,Een patiëntgerichte behandeling voor vroege vormen van slokdarmkanker met behulp van de poortwachtklierprocedure: SNAP-II studie,prof. dr. Bas Weusten,UMC Utrecht,201484.0,2018-01-01,2018,54,2022,afgerond,(Behandel)technieken,Alpe d'HuZes,False,False,https://www.kwf.nl/onderzoek/onderzoeksdatabase/een-patientgerichte-behandeling-voor-vroege-vormen-van-slokdarmkanker
10948,10948,"Targeting microRNA-139, een nieuw leukemie-remmend molecuul in acute myeloïde leukemie",dr. Stefan Erkeland,Erasmus MC Rotterdam,598347.0,2017-11-01,2017,48,2021,afgerond,Basaal/fundamenteel onderzoek,,False,False,https://www.kwf.nl/onderzoek/onderzoeksdatabase/targeting-microrna-139-een-nieuw-leukemie-remmend-molecuul-in-acute
10955,10955,De (kosten)effectiviteit van neoadjuvant FOLFIRINOX versus direct opereren voor patiënten met (borderline) resectabele pancreaskanker (de PREOPANC-2 studie).,prof.dr. Bas Groot Koerkamp,Erasmus MC Rotterdam,523339.0,2018-02-01,2018,60,2023,afgerond,Medicijnen,Alpe d'HuZes,False,False,https://www.kwf.nl/onderzoek/onderzoeksdatabase/de-kosteneffectiviteit-van-neoadjuvant-folfirinox-versus-direct
10956,10956,Ortophedia Homeobox transcriptie factor (OTP) in de diagnostiek en het ontstaan van neuro-endocriene long tumoren (carcinoiden),prof. dr. Ernst Speel,Universiteit Maastricht,498432.0,2018-07-01,2018,53,2022,afgerond,Biomarkers,Gerichte Gift,False,False,https://www.kwf.nl/onderzoek/onderzoeksdatabase/ortophedia-homeobox-transcriptie-factor-otp-in-de-diagnostiek-en-het
10957,10957,De RSPO-LGR signaleringsroute als oorzaak van borstkanker,dr. Elvira Bakker,UMC Utrecht,663141.0,2017-12-01,2017,57,2022,afgerond,Basaal/fundamenteel onderzoek,Alpe d'HuZes,False,False,https://www.kwf.nl/onderzoek/onderzoeksdatabase/de-rspo-lgr-signaleringsroute-als-oorzaak-van-borstkanker
10960,10960,OPtimale TIming en Methode voor het bevorderen van dUurzaMe leefstijlverandering in postmenopauzale borstkanker overlevenden: de OPTIMUM-studie,dr. Meeke Hoedjes,Tilburg University,505433.0,2018-04-01,2018,66,2023,afgerond,Leefstijl en omgevingsfactoren,Alpe d'HuZes,False,False,https://www.kwf.nl/onderzoek/onderzoeksdatabase/optimale-timing-en-methode-voor-het-bevorderen-van-duurzame
10961,10961,Adjuvante hypertherme intraperitoneale chemotherapie voor coloncarcinoom patienten met een hoog risico op peritoneale metastasen; de COLOPEC gerandomiseerde multicenter studie.,prof. dr. Pieter Tanis,Amsterdam UMC,41528.0,2017-11-01,2017,60,2022,afgerond,(Behandel)technieken,,False,False,https://www.kwf.nl/onderzoek/onderzoeksdatabase/adjuvante-hypertherme-intraperitoneale-chemotherapie-voor
10967,10967,De rol van Grainyhead like transcriptiefactor in borstkanker subtypen,prof. dr. Erik Danen,Universiteit Leiden,495693.0,2018-04-01,2018,54,2022,afgerond,Basaal/fundamenteel onderzoek,,False,False,https://www.kwf.nl/onderzoek/onderzoeksdatabase/de-rol-van-grainyhead-like-transcriptiefactor-in-borstkanker-subtypen
10978,10978,Beter voorspellen en vroege detectie van recidieven larynxcarcinoom,prof. dr. Stefan Willems,UMC Utrecht,497402.0,2017-12-01,2017,60,2022,afgerond,Biomarkers,Gerichte Gift,False,True,https://www.kwf.nl/onderzoek/onderzoeksdatabase/beter-voorspellen-en-vroege-detectie-van-recidieven-larynxcarcinoom
10989,10989,Karakterisatie van UV-geïnduceerde senescente cellen tijdens melanoomprogressie,prof. dr. Marco Demaria,UMC Groningen,615475.0,2018-01-01,2018,51,2022,afgerond,Basaal/fundamenteel onderzoek,,False,False,https://www.kwf.nl/onderzoek/onderzoeksdatabase/karakterisatie-van-uv-geinduceerde-senescente-cellen-tijdens
10992,10992,Het bestrijden van door behandeling veroorzaakte uitzaaingen in slokdarmtumoren,prof.dr. Maarten Bijlsma,Amsterdam UMC Research BV,583890.0,2018-01-01,2018,59,2022,afgerond,Biomarkers,Gerichte Gift,False,False,https://www.kwf.nl/onderzoek/onderzoeksdatabase/het-bestrijden-van-door-behandeling-veroorzaakte-uitzaaingen-in
10999,10999,Meer begrip van de regulatie van DNA reparatie.,prof.dr. Jacqueline Jacobs,Antoni van Leeuwenhoek / Nederlands Kanker Instituut,596318.0,2017-10-01,2017,57,2022,afgerond,Basaal/fundamenteel onderzoek,,False,False,https://www.kwf.nl/onderzoek/onderzoeksdatabase/meer-begrip-van-de-regulatie-van-dna-reparatie
11000,11000,Toxiciteits voorspelling bij bekkenbestraling: combineren van biologische met natuurkundige parameters naar 1 voorspellend model voor optimaliseren van de bestralingsbundels,prof. dr. Coen Rasch,Amsterdam UMC (locatie AMC),680516.0,2018-02-01,2018,54,2022,afgerond,Biomarkers,,False,False,https://www.kwf.nl/onderzoek/onderzoeksdatabase/toxiciteits-voorspelling-bij-bekkenbestraling-combineren-van
11001,11001,Het risico op darmkanker na voedselvergiftiging door bacteriën.,prof. dr. Jacques Neefjes,LUMC Leiden,571699.0,2017-11-01,2017,48,2021,afgerond,Basaal/fundamenteel onderzoek,Gerichte Gift,False,False,https://www.kwf.nl/onderzoek/onderzoeksdatabase/het-risico-op-darmkanker-na-voedselvergiftiging-door-bacterien
11008,11008,Inzicht in DNA-replicatie stres in tumorcellen voor het ontwikkelen van nieuwe therapeutische mogelijkheden en het verkrijgen van aangrijpingspunten bij therapieresistentie,dr. Arnab Ray Chaudhuri,Erasmus MC Rotterdam,697449.0,2017-09-01,2017,60,2022,afgerond,Basaal/fundamenteel onderzoek,,False,False,https://www.kwf.nl/onderzoek/onderzoeksdatabase/inzicht-in-dna-replicatie-stres-in-tumorcellen-voor-het-ontwikkelen
11010,11010,TSC-mTORC1-mitochondriële regulatie in MYC-gedreven kankerontwikkeling en zijn therapeutische mogelijkheden,prof. dr. Cornelis Calkhoven,UMC Groningen,647459.0,2018-01-01,2018,56,2022,afgerond,Basaal/fundamenteel onderzoek,,False,False,https://www.kwf.nl/onderzoek/onderzoeksdatabase/tsc-mtorc1-mitochondriele-regulatie-in-myc-gedreven-kankerontwikkeling
11013,11013,Plasmamembraan eiwitten om klonale heterogeniteit te ontrafelen in AML en het ziekteverloop te volgen.,prof. dr. Jan Jacob Schuringa,UMC Groningen,579402.0,2018-01-01,2018,56,2022,afgerond,Basaal/fundamenteel onderzoek,,False,False,https://www.kwf.nl/onderzoek/onderzoeksdatabase/plasmamembraan-eiwitten-om-klonale-heterogeniteit-te-ontrafelen-in-aml
11026,11026,Glioma Longitudinal AnalySiS (GLASS-NL): Op weg naar betere indicatoren voor maligne progressie van IDH gemuteerde astrocytomen.,prof. dr. Pieter Wesseling,Amsterdam UMC (locatie VUmc),1218640.0,2018-04-01,2018,52,2022,afgerond,Biomarkers,Gerichte Gift,False,False,https://www.kwf.nl/onderzoek/onderzoeksdatabase/glioma-longitudinal-analysis-glass-nl-op-weg-naar-betere-indicatoren
11031,11031,Ontrafeling van de mechanismen van maligne transformatie in del (5q) myelodysplastisch syndroom om de ziekte-initiërende hematopoietische stamcellen selectief te elimineren,dr. Rebekka Schneider-Kramann,Erasmus MC Rotterdam,506273.0,2018-05-01,2018,60,2023,afgerond,Basaal/fundamenteel onderzoek,Alpe d'HuZes,False,False,https://www.kwf.nl/onderzoek/onderzoeksdatabase/ontrafeling-van-de-mechanismen-van-maligne-transformatie-in-del-5q
11037,11037,Exploiting proline vulnerability for cancer therapy,prof. dr. Reuven Agami,Antoni van Leeuwenhoek / Nederlands Kanker Instituut,807549.0,2017-11-01,2017,48,2021,afgerond,Basaal/fundamenteel onderzoek,,False,False,https://www.kwf.nl/onderzoek/onderzoeksdatabase/exploiting-proline-vulnerability-for-cancer-therapy
11038,11038,"Samen sterker, medicijn combinaties tegen hersentumoren",dr. Bart Westerman,Amsterdam UMC Research BV,434504.0,2018-03-01,2018,48,2022,afgerond,Medicijnen,Gerichte Gift,False,False,https://www.kwf.nl/onderzoek/onderzoeksdatabase/samen-sterker-medicijn-combinaties-tegen-hersentumoren
11044,11044,"Energiebalans, genetische mutaties en metabole subtypen van colorectaal kanker: etiologisch en prognostisch onderzoek met moleculaire pathologische epidemiologie",prof. dr. Piet van den Brandt,Universiteit Maastricht,835704.0,2018-03-01,2018,50,2022,afgerond,Leefstijl en omgevingsfactoren,Gerichte Gift,False,False,https://www.kwf.nl/onderzoek/onderzoeksdatabase/energiebalans-genetische-mutaties-en-metabole-subtypen-van-colorectaal
11053,11053,ER-stress en chaperone eiwit Grp78 in de ontwikkeling van darmkanker.,dr. Jarom Heijmans,Amsterdam UMC (locatie AMC),613506.0,2018-02-01,2018,53,2022,afgerond,Basaal/fundamenteel onderzoek,Alpe d'HuZes,False,False,https://www.kwf.nl/onderzoek/onderzoeksdatabase/er-stress-en-chaperone-eiwit-grp78-in-de-ontwikkeling-van-darmkanker
11056,11056,Oncolytische virussen maken de weg vrij voor effectieve immuuntherapie van kanker,dr. Nadine van Montfoort,LUMC Leiden,518688.0,2017-11-01,2017,48,2021,afgerond,Immunotherapie,Alpe d'HuZes,False,False,https://www.kwf.nl/onderzoek/onderzoeksdatabase/oncolytische-virussen-maken-de-weg-vrij-voor-effectieve-immuuntherapie
11062,11062,Op weg naar evidence-based en breed gedragen protocollen voor de nazorg van patiënten met kanker in de eerste lijn,dr. Daan Brandenbarg,UMC Groningen,276606.0,2018-03-01,2018,53,2022,afgerond,Kwaliteit van Leven/Zorg,,False,False,https://www.kwf.nl/onderzoek/onderzoeksdatabase/op-weg-naar-evidence-based-en-breed-gedragen-protocollen-voor-de
11065,11065,Immuun cel modulatie door mesenchymale stamcellen in osteosarcoma (agressieve botkanker) biedt nieuwe kansen voor therapie,dr. Serena Rubina Baglio,Amsterdam UMC Research BV,523533.0,2018-02-01,2018,52,2022,afgerond,Immunotherapie,,False,False,https://www.kwf.nl/onderzoek/onderzoeksdatabase/immuun-cel-modulatie-door-mesenchymale-stamcellen-in-osteosarcoma
11074,11074,Replicatiehulpdiensten: een nieuw aangrijpingspunt voor therapeutische interventie,prof. dr. Hein te Riele,Antoni van Leeuwenhoek / Nederlands Kanker Instituut,751805.0,2018-03-01,2018,72,2024,afgerond,Basaal/fundamenteel onderzoek,,False,False,https://www.kwf.nl/onderzoek/onderzoeksdatabase/replicatiehulpdiensten-een-nieuw-aangrijpingspunt-voor-therapeutische
11079,11079,Naar verbeterde immuuntherapie door te stimuleren dat kankercellen als een vaccin werken,prof. dr. Jannie Borst,LUMC Leiden,618318.0,2017-09-01,2017,60,2022,afgerond,Basaal/fundamenteel onderzoek,Gerichte Gift,False,False,https://www.kwf.nl/onderzoek/onderzoeksdatabase/naar-verbeterde-immuuntherapie-door-te-stimuleren-dat-kankercellen-als
11080,11080,Functie en regulatie van de fibreuze corona van mitotische kinetochoren in de bescherming tegen genoominstabiliteit,prof. dr. Geert Kops,Hubrecht Instituut,636620.0,2018-02-01,2018,48,2022,afgerond,Basaal/fundamenteel onderzoek,,False,False,https://www.kwf.nl/onderzoek/onderzoeksdatabase/functie-en-regulatie-van-de-fibreuze-corona-van-mitotische
11082,11082,De rol van Wnt signalering bij het ontstaan en de behandeling van borstkanker,prof.dr. Renee van Amerongen,Universiteit van Amsterdam,517035.0,2018-02-01,2018,59,2023,afgerond,Basaal/fundamenteel onderzoek,,False,False,https://www.kwf.nl/onderzoek/onderzoeksdatabase/de-rol-van-wnt-signalering-bij-het-ontstaan-en-de-behandeling-van
11086,11086,Betere patiënt-dokter dialoog over palliatieve zorg en deelname aan vroeg-klinische studies door online te verhelderen wat een patiënt belangrijk vindt,prof. dr. Carin Van der Rijt,Erasmus MC Rotterdam,586466.0,2018-04-01,2018,54,2022,afgerond,Kwaliteit van Leven/Zorg,Gerichte Gift,False,False,https://www.kwf.nl/onderzoek/onderzoeksdatabase/betere-patient-dokter-dialoog-over-palliatieve-zorg-en-deelname-aan
11089,11089,Radioactieve dode cellen herkennende stoffen voor vroege diagnostiek van de effectivietit van behandeling en voor intern bestralen van solide tumoren.,prof. dr. Clemens Löwik,Erasmus MC Rotterdam,451048.0,2018-06-01,2018,43,2022,afgerond,Beeldvormende technieken,Gerichte Gift,False,False,https://www.kwf.nl/onderzoek/onderzoeksdatabase/radioactieve-dode-cellen-herkennende-stoffen-voor-vroege-diagnostiek
11092,11092,Ontsteking in de beenmerg stamcel niche. Een driver van beenmergfalen en leukemie?,prof. dr. Marc Raaijmakers,Erasmus MC Rotterdam,691449.0,2018-08-01,2018,54,2023,afgerond,Basaal/fundamenteel onderzoek,,False,False,https://www.kwf.nl/onderzoek/onderzoeksdatabase/ontsteking-in-de-beenmerg-stamcel-niche-een-driver-van-beenmergfalen
11105,11105,Het verbeteren van de borstkanker screening onder jonge hoog-risico vrouwen door middel van methodes gebaseerd op een regelmatige bloedafname,dr. Esther Lips,Antoni van Leeuwenhoek / Nederlands Kanker Instituut,605850.0,2018-02-01,2018,60,2023,afgerond,Biomarkers,Pink Ribbon,False,False,https://www.kwf.nl/onderzoek/onderzoeksdatabase/het-verbeteren-van-de-borstkanker-screening-onder-jonge-hoog-risico
11108,11108,Het ontwerpen van gepersonaliseerde behandeling van hematologische kankers.,dr. Victor Peperzak,UMC Utrecht,506221.0,2017-11-01,2017,48,2021,afgerond,Medicijnen,Alpe d'HuZes,False,False,https://www.kwf.nl/onderzoek/onderzoeksdatabase/het-ontwerpen-van-gepersonaliseerde-behandeling-van-hematologische
11110,11110,Cognitief functioneren na bestraling van de hersenen geïnformeerd door MRI.,dr. ir. Marielle Philippens,UMC Utrecht,635728.0,2018-06-01,2018,57,2023,afgerond,Beeldvormende technieken,Gerichte Gift,False,False,https://www.kwf.nl/onderzoek/onderzoeksdatabase/cognitief-functioneren-na-bestraling-van-de-hersenen-geinformeerd-door
11132,11132,"Is postpartum borstkanker, vastgesteld tijdens borstinvolutie, een aparte clinicopathologische, moleculaire en immunologische groep binnen de borstkankers?",prof. dr. Frédéric Amant,Antoni van Leeuwenhoek / Nederlands Kanker Instituut,639210.0,2018-01-01,2018,52,2022,afgerond,Basaal/fundamenteel onderzoek,,False,False,https://www.kwf.nl/onderzoek/onderzoeksdatabase/is-postpartum-borstkanker-vastgesteld-tijdens-borstinvolutie-een
11137,11137,Het verbeteren van de diagnostiek en behandeling van patiënten met lymfklierkanker,prof. dr. Han van Krieken,Radboudumc,597116.0,2018-02-01,2018,53,2022,afgerond,Biomarkers,Gerichte Gift,False,False,https://www.kwf.nl/onderzoek/onderzoeksdatabase/het-verbeteren-van-de-diagnostiek-en-behandeling-van-patienten-met
11143,11143,Versterking van hyperthermie gebaseerde anti-tumor behandelingen door remming van de cellulaire hitte respons,prof. dr. Roland Kanaar,Erasmus MC Rotterdam,591391.0,2017-11-01,2017,62,2023,afgerond,Medicijnen,,False,False,https://www.kwf.nl/onderzoek/onderzoeksdatabase/versterking-van-hyperthermie-gebaseerde-anti-tumor-behandelingen-door
11148,11148,Preventie van radiotherapie geïnduceerd neurocognitief disfunctioneren; biologische mechanismen en mogelijkheden voor protonentherapie.,dr. Lara Barazzuol,UMC Groningen,495958.0,2018-03-01,2018,66,2023,afgerond,Kwaliteit van Leven/Zorg,Alpe d'HuZes,False,False,https://www.kwf.nl/onderzoek/onderzoeksdatabase/preventie-van-radiotherapie-geinduceerd-neurocognitief-disfunctioneren
11157,11157,NeoVAC: een nieuw nanotechnologie-platform voor patiënt-specifieke immuuntherapie,prof. dr. Ferry Ossendorp,LUMC Leiden,705363.0,2018-07-01,2018,55,2023,afgerond,Immunotherapie,,False,False,https://www.kwf.nl/onderzoek/onderzoeksdatabase/neovac-een-nieuw-nanotechnologie-platform-voor-patient-specifieke
11174,11174,Chemotherapie specifiek gericht op de alvleesklierkankercel: Effectievere antitumor activiteit met minder bijwerkingen?,dr. Arnold Spek,Amsterdam UMC (locatie AMC),501721.0,2018-05-01,2018,58,2023,afgerond,Medicijnen,Gerichte Gift,False,False,https://www.kwf.nl/onderzoek/onderzoeksdatabase/chemotherapie-specifiek-gericht-op-de-alvleesklierkankercel
11179,11179,Leefgewoonten en prognose van blaaskanker: effecten per tumorstadium en moleculair subtype,dr. ir. Alina Vrieling,Radboudumc,744345.0,2018-06-01,2018,72,2024,afgerond,Leefstijl en omgevingsfactoren,Gerichte Gift,False,False,https://www.kwf.nl/onderzoek/onderzoeksdatabase/leefgewoonten-en-prognose-van-blaaskanker-effecten-per-tumorstadium-en
11199,11199,Ontregeling van lamine-expressie en in de kankercel – gevolgen voor invasie en metastasering,dr. Katarina Wolf,Radboudumc,542316.0,2018-11-01,2018,60,2023,afgerond,Basaal/fundamenteel onderzoek,,False,False,https://www.kwf.nl/onderzoek/onderzoeksdatabase/ontregeling-van-lamine-expressie-en-in-de-kankercel-gevolgen-voor
11219,11219,Blinatumomab toegevoegd aan prefase en consolidatiebehandeling van volwassenen met een precursor B-cel lymfatische leukemie.,dr. Anita Rijneveld,Erasmus MC Rotterdam,802126.0,2018-06-01,2018,72,2024,afgerond,Immunotherapie,,False,False,https://www.kwf.nl/onderzoek/onderzoeksdatabase/blinatumomab-toegevoegd-aan-prefase-en-consolidatiebehandeling-van
11236,11236,Anakinra ter preventie van slijmvliesschade van de darm en koorts bij patiënten behandeld met een stamceltransplantatie,prof. dr. Nicole Blijlevens,Radboudumc,616648.0,2019-01-01,2019,51,2023,afgerond,Kwaliteit van Leven/Zorg,,False,False,https://www.kwf.nl/onderzoek/onderzoeksdatabase/anakinra-ter-preventie-van-slijmvliesschade-van-de-darm-en-koorts-bij
11249,11249,Naar een verbeterde behandeling van Acute Lymfatische Leukemie door het combineren van het leukemie medicijn asparaginase met kinase remmers,dr. Frank van Leeuwen,Prinses Máxima Centrum voor kinderoncologie,572856.0,2018-10-01,2018,48,2022,afgerond,Medicijnen,,False,False,https://www.kwf.nl/onderzoek/onderzoeksdatabase/naar-een-verbeterde-behandeling-van-acute-lymfatische-leukemie-door
11251,11251,Een mechanisme voor de reperatie van chromosomale breuken als mikpunt voor anti-kanker therapie,prof. dr. Marcel Tijsterman,LUMC Leiden,594818.0,2018-04-01,2018,55,2022,afgerond,Basaal/fundamenteel onderzoek,,False,False,https://www.kwf.nl/onderzoek/onderzoeksdatabase/een-mechanisme-voor-de-reperatie-van-chromosomale-breuken-als-mikpunt
11266,11266,Het reprogrammeren van het micromilieu van gliomen door te interfereren met de interacties tussen siaalzuren en Siglecs,prof. dr. Gosse Adema,Radboudumc,493630.0,2018-06-01,2018,61,2023,afgerond,Basaal/fundamenteel onderzoek,,False,False,https://www.kwf.nl/onderzoek/onderzoeksdatabase/het-reprogrammeren-van-het-micromilieu-van-gliomen-door-te
11269,11269,Vaccinatie tegen microsatelliet instabiele tumoren.,dr. Adriaan Bins,Amsterdam UMC (locatie AMC),683666.0,2018-11-01,2018,60,2023,afgerond,Immunotherapie,Gerichte Gift,False,False,https://www.kwf.nl/onderzoek/onderzoeksdatabase/vaccinatie-tegen-microsatelliet-instabiele-tumoren
11289,11289,Betere detectie van alvleesklierkanker met tumor-specifieke moleculaire beeldvorming (Het PANSCAN project),dr. Rutger-Jan Swijnenburg,Amsterdam UMC,658488.0,2018-05-01,2018,96,2026,afgerond,Beeldvormende technieken,Gerichte Gift,False,False,https://www.kwf.nl/onderzoek/onderzoeksdatabase/betere-detectie-van-alvleesklierkanker-met-tumor-specifieke
11292,11292,Hoe vaak komen mozaïek mutaties voor in APC en andere polyposisgenen bij patiënten met meer dan 10 dikke darmpoliepen?,prof. dr. Hans Morreau,LUMC Leiden,562696.0,2018-05-01,2018,61,2023,afgerond,Biomarkers,,False,False,https://www.kwf.nl/onderzoek/onderzoeksdatabase/hoe-vaak-komen-mozaiek-mutaties-voor-in-apc-en-andere-polyposisgenen
11312,11312,"Functionele analyse van microRNAs en target mRNAs betrokken bij ""groei zonder verankering"": een essentiële celverandering voor de ontwikkeling van kanker",prof. dr. Renske Steenbergen,Amsterdam UMC Research BV,595406.0,2018-09-01,2018,48,2022,afgerond,Basaal/fundamenteel onderzoek,Alpe d'HuZes,False,False,https://www.kwf.nl/onderzoek/onderzoeksdatabase/functionele-analyse-van-micrornas-en-target-mrnas-betrokken-bij-groei
11313,11313,MEDIASTinale stadiëring van niet-kleincellig longcarcinoom door middel van endobronchiale en endoscopische endosonografie met of zonder toegevoegde mediastinoscopie (MEDIASTrial).,dr. Frank van den Broek,Máxima MC Eindhoven,231284.0,2018-02-01,2018,60,2023,afgerond,Beeldvormende technieken,,False,False,https://www.kwf.nl/onderzoek/onderzoeksdatabase/mediastinale-stadiering-van-niet-kleincellig-longcarcinoom-door-middel
11315,11315,Metabole controle van stamcellen in kanker,dr. Maria Jose Rodriguez Colman,UMC Utrecht,502447.0,2018-08-01,2018,54,2023,afgerond,Basaal/fundamenteel onderzoek,,False,False,https://www.kwf.nl/onderzoek/onderzoeksdatabase/metabole-controle-van-stamcellen-in-kanker
11337,11337,DNA-methylatie-biomerkers binnen het bevolkingsonderzoek naar baarmoederhalskanker: de eerste complete moleculaire oplossing compatibel met zelfafname,dr. Daniëlle Heideman,UMC Groningen,644801.0,2018-06-01,2018,55,2023,afgerond,Biomarkers,,False,False,https://www.kwf.nl/onderzoek/onderzoeksdatabase/dna-methylatie-biomerkers-binnen-het-bevolkingsonderzoek-naar
11349,11349,Pulmonale hypertensie als mogelijke complicaties na (chemo-) radiatie van tumoren in de borstholte,dr. Peter van Luijk,UMC Groningen,659236.0,2018-11-01,2018,79,2025,afgerond,Kwaliteit van Leven/Zorg,,False,False,https://www.kwf.nl/onderzoek/onderzoeksdatabase/pulmonale-hypertensie-als-mogelijke-complicaties-na-chemo-radiatie-van
11350,11350,Voorkoming van permanent “droge mond syndroom” veroorzaakt door radiotherapie bij patiënten met hoofd-hals kanker.,dr. Roel Steenbakkers,UMC Groningen,440056.0,2018-07-01,2018,72,2024,afgerond,Kwaliteit van Leven/Zorg,,False,False,https://www.kwf.nl/onderzoek/onderzoeksdatabase/voorkoming-van-permanent-droge-mond-syndroom-veroorzaakt-door
11351,11351,De patiënt in het middelpunt van de zorg: gepersonaliseerde behandeling voor psychische klachten en vermoeidheid bij patiënten met kanker,dr. Annemarie Braamse,Amsterdam UMC (locatie AMC),640161.0,2018-07-01,2018,66,2024,afgerond,Kwaliteit van Leven/Zorg,,False,False,https://www.kwf.nl/onderzoek/onderzoeksdatabase/de-patient-in-het-middelpunt-van-de-zorg-gepersonaliseerde-behandeling
11352,11352,"Genetische factoren die Wee1 remmer gevoeligheid van tumoren bepalen, ter verbetering van de behandeling van eierstokkanker en triple-negatieve borstkanker",prof. dr. Marcel van Vugt,UMC Groningen,1422270.0,2018-10-01,2018,64,2024,afgerond,Basaal/fundamenteel onderzoek,,False,False,https://www.kwf.nl/onderzoek/onderzoeksdatabase/genetische-factoren-die-wee1-remmer-gevoeligheid-van-tumoren-bepalen
11356,11356,"Aclarubicin, een nieuwe oude drug voor de behandeling van refractaire en recidive AML patienten.",prof. dr. Jacques Neefjes,LUMC Leiden,1210700.0,2018-11-01,2018,48,2022,afgerond,Medicijnen,,False,False,https://www.kwf.nl/onderzoek/onderzoeksdatabase/aclarubicin-een-nieuwe-oude-drug-voor-de-behandeling-van-refractaire
11358,11358,Kankerverwekkende stoffen uit voedsel en de ontwikkeling van DNA mismatch-herstel-deficiënte darmkanker,dr. Niels de Wind,LUMC Leiden,699454.0,2018-07-01,2018,48,2022,afgerond,Basaal/fundamenteel onderzoek,,False,False,https://www.kwf.nl/onderzoek/onderzoeksdatabase/kankerverwekkende-stoffen-uit-voedsel-en-de-ontwikkeling-van-dna
11363,11363,Detectie van lokaal uitgebreide en teruggekeerde endeldarmkanker met behulp van tumor-specifieke fluorescentie,dr. Alexander Vahrmeijer,LUMC Leiden,865473.0,2018-11-01,2018,84,2025,afgerond,(Behandel)technieken,Gerichte Gift,False,False,https://www.kwf.nl/onderzoek/onderzoeksdatabase/detectie-van-lokaal-uitgebreide-en-teruggekeerde-endeldarmkanker-met
11367,11367,Identificatie van doeleiwitten van ubiquitine ligase BRCA1/BARD1 om nieuw inzicht te krijgen in borst- en ovarium kanker,dr. Román González Prieto,LUMC Leiden,548324.0,2018-06-01,2018,48,2022,voortijdig beëindigd,Basaal/fundamenteel onderzoek,,False,False,https://www.kwf.nl/onderzoek/onderzoeksdatabase/identificatie-van-doeleiwitten-van-ubiquitine-ligase-brca1bard1-om
11368,11368,Precisie behandeling van gevorderde hoofd hals tumoren met behulp van MRI gestuurde hyperthermie,prof.dr.ir. Margarethus Paulides,Erasmus MC Rotterdam,765842.0,2018-11-01,2018,58,2023,afgerond,(Behandel)technieken,,False,False,https://www.kwf.nl/onderzoek/onderzoeksdatabase/precisie-behandeling-van-gevorderde-hoofd-hals-tumoren-met-behulp-van
11382,11382,De ontwikkeling en eerste evaluatie van een mHealth ondersteunde zelfcompassie interventie voor nieuw gediagnosticeerde kankerpatiënten: Een participatief design,prof. dr. Ernst Bohlmeijer,Universiteit Twente,376886.0,2018-07-01,2018,55,2023,afgerond,Kwaliteit van Leven/Zorg,,False,False,https://www.kwf.nl/onderzoek/onderzoeksdatabase/de-ontwikkeling-en-eerste-evaluatie-van-een-mhealth-ondersteunde
11387,11387,de PORTRET-studie,dr. Nienke de Glas,LUMC Leiden,346525.0,2018-09-01,2018,48,2022,afgerond,Kwaliteit van Leven/Zorg,,False,False,https://www.kwf.nl/onderzoek/onderzoeksdatabase/de-portret-studie
11388,11388,"Colorectaal adenoom en kanker na behandeling voor kinderkanker: risico, risicofactoren en richtlijnen voor vroege opsporing",prof. dr. Leontien Kremer,Prinses Máxima Centrum voor kinderoncologie,579383.0,2018-07-01,2018,45,2022,afgerond,Biomarkers,Gerichte Gift,False,False,https://www.kwf.nl/onderzoek/onderzoeksdatabase/colorectaal-adenoom-en-kanker-na-behandeling-voor-kinderkanker-risico
11393,11393,De volgende generatie genetisch gemodificeerde cellen gericht tegen leukemie: TEG’s,dr. Zsolt Sebestyen,UMC Utrecht,579198.0,2018-10-01,2018,54,2023,afgerond,Immunotherapie,,False,False,https://www.kwf.nl/onderzoek/onderzoeksdatabase/de-volgende-generatie-genetisch-gemodificeerde-cellen-gericht-tegen
11407,11407,Paneth cel: de cel van darmkanker oorsprong?,prof. dr. Riccardo Fodde,Erasmus MC Rotterdam,530248.0,2018-02-01,2018,61,2023,afgerond,Basaal/fundamenteel onderzoek,,False,False,https://www.kwf.nl/onderzoek/onderzoeksdatabase/paneth-cel-de-cel-van-darmkanker-oorsprong
11446,11446,Karakterisering van het moleculaire mechanisme van een nieuw ontdekt R-loop-afhankelijk DNA schade respons proces,prof. dr. Wim Vermeulen,Erasmus MC Rotterdam,581449.0,2018-07-01,2018,48,2022,afgerond,Basaal/fundamenteel onderzoek,,False,False,https://www.kwf.nl/onderzoek/onderzoeksdatabase/karakterisering-van-het-moleculaire-mechanisme-van-een-nieuw-ontdekt-r
11457,11457,Hoe heterogeniteit binnen een tumor tot groei en therapieresistentie leidt,prof. dr. ir. Floris Foijer,UMC Groningen,691088.0,2019-06-01,2019,60,2024,afgerond,Basaal/fundamenteel onderzoek,Gerichte Gift,False,False,https://www.kwf.nl/onderzoek/onderzoeksdatabase/hoe-heterogeniteit-binnen-een-tumor-tot-groei-en-therapieresistentie
11463,11463,Wat vindt de patiënt met schildklierkanker belangrijk: hulpmiddelen om ‘samen beslissen’ te verbeteren,dr. Peep Stalmeier,Radboudumc,508429.0,2019-03-01,2019,62,2024,afgerond,Kwaliteit van Leven/Zorg,,False,False,https://www.kwf.nl/onderzoek/onderzoeksdatabase/wat-vindt-de-patient-met-schildklierkanker-belangrijk-hulpmiddelen-om
11464,11464,Gerichte verandering van het micromilieu van tumoren; een nieuwe strategie om de effectiviteit van immunotherapie bij kanker te vergroten.,prof. dr. Wijnand Helfrich,UMC Groningen,592150.0,2019-02-01,2019,48,2023,afgerond,Immunotherapie,Gerichte Gift,False,False,https://www.kwf.nl/onderzoek/onderzoeksdatabase/gerichte-verandering-van-het-micromilieu-van-tumoren-een-nieuwe
11491,11491,Mechanistisch inzicht in de rol van celcompetitie in leveruitzaaiingen van dikkedarmkanker,dr. Saskia Suijkerbuijk,Universiteit Utrecht,659450.0,2019-01-01,2019,54,2023,afgerond,Basaal/fundamenteel onderzoek,Alpe d'HuZes,False,False,https://www.kwf.nl/onderzoek/onderzoeksdatabase/mechanistisch-inzicht-in-de-rol-van-celcompetitie-in-leveruitzaaiingen
11507,11507,"Op zoek naar verhalen: een narratieve, multimodale interventie voor spirituele zorg voor patiënten met een ongeneeslijke vorm van kanker",prof. dr. Hanneke van Laarhoven,Amsterdam UMC Research BV,510694.0,2018-10-01,2018,60,2023,afgerond,Kwaliteit van Leven/Zorg,,False,False,https://www.kwf.nl/onderzoek/onderzoeksdatabase/op-zoek-naar-verhalen-een-narratieve-multimodale-interventie-voor
11515,11515,"STOPOVCA: STOP OVarium Carcinoom, oftewel Stop Eierstokkanker: het voorkómen van eierstokkanker door verwijdering van eileiders tijdens een gynaecologische ingreep",dr. Joanne de Hullu,Radboudumc,461684.0,2019-01-01,2019,54,2023,afgerond,(Behandel)technieken,Gerichte Gift,False,False,https://www.kwf.nl/onderzoek/onderzoeksdatabase/stopovca-stop-ovarium-carcinoom-oftewel-stop-eierstokkanker-het
11518,11518,INCONTROL - Klinische Controle Infrastructuur voor Protonentherapie behandeling,prof. dr. Stefan Both,UMC Groningen,528856.0,2019-01-01,2019,60,2024,afgerond,(Behandel)technieken,,False,False,https://www.kwf.nl/onderzoek/onderzoeksdatabase/incontrol-klinische-controle-infrastructuur-voor-protonentherapie
11537,11537,Over hoe kankercellen therapeutische antistof-gemedieerde destructie van neutrofielen kunnen weerstaan,dr. Hanke Matlung,Sanquin Research,504735.0,2019-05-01,2019,48,2023,afgerond,Immunotherapie,Alpe d'HuZes,False,False,https://www.kwf.nl/onderzoek/onderzoeksdatabase/over-hoe-kankercellen-therapeutische-antistof-gemedieerde-destructie
11540,11540,Studie naar effect van primaire debulking met of zonder verwarmde buikspoeling met chemotherapie (OVHIPEC-2) bij patiënten met stadium III eierstokkanker,dr. Willemien Van Driel,Antoni van Leeuwenhoek / Nederlands Kanker Instituut,1407460.0,2019-12-01,2019,102,2028,lopend,(Behandel)technieken,Alpe d'HuZes,False,False,https://www.kwf.nl/onderzoek/onderzoeksdatabase/studie-naar-effect-van-primaire-debulking-met-of-zonder-verwarmde
11543,11543,Kijkoperaties tijdens de follow-up van patiënten met dikkedarmkanker voor vroege detectie van buikvliesuitzaaiingen; de COLOPEC II gerandomiseerde multicenter studie.,prof. dr. Pieter Tanis,Amsterdam UMC,562509.0,2019-01-01,2019,60,2024,afgerond,(Behandel)technieken,,False,False,https://www.kwf.nl/onderzoek/onderzoeksdatabase/kijkoperaties-tijdens-de-follow-up-van-patienten-met-dikkedarmkanker
11547,11547,Op het ergste voorbereid: informeren over de prognose bij uitgezaaide kanker,dr. Inge Henselmans,Amsterdam UMC,478602.0,2018-12-01,2018,51,2023,afgerond,Kwaliteit van Leven/Zorg,Gerichte Gift,False,False,https://www.kwf.nl/onderzoek/onderzoeksdatabase/op-het-ergste-voorbereid-informeren-over-de-prognose-bij-uitgezaaide
11558,11558,Duurzame arbeidsparticipatie van mensen met kanker en hun partners,dr. Saskia Duijts,Amsterdam UMC Research BV,620185.0,2019-04-01,2019,72,2025,afgerond,Kwaliteit van Leven/Zorg,Gerichte Gift,False,False,https://www.kwf.nl/onderzoek/onderzoeksdatabase/duurzame-arbeidsparticipatie-van-mensen-met-kanker-en-hun-partners
11562,11562,De SAFE-Trial: Wakkere hersentumor operatie vergeleken met hersentumor operatie onder narcose.,prof.dr. Arnaud Vincent,Erasmus MC Rotterdam,483586.0,2019-04-01,2019,60,2024,afgerond,(Behandel)technieken,,False,False,https://www.kwf.nl/onderzoek/onderzoeksdatabase/de-safe-trial-wakkere-hersentumor-operatie-vergeleken-met-hersentumor
11564,11564,Toediening van gekweekte Natural Killer-cellen in combinatie met groeifactor ALT-803 in patiënten met hoog-risico acute myeloide leukemie (fase I/II studie),prof.dr. Harry Dolstra,Radboudumc,1294420.0,2019-09-01,2019,72,2025,afgerond,Immunotherapie,Gerichte Gift,False,False,https://www.kwf.nl/onderzoek/onderzoeksdatabase/toediening-van-gekweekte-natural-killer-cellen-in-combinatie-met
11574,11574,Exploitatie van serine metabolisme aanpassingen om platinum-resistentie in eierstokkanker te bestrijden,prof. dr. Reuven Agami,Antoni van Leeuwenhoek / Nederlands Kanker Instituut,636925.0,2018-09-01,2018,48,2022,afgerond,Basaal/fundamenteel onderzoek,Gerichte Gift,False,False,https://www.kwf.nl/onderzoek/onderzoeksdatabase/exploitatie-van-serine-metabolisme-aanpassingen-om-platinum
11575,11575,Implementatie van geïndividualiseerd doseren van orale doelgerichte therapie bij de behandeling van kanker,prof.dr. Ingrid Desar,Radboudumc,683114.0,2019-01-01,2019,68,2024,afgerond,Biomarkers,,False,False,https://www.kwf.nl/onderzoek/onderzoeksdatabase/implementatie-van-geindividualiseerd-doseren-van-orale-doelgerichte
11597,11597,Nieuwe behandelopties voor Multipel Myeloom patiënten gericht op het AKT kinase en de kankercel energiehuishouding,dr. Jeroen Guikema,Amsterdam UMC Research BV,584020.0,2018-08-01,2018,58,2023,afgerond,Basaal/fundamenteel onderzoek,Gerichte Gift,False,False,https://www.kwf.nl/onderzoek/onderzoeksdatabase/nieuwe-behandelopties-voor-multipel-myeloom-patienten-gericht-op-het
11618,11618,Afweer tegen uitgezaaid melanoom door galactine op dendritische cellen,prof. dr. Annemiek van Spriel,Radboudumc,623515.0,2018-12-01,2018,54,2023,afgerond,Basaal/fundamenteel onderzoek,Gerichte Gift,False,False,https://www.kwf.nl/onderzoek/onderzoeksdatabase/afweer-tegen-uitgezaaid-melanoom-door-galactine-op-dendritische-cellen
11629,11629,Integratie van klinische en moleculaire eigenschappen voor behandeling op maat voor vrouwen met hoog-risico baarmoederkanker,prof.dr. Tjalling Bosse,LUMC Leiden,784849.0,2019-03-01,2019,54,2023,afgerond,Biomarkers,,False,False,https://www.kwf.nl/onderzoek/onderzoeksdatabase/integratie-van-klinische-en-moleculaire-eigenschappen-voor-behandeling
11641,11641,Afronding van de PELICAN studie: lokale verbranding van alvleeskliertumoren zonder uitzaaiingen die niet operatief verwijderd kunnen worden,prof.dr. I. Quintus Molenaar,UMC Utrecht,244269.0,2018-10-01,2018,51,2023,afgerond,(Behandel)technieken,Gerichte Gift,False,False,https://www.kwf.nl/onderzoek/onderzoeksdatabase/afronding-van-de-pelican-studie-lokale-verbranding-van
11648,11648,Radiomics : Analyse van nieuwe tumorkenmerken uit PET/CT beelden van DLBCL patiënten voor een effectievere therapie keuze,prof. dr. Josée Zijlstra,Amsterdam UMC Research BV,533695.0,2019-01-01,2019,48,2023,afgerond,Beeldvormende technieken,,False,False,https://www.kwf.nl/onderzoek/onderzoeksdatabase/radiomics-analyse-van-nieuwe-tumorkenmerken-uit-petct-beelden-van
11651,11651,Immuuntherapie-strategie voor therapie en preventie van kanker – targeten van vroege angiogene switch merkers.,prof. dr. Arjan Griffioen,Amsterdam UMC Research BV,781396.0,2018-09-01,2018,56,2023,afgerond,Immunotherapie,,False,False,https://www.kwf.nl/onderzoek/onderzoeksdatabase/immuuntherapie-strategie-voor-therapie-en-preventie-van-kanker
11655,11655,Het reduceren van overbehandeling met chemotherapie bij jonge vrouwen met triple negatieve borstkanker,prof. dr. ir. Marjanka Schmidt,Antoni van Leeuwenhoek / Nederlands Kanker Instituut,448846.0,2019-02-01,2019,60,2024,afgerond,Biomarkers,Pink Ribbon,False,False,https://www.kwf.nl/onderzoek/onderzoeksdatabase/het-reduceren-van-overbehandeling-met-chemotherapie-bij-jonge-vrouwen
11656,11656,"FORWARDS, implementatie van bewezen effectieve psychologische behandeling (SWORD) voor angst voor terugkeer van kanker: haalbaarheid en effectiviteit",prof. dr. Judith Prins,Radboudumc,453919.0,2019-01-01,2019,52,2023,afgerond,Kwaliteit van Leven/Zorg,Alpe d'HuZes,False,False,https://www.kwf.nl/onderzoek/onderzoeksdatabase/forwards-implementatie-van-bewezen-effectieve-psychologische
11664,11664,De rol van het brein in kanker- gerelateerde vermoeidheid. Hoe ziektegedrag aanhoudt na genezing,dr. Marieke van der Schaaf,Tilburg University,632612.0,2019-03-01,2019,60,2024,afgerond,Kwaliteit van Leven/Zorg,Alpe d'HuZes,False,False,https://www.kwf.nl/onderzoek/onderzoeksdatabase/de-rol-van-het-brein-in-kanker-gerelateerde-vermoeidheid-hoe
11665,11665,SWI/SNF mutaties in kanker: Een handvat voor behandeling?,prof.dr. Benjamin Rowland,Antoni van Leeuwenhoek / Nederlands Kanker Instituut,598888.0,2019-07-01,2019,48,2023,afgerond,Basaal/fundamenteel onderzoek,,False,False,https://www.kwf.nl/onderzoek/onderzoeksdatabase/swisnf-mutaties-in-kanker-een-handvat-voor-behandeling
11671,11671,De toepassing van “click-chemie” voor effectieve en veilige behandeling van prostaatkanker met radioactieve stoffen,dr. Simone Dalm,Erasmus MC Rotterdam,498632.0,2018-10-01,2018,60,2023,afgerond,Medicijnen,Alpe d'HuZes,False,False,https://www.kwf.nl/onderzoek/onderzoeksdatabase/de-toepassing-van-click-chemie-voor-effectieve-en-veilige-behandeling
11690,11690,Verbeterde voorspelling van complicatie kans op het oog ten behoeve van moderne radiotherapie technieken,prof. dr. Coen Rasch,LUMC Leiden,540100.0,2019-07-01,2019,66,2025,afgerond,(Behandel)technieken,,False,False,https://www.kwf.nl/onderzoek/onderzoeksdatabase/verbeterde-voorspelling-van-complicatie-kans-op-het-oog-ten-behoeve
11700,11700,Identificatie en testen van nieuwe interventietherapieën voor mesothelioom.,dr. Maarten van Lohuizen,Antoni van Leeuwenhoek / Nederlands Kanker Instituut,588834.0,2018-09-01,2018,54,2023,afgerond,Basaal/fundamenteel onderzoek,Gerichte Gift,False,False,https://www.kwf.nl/onderzoek/onderzoeksdatabase/identificatie-en-testen-van-nieuwe-interventietherapieen-voor
11704,11704,Verbeterde inschatting van het kanker risico ten gevolge van DNA varianten in borstkankergenen,dr. Maaike Vreeswijk,LUMC Leiden,696342.0,2018-09-01,2018,54,2023,afgerond,Biomarkers,Pink Ribbon,False,False,https://www.kwf.nl/onderzoek/onderzoeksdatabase/verbeterde-inschatting-van-het-kanker-risico-ten-gevolge-van-dna
11707,11707,Systematische evaluatie van regulatorische gebieden in het kankergenoom,dr. Baoxu Pang,LUMC Leiden,628988.0,2018-12-01,2018,60,2023,afgerond,Basaal/fundamenteel onderzoek,Alpe d'HuZes,False,False,https://www.kwf.nl/onderzoek/onderzoeksdatabase/systematische-evaluatie-van-regulatorische-gebieden-in-het
11708,11708,Ontwikkeling van een gevoelige bloedtest om snelle terugkeer van ziekte te voorspellen na chirurgie voor darmkankerpatiënten met operabele levermetastases,dr. Saskia Wilting,Erasmus MC Rotterdam,450106.0,2018-12-01,2018,36,2021,afgerond,Biomarkers,Gerichte Gift,False,False,https://www.kwf.nl/onderzoek/onderzoeksdatabase/ontwikkeling-van-een-gevoelige-bloedtest-om-snelle-terugkeer-van
11710,11710,Wat houdt toegerust-zijn om mee te beslissen over behandeling van kanker in?,dr. Arwen Pieterse,LUMC Leiden,221768.0,2019-05-01,2019,42,2022,afgerond,Kwaliteit van Leven/Zorg,,False,False,https://www.kwf.nl/onderzoek/onderzoeksdatabase/wat-houdt-toegerust-zijn-om-mee-te-beslissen-over-behandeling-van
11711,11711,Protonentherapie gerichter ingezet door optimaal om te gaan met behandelonzekerheden (PAREL),prof. dr. Mischa Hoogeman,Erasmus MC Rotterdam,570524.0,2019-01-01,2019,54,2023,afgerond,(Behandel)technieken,,False,False,https://www.kwf.nl/onderzoek/onderzoeksdatabase/protonentherapie-gerichter-ingezet-door-optimaal-om-te-gaan-met
11750,11750,"Het verbeteren van immunotherapie door een snelle, massale en vóórtdurende aanval op de tumor door celcyclus synchronisatie van T-cellen",prof.dr. Ramon Arens,LUMC Leiden,637868.0,2018-11-01,2018,60,2023,afgerond,Basaal/fundamenteel onderzoek,,False,False,https://www.kwf.nl/onderzoek/onderzoeksdatabase/het-verbeteren-van-immunotherapie-door-een-snelle-massale-en
11766,11766,Infrastructuur voor beeldgestuurd pre-klinisch onderzoek met deeltjesbundels naar verdere verbetering van protontherapie behandelingen,prof. dr. Sytze Brandenburg,UMC Groningen,2817200.0,2019-10-01,2019,60,2024,afgerond,Infrastructuur,,False,False,https://www.kwf.nl/onderzoek/onderzoeksdatabase/infrastructuur-voor-beeldgestuurd-pre-klinisch-onderzoek-met
11774,11774,Bouwen in de Archipel van Onderzoek naar Ovariumkanker in Nederland,prof. dr. Marc van de Vijver,Amsterdam UMC,1289530.0,2019-07-01,2019,54,2024,afgerond,Infrastructuur,,False,False,https://www.kwf.nl/onderzoek/onderzoeksdatabase/bouwen-in-de-archipel-van-onderzoek-naar-ovariumkanker-in-nederland
11788,11788,COMPRAYA: Landelijke infrastructuur om gezondheidsuitkomsten in kaart te brengen en interventiestudies uit te voeren onder jongvolwassenen met kanker (AYA's),prof. dr. Winette van der Graaf,Antoni van Leeuwenhoek / Nederlands Kanker Instituut,2790720.0,2020-01-01,2020,91,2027,lopend,Infrastructuur,Gerichte Gift,False,True,https://www.kwf.nl/onderzoek/onderzoeksdatabase/compraya-landelijke-infrastructuur-om-gezondheidsuitkomsten-in-kaart
11793,11793,PLCRC-FALCON: Faciliteren van delen van gegevens van alle patiënten met darmkanker in Nederland door het Prospectief Landelijk Darmkanker Cohort (PLCRC),prof. dr. Miriam Koopman,UMC Utrecht,800473.0,2019-06-01,2019,60,2024,afgerond,Infrastructuur,,False,True,https://www.kwf.nl/onderzoek/onderzoeksdatabase/plcrc-falcon-faciliteren-van-delen-van-gegevens-van-alle-patienten-met
11807,11807,177Lu-PSMA Radioligand therapie voor patiënten met speekselklierkanker,prof. dr. Carla van Herpen,Radboudumc,647401.0,2019-04-01,2019,48,2023,afgerond,(Behandel)technieken,Alpe d'HuZes,False,False,https://www.kwf.nl/onderzoek/onderzoeksdatabase/177lu-psma-radioligand-therapie-voor-patienten-met-speekselklierkanker
11809,11809,Op weg naar implementatie van ctDNA analyse als biomarker voor prognose bij stadium III dikkedarmkankerpatiënten,dr. Remond Fijneman,Antoni van Leeuwenhoek / Nederlands Kanker Instituut,1380800.0,2019-07-01,2019,58,2024,afgerond,Biomarkers,,False,True,https://www.kwf.nl/onderzoek/onderzoeksdatabase/op-weg-naar-implementatie-van-ctdna-analyse-als-biomarker-voor
11811,11811,Direct beschikbare CAR T cel immuuntherapie op maat voor alle kanker patiënten.,dr. Maria Themeli,Amsterdam UMC Research BV,562080.0,2019-09-01,2019,60,2024,afgerond,Immunotherapie,,False,False,https://www.kwf.nl/onderzoek/onderzoeksdatabase/direct-beschikbare-car-t-cel-immuuntherapie-op-maat-voor-alle-kanker
11835,11835,Gerichter verwijzen bij screening op basis van mammografische kenmerken die gecorreleerd zijn met pathologische subtypen en de kans op uitzaaiingen,prof. dr. Mireille Broeders,Radboudumc,730260.0,2019-07-01,2019,54,2024,afgerond,Beeldvormende technieken,Gerichte Gift,False,False,https://www.kwf.nl/onderzoek/onderzoeksdatabase/gerichter-verwijzen-bij-screening-op-basis-van-mammografische
11839,11839,Adaptieve en niet-adaptieve emoties bij mensen met kanker: op zoek naar indicatoren (de EMOCA Studie),prof. dr. Joost Dekker,Amsterdam UMC Research BV,447112.0,2019-07-01,2019,72,2025,afgerond,Kwaliteit van Leven/Zorg,,False,False,https://www.kwf.nl/onderzoek/onderzoeksdatabase/adaptieve-en-niet-adaptieve-emoties-bij-mensen-met-kanker-op-zoek-naar
11840,11840,Een stralende toekomst: verbetering van gerichte radionuclidentherapie via modulatie van DNA-schade in de tumor,dr. Julie Nonnekens,Erasmus MC Rotterdam,643696.0,2019-09-01,2019,51,2023,afgerond,(Behandel)technieken,Alpe d'HuZes,False,False,https://www.kwf.nl/onderzoek/onderzoeksdatabase/een-stralende-toekomst-verbetering-van-gerichte-radionuclidentherapie
11852,11852,Kunnen we met nieuwe inzichten de terugkeer van neuroblastoom voorkomen?,dr. Rob Wolthuis,Amsterdam UMC Research BV,656893.0,2019-09-01,2019,60,2024,afgerond,Basaal/fundamenteel onderzoek,,False,False,https://www.kwf.nl/onderzoek/onderzoeksdatabase/kunnen-we-met-nieuwe-inzichten-de-terugkeer-van-neuroblastoom
11857,11857,Ontwikkeling van een nieuwe methode om een T-cel immunotherapie te ontwikkelen tegen recidief van leukemie bij kinderen,dr. Stefan Nierkens,UMC Utrecht,187146.0,2019-09-01,2019,28,2022,afgerond,Immunotherapie,Alpe d'HuZes,False,False,https://www.kwf.nl/onderzoek/onderzoeksdatabase/ontwikkeling-van-een-nieuwe-methode-om-een-t-cel-immunotherapie-te
11863,11863,Identificatie van nieuwe behandelstrategieën voor MLL-herschikte acute lymfatische leukemie bij zuigelingen middels uitgebreide pre-klinische modellen.,dr. Ronald Stam,Prinses Máxima Centrum voor kinderoncologie,514181.0,2019-06-01,2019,60,2024,afgerond,Medicijnen,Gerichte Gift,False,False,https://www.kwf.nl/onderzoek/onderzoeksdatabase/identificatie-van-nieuwe-behandelstrategieen-voor-mll-herschikte-acute
11867,11867,Genetische mutaties in acute myeloϊde leukemie als doelwit voor immuuntherapie,dr. Marieke Griffioen,LUMC Leiden,599280.0,2019-05-01,2019,48,2023,afgerond,Immunotherapie,Alpe d'HuZes,False,False,https://www.kwf.nl/onderzoek/onderzoeksdatabase/genetische-mutaties-in-acute-myeloide-leukemie-als-doelwit-voor
11877,11877,"Behandeling van uitgezaaid melanoom met T cel therapie na falen op anti-PD1, hoe kunnen we de gerandomiseerde studie afronden?",prof. dr. John Haanen,Antoni van Leeuwenhoek / Nederlands Kanker Instituut,1294000.0,2022-01-01,2022,24,2024,afgerond,Immunotherapie,Gerichte Gift,False,False,https://www.kwf.nl/onderzoek/onderzoeksdatabase/behandeling-van-uitgezaaid-melanoom-met-t-cel-therapie-na-falen-op
11889,11889,"Angst voor progressie bij patiënten met gevorderde kanker die langdurig, levensverlengend, behandeld worden.",dr. Jose Custers,Radboudumc,424731.0,2019-09-01,2019,56,2024,afgerond,Kwaliteit van Leven/Zorg,Alpe d'HuZes,False,False,https://www.kwf.nl/onderzoek/onderzoeksdatabase/angst-voor-progressie-bij-patienten-met-gevorderde-kanker-die
11892,11892,Beeldgestuurde respons-bepaling bij de behandeling van slokdarmkanker-patiënten,dr. Gert Meijer,UMC Utrecht,266450.0,2019-05-01,2019,44,2023,afgerond,Beeldvormende technieken,,False,False,https://www.kwf.nl/onderzoek/onderzoeksdatabase/beeldgestuurde-respons-bepaling-bij-de-behandeling-van-0
11905,11905,Moeizame replicatie van de laatste stukjes van chromosomen,prof.dr. Jacqueline Jacobs,Antoni van Leeuwenhoek / Nederlands Kanker Instituut,599908.0,2019-09-01,2019,60,2024,afgerond,Basaal/fundamenteel onderzoek,,False,False,https://www.kwf.nl/onderzoek/onderzoeksdatabase/moeizame-replicatie-van-de-laatste-stukjes-van-chromosomen
11906,11906,Echogeleide resectie en peroperatieve controle van resectiemarges bij vroege tongcarcinomen.,dr. Rob Noorlag,UMC Utrecht,392553.0,2019-09-01,2019,64,2025,afgerond,(Behandel)technieken,,False,False,https://www.kwf.nl/onderzoek/onderzoeksdatabase/echogeleide-resectie-en-peroperatieve-controle-van-resectiemarges-bij
11910,11910,Implementatie van HIPEC (hypertherme intraperitoneale chemotherapie) voor patiënten met stadium III ovariumcarcinoom die na neo-adjuvante chemotherapie een intervaldebulking ondergaan.,dr. Willemien Van Driel,Antoni van Leeuwenhoek / Nederlands Kanker Instituut,268633.0,2019-08-01,2019,41,2023,afgerond,(Behandel)technieken,,False,False,https://www.kwf.nl/onderzoek/onderzoeksdatabase/implementatie-van-hipec-hypertherme-intraperitoneale-chemotherapie
11916,11916,Toegevoegde waarde van lever-MRI bij patiënten die vanwege uitzaaiingen van dikke darmkanker gepland zijn voor leverchirurgie (CAMINO): een diagnostische nauwkeurigheidsstudie,prof. dr. Jaap Stoker,Amsterdam UMC (locatie AMC),516172.0,2019-07-01,2019,41,2022,afgerond,Beeldvormende technieken,,False,False,https://www.kwf.nl/onderzoek/onderzoeksdatabase/toegevoegde-waarde-van-lever-mri-bij-patienten-die-vanwege
11917,11917,PROACTING: Gebruik van kunstmatige intelligentie om de effectiviteit van neo-adjuvante chemotherapie bij borstkanker te voorspellen,dr. Francesco Ciompi,Radboudumc,199960.0,2019-07-01,2019,30,2022,afgerond,Biomarkers,Alpe d'HuZes,False,False,https://www.kwf.nl/onderzoek/onderzoeksdatabase/proacting-gebruik-van-kunstmatige-intelligentie-om-de-effectiviteit
11924,11924,"Sluiten van de bekkenbodem middels perineale turnover perforator lap na abdominoperineale resectie voor rectumcarcinoom, BIOPEX-2 studie",prof. dr. Pieter Tanis,Amsterdam UMC,308002.0,2019-03-01,2019,57,2023,afgerond,Kwaliteit van Leven/Zorg,,False,False,https://www.kwf.nl/onderzoek/onderzoeksdatabase/sluiten-van-de-bekkenbodem-middels-perineale-turnover-perforator-lap
11941,11941,Het ontrafelen van heterogeniteit in de moleculaire verdedigingsmechanismen van kankercellen tegen replicatiestress met single cel technologie.,dr. Bart Westendorp,Universiteit Utrecht,579974.0,2019-04-01,2019,48,2023,afgerond,Basaal/fundamenteel onderzoek,,False,False,https://www.kwf.nl/onderzoek/onderzoeksdatabase/het-ontrafelen-van-heterogeniteit-in-de-moleculaire
11944,11944,IgA2.0 als nieuwe vorm van antistof therapie in combinatie met blokkade van remmende immuun receptoren,prof.dr. Jeanette Leusen,UMC Utrecht,548126.0,2019-05-01,2019,53,2023,afgerond,Immunotherapie,,False,False,https://www.kwf.nl/onderzoek/onderzoeksdatabase/iga20-als-nieuwe-vorm-van-antistof-therapie-in-combinatie-met-blokkade
11951,11951,De rol van epigenetica in cellulaire plasticiteit en therapie resistentie in hoog stadium neuroblastoma,dr. Linda Valentijn,Amsterdam UMC Research BV,556834.0,2019-10-01,2019,56,2024,afgerond,Basaal/fundamenteel onderzoek,,False,False,https://www.kwf.nl/onderzoek/onderzoeksdatabase/de-rol-van-epigenetica-in-cellulaire-plasticiteit-en-therapie
11957,11957,Biomechanische aspecten van therapie resistentie bij ductaal adenocarcinoom van de alvleesklier,dr. Elisa Giovannetti,Amsterdam UMC Research BV,636025.0,2019-09-01,2019,54,2024,afgerond,Basaal/fundamenteel onderzoek,Gerichte Gift,False,False,https://www.kwf.nl/onderzoek/onderzoeksdatabase/biomechanische-aspecten-van-therapie-resistentie-bij-ductaal
11960,11960,Fase I dosis escalatie studie om de veiligheid en bijwerkingen van 225Ac-PSMA te evalueren in patiënten met uitgezaaide prostaatkanker,dr. Tessa Brabander,Erasmus MC Rotterdam,598236.0,2020-01-01,2020,96,2028,lopend,(Behandel)technieken,,False,False,https://www.kwf.nl/onderzoek/onderzoeksdatabase/fase-i-dosis-escalatie-studie-om-de-veiligheid-en-bijwerkingen-van
11962,11962,HD21: onderzoek bij uitgebreid-stadium Hodgkin-lymfoom; standaardbehandeling wordt vergeleken met een nieuw schema waarbij het aantal kuren PET-CT-scan gestuurd is.,prof. dr. Josée Zijlstra,Amsterdam UMC Research BV,161753.0,2019-01-01,2019,84,2026,afgerond,Medicijnen,Alpe d'HuZes,False,False,https://www.kwf.nl/onderzoek/onderzoeksdatabase/hd21-onderzoek-bij-uitgebreid-stadium-hodgkin-lymfoom
11964,11964,Cardiale veranderingen na bestralen met hoge fractie doses voor vroeg stadium long kanker,dr. Barbara Stam,Antoni van Leeuwenhoek / Nederlands Kanker Instituut,182451.0,2019-09-01,2019,42,2023,afgerond,Kwaliteit van Leven/Zorg,Alpe d'HuZes,False,False,https://www.kwf.nl/onderzoek/onderzoeksdatabase/cardiale-veranderingen-na-bestralen-met-hoge-fractie-doses-voor-vroeg
11965,11965,Stimuleert deeltjes bestraling het immuun systeem beter dan klassieke bestraling? Een preklinische studie,dr. Ala Yaromina,Universiteit Maastricht,151480.0,2020-09-01,2020,24,2022,afgerond,(Behandel)technieken,Alpe d'HuZes,False,False,https://www.kwf.nl/onderzoek/onderzoeksdatabase/stimuleert-deeltjes-bestraling-het-immuun-systeem-beter-dan-klassieke
11979,11979,Het gebruik van GdTCR Anti-CD3 Bispecifieke moleculen (GABs) voor immuuntherapie voor AML.,prof. dr. Jürgen Kuball,UMC Utrecht,648088.0,2019-06-01,2019,48,2023,afgerond,Immunotherapie,,False,False,https://www.kwf.nl/onderzoek/onderzoeksdatabase/het-gebruik-van-gdtcr-anti-cd3-bispecifieke-moleculen-gabs-voor
12008,12008,De rol van regulatoire B cellen in het micromilieu van urogenitale tumoren.,dr. Katja Jordanova,Amsterdam UMC (locatie VUmc),148924.0,2019-01-01,2019,33,2021,afgerond,Biomarkers,Alpe d'HuZes,False,False,https://www.kwf.nl/onderzoek/onderzoeksdatabase/de-rol-van-regulatoire-b-cellen-in-het-micromilieu-van-urogenitale
12009,12009,Zijn moderne bestralingstechnieken veilig als het gaat om de kans op tweede primaire tumoren na uitwendige bestraling voor prostaatkanker ?,dr. Wilma Heemsbergen,Erasmus MC Rotterdam,245581.0,2019-06-01,2019,51,2023,afgerond,Kwaliteit van Leven/Zorg,,False,True,https://www.kwf.nl/onderzoek/onderzoeksdatabase/zijn-moderne-bestralingstechnieken-veilig-als-het-gaat-om-de-kans-op
12013,12013,Safe Stop-QoL: kwaliteit van leven na eerder staken van nivolumab of pembrolizumab bij patiënten met gevorderd melanoom,dr. Astrid van der Veldt,Erasmus MC Rotterdam,305102.0,2019-03-01,2019,102,2027,lopend,Kwaliteit van Leven/Zorg,Alpe d'HuZes,False,False,https://www.kwf.nl/onderzoek/onderzoeksdatabase/safe-stop-qol-kwaliteit-van-leven-na-eerder-staken-van-nivolumab-of
12018,12018,DNA schade in Oestrogeen Receptor functie bij borstkanker; hoe werkt het en hoe kunnen we dit gebruiken voor nieuwe medicatie?,prof. dr. Wilbert Zwart,Antoni van Leeuwenhoek / Nederlands Kanker Instituut,600607.0,2019-07-01,2019,60,2024,afgerond,Basaal/fundamenteel onderzoek,Alpe d'HuZes,False,False,https://www.kwf.nl/onderzoek/onderzoeksdatabase/dna-schade-in-oestrogeen-receptor-functie-bij-borstkanker-hoe-werkt
12027,12027,Richting nanomedicijnen die de effector immuunrespons nabootsen,prof.dr. Niels Bovenschen,UMC Utrecht,149755.0,2019-05-01,2019,32,2022,afgerond,Immunotherapie,Alpe d'HuZes,False,False,https://www.kwf.nl/onderzoek/onderzoeksdatabase/richting-nanomedicijnen-die-de-effector-immuunrespons-nabootsen
12033,12033,T cel co-stimulatie om immuun therapie te verbeteren,prof. dr. Reno Debets,Erasmus MC Rotterdam,456850.0,2020-01-01,2020,47,2023,afgerond,Immunotherapie,,False,False,https://www.kwf.nl/onderzoek/onderzoeksdatabase/t-cel-co-stimulatie-om-immuun-therapie-te-verbeteren
12034,12034,Het definiëren van een vasculair fenotype van alvleesklierkanker met CT perfusie en radiomics,dr. John J.J. Hermans,Radboudumc,229406.0,2019-11-01,2019,36,2022,afgerond,Beeldvormende technieken,Alpe d'HuZes,False,False,https://www.kwf.nl/onderzoek/onderzoeksdatabase/het-definieren-van-een-vasculair-fenotype-van-alvleesklierkanker-met
12039,12039,Gevoelige bloedtest die vroegtijdig bepaalt of de behandeling met anti-hormonale therapie met of zonder CDK4/6-remmer aanslaat bij uitgezaaide borstkanker,prof.dr. Agnes Jager,Erasmus MC Rotterdam,533264.0,2019-10-01,2019,54,2024,afgerond,Biomarkers,Pink Ribbon,False,False,https://www.kwf.nl/onderzoek/onderzoeksdatabase/gevoelige-bloedtest-die-vroegtijdig-bepaalt-of-de-behandeling-met-anti
12040,12040,Verbetering van de kwaliteit van leven van borstkankerpatiënten door herstel van het gevoel van de gereconstrueerde borst,dr. Stefania Tuinder,Universiteit Maastricht,405834.0,2019-07-01,2019,54,2024,afgerond,Kwaliteit van Leven/Zorg,Alpe d'HuZes,False,False,https://www.kwf.nl/onderzoek/onderzoeksdatabase/verbetering-van-de-kwaliteit-van-leven-van-borstkankerpatienten-door
12045,12045,Identificatie van het invasieve samenspel tussen de omgeving en de tumor cellen van mondholtekanker,prof. dr. Patrick Derksen,UMC Utrecht,671133.0,2019-07-01,2019,60,2024,afgerond,Basaal/fundamenteel onderzoek,,False,False,https://www.kwf.nl/onderzoek/onderzoeksdatabase/identificatie-van-het-invasieve-samenspel-tussen-de-omgeving-en-de
12046,12046,Dysfunctionele T-cellen als marker voor de effectiviteit van PD-1/PD-L1 therapie in kanker.,dr. Daniela Thommen,Antoni van Leeuwenhoek / Nederlands Kanker Instituut,534986.0,2019-06-01,2019,48,2023,afgerond,Immunotherapie,Alpe d'HuZes,False,False,https://www.kwf.nl/onderzoek/onderzoeksdatabase/dysfunctionele-t-cellen-als-marker-voor-de-effectiviteit-van-pd-1pd-l1
12049,12049,Het onderzoeken van tumorcel gemedieerde beïnvloeding van het immuun landschap in de lever,prof.dr. Leila Akkari,Antoni van Leeuwenhoek / Nederlands Kanker Instituut,555834.0,2019-01-01,2019,57,2023,afgerond,Basaal/fundamenteel onderzoek,Alpe d'HuZes,False,False,https://www.kwf.nl/onderzoek/onderzoeksdatabase/het-onderzoeken-van-tumorcel-gemedieerde-beinvloeding-van-het-immuun
12055,12055,"Preklinische evaluatie van lokale, verlengd afgegeven chemotherapie vanuit een gel-depot, voor behandeling van uitzaaiingen in de buikholte; in een ratmodel.",prof. dr. Nicole Bouvy,Universiteit Maastricht,599758.0,2019-02-01,2019,55,2023,afgerond,Medicijnen,,False,False,https://www.kwf.nl/onderzoek/onderzoeksdatabase/preklinische-evaluatie-van-lokale-verlengd-afgegeven-chemotherapie
12070,12070,Selectieve tumorceldood en verminderde immuun suppressie door immunologisch bewapende verkoudheidsvirussen ter bevordering van afweer tegen huidkanker,prof. dr. Tanja de Gruijl,Amsterdam UMC Research BV,673610.0,2019-04-01,2019,55,2023,afgerond,Immunotherapie,Gerichte Gift,False,False,https://www.kwf.nl/onderzoek/onderzoeksdatabase/selectieve-tumorceldood-en-verminderde-immuun-suppressie-door
12072,12072,Service design voor Shared Decision-Making: het versterken van de team-aanpak en het adaptief vermogen van alle betrokkenen in het besluitvormingstraject,prof. dr. Anne Stiggelbout,LUMC Leiden,164989.0,2019-08-01,2019,36,2022,afgerond,Kwaliteit van Leven/Zorg,Alpe d'HuZes,False,False,https://www.kwf.nl/onderzoek/onderzoeksdatabase/service-design-voor-shared-decision-making-het-versterken-van-de-team
12077,12077,Lokale chemotherapie rechtstreeks in de lever met de chemopomp bij patiënten met inoperabele galwegkanker in de lever,prof.dr. Bas Groot Koerkamp,Erasmus MC Rotterdam,382866.0,2019-04-01,2019,48,2023,afgerond,Medicijnen,,False,False,https://www.kwf.nl/onderzoek/onderzoeksdatabase/lokale-chemotherapie-rechtstreeks-in-de-lever-met-de-chemopomp-bij
12079,12079,Vroegdetectie van hoofd-halskanker recidief door middel van ctDNA analyse in plasma,prof. dr. Ruud Brakenhoff,Amsterdam UMC Research BV,735285.0,2019-08-01,2019,48,2023,afgerond,Biomarkers,,False,False,https://www.kwf.nl/onderzoek/onderzoeksdatabase/vroegdetectie-van-hoofd-halskanker-recidief-door-middel-van-ctdna
12090,12090,Ontrafelen van mutatie patronen met voorspellende waarde voor genetische predispositie en behandeling van kanker,prof.dr. Roland Kuiper,Prinses Máxima Centrum voor kinderoncologie,732626.0,2019-06-01,2019,54,2023,afgerond,Basaal/fundamenteel onderzoek,Gerichte Gift,False,False,https://www.kwf.nl/onderzoek/onderzoeksdatabase/ontrafelen-van-mutatie-patronen-met-voorspellende-waarde-voor
12092,12092,Betere tumorcontrole en minder bijwerkingen in protonentherapie bij hersen- en hoofdhalskanker,prof. dr. Rob Coppes,UMC Groningen,1695820.0,2019-09-01,2019,60,2024,afgerond,(Behandel)technieken,Gerichte Gift,False,False,https://www.kwf.nl/onderzoek/onderzoeksdatabase/betere-tumorcontrole-en-minder-bijwerkingen-in-protonentherapie-bij
12109,12109,Herbestraling van recidief gliomen: welk schema is het beste voor de patient.,prof.dr. Joost Verhoeff,Amsterdam UMC Research BV,408388.0,2019-11-01,2019,84,2026,lopend,(Behandel)technieken,Alpe d'HuZes,False,False,https://www.kwf.nl/onderzoek/onderzoeksdatabase/herbestraling-van-recidief-gliomen-welk-schema-is-het-beste-voor-de
12125,12125,De (kosten)effectitviteit van Blended en Onbegeleide Mindfulness-based cognitieve therapie vergeleken met gebruikelijke zorg voor patiënten met kanker: het BUDDY project,prof. dr. Anne Speckens,Radboudumc,494506.0,2020-02-01,2020,63,2025,afgerond,Kwaliteit van Leven/Zorg,,False,False,https://www.kwf.nl/onderzoek/onderzoeksdatabase/de-kosteneffectitviteit-van-blended-en-onbegeleide-mindfulness-based
12128,12128,De glucocorticoid receptor signaleringsroute als therapeutische optie bij longkanker?,prof. dr. Wilbert Zwart,Antoni van Leeuwenhoek / Nederlands Kanker Instituut,544360.0,2019-11-01,2019,48,2023,afgerond,Basaal/fundamenteel onderzoek,Alpe d'HuZes,False,False,https://www.kwf.nl/onderzoek/onderzoeksdatabase/de-glucocorticoid-receptor-signaleringsroute-als-therapeutische-optie
12134,12134,Preklinisch testen van bestaande medicijnen om hart- en longcomplicatie te voorkomen na bestralen van long- en slokdarmkanker,dr. Peter van Luijk,UMC Groningen,587615.0,2020-03-01,2020,48,2024,afgerond,Kwaliteit van Leven/Zorg,Gerichte Gift,False,False,https://www.kwf.nl/onderzoek/onderzoeksdatabase/preklinisch-testen-van-bestaande-medicijnen-om-hart-en-longcomplicatie
12141,12141,De COMPLETE studie: Het bepalen van indicatoren die voorspellen of de behandeling voor keelkanker patiënten aanslaat,dr. ir. Steven Petit,Erasmus MC Rotterdam,504877.0,2020-02-01,2020,72,2026,afgerond,Biomarkers,Alpe d'HuZes,False,False,https://www.kwf.nl/onderzoek/onderzoeksdatabase/de-complete-studie-het-bepalen-van-indicatoren-die-voorspellen-of-de
12143,12143,PEAK1: een nieuw doelwit in de strijd tegen darmkanker,prof. dr. Arnoud Sonnenberg,Antoni van Leeuwenhoek / Nederlands Kanker Instituut,580528.0,2019-10-01,2019,48,2023,afgerond,Basaal/fundamenteel onderzoek,,False,False,https://www.kwf.nl/onderzoek/onderzoeksdatabase/peak1-een-nieuw-doelwit-in-de-strijd-tegen-darmkanker
12174,12174,Erfelijke oorzaak van kanker opsporen via DNA handtekeningen van tumoren,dr. Richarda de Voer,Radboudumc,565051.0,2020-02-01,2020,51,2024,afgerond,Basaal/fundamenteel onderzoek,Gerichte Gift,False,False,https://www.kwf.nl/onderzoek/onderzoeksdatabase/erfelijke-oorzaak-van-kanker-opsporen-via-dna-handtekeningen-van
12175,12175,Geleid door licht: Tumor-gerichte fluorescente stoffen helpen bij het volledig wegsnijden van een kankergezwel in de mondholte,dr. Stijn Keereweer,Erasmus MC Rotterdam,497935.0,2020-01-01,2020,60,2025,afgerond,(Behandel)technieken,Alpe d'HuZes,False,False,https://www.kwf.nl/onderzoek/onderzoeksdatabase/geleid-door-licht-tumor-gerichte-fluorescente-stoffen-helpen-bij-het
12181,12181,Patiëntgerichte ontwikkeling en effectiviteit van Acceptance-en-Commitment-Therapie voor kwaliteit van leven bij cancer survivors met chronische pijn na chemotherapie-geïnduceerde neuropathie (QLIPP-CIPN),dr. Hester Trompetter,Tilburg University,468329.0,2020-04-01,2020,53,2024,afgerond,Kwaliteit van Leven/Zorg,Alpe d'HuZes,False,False,https://www.kwf.nl/onderzoek/onderzoeksdatabase/patientgerichte-ontwikkeling-en-effectiviteit-van-acceptance-en
12183,12183,"Snelle, nauwkeurige, en inzichtvolle constructie van brachytherapie behandelplannen voor baarmoederhalskanker middels kunstmatige intelligentie",dr. Tanja Alderliesten,LUMC Leiden,790054.0,2020-11-01,2020,64,2026,afgerond,(Behandel)technieken,Gerichte Gift,False,False,https://www.kwf.nl/onderzoek/onderzoeksdatabase/snelle-nauwkeurige-en-inzichtvolle-constructie-van-brachytherapie
12184,12184,Verbeterde zorg voor het oogmelanoom met hoge-resolutie MRI,prof.dr. Jan-Willem Beenakker,LUMC Leiden,436690.0,2019-12-01,2019,60,2024,afgerond,Beeldvormende technieken,Alpe d'HuZes,False,False,https://www.kwf.nl/onderzoek/onderzoeksdatabase/verbeterde-zorg-voor-het-oogmelanoom-met-hoge-resolutie-mri
12188,12188,Het AXL-eiwit als een anker in de strijd tegen behandelresistentie van wekendelen-sarcoom,prof. dr. Daniel Peeper,Antoni van Leeuwenhoek / Nederlands Kanker Instituut,619508.0,2019-09-01,2019,48,2023,afgerond,Medicijnen,Gerichte Gift,False,False,https://www.kwf.nl/onderzoek/onderzoeksdatabase/het-axl-eiwit-als-een-anker-in-de-strijd-tegen-behandelresistentie-van
12215,12215,De groei van darmkanker,dr. Daniël Miedema,Antoni van Leeuwenhoek / Nederlands Kanker Instituut,470670.0,2020-01-01,2020,40,2023,afgerond,Basaal/fundamenteel onderzoek,Alpe d'HuZes,False,False,https://www.kwf.nl/onderzoek/onderzoeksdatabase/de-groei-van-darmkanker
12225,12225,AI-DOC: artificial intelligence voor een betere opsporing van kanker,prof. dr. Henk van Weert,Amsterdam UMC (locatie AMC),245436.0,2019-12-01,2019,24,2021,afgerond,Biomarkers,Alpe d'HuZes,False,False,https://www.kwf.nl/onderzoek/onderzoeksdatabase/ai-doc-artificial-intelligence-voor-een-betere-opsporing-van-kanker
12228,12228,Wnt-gereguleerde lange niet-coderende RNA's als de achilleshiel van colorectale kanker,dr. Nicolas Leveille,Amsterdam UMC Research BV,582702.0,2020-05-01,2020,48,2024,afgerond,Basaal/fundamenteel onderzoek,,False,False,https://www.kwf.nl/onderzoek/onderzoeksdatabase/wnt-gereguleerde-lange-niet-coderende-rnas-als-de-achilleshiel-van
12233,12233,Genomen uit balans; geen probleem voor de kankercel?,dr. Jonne Raaijmakers,Antoni van Leeuwenhoek / Nederlands Kanker Instituut,531278.0,2019-11-01,2019,48,2023,afgerond,Basaal/fundamenteel onderzoek,Alpe d'HuZes,False,False,https://www.kwf.nl/onderzoek/onderzoeksdatabase/genomen-uit-balans-geen-probleem-voor-de-kankercel
12235,12235,Immunotherapie en radiotherapie: hoe cGAS ons kan helpen immunogene van niet-immunogene radiotherapie schema's te onderscheiden,prof. dr. Gosse Adema,Radboudumc,580756.0,2020-01-01,2020,60,2025,afgerond,Immunotherapie,Gerichte Gift,False,False,https://www.kwf.nl/onderzoek/onderzoeksdatabase/immunotherapie-en-radiotherapie-hoe-cgas-ons-kan-helpen-immunogene-van
12259,12259,Langwerkende sstr2-antagonisten en Pretargeted Alpha Therapy: een super-combinatie voor een veiligere en efficiëntere behandeling van neuro-endocriene tumoren,dr. Yann Seimbille,Erasmus MC Rotterdam,503300.0,2020-01-01,2020,42,2023,afgerond,Medicijnen,,False,False,https://www.kwf.nl/onderzoek/onderzoeksdatabase/langwerkende-sstr2-antagonisten-en-pretargeted-alpha-therapy-een-super
12260,12260,De rol van cellulaire metabolieten in het patroon van DNA mutaties in verschillende weefsels,dr. Juan Garaycoechea,Hubrecht Instituut,506512.0,2020-02-01,2020,48,2024,afgerond,Basaal/fundamenteel onderzoek,Alpe d'HuZes,False,False,https://www.kwf.nl/onderzoek/onderzoeksdatabase/de-rol-van-cellulaire-metabolieten-in-het-patroon-van-dna-mutaties-in
12276,12276,Het verhogen van autofagie-afhankelijkheid van hypoxische glioblastoma cellen om therapeutische effectiviteit te verhogen,prof.dr. Kasper Rouschop,Universiteit Maastricht,498500.0,2020-02-01,2020,54,2024,afgerond,Basaal/fundamenteel onderzoek,,False,False,https://www.kwf.nl/onderzoek/onderzoeksdatabase/het-verhogen-van-autofagie-afhankelijkheid-van-hypoxische-glioblastoma
12281,12281,Adjuvante chemotherapie met gemcitabine en cisplatine in vergelijking met de standaardbehandeling na curatieve resectie van cholangio- en galblaascarcinoom (ACTICCA-1),prof.dr. Johanna Wilmink,Amsterdam UMC,224707.0,2019-04-01,2019,108,2028,lopend,Medicijnen,Gerichte Gift,False,False,https://www.kwf.nl/onderzoek/onderzoeksdatabase/adjuvante-chemotherapie-met-gemcitabine-en-cisplatine-in-vergelijking
12295,12295,Selectie van nanobodies gericht tegen peptide/MHC-I complexen van intracellulaire eiwitten voor gerichte kankertherapie,dr. Sabrina Santos Oliveira,Universiteit Utrecht,149498.0,2020-03-01,2020,34,2023,afgerond,Immunotherapie,,False,False,https://www.kwf.nl/onderzoek/onderzoeksdatabase/selectie-van-nanobodies-gericht-tegen-peptidemhc-i-complexen-van
12314,12314,"Implementatie van een multi-interventionele aanpak voor het voorkomen en vroege behandeling van naadlekkages na chirurgie bij patiënten met endeldarmkanker, IMARI-studie",prof. dr. Pieter Tanis,Amsterdam UMC,500916.0,2019-09-01,2019,72,2025,afgerond,(Behandel)technieken,,False,False,https://www.kwf.nl/onderzoek/onderzoeksdatabase/implementatie-van-een-multi-interventionele-aanpak-voor-het-voorkomen
12324,12324,De rol van darmflora in vroege herkenning van patienten met acute myeloide leukemie (AML)met een hoog risico op IC opname,dr. Walter van den Bergh,UMC Groningen,145018.0,2020-08-01,2020,41,2024,afgerond,Biomarkers,Alpe d'HuZes,False,False,https://www.kwf.nl/onderzoek/onderzoeksdatabase/de-rol-van-darmflora-in-vroege-herkenning-van-patienten-met-acute
12345,12345,Ontrafelen van de rol van verstoorde signalering via E-cadherine in het ontstaan en de progressie van diffuus-type maagkanker,dr. Martijn Gloerich,UMC Utrecht,653075.0,2020-01-01,2020,60,2025,afgerond,Basaal/fundamenteel onderzoek,Gerichte Gift,False,False,https://www.kwf.nl/onderzoek/onderzoeksdatabase/ontrafelen-van-de-rol-van-verstoorde-signalering-via-e-cadherine-in
12354,12354,Verbetering van de diagnostiek en systemische behandeling van het grootcellig neuro-endocriene carcinoom (LCNEC) van de long.,prof. dr. Anne-Marie Dingemans,Erasmus MC Rotterdam,357798.0,2020-03-01,2020,54,2024,afgerond,Biomarkers,Gerichte Gift,False,False,https://www.kwf.nl/onderzoek/onderzoeksdatabase/verbetering-van-de-diagnostiek-en-systemische-behandeling-van-het
12374,12374,"SONImage: kan moleculaire beeldvorming het effect van CDK4/6 remming naast eerstelijns hormonale therapie voorspellen, voor patiënten met uitgezaaide hormoongevoelige borstkanker?",dr. Carolien Schröder,Antoni van Leeuwenhoek / Nederlands Kanker Instituut,597603.0,2020-01-01,2020,60,2025,afgerond,Beeldvormende technieken,,False,False,https://www.kwf.nl/onderzoek/onderzoeksdatabase/sonimage-kan-moleculaire-beeldvorming-het-effect-van-cdk46-remming
12375,12375,Implementatie van een counseling protocol in de huisartsenpraktijk om de dagelijkse fysieke activiteit van patiënten met kanker te bevorderen,dr. Daan Brandenbarg,UMC Groningen,549226.0,2020-01-01,2020,64,2025,afgerond,Leefstijl en omgevingsfactoren,Gerichte Gift,False,False,https://www.kwf.nl/onderzoek/onderzoeksdatabase/implementatie-van-een-counseling-protocol-in-de-huisartsenpraktijk-om
12376,12376,PORTEC-4a: internationale gerandomiseerde studie naar adjuvante behandeling op basis van een geïntegreerd moleculair risicoprofiel bij hoog-intermediair risico endometriumcarcinoom,prof. dr. Carien Creutzberg,LUMC Leiden,372895.0,2020-02-01,2020,60,2025,afgerond,Biomarkers,,False,False,https://www.kwf.nl/onderzoek/onderzoeksdatabase/portec-4a-internationale-gerandomiseerde-studie-naar-adjuvante
12389,12389,Onderzoek naar de effectiviteit van Vvax001 als therapeutisch vaccin bij HPV-gerelateerde kanker,prof. dr. Hans Nijman,UMC Groningen,619268.0,2020-04-01,2020,60,2025,afgerond,Immunotherapie,Gerichte Gift,False,False,https://www.kwf.nl/onderzoek/onderzoeksdatabase/onderzoek-naar-de-effectiviteit-van-vvax001-als-therapeutisch-vaccin
12398,12398,De jacht op lymfklieren: op weg naar levensreddende strategieën in de behandeling van baarmoederhalskanker,dr. Maaike van der Aa,Integraal Kankercentrum Nederland (IKNL),474293.0,2020-01-01,2020,51,2024,afgerond,Beeldvormende technieken,Gerichte Gift,True,True,https://www.kwf.nl/onderzoek/onderzoeksdatabase/de-jacht-op-lymfklieren-op-weg-naar-levensreddende-strategieen-in-de
12411,12411,GROINSS-V III: Radiochemotherapie bij patiënten met vulvakanker en een uitzaaiing > 2mm in de schildwachtklier,dr. Maaike Oonk,UMC Groningen,388466.0,2020-07-01,2020,84,2027,lopend,(Behandel)technieken,,False,False,https://www.kwf.nl/onderzoek/onderzoeksdatabase/groinss-v-iii-radiochemotherapie-bij-patienten-met-vulvakanker-en-een
12413,12413,"Het opwekken van een afweerreactie tegen eigen tumorcellen door stimulatie met dendritische cellen in patiënten met eierstok, eileider of buikvlieskanker.",prof. dr. Jolanda de Vries,Radboudumc,657575.0,2020-09-01,2020,60,2025,afgerond,Immunotherapie,,False,False,https://www.kwf.nl/onderzoek/onderzoeksdatabase/het-opwekken-van-een-afweerreactie-tegen-eigen-tumorcellen-door
12420,12420,De rol van tumor sialylering op anti-tumor immuniteit in dikkedarmkanker,dr. ing. Sandra van Vliet,Amsterdam UMC Research BV,539790.0,2020-01-01,2020,50,2024,afgerond,Immunotherapie,,False,False,https://www.kwf.nl/onderzoek/onderzoeksdatabase/de-rol-van-tumor-sialylering-op-anti-tumor-immuniteit-in
12432,12432,Kan een complete pathologische respons worden voorspeld na neo-adjuvante chemotherapie in patiënten met spierinvasief blaascarcinoom om blaasverwijdering te voorkomen?,prof.dr. André Vis,Amsterdam UMC (locatie VUmc),448332.0,2020-01-01,2020,48,2024,afgerond,Biomarkers,Gerichte Gift,False,False,https://www.kwf.nl/onderzoek/onderzoeksdatabase/kan-een-complete-pathologische-respons-worden-voorspeld-na-neo
12448,12448,Lokale radiotherapie met kortdurende hormoontherapie bij beperkte uitzaaiingen van teruggekeerde prostaatkanker,dr. Shafak Aluwini,UMC Groningen,899591.0,2020-01-01,2020,96,2028,lopend,(Behandel)technieken,Gerichte Gift,False,False,https://www.kwf.nl/onderzoek/onderzoeksdatabase/lokale-radiotherapie-met-kortdurende-hormoontherapie-bij-beperkte
12458,12458,"Behandeling van straling geïnduceerde hyposalivatie met van pluripotente stamcellen afkomstige speekselklier cellen, STOPXERO",prof. dr. Rob Coppes,UMC Groningen,644370.0,2020-01-01,2020,57,2024,afgerond,Kwaliteit van Leven/Zorg,Gerichte Gift,False,False,https://www.kwf.nl/onderzoek/onderzoeksdatabase/behandeling-van-straling-geinduceerde-hyposalivatie-met-van
12473,12473,Ethische toegangs- en betalingsmodellen voor dure nieuwe kankerbehandelingen: hoe uiteenlopende waarden samen te brengen?,dr. Eline Bunnik,Erasmus MC Rotterdam,481474.0,2020-01-01,2020,48,2024,afgerond,Kwaliteit van Leven/Zorg,,False,False,https://www.kwf.nl/onderzoek/onderzoeksdatabase/ethische-toegangs-en-betalingsmodellen-voor-dure-nieuwe
12480,12480,Splicing en modulering van borstkanker metastasering.,prof. dr. Bob van de Water,Universiteit Leiden,551009.0,2020-05-01,2020,60,2025,afgerond,Basaal/fundamenteel onderzoek,,False,False,https://www.kwf.nl/onderzoek/onderzoeksdatabase/splicing-en-modulering-van-borstkanker-metastasering
12481,12481,Gevoelige detectie van circulerende tumorcellen om residuele ziekte in borstkankerpatiënten na 5 jaar aanvullende hormonale behandeling aan te tonen.,prof. dr. Stefan Sleijfer,Erasmus MC Rotterdam,481554.0,2020-01-01,2020,48,2024,afgerond,Biomarkers,Pink Ribbon,False,False,https://www.kwf.nl/onderzoek/onderzoeksdatabase/gevoelige-detectie-van-circulerende-tumorcellen-om-residuele-ziekte-in
12482,12482,Hypermutatie in acute lymfatische leukemie bij kinderen en de gevolgen voor behandeling,prof.dr. Roland Kuiper,Prinses Máxima Centrum voor kinderoncologie,550403.0,2020-01-01,2020,51,2024,afgerond,Basaal/fundamenteel onderzoek,,False,False,https://www.kwf.nl/onderzoek/onderzoeksdatabase/hypermutatie-in-acute-lymfatische-leukemie-bij-kinderen-en-de-gevolgen
12483,12483,Profylactische pectoralis major lap ter compensatie van een verhoogd risico op faryngocutane fistelvorming bij laryngectomie patiënten met een lage skeletspiermassa,prof. dr. Remco de Bree,UMC Utrecht,447393.0,2019-12-01,2019,69,2025,afgerond,Beeldvormende technieken,,False,False,https://www.kwf.nl/onderzoek/onderzoeksdatabase/profylactische-pectoralis-major-lap-ter-compensatie-van-een-verhoogd
12484,12484,Welke bloedtest is het meest geschikt om de ziekte te monitoren bij borstkankerpatiënten die neoadjuvante chemotherapie ondergaan?,prof. dr. ir. John Martens,Erasmus MC Rotterdam,166141.0,2020-09-01,2020,30,2023,afgerond,Biomarkers,Alpe d'HuZes,False,False,https://www.kwf.nl/onderzoek/onderzoeksdatabase/welke-bloedtest-is-het-meest-geschikt-om-de-ziekte-te-monitoren-bij
12487,12487,Neurocognitieve problemen door de behandeling van hersenkanker – Ontrafeling van de rol van eiwitklontering.,dr. Lara Barazzuol,UMC Groningen,150922.0,2020-01-01,2020,21,2021,afgerond,Kwaliteit van Leven/Zorg,Alpe d'HuZes,False,False,https://www.kwf.nl/onderzoek/onderzoeksdatabase/neurocognitieve-problemen-door-de-behandeling-van-hersenkanker
12493,12493,Het volgen van afweercellen in patiënten met niet-kleincellig longkanker na behandeling met immuuntherapie (Donan studie),dr. Erik Aarntzen,UMC Groningen,365733.0,2019-10-01,2019,48,2023,afgerond,Beeldvormende technieken,Gerichte Gift,False,False,https://www.kwf.nl/onderzoek/onderzoeksdatabase/het-volgen-van-afweercellen-in-patienten-met-niet-kleincellig
12501,12501,"DRAGON trial 1: training, accreditatie, implementatie en veiligheidsevaluatie van DVE. DRAGON trial 2: PVE versus DVE",dr. Ronald van Dam,Universiteit Maastricht,811010.0,2019-10-01,2019,97,2027,lopend,(Behandel)technieken,,False,False,https://www.kwf.nl/onderzoek/onderzoeksdatabase/dragon-trial-1-training-accreditatie-implementatie-en
12507,12507,Het beter voorspellen van een recidief met moleculaire minimale restziekte detectie bij patiënten met acute myeloïde leukemie,dr. Peter Valk,Erasmus MC Rotterdam,682930.0,2020-04-01,2020,48,2024,afgerond,Biomarkers,,False,False,https://www.kwf.nl/onderzoek/onderzoeksdatabase/het-beter-voorspellen-van-een-recidief-met-moleculaire-minimale
12516,12516,"Het fosfoproteoom, sleutel tot ontspoorde kinases in darmtumoren en therapie op maat",prof. dr. Connie Jimenez,Amsterdam UMC Research BV,1091080.0,2020-01-01,2020,60,2025,afgerond,Biomarkers,,False,False,https://www.kwf.nl/onderzoek/onderzoeksdatabase/het-fosfoproteoom-sleutel-tot-ontspoorde-kinases-in-darmtumoren-en
12518,12518,MINIMAX: MINder Invasief stageren en behandelen van de AXilla na behandeling met neoadjuvante systeische therapie in klierpositieve borstkanker,prof. dr. Marjolein Smidt,Universiteit Maastricht,531890.0,2019-12-01,2019,60,2024,afgerond,Kwaliteit van Leven/Zorg,Pink Ribbon,False,False,https://www.kwf.nl/onderzoek/onderzoeksdatabase/minimax-minder-invasief-stageren-en-behandelen-van-de-axilla-na
12522,12522,"Praktische, motivationele en technische uitdagingen overwinnen bij het bouwen van een duurzame biomarker-validatie-infrastructuur voor vroege opsporing van (borst)kanker",prof. dr. Mireille Broeders,Radboudumc,406736.0,2020-06-01,2020,48,2024,afgerond,Infrastructuur,,False,False,https://www.kwf.nl/onderzoek/onderzoeksdatabase/praktische-motivationele-en-technische-uitdagingen-overwinnen-bij-het
12535,12535,Nationale infrastructuur voor integratie van onderzoek en zorg voor Nederlandse vrouwen met familiair risico op borstkanker,prof. dr. ir. Marjanka Schmidt,Antoni van Leeuwenhoek / Nederlands Kanker Instituut,1779420.0,2020-08-01,2020,66,2026,afgerond,Infrastructuur,Gerichte Gift,False,False,https://www.kwf.nl/onderzoek/onderzoeksdatabase/nationale-infrastructuur-voor-integratie-van-onderzoek-en-zorg-voor
12539,12539,ScreeninC: een nationale infrastructuur voor genetische modificatie en functionele genetische screens,prof.dr. Roderick Beijersbergen,Antoni van Leeuwenhoek / Nederlands Kanker Instituut,2275670.0,2020-10-01,2020,60,2025,afgerond,Infrastructuur,,False,False,https://www.kwf.nl/onderzoek/onderzoeksdatabase/screeninc-een-nationale-infrastructuur-voor-genetische-modificatie-en
12551,12551,"Fertiliteitspreservatie voor kankerbehandeling: Langetermijneffecten op de kinderwens, relaties en seksualiteit van jongvolwassenen",dr. Vicky Lehmann,Amsterdam UMC (locatie AMC),408726.0,2020-07-01,2020,48,2024,afgerond,Kwaliteit van Leven/Zorg,Alpe d'HuZes,False,False,https://www.kwf.nl/onderzoek/onderzoeksdatabase/fertiliteitspreservatie-voor-kankerbehandeling-langetermijneffecten-op
12560,12560,"Een onderzoek naar verstoring van het circadiane ritme en het risico op hormoongerelateerde kanker; prospectieve cohort studie onder 59,947 verpleegkundigen.",dr. Michael Schaapveld,Antoni van Leeuwenhoek / Nederlands Kanker Instituut,714831.0,2020-08-01,2020,60,2025,afgerond,Leefstijl en omgevingsfactoren,,False,False,https://www.kwf.nl/onderzoek/onderzoeksdatabase/een-onderzoek-naar-verstoring-van-het-circadiane-ritme-en-het-risico
12566,12566,Maak communiceren over effectieve aanvullende behandelingen onderdeel van routine kankerzorg; de participatieve ontwikkeling van de ondersteunende tool COMMON,prof. dr. Sandra van Dulmen,Nivel,401641.0,2020-07-01,2020,45,2024,afgerond,Kwaliteit van Leven/Zorg,Gerichte Gift,False,False,https://www.kwf.nl/onderzoek/onderzoeksdatabase/maak-communiceren-over-effectieve-aanvullende-behandelingen-onderdeel
12567,12567,Radionuclide therapie met alfastralers voor de behandeling van nierkanker,prof. dr. Sandra Heskamp,Radboudumc,662447.0,2020-09-01,2020,48,2024,afgerond,(Behandel)technieken,Alpe d'HuZes,False,False,https://www.kwf.nl/onderzoek/onderzoeksdatabase/radionuclide-therapie-met-alfastralers-voor-de-behandeling-van
12568,12568,Een gerandomiseerde trial naar aanvullende lokale behandeling met hoge precisie bestraling bij patiënten met een geïsoleerd lokaal recidief alvleesklierkanker,prof.dr. Martijn Intven,UMC Utrecht,350312.0,2020-07-01,2020,91,2028,lopend,(Behandel)technieken,Gerichte Gift,False,False,https://www.kwf.nl/onderzoek/onderzoeksdatabase/een-gerandomiseerde-trial-naar-aanvullende-lokale-behandeling-met-hoge
12570,12570,LYNCH-GPS: Een Gen- en Pathway-Specifieke studie van de route tot darmkanker ontwikkeling in Lynch syndroom patiënten,dr. Sanne ten Broeke,UMC Groningen,577811.0,2021-09-01,2021,64,2027,lopend,Basaal/fundamenteel onderzoek,Alpe d'HuZes,False,False,https://www.kwf.nl/onderzoek/onderzoeksdatabase/lynch-gps-een-gen-en-pathway-specifieke-studie-van-de-route-tot
12586,12586,"Continuering van de TEG001 fase I klinische studie voor behandeling van uitbehandelde patiënten met AML, hoog risico MDS en MM",dr. ir. Trudy Straetemans,UMC Utrecht,989033.0,2020-04-01,2020,88,2027,lopend,Immunotherapie,,False,False,https://www.kwf.nl/onderzoek/onderzoeksdatabase/continuering-van-de-teg001-fase-i-klinische-studie-voor-behandeling
12601,12601,DNA-onderzoek van borstkankergenen bij mannen met uitgezaaide prostaatkanker om familieleden met verhoogd risico op kanker op te sporen,prof.dr. Margreet Ausems,UMC Utrecht,607471.0,2020-07-01,2020,51,2024,afgerond,Kwaliteit van Leven/Zorg,Gerichte Gift,False,False,https://www.kwf.nl/onderzoek/onderzoeksdatabase/dna-onderzoek-van-borstkankergenen-bij-mannen-met-uitgezaaide
12612,12612,Gerandomiseerd fase III onderzoek naar het moment van partiële borstbestraling bij patiënten met borstkanker; preoperatieve versus postoperatieve bestraling (PAPBI-2).,dr. Astrid Scholten,Antoni van Leeuwenhoek / Nederlands Kanker Instituut,803430.0,2021-01-01,2021,48,2025,voortijdig beëindigd,Kwaliteit van Leven/Zorg,Alpe d'HuZes,False,False,https://www.kwf.nl/onderzoek/onderzoeksdatabase/gerandomiseerd-fase-iii-onderzoek-naar-het-moment-van-partiele
12617,12617,"Preventie van centrale lijn infecties in kinderoncologie patiënten met TauroLock-Hep100, een gerandomiseerde mono-center studie; De CATERPILLAR-studie",prof. dr. Marc Wijnen,Prinses Máxima Centrum voor kinderoncologie,528698.0,2020-09-01,2020,39,2023,afgerond,Kwaliteit van Leven/Zorg,Gerichte Gift,False,False,https://www.kwf.nl/onderzoek/onderzoeksdatabase/preventie-van-centrale-lijn-infecties-in-kinderoncologie-patienten-met
12621,12621,De ontrafelen van de rol van CBX7 in leukemie,prof. dr. Gerald de Haan,UMC Groningen,615446.0,2020-08-01,2020,48,2024,afgerond,Basaal/fundamenteel onderzoek,,False,False,https://www.kwf.nl/onderzoek/onderzoeksdatabase/de-ontrafelen-van-de-rol-van-cbx7-in-leukemie
12625,12625,De invloed van chromosomale instabiliteit (CIN) op het ontstaan en ontwikkeling van darmkanker,prof. dr. Geert Kops,Hubrecht Instituut,664796.0,2020-07-01,2020,48,2024,afgerond,Basaal/fundamenteel onderzoek,,False,False,https://www.kwf.nl/onderzoek/onderzoeksdatabase/de-invloed-van-chromosomale-instabiliteit-cin-op-het-ontstaan-en
12629,12629,De rol van QPCTL in het myeloide immuun checkpoint,dr. Ferenc Scheeren,LUMC Leiden,619721.0,2020-10-01,2020,60,2025,afgerond,Immunotherapie,,False,False,https://www.kwf.nl/onderzoek/onderzoeksdatabase/de-rol-van-qpctl-in-het-myeloide-immuun-checkpoint
12637,12637,Adoptieve T-cel therapie als behandeling voor terugkeer van leverkanker na levertransplantatie; een pre-klinische ontwikkelingsstudie,dr. DAVE Sprengers,Erasmus MC Rotterdam,154454.0,2020-08-01,2020,30,2023,afgerond,Immunotherapie,Alpe d'HuZes,False,False,https://www.kwf.nl/onderzoek/onderzoeksdatabase/adoptieve-t-cel-therapie-als-behandeling-voor-terugkeer-van
12639,12639,Ontwikkeling en evaluatie van een computergestuurd classificatiesysteem bij het onderscheiden van verschillende typen darmpoliepen.,prof.dr. Erik Schoon,Catharina Ziekenhuis Eindhoven,584463.0,2020-05-01,2020,56,2025,afgerond,Beeldvormende technieken,Gerichte Gift,False,False,https://www.kwf.nl/onderzoek/onderzoeksdatabase/ontwikkeling-en-evaluatie-van-een-computergestuurd
12640,12640,Tumor deposities: de oorzaak van metastasen?,prof. dr. Iris Nagtegaal,Radboudumc,705333.0,2020-08-01,2020,48,2024,afgerond,Biomarkers,,False,False,https://www.kwf.nl/onderzoek/onderzoeksdatabase/tumor-deposities-de-oorzaak-van-metastasen
12642,12642,De waarde van een risicopredictie-model (PERSARC) voor behandelbeslissingen van patiënten met sarcomen in de ledematen [VALUE-PERSARC],dr. Leti van Bodegom-Vos,LUMC Leiden,492098.0,2020-09-01,2020,60,2025,afgerond,Kwaliteit van Leven/Zorg,Alpe d'HuZes,False,False,https://www.kwf.nl/onderzoek/onderzoeksdatabase/de-waarde-van-een-risicopredictie-model-persarc-voor
12649,12649,Vergroten genezingskans voor prostaatkankerpatiënten met een lokaal terugkerende tumor na een prostaatoperatie door radiotherapie met hogere fractiedosis en minder fracties,dr. Shafak Aluwini,UMC Groningen,892540.0,2020-09-01,2020,84,2027,lopend,(Behandel)technieken,Gerichte Gift,False,False,https://www.kwf.nl/onderzoek/onderzoeksdatabase/vergroten-genezingskans-voor-prostaatkankerpatienten-met-een-lokaal
12665,12665,Dosis-gestuurde ablatieve alvleesklierkankerbestralingen,dr. Gert Meijer,UMC Utrecht,496204.0,2020-07-01,2020,48,2024,afgerond,(Behandel)technieken,,False,False,https://www.kwf.nl/onderzoek/onderzoeksdatabase/dosis-gestuurde-ablatieve-alvleesklierkankerbestralingen
12674,12674,Beter behouden vruchtbaarheid voor vrouwen met baarmoederhalskanker met behulp van chemotherapie en minder radicale chirurgie (CONTESSA/NEOCON-F),dr. Nienke van Trommel,Antoni van Leeuwenhoek / Nederlands Kanker Instituut,393398.0,2021-02-01,2021,72,2027,lopend,(Behandel)technieken,Gerichte Gift,False,False,https://www.kwf.nl/onderzoek/onderzoeksdatabase/beter-behouden-vruchtbaarheid-voor-vrouwen-met-baarmoederhalskanker
12682,12682,Over het ontstaan van leukemie in kinderen: het bestuderen van evolutionaire processen in bloed,dr. Ruben van Boxtel,Prinses Máxima Centrum voor kinderoncologie,522999.0,2020-04-01,2020,36,2023,afgerond,Basaal/fundamenteel onderzoek,Gerichte Gift,False,False,https://www.kwf.nl/onderzoek/onderzoeksdatabase/over-het-ontstaan-van-leukemie-in-kinderen-het-bestuderen-van
12686,12686,Ontwikkeling van een translationeel platform van primaire wekedelensarcomen cellijnen en organoids als predictiemodel voor therapieresponse op systemische en locoregionale therapie,dr. Winan van Houdt,Antoni van Leeuwenhoek / Nederlands Kanker Instituut,510716.0,2020-07-01,2020,48,2024,afgerond,Basaal/fundamenteel onderzoek,Alpe d'HuZes,False,False,https://www.kwf.nl/onderzoek/onderzoeksdatabase/ontwikkeling-van-een-translationeel-platform-van-primaire
12687,12687,Hoe is het mogelijk dat cohesin het DNA op zoveel manieren reguleert?,prof.dr. Benjamin Rowland,Antoni van Leeuwenhoek / Nederlands Kanker Instituut,601637.0,2021-01-01,2021,48,2025,afgerond,Basaal/fundamenteel onderzoek,,False,False,https://www.kwf.nl/onderzoek/onderzoeksdatabase/hoe-is-het-mogelijk-dat-cohesin-het-dna-op-zoveel-manieren-reguleert
12694,12694,OVI-DETECT: Detectie van genetisch materiaal in bloed voor beter onderscheid tussen goedaardige en kwaadaardige tumoren van de eierstok.,prof.dr. Christianne Lok,Antoni van Leeuwenhoek / Nederlands Kanker Instituut,733534.0,2020-11-01,2020,72,2026,lopend,Biomarkers,,False,False,https://www.kwf.nl/onderzoek/onderzoeksdatabase/ovi-detect-detectie-van-genetisch-materiaal-in-bloed-voor-beter
12702,12702,INTERACTIE van bestraling met doelgerichte anti-kanker medicijnen of immunotherapie,prof. dr. Corrie Marijnen,Antoni van Leeuwenhoek / Nederlands Kanker Instituut,495196.0,2020-04-01,2020,48,2024,afgerond,Kwaliteit van Leven/Zorg,Alpe d'HuZes,False,False,https://www.kwf.nl/onderzoek/onderzoeksdatabase/interactie-van-bestraling-met-doelgerichte-anti-kanker-medicijnen-of
12705,12705,RINSE- Rapid Neuroblastoma Sensor,prof. dr. Ariane Briegel,Universiteit Leiden,127307.0,2020-08-01,2020,24,2022,afgerond,Biomarkers,Alpe d'HuZes,False,False,https://www.kwf.nl/onderzoek/onderzoeksdatabase/rinse-rapid-neuroblastoma-sensor
12710,12710,Voorspelmodellen voor ondersteuning van de primaire behandeling keuze voor nieuwe Hodgkin lymfoom patiënten en van nazorg voor Hodgkin lymfoom overlevenden.,prof. dr. Flora E. van Leeuwen,Antoni van Leeuwenhoek / Nederlands Kanker Instituut,619246.0,2020-09-01,2020,66,2026,afgerond,Kwaliteit van Leven/Zorg,Gerichte Gift,False,False,https://www.kwf.nl/onderzoek/onderzoeksdatabase/voorspelmodellen-voor-ondersteuning-van-de-primaire-behandeling-keuze
12721,12721,Voorlopers van dikkedarmkanker in de schijnwerpers,dr. Annemarie Boleij,Radboudumc,108013.0,2020-05-01,2020,30,2022,afgerond,Biomarkers,Alpe d'HuZes,False,False,https://www.kwf.nl/onderzoek/onderzoeksdatabase/voorlopers-van-dikkedarmkanker-in-de-schijnwerpers
12723,12723,"Gesteelde T1 colorectaal carcinomen, de variatie van een beslismodel gebaseerd op histologische parameters (PATCH)",dr. Miangela Lacle,UMC Utrecht,313895.0,2020-05-01,2020,53,2024,afgerond,Biomarkers,,False,False,https://www.kwf.nl/onderzoek/onderzoeksdatabase/gesteelde-t1-colorectaal-carcinomen-de-variatie-van-een-beslismodel
12725,12725,Ontrafeling van de moleculaire rol van USP7 in AML en analyse van de potentie van USP7 inhibitie bij AML behandeling,dr. Vincent van den Boom,UMC Groningen,507636.0,2021-01-01,2021,48,2025,afgerond,Basaal/fundamenteel onderzoek,,False,False,https://www.kwf.nl/onderzoek/onderzoeksdatabase/ontrafeling-van-de-moleculaire-rol-van-usp7-in-aml-en-analyse-van-de
12728,12728,De oorzaken van genomische heterogeniteit in dikkedarmkanker.,prof. dr. Geert Kops,Hubrecht Instituut,650843.0,2020-07-01,2020,48,2024,afgerond,Basaal/fundamenteel onderzoek,Gerichte Gift,False,False,https://www.kwf.nl/onderzoek/onderzoeksdatabase/de-oorzaken-van-genomische-heterogeniteit-in-dikkedarmkanker
12732,12732,Tumor-First-werkwijze: Landelijke implementatie van genetische diagnostiek op eierstokkankerweefsel om patiënten te selecteren voor erfelijkheidsonderzoek en persoonsgerichte therapie.,prof. dr. Marjolijn Ligtenberg,Radboudumc,952948.0,2020-08-01,2020,60,2025,afgerond,Biomarkers,,False,False,https://www.kwf.nl/onderzoek/onderzoeksdatabase/tumor-first-werkwijze-landelijke-implementatie-van-genetische
12736,12736,Verkennend onderzoek naar de systemische immuuneffecten van een selectieve en lokale kankertherapie,dr. Sabrina Santos Oliveira,Universiteit Utrecht,153061.0,2020-07-01,2020,32,2023,afgerond,(Behandel)technieken,Alpe d'HuZes,False,False,https://www.kwf.nl/onderzoek/onderzoeksdatabase/verkennend-onderzoek-naar-de-systemische-immuuneffecten-van-een
12744,12744,AMAZONE: voorkomen van chronische pijn na borstkanker behandeling met internet-gebaseerde cognitieve gedragstherapie,prof. dr. Madelon Peters,Universiteit Maastricht,515174.0,2020-09-01,2020,64,2026,afgerond,Kwaliteit van Leven/Zorg,Pink Ribbon,False,False,https://www.kwf.nl/onderzoek/onderzoeksdatabase/amazone-voorkomen-van-chronische-pijn-na-borstkanker-behandeling-met
12749,12749,Hoe kunnen we ons eigen immuunsysteem kankercellen laten aanvallen?,prof. dr. Marjolein van Egmond,Amsterdam UMC Research BV,549435.0,2020-09-01,2020,56,2025,afgerond,Immunotherapie,Gerichte Gift,False,False,https://www.kwf.nl/onderzoek/onderzoeksdatabase/hoe-kunnen-we-ons-eigen-immuunsysteem-kankercellen-laten-aanvallen
12754,12754,Verbetering van de interpretatie van de DNA-uitslag bij erfelijk borst- en eierstokkanker door het gebruik van functionele gen-testen,dr. Maaike Vreeswijk,LUMC Leiden,1311360.0,2020-07-01,2020,57,2025,afgerond,Biomarkers,Gerichte Gift,False,False,https://www.kwf.nl/onderzoek/onderzoeksdatabase/verbetering-van-de-interpretatie-van-de-dna-uitslag-bij-erfelijk-borst
12760,12760,Dr Google in de spreekkamer: hoe beïnvloedt internet-informatie het gesprek tussen arts en patiënt en het welbevinden van patiënten?,prof. dr. Ellen Smets,Amsterdam UMC Research BV,498375.0,2020-09-01,2020,58,2025,afgerond,Kwaliteit van Leven/Zorg,,False,False,https://www.kwf.nl/onderzoek/onderzoeksdatabase/dr-google-in-de-spreekkamer-hoe-beinvloedt-internet-informatie-het
12768,12768,Evaluatie en verbetering van de multidisciplinaire behandeling van het laaggelegen endeldarmcarcinoom in Nederland.,dr. Miranda Kusters,Amsterdam UMC (locatie VUmc),397592.0,2020-04-01,2020,36,2023,afgerond,Kwaliteit van Leven/Zorg,Gerichte Gift,False,False,https://www.kwf.nl/onderzoek/onderzoeksdatabase/evaluatie-en-verbetering-van-de-multidisciplinaire-behandeling-van-het
12773,12773,Onderzoek naar veiligheid en effectiviteit van minimaal invasieve endoscopische behandeling voor vroege vormen van slokdarmkanker.,dr. Roos Pouw,Amsterdam UMC,570777.0,2020-01-01,2020,96,2028,lopend,(Behandel)technieken,Gerichte Gift,False,False,https://www.kwf.nl/onderzoek/onderzoeksdatabase/onderzoek-naar-veiligheid-en-effectiviteit-van-minimaal-invasieve
12780,12780,Dosis- en bewegingsmetingen in brachytherapie,dr. Gabriel Paiva Fonseca,Universiteit Maastricht,500028.0,2020-05-01,2020,60,2025,afgerond,(Behandel)technieken,Alpe d'HuZes,False,False,https://www.kwf.nl/onderzoek/onderzoeksdatabase/dosis-en-bewegingsmetingen-in-brachytherapie
12789,12789,Hoe veranderen wij het immuunsysteem-onderdrukkende tumor micromilieu van alvleesklierkanker?,prof. dr. Yvette van Kooyk,Amsterdam UMC Research BV,537569.0,2020-08-01,2020,53,2025,afgerond,Basaal/fundamenteel onderzoek,Gerichte Gift,False,False,https://www.kwf.nl/onderzoek/onderzoeksdatabase/hoe-veranderen-wij-het-immuunsysteem-onderdrukkende-tumor-micromilieu
12794,12794,Samen minder moe: Het ontwikkelen en testen van de uitvoerbaarheid van twee paar-gerichte behandelingen om kanker-gerelateerde vermoeidheid te verminderen,prof. dr. Mariet Hagedoorn,UMC Groningen,503307.0,2020-06-01,2020,48,2024,afgerond,Kwaliteit van Leven/Zorg,Gerichte Gift,False,False,https://www.kwf.nl/onderzoek/onderzoeksdatabase/samen-minder-moe-het-ontwikkelen-en-testen-van-de-uitvoerbaarheid-van
12797,12797,Inductie van methylatie-schade om mechanismes ten grondslag van klonale uitgroei te bestuderen,dr. ir. Mathijs Sanders,Erasmus MC Rotterdam,560182.0,2021-01-01,2021,60,2026,afgerond,Basaal/fundamenteel onderzoek,Alpe d'HuZes,False,False,https://www.kwf.nl/onderzoek/onderzoeksdatabase/inductie-van-methylatie-schade-om-mechanismes-ten-grondslag-van
12802,12802,Ontwikkeling van een flexibel vaccin om de immuunrespons tegen melanoom te stimuleren,prof.dr. Joke den Haan,Amsterdam UMC Research BV,736883.0,2020-03-01,2020,48,2024,afgerond,Immunotherapie,Gerichte Gift,False,False,https://www.kwf.nl/onderzoek/onderzoeksdatabase/ontwikkeling-van-een-flexibel-vaccin-om-de-immuunrespons-tegen
12805,12805,Doelgericht elimineren van chemotherapie resistente acute myeloide leukemie cellen ter voorkoming van een recidief.,dr. Linda Smit,Amsterdam UMC Research BV,615087.0,2020-05-01,2020,60,2025,afgerond,Basaal/fundamenteel onderzoek,,False,False,https://www.kwf.nl/onderzoek/onderzoeksdatabase/doelgericht-elimineren-van-chemotherapie-resistente-acute-myeloide
12811,12811,Antistoffen als therapie voor acute myeloide leukemie (AML),prof. dr. Mette Hazenberg,Amsterdam UMC,520058.0,2021-09-01,2021,36,2024,afgerond,Basaal/fundamenteel onderzoek,Gerichte Gift,False,False,https://www.kwf.nl/onderzoek/onderzoeksdatabase/antistoffen-als-therapie-voor-acute-myeloide-leukemie-aml
12814,12814,Detectie van sporadische DNA mutaties voor een nauwkeurige schatting van het risico op kanker,dr. Jos Poell,Amsterdam UMC Research BV,115685.0,2020-06-01,2020,24,2022,afgerond,Biomarkers,Alpe d'HuZes,False,False,https://www.kwf.nl/onderzoek/onderzoeksdatabase/detectie-van-sporadische-dna-mutaties-voor-een-nauwkeurige-schatting
12815,12815,Verbetering van de chirurgie bij kanker door de introductie van augmented reality tijdens operatie,prof. dr. Theo Ruers,Antoni van Leeuwenhoek / Nederlands Kanker Instituut,506414.0,2020-11-01,2020,48,2024,afgerond,(Behandel)technieken,Gerichte Gift,False,False,https://www.kwf.nl/onderzoek/onderzoeksdatabase/verbetering-van-de-chirurgie-bij-kanker-door-de-introductie-van
12820,12820,"Lange termijn gevolgen voor patiënten met hoofd-halskanker en hun naasten: late symptomen, zorgbehoeften en zorggebruik",dr. Femke Jansen,Amsterdam UMC Research BV,598020.0,2020-05-01,2020,48,2024,afgerond,Kwaliteit van Leven/Zorg,Alpe d'HuZes,False,False,https://www.kwf.nl/onderzoek/onderzoeksdatabase/lange-termijn-gevolgen-voor-patienten-met-hoofd-halskanker-en-hun
12822,12822,Niet invasieve detectie van kanker in een vroeg stadium door analyse van genoom brede fragmentatie van cel-vrij DNA,dr. Florent Mouliere,Amsterdam UMC Research BV,488622.0,2020-08-01,2020,36,2023,afgerond,Biomarkers,,False,False,https://www.kwf.nl/onderzoek/onderzoeksdatabase/niet-invasieve-detectie-van-kanker-in-een-vroeg-stadium-door-analyse
12825,12825,Diffuus grootcellig B cel lymfoom: Induceren van verwarring in de lymfoomcellen als een nieuwe manier om celdood te veroorzaken,prof.dr. Heinz Jacobs,Antoni van Leeuwenhoek / Nederlands Kanker Instituut,680397.0,2020-05-01,2020,60,2025,afgerond,Basaal/fundamenteel onderzoek,Gerichte Gift,False,False,https://www.kwf.nl/onderzoek/onderzoeksdatabase/diffuus-grootcellig-b-cel-lymfoom-induceren-van-verwarring-in-de
12826,12826,Onthullen van nieuwe manieren waarop de verwijdering van ubiquitine(-achtige) modificaties DNA reparatie reguleert.,prof.dr. Jacqueline Jacobs,Antoni van Leeuwenhoek / Nederlands Kanker Instituut,641557.0,2020-10-01,2020,48,2024,afgerond,Basaal/fundamenteel onderzoek,Gerichte Gift,False,False,https://www.kwf.nl/onderzoek/onderzoeksdatabase/onthullen-van-nieuwe-manieren-waarop-de-verwijdering-van-ubiquitine
12829,12829,RASopathie-geassocieerde myeloproliferatieve ziekte therapiën,prof. dr. Jeroen den Hertog,Hubrecht Instituut,650822.0,2020-06-01,2020,64,2025,afgerond,Basaal/fundamenteel onderzoek,,False,False,https://www.kwf.nl/onderzoek/onderzoeksdatabase/rasopathie-geassocieerde-myeloproliferatieve-ziekte-therapien
12837,12837,Het verbeteren van kanker immunotherapie met een gepersonaliseerd kanker vaccin,prof. dr. Peter Katsikis,Erasmus MC Rotterdam,536153.0,2020-07-01,2020,48,2024,afgerond,Immunotherapie,Gerichte Gift,False,False,https://www.kwf.nl/onderzoek/onderzoeksdatabase/het-verbeteren-van-kanker-immunotherapie-met-een-gepersonaliseerd
12849,12849,Het ontrafelen van de rol van exosomen in de progressie van colorectale kanker met live microscopie,dr. Frederik Verweij,Universiteit Utrecht,460870.0,2022-01-01,2022,48,2026,afgerond,Basaal/fundamenteel onderzoek,Alpe d'HuZes,False,False,https://www.kwf.nl/onderzoek/onderzoeksdatabase/het-ontrafelen-van-de-rol-van-exosomen-in-de-progressie-van
12850,12850,Structuur-functie analyse van PRC1 complexen om de ontwikkeling van nieuwe medicijnen mogelijk te maken,prof. dr. Titia Sixma,Antoni van Leeuwenhoek / Nederlands Kanker Instituut,650868.0,2021-04-01,2021,63,2026,afgerond,Basaal/fundamenteel onderzoek,Gerichte Gift,False,False,https://www.kwf.nl/onderzoek/onderzoeksdatabase/structuur-functie-analyse-van-prc1-complexen-om-de-ontwikkeling-van
12863,12863,Antistoftherapie en bloedvatremmers samensmelten tot een krachtiger antikanker medicijn!,dr. Niels Heemskerk,Amsterdam UMC (locatie VUmc),539594.0,2021-07-01,2021,48,2025,voortijdig beëindigd,Immunotherapie,Alpe d'HuZes,False,False,https://www.kwf.nl/onderzoek/onderzoeksdatabase/antistoftherapie-en-bloedvatremmers-samensmelten-tot-een-krachtiger
12873,12873,Prospectieve multicenter studie naar de relatie tussen veiligheidsmarge en recidief na thermische ablatie bij patiënten met leverkanker,dr. Mark Burgmans,LUMC Leiden,575628.0,2021-05-01,2021,78,2027,lopend,(Behandel)technieken,,False,False,https://www.kwf.nl/onderzoek/onderzoeksdatabase/prospectieve-multicenter-studie-naar-de-relatie-tussen
12877,12877,Een gerandomiseerd gecontroleerd onderzoek naar de (kosten)effectiviteit van een preoperatief leefstijlprogramma bij patiënten met spierinvasief blaaskanker die een blaasverwijdering ondergaan.,dr. Martijn Stuiver,Antoni van Leeuwenhoek / Nederlands Kanker Instituut,764839.0,2021-09-01,2021,60,2026,afgerond,Leefstijl en omgevingsfactoren,,False,False,https://www.kwf.nl/onderzoek/onderzoeksdatabase/een-gerandomiseerd-gecontroleerd-onderzoek-naar-de-kosteneffectiviteit
12885,12885,GOALS2: hersenactiviteit als mogelijke biomarker voor groei van een glioblastoom,dr. Linda Douw,Amsterdam UMC Research BV,506666.0,2021-10-01,2021,57,2026,afgerond,Biomarkers,,False,False,https://www.kwf.nl/onderzoek/onderzoeksdatabase/goals2-hersenactiviteit-als-mogelijke-biomarker-voor-groei-van-een
12894,12894,Functionele validatie van somatische varianten van onbekende betekenis in klinisch relevante kinasen.,prof. dr. Jos Jonkers,Antoni van Leeuwenhoek / Nederlands Kanker Instituut,839270.0,2021-06-01,2021,55,2026,afgerond,Basaal/fundamenteel onderzoek,,False,False,https://www.kwf.nl/onderzoek/onderzoeksdatabase/functionele-validatie-van-somatische-varianten-van-onbekende-betekenis
12900,12900,Verminderen van orgaanbeweging tijdens radiotherapie door ademhalingsregulering met behulp van non-invasieve beademing,dr. Irma van Dijk,Amsterdam UMC (locatie AMC),574759.0,2021-03-01,2021,60,2026,afgerond,(Behandel)technieken,,False,False,https://www.kwf.nl/onderzoek/onderzoeksdatabase/verminderen-van-orgaanbeweging-tijdens-radiotherapie-door
12910,12910,Targeting van het metabolisme als alternatieve therapie in patiënten met acute myeloïde leukemie,prof. dr. Jan Jacob Schuringa,UMC Groningen,669798.0,2021-09-01,2021,48,2025,afgerond,Basaal/fundamenteel onderzoek,,False,False,https://www.kwf.nl/onderzoek/onderzoeksdatabase/targeting-van-het-metabolisme-als-alternatieve-therapie-in-patienten
12911,12911,DNA schade tijdens mitose,prof. dr. Marcel van Vugt,UMC Groningen,621779.0,2021-10-01,2021,52,2026,afgerond,Basaal/fundamenteel onderzoek,,False,False,https://www.kwf.nl/onderzoek/onderzoeksdatabase/dna-schade-tijdens-mitose
12912,12912,Samenleven met metastase: invloed van het microbioom bij metastasering van dikkedarmkanker.,dr. Annemarie Boleij,Radboudumc,179619.0,2021-05-01,2021,32,2024,afgerond,Basaal/fundamenteel onderzoek,Alpe d'HuZes,False,False,https://www.kwf.nl/onderzoek/onderzoeksdatabase/samenleven-met-metastase-invloed-van-het-microbioom-bij-metastasering
12921,12921,"Kiezen voor een passend behandelplan: Integratie van behandelopties, gezondheidstoestand en doelen & voorkeuren",dr. Lieke Welling,LUMC Leiden,1111130.0,2021-11-01,2021,62,2027,lopend,Kwaliteit van Leven/Zorg,Alpe d'HuZes,False,False,https://www.kwf.nl/onderzoek/onderzoeksdatabase/kiezen-voor-een-passend-behandelplan-integratie-van-behandelopties
12925,12925,Inzicht in het ontstaan van kleine DNA-duplicaties en andere breuk-geïnduceerde mutaties in kanker,dr. Joost Schimmel,LUMC Leiden,605975.0,2021-05-01,2021,54,2025,afgerond,Basaal/fundamenteel onderzoek,Gerichte Gift,False,False,https://www.kwf.nl/onderzoek/onderzoeksdatabase/inzicht-in-het-ontstaan-van-kleine-dna-duplicaties-en-andere-breuk
12928,12928,"Vergelijkende, observationele studie ter bepaling van de optimale behandeling van het vroeg-stadium niet-kleincellig longcarcinoom: stereotactische radiotherapie of minimaal invasieve lobectomie?",prof.dr. Koen Hartemink,Antoni van Leeuwenhoek / Nederlands Kanker Instituut,160598.0,2021-03-01,2021,18,2022,afgerond,(Behandel)technieken,,False,False,https://www.kwf.nl/onderzoek/onderzoeksdatabase/vergelijkende-observationele-studie-ter-bepaling-van-de-optimale
12932,12932,Veerkracht versterken van mensen met uitgezaaide kanker die behandeld worden met immunotherapie of doelgerichte therapie,dr. Melanie Schellekens,Helen Dowling Instituut (HDI),546771.0,2021-02-01,2021,54,2025,afgerond,Kwaliteit van Leven/Zorg,Alpe d'HuZes,False,False,https://www.kwf.nl/onderzoek/onderzoeksdatabase/veerkracht-versterken-van-mensen-met-uitgezaaide-kanker-die-behandeld
12940,12940,Inzicht in en oplossingen voor de rol van tijd(gebrek) bij het betrekken van kankerpatiënten in besluitvorming over behandeling: Een verkenning,dr. Arwen Pieterse,LUMC Leiden,220194.0,2021-06-01,2021,31,2024,afgerond,Kwaliteit van Leven/Zorg,,False,False,https://www.kwf.nl/onderzoek/onderzoeksdatabase/inzicht-in-en-oplossingen-voor-de-rol-van-tijdgebrek-bij-het-betrekken
12946,12946,HitnRun: Een mobiele game om jongeren te helpen stoppen met roken in een ondersteunende sociale context,dr. Maartje Luijten,Radboud Universiteit,593030.0,2021-09-01,2021,60,2026,afgerond,Leefstijl en omgevingsfactoren,Alpe d'HuZes,False,False,https://www.kwf.nl/onderzoek/onderzoeksdatabase/hitnrun-een-mobiele-game-om-jongeren-te-helpen-stoppen-met-roken-in
12949,12949,Kankercellen gevoeliger maken voor immuuntherapie met antistoffen .,prof. dr. Annemiek van Spriel,Radboudumc,707298.0,2021-07-01,2021,48,2025,afgerond,Basaal/fundamenteel onderzoek,Gerichte Gift,False,False,https://www.kwf.nl/onderzoek/onderzoeksdatabase/kankercellen-gevoeliger-maken-voor-immuuntherapie-met-antistoffen
12950,12950,Het gebruik van kunstmatige intelligentie om voorstadia van eierstokkanker op te sporen,prof.dr. Jeroen van der Laak,Radboudumc,493256.0,2021-01-01,2021,48,2025,afgerond,Biomarkers,Gerichte Gift,False,False,https://www.kwf.nl/onderzoek/onderzoeksdatabase/het-gebruik-van-kunstmatige-intelligentie-om-voorstadia-van
12954,12954,Eenmalige bestraling voor borstkanker: Gedeeltelijke borstbestraling met hoge precisie voorafgaande aan de borstsparende operatie (ABLATIVE-2 onderzoek).,dr. Desirée van den Bongard,Amsterdam UMC Research BV,601115.0,2021-10-01,2021,78,2028,lopend,(Behandel)technieken,Pink Ribbon,False,False,https://www.kwf.nl/onderzoek/onderzoeksdatabase/eenmalige-bestraling-voor-borstkanker-gedeeltelijke-borstbestraling
12960,12960,Inductie chemotherapie gevolgd door chemoradiotherapie versus alleen chemoradiotherapie als voorbehandeling voor lokaal teruggekeerde endeldarmkanker.,prof.dr. Pim Burger,Catharina Ziekenhuis Eindhoven,214538.0,2021-07-01,2021,48,2025,afgerond,Medicijnen,,False,False,https://www.kwf.nl/onderzoek/onderzoeksdatabase/inductie-chemotherapie-gevolgd-door-chemoradiotherapie-versus-alleen
12967,12967,Ontwikkelen van een effectieve en veilige behandeling van Acute Myeloide Leukemie met dual- Chimere Antigen Receptor (CAR) dragende Killer T-cellen,prof. dr. Tuna Mutis,Amsterdam UMC Research BV,670563.0,2021-09-01,2021,48,2025,afgerond,Immunotherapie,,False,False,https://www.kwf.nl/onderzoek/onderzoeksdatabase/ontwikkelen-van-een-effectieve-en-veilige-behandeling-van-acute
12968,12968,Verbeteren van immunotherapie bij tripel negatief mammacarcinoom,dr. Marleen Kok,Antoni van Leeuwenhoek / Nederlands Kanker Instituut,614279.0,2021-09-01,2021,60,2026,afgerond,Immunotherapie,Alpe d'HuZes,False,False,https://www.kwf.nl/onderzoek/onderzoeksdatabase/verbeteren-van-immunotherapie-bij-tripel-negatief-mammacarcinoom
12975,12975,Prostaatkanker – optimalisatie van selectie criteria voor actieve surveillance met MRI,dr. Ivo Schoots,Antoni van Leeuwenhoek / Nederlands Kanker Instituut,503540.0,2021-03-01,2021,48,2025,afgerond,Beeldvormende technieken,Gerichte Gift,False,False,https://www.kwf.nl/onderzoek/onderzoeksdatabase/prostaatkanker-optimalisatie-van-selectie-criteria-voor-actieve
12977,12977,Diepgaande karakterisering van T cel reactiviteit tegen kanker voor verbeterde immuuntherapie,dr. Wouter Scheper,Antoni van Leeuwenhoek / Nederlands Kanker Instituut,604349.0,2021-01-01,2021,60,2026,afgerond,Basaal/fundamenteel onderzoek,Alpe d'HuZes,False,False,https://www.kwf.nl/onderzoek/onderzoeksdatabase/diepgaande-karakterisering-van-t-cel-reactiviteit-tegen-kanker-voor
12978,12978,"NEN-ID: Het identificeren van de herkomst, prognose en therapiekans van gemetastaseerde neuro-endocrine tumoren met DNA methyleringsprofielen",dr. Lodewijk Brosens,UMC Utrecht,422767.0,2021-10-01,2021,54,2026,afgerond,Biomarkers,Gerichte Gift,False,False,https://www.kwf.nl/onderzoek/onderzoeksdatabase/nen-id-het-identificeren-van-de-herkomst-prognose-en-therapiekans-van
12979,12979,De RACC-trial Nederland. Robot chirurgie voor laag stadium cervix carcinoom,dr. Ramon Smolders,Erasmus MC Rotterdam,198871.0,2021-01-01,2021,96,2029,lopend,(Behandel)technieken,Gerichte Gift,False,False,https://www.kwf.nl/onderzoek/onderzoeksdatabase/de-racc-trial-nederland-robot-chirurgie-voor-laag-stadium-cervix
12985,12985,Preklinische optimalisatie van de behandeling van alvleesklierkanker met chemotherapie en hyperthermie.,dr. Petra Kok,Amsterdam UMC Research BV,622712.0,2020-11-01,2020,72,2026,lopend,(Behandel)technieken,Gerichte Gift,False,False,https://www.kwf.nl/onderzoek/onderzoeksdatabase/preklinische-optimalisatie-van-de-behandeling-van-alvleesklierkanker
12995,12995,RAD51 test bepaald gevoeligheid van kanker voor specifieke chemotherapie,prof.dr. Tjalling Bosse,LUMC Leiden,699188.0,2020-12-01,2020,48,2024,afgerond,Biomarkers,Alpe d'HuZes,False,False,https://www.kwf.nl/onderzoek/onderzoeksdatabase/rad51-test-bepaald-gevoeligheid-van-kanker-voor-specifieke
13004,13004,EUS-geleide gastroenterostomie versus chirurgische gastrojejunostomie ter palliatie van maligne maaguitgang obstructie,prof. dr. Frank Vleggaar,UMC Utrecht,409770.0,2021-03-01,2021,48,2025,afgerond,(Behandel)technieken,Gerichte Gift,False,False,https://www.kwf.nl/onderzoek/onderzoeksdatabase/eus-geleide-gastroenterostomie-versus-chirurgische-gastrojejunostomie
13009,13009,iCARe – Immuuntargeting van de tumorvasculatuur met CAR T cellen,dr. Judy van Beijnum,Amsterdam UMC Research BV,166664.0,2021-08-01,2021,18,2023,afgerond,Immunotherapie,Alpe d'HuZes,False,False,https://www.kwf.nl/onderzoek/onderzoeksdatabase/icare-immuuntargeting-van-de-tumorvasculatuur-met-car-t-cellen
13012,13012,De rol van de elektronische neus in de diagnostiek en de follow-up van schildklierkanker.,prof. dr. Nicole Bouvy,Universiteit Maastricht,613298.0,2021-01-01,2021,60,2026,afgerond,Biomarkers,Gerichte Gift,False,False,https://www.kwf.nl/onderzoek/onderzoeksdatabase/de-rol-van-de-elektronische-neus-in-de-diagnostiek-en-de-follow-up-van
13043,13043,Optimaliseren van nieuwe vorm van immuuntherapie voor patiënten met darmkanker: TEGs,prof. dr. Jürgen Kuball,UMC Utrecht,1042780.0,2021-06-01,2021,54,2025,afgerond,Immunotherapie,,False,False,https://www.kwf.nl/onderzoek/onderzoeksdatabase/optimaliseren-van-nieuwe-vorm-van-immuuntherapie-voor-patienten-met
13046,13046,STAR-TREC fase III studie,prof. dr. Hans de Wilt,Radboudumc,676692.0,2020-11-01,2020,78,2027,lopend,Kwaliteit van Leven/Zorg,,False,False,https://www.kwf.nl/onderzoek/onderzoeksdatabase/star-trec-fase-iii-studie
13056,13056,Gebruik van clostridia als tumor-specifiek transportmiddel van immuuntherapie,dr. Ludwig Dubois,Universiteit Maastricht,715845.0,2021-10-01,2021,60,2026,lopend,Immunotherapie,Alpe d'HuZes,False,False,https://www.kwf.nl/onderzoek/onderzoeksdatabase/gebruik-van-clostridia-als-tumor-specifiek-transportmiddel-van
13058,13058,Bekrachtigen van de toxiciteit van T of NK cellen om kankercellen uit te roeien en uitgroei te voorkomen,dr. Victor Peperzak,UMC Utrecht,408613.0,2020-10-01,2020,36,2023,afgerond,Immunotherapie,Alpe d'HuZes,False,False,https://www.kwf.nl/onderzoek/onderzoeksdatabase/bekrachtigen-van-de-toxiciteit-van-t-of-nk-cellen-om-kankercellen-uit
13077,13077,Bestaande afweer tegen een algemeen voorkomend virus gebruiken om kankercellen te doden; een nieuwe vorm van immunotherapie bij kanker.,prof. dr. Wijnand Helfrich,UMC Groningen,754680.0,2021-09-01,2021,48,2025,afgerond,Immunotherapie,,False,False,https://www.kwf.nl/onderzoek/onderzoeksdatabase/bestaande-afweer-tegen-een-algemeen-voorkomend-virus-gebruiken-om
13103,13103,"Real-time in-vivo dosimetrie voor protonenbestraling van oog-, hersen- en hoofdhalskanker",prof. dr. Coen Rasch,LUMC Leiden,449614.0,2021-10-01,2021,60,2026,lopend,(Behandel)technieken,Alpe d'HuZes,False,False,https://www.kwf.nl/onderzoek/onderzoeksdatabase/real-time-in-vivo-dosimetrie-voor-protonenbestraling-van-oog-hersen-en
13104,13104,Analyse van ontwikkeling binnen een tumor vanuit verschillende invalshoeken,dr. Cornelis (Kees) van Bergen,LUMC Leiden,176860.0,2021-01-01,2021,18,2022,afgerond,Basaal/fundamenteel onderzoek,Alpe d'HuZes,False,False,https://www.kwf.nl/onderzoek/onderzoeksdatabase/analyse-van-ontwikkeling-binnen-een-tumor-vanuit-verschillende
13108,13108,Ontrafelen hoe de CHEK2 c.1100delC mutatie tot de ontwikkeling van borstkanker leidt via genoom analyses en een humaan borst model,prof. dr. ir. John Martens,Erasmus MC Rotterdam,446071.0,2021-10-01,2021,42,2025,voortijdig beëindigd,Basaal/fundamenteel onderzoek,Pink Ribbon,False,False,https://www.kwf.nl/onderzoek/onderzoeksdatabase/ontrafelen-hoe-de-chek2-c1100delc-mutatie-tot-de-ontwikkeling-van
13112,13112,Hoe leiden erfelijke LKB1 mutaties tot een vergrote kans op darmkanker?,prof. dr. Madelon Maurice,UMC Utrecht,659825.0,2021-02-01,2021,48,2025,afgerond,Basaal/fundamenteel onderzoek,,False,False,https://www.kwf.nl/onderzoek/onderzoeksdatabase/hoe-leiden-erfelijke-lkb1-mutaties-tot-een-vergrote-kans-op-darmkanker
13115,13115,Individuele plaatsing en ondersteuning van mensen die werkloos of arbeidsongeschikt zijn na diagnose en behandeling van kanker.,prof.dr. Angela de Boer,Amsterdam UMC Research BV,637390.0,2021-04-01,2021,60,2026,afgerond,Kwaliteit van Leven/Zorg,Alpe d'HuZes,False,True,https://www.kwf.nl/onderzoek/onderzoeksdatabase/individuele-plaatsing-en-ondersteuning-van-mensen-die-werkloos-of
13117,13117,De rol van CTCF in baarmoederkanker,prof. dr. Wouter de Laat,Hubrecht Instituut,285727.0,2021-09-01,2021,33,2024,afgerond,Basaal/fundamenteel onderzoek,Alpe d'HuZes,False,False,https://www.kwf.nl/onderzoek/onderzoeksdatabase/de-rol-van-ctcf-in-baarmoederkanker
13124,13124,Hoe Notch effectieve cytotoxische T cellen tegen kanker helpt te maken,dr. Derk Amsen,Sanquin Research,776526.0,2020-11-01,2020,54,2025,afgerond,Immunotherapie,,False,False,https://www.kwf.nl/onderzoek/onderzoeksdatabase/hoe-notch-effectieve-cytotoxische-t-cellen-tegen-kanker-helpt-te-maken
13144,13144,"eCRIMI: een onderzoek naar veiligheid en kwaliteit van leven van chemoradiotherapie, in combinatie met immunotherapie bij patiënten met gelokaliseerde blaaskanker.",dr. Adriaan Bins,Amsterdam UMC (locatie AMC),450284.0,2021-01-01,2021,60,2026,afgerond,Immunotherapie,Gerichte Gift,False,False,https://www.kwf.nl/onderzoek/onderzoeksdatabase/ecrimi-een-onderzoek-naar-veiligheid-en-kwaliteit-van-leven-van
13148,13148,Combinatietherapie met doelgerichte farmaca voor een verbeterde behandeling van patiënten met een glioblastoom.,dr. Olaf van Tellingen,Antoni van Leeuwenhoek / Nederlands Kanker Instituut,660076.0,2020-12-01,2020,54,2025,afgerond,Medicijnen,Gerichte Gift,False,False,https://www.kwf.nl/onderzoek/onderzoeksdatabase/combinatietherapie-met-doelgerichte-farmaca-voor-een-verbeterde
13167,13167,Nieuwe multimodale theranostische exosomen voor de diagnose en behandeling van kanker met een combinatie van immuno-en fotodynamische therapie.,dr.ir. Louise Van der Weerd,LUMC Leiden,305750.0,2021-07-01,2021,24,2023,afgerond,(Behandel)technieken,,False,False,https://www.kwf.nl/onderzoek/onderzoeksdatabase/nieuwe-multimodale-theranostische-exosomen-voor-de-diagnose-en
13189,13189,De bloedstollende combinatie van trombose en kanker; Welke nieuwe biomarkers zitten er in gen- en plasmaprofielen ?,dr. Jeroen Buijs,LUMC Leiden,96679.0,2021-06-01,2021,24,2023,afgerond,Kwaliteit van Leven/Zorg,,False,False,https://www.kwf.nl/onderzoek/onderzoeksdatabase/de-bloedstollende-combinatie-van-trombose-en-kanker-welke-nieuwe
13191,13191,Het begrijpen en benutten van eosinofielen ter verbetering van de effectiviteit van immuuntherapie voor borstkanker,prof. dr. Karin de Visser,Antoni van Leeuwenhoek / Nederlands Kanker Instituut,619190.0,2021-05-01,2021,48,2025,afgerond,Basaal/fundamenteel onderzoek,,False,False,https://www.kwf.nl/onderzoek/onderzoeksdatabase/het-begrijpen-en-benutten-van-eosinofielen-ter-verbetering-van-de
13192,13192,Effecten van kanker of een kankerbehandeling tijdens de zwangerschap op het kind (CRADLE-II),prof. dr. Frédéric Amant,Antoni van Leeuwenhoek / Nederlands Kanker Instituut,474971.0,2021-06-01,2021,57,2026,afgerond,Kwaliteit van Leven/Zorg,,False,False,https://www.kwf.nl/onderzoek/onderzoeksdatabase/effecten-van-kanker-of-een-kankerbehandeling-tijdens-de-zwangerschap
13201,13201,Effect van lithium op poliepvorming in patiënten met familiaire adenomateuze polyposis,dr. Clara Elbers,Amsterdam UMC,421518.0,2021-09-01,2021,48,2025,afgerond,Medicijnen,Gerichte Gift,False,False,https://www.kwf.nl/onderzoek/onderzoeksdatabase/effect-van-lithium-op-poliepvorming-in-patienten-met-familiaire
13209,13209,Optimalisatie van de locoregionale behandeling van het complexe coloncarcinoom; een nationale snapshot studie.,dr. Erik van Westreenen,Isala,308591.0,2021-09-01,2021,54,2026,afgerond,Kwaliteit van Leven/Zorg,,False,False,https://www.kwf.nl/onderzoek/onderzoeksdatabase/optimalisatie-van-de-locoregionale-behandeling-van-het-complexe
13215,13215,Fluorescentie geleide endoscopie bij patiënten met een halskliermetastase van onbekende primaire tumor in het hoofd-hals gebied: de REFLECT-studie,prof.dr. Max Witjes,UMC Groningen,476902.0,2022-01-01,2022,48,2026,afgerond,Beeldvormende technieken,Gerichte Gift,False,False,https://www.kwf.nl/onderzoek/onderzoeksdatabase/fluorescentie-geleide-endoscopie-bij-patienten-met-een
13217,13217,MRI-geleide radiotherapie op maat bij een beperkt aantal uitzaaiingen in de lever,dr. Marlies Nowee,Antoni van Leeuwenhoek / Nederlands Kanker Instituut,612456.0,2021-08-01,2021,69,2027,lopend,(Behandel)technieken,Gerichte Gift,False,False,https://www.kwf.nl/onderzoek/onderzoeksdatabase/mri-geleide-radiotherapie-op-maat-bij-een-beperkt-aantal-uitzaaiingen
13226,13226,Een fase 2 studie naar het effect van inductie ipilimumab + nivolumab voorafgaand aan een blaassparende behandeling bij blaaskanker,dr. Michiel Van der Heijden,Antoni van Leeuwenhoek / Nederlands Kanker Instituut,510828.0,2022-04-01,2022,48,2026,afgerond,Immunotherapie,,False,False,https://www.kwf.nl/onderzoek/onderzoeksdatabase/een-fase-2-studie-naar-het-effect-van-inductie-ipilimumab-nivolumab
13228,13228,TUBA-WISP II: Is eileiderverwijdering met uitgestelde eierstokverwijdering even veilig als gelijktijdige eileider- en eierstokverwijdering bij BRCA-draagsters om eierstokkanker te voorkomen?,dr. Joanne de Hullu,Radboudumc,1048810.0,2021-10-01,2021,180,2036,lopend,(Behandel)technieken,Gerichte Gift,False,False,https://www.kwf.nl/onderzoek/onderzoeksdatabase/tuba-wisp-ii-is-eileiderverwijdering-met-uitgestelde
13240,13240,Betere bestralingsplannen en minder bijwerkingen door real-time verificatie van protonentherapie (RIVER),dr. Peter Dendooven,UMC Groningen,553730.0,2021-10-01,2021,54,2026,afgerond,(Behandel)technieken,,False,False,https://www.kwf.nl/onderzoek/onderzoeksdatabase/betere-bestralingsplannen-en-minder-bijwerkingen-door-real-time
13251,13251,Gerandomiseerde trial naar lokale behandeling met hoge dosis precisie bestraling bij kwetsbare (oudere) patiënten met een lokaal beperkt pancreascarcinoom,dr. Anna Bruynzeel,Amsterdam UMC Research BV,452488.0,2021-11-01,2021,58,2026,afgerond,(Behandel)technieken,Alpe d'HuZes,False,False,https://www.kwf.nl/onderzoek/onderzoeksdatabase/gerandomiseerde-trial-naar-lokale-behandeling-met-hoge-dosis-precisie
13292,13292,De schildwachtklierprocedure bij patiënten met het eerste recidief schaamlipkanker,dr. Helena van Doorn,Erasmus MC Rotterdam,235136.0,2021-11-01,2021,48,2025,afgerond,(Behandel)technieken,Gerichte Gift,False,False,https://www.kwf.nl/onderzoek/onderzoeksdatabase/de-schildwachtklierprocedure-bij-patienten-met-het-eerste-recidief
13338,13338,Herbehandeling met 225Ac-DOTATAAT voor patiënten met uitgezaaide neuro-endocriene tumoren,dr. Tessa Brabander,Erasmus MC Rotterdam,541820.0,2022-01-01,2022,93,2029,lopend,(Behandel)technieken,Alpe d'HuZes,False,False,https://www.kwf.nl/onderzoek/onderzoeksdatabase/herbehandeling-met-225ac-dotataat-voor-patienten-met-uitgezaaide-neuro
13352,13352,Beheersing van leidercellen die primaire borsttumorinvasie en metastatische uitgroei aansturen,dr. Antoine Khalil,UMC Utrecht,678528.0,2022-01-01,2022,48,2026,afgerond,Basaal/fundamenteel onderzoek,Alpe d'HuZes,False,False,https://www.kwf.nl/onderzoek/onderzoeksdatabase/beheersing-van-leidercellen-die-primaire-borsttumorinvasie-en
13363,13363,FORCE: Nederlandse centra bundelen hun krachten op zoek naar nieuwe technieken voor de vroege opsporing van zeldzame tumoren,dr. Annemiek Walenkamp,UMC Groningen,3643040.0,2021-07-01,2021,84,2028,lopend,Infrastructuur,Gerichte Gift,False,False,https://www.kwf.nl/onderzoek/onderzoeksdatabase/force-nederlandse-centra-bundelen-hun-krachten-op-zoek-naar-nieuwe
13373,13373,Glyco-immune checkpoint antilichamen tegen muis Siglec E en humaan Siglec 7/9 als immunotherapie tegen kanker,prof. dr. Gosse Adema,Radboudumc,749978.0,2021-12-01,2021,48,2025,afgerond,Immunotherapie,,False,False,https://www.kwf.nl/onderzoek/onderzoeksdatabase/glyco-immune-checkpoint-antilichamen-tegen-muis-siglec-e-en-humaan
13376,13376,Een CD103 PET-scan van tumor infiltrerende T-cellen als ondersteuning voor behandelbeslissingen bij patiënten met kanker,dr. Marco de Bruyn,UMC Groningen,298087.0,2021-11-01,2021,24,2023,afgerond,Beeldvormende technieken,,False,False,https://www.kwf.nl/onderzoek/onderzoeksdatabase/een-cd103-pet-scan-van-tumor-infiltrerende-t-cellen-als-ondersteuning
13387,13387,De klok tikt door: tijd om de link te leggen tussen verstoorde dag-nacht ritmes en langdurige vermoeidheid na dikkedarmkanker.,dr. Eline van Roekel,Universiteit Maastricht,620159.0,2022-07-01,2022,54,2027,lopend,Kwaliteit van Leven/Zorg,,False,False,https://www.kwf.nl/onderzoek/onderzoeksdatabase/de-klok-tikt-door-tijd-om-de-link-te-leggen-tussen-verstoorde-dag
13400,13400,Patiëntvoorkeuren bij behandeling van het oogmelanoom: protonentherapie of oogverwijdering en 3D beeldvorming-gestuurde behandelplanning op basis van patiëntvoorkeuren.,prof. dr. Coen Rasch,LUMC Leiden,812191.0,2022-02-01,2022,56,2026,lopend,Kwaliteit van Leven/Zorg,,False,False,https://www.kwf.nl/onderzoek/onderzoeksdatabase/patientvoorkeuren-bij-behandeling-van-het-oogmelanoom-protonentherapie
13404,13404,"RAINBO: Optimalisatie van adjuvante behandeling bij endometriumkanker gebaseerd op moleculaire kenmerken, de MMRd-GREEN studie",prof.dr. Judith Kroep,LUMC Leiden,977084.0,2021-10-01,2021,84,2028,lopend,Immunotherapie,,False,False,https://www.kwf.nl/onderzoek/onderzoeksdatabase/rainbo-optimalisatie-van-adjuvante-behandeling-bij-endometriumkanker
13417,13417,FOLFIRINOX chemotherapie voor of na operatie bij verwijderbare alvleesklierkanker: de PREOPANC-3 studie.,prof.dr. Bas Groot Koerkamp,Erasmus MC Rotterdam,974965.0,2021-10-01,2021,78,2028,lopend,Medicijnen,Gerichte Gift,False,False,https://www.kwf.nl/onderzoek/onderzoeksdatabase/folfirinox-chemotherapie-voor-of-na-operatie-bij-verwijderbare
13420,13420,Verbeteren effectiviteit en minimaliseren toxiciteit HIPEC behandeling voor colorectale peritoneale uitzaaiingen door toepassing van “step-up heating” tijdens HIPEC,dr. Hans Crezee,Amsterdam UMC Research BV,606530.0,2021-11-01,2021,54,2026,afgerond,(Behandel)technieken,Gerichte Gift,False,False,https://www.kwf.nl/onderzoek/onderzoeksdatabase/verbeteren-effectiviteit-en-minimaliseren-toxiciteit-hipec-behandeling
13434,13434,Samen beslissen over de behandeling van kanker met patienten met een migratie-achtergrond of met een lagere opleiding,prof. dr. Anne Stiggelbout,LUMC Leiden,173664.0,2021-10-01,2021,18,2023,voortijdig beëindigd,Kwaliteit van Leven/Zorg,Alpe d'HuZes,False,False,https://www.kwf.nl/onderzoek/onderzoeksdatabase/samen-beslissen-over-de-behandeling-van-kanker-met-patienten-met-een
13435,13435,Effectieve behandelingen tegen buikvliesuitzaaingen van dikkedarmkanker,prof.dr. Maarten Bijlsma,Amsterdam UMC Research BV,710680.0,2021-09-01,2021,48,2025,afgerond,Medicijnen,Gerichte Gift,False,False,https://www.kwf.nl/onderzoek/onderzoeksdatabase/effectieve-behandelingen-tegen-buikvliesuitzaaingen-van
13443,13443,"Een nieuwe, minimaal invasieve behandeling voor borstkanker",prof. dr. Theo Ruers,Antoni van Leeuwenhoek / Nederlands Kanker Instituut,703273.0,2021-10-01,2021,60,2026,lopend,(Behandel)technieken,Gerichte Gift,False,False,https://www.kwf.nl/onderzoek/onderzoeksdatabase/een-nieuwe-minimaal-invasieve-behandeling-voor-borstkanker
13462,13462,De rol van weefsel-geassocieerde geheugen T-cellen in de afweer tegen tumoren.,prof. dr. Thorbald van Hall,LUMC Leiden,488471.0,2022-03-01,2022,45,2025,afgerond,Basaal/fundamenteel onderzoek,,False,False,https://www.kwf.nl/onderzoek/onderzoeksdatabase/de-rol-van-weefsel-geassocieerde-geheugen-t-cellen-in-de-afweer-tegen
13470,13470,Wie krijgt er uitzaaiingen van een melanoom? Een kunstmatig intelligentie voorspelmodel (IMPROVE studie),dr. Loes Hollestein,Erasmus MC Rotterdam,611378.0,2021-10-01,2021,48,2025,afgerond,Biomarkers,,False,False,https://www.kwf.nl/onderzoek/onderzoeksdatabase/wie-krijgt-er-uitzaaiingen-van-een-melanoom-een-kunstmatig
13472,13472,Uitschakeling van twee nieuwe eiwitten als nieuwe therapie voor BRCA-mutant tumorcellen te doden,dr. Sylvie Noordermeer,LUMC Leiden,756971.0,2022-01-01,2022,58,2026,lopend,Basaal/fundamenteel onderzoek,Gerichte Gift,False,False,https://www.kwf.nl/onderzoek/onderzoeksdatabase/uitschakeling-van-twee-nieuwe-eiwitten-als-nieuwe-therapie-voor-brca
13476,13476,Het benutten van de tumor immuno-micro-omgeving in het kader van pro-senescentie therapie: een nieuwe therapeutische benadering voor leverkanker.,dr. Serena Vegna,Antoni van Leeuwenhoek / Nederlands Kanker Instituut,639649.0,2021-09-01,2021,48,2025,afgerond,Basaal/fundamenteel onderzoek,,False,False,https://www.kwf.nl/onderzoek/onderzoeksdatabase/het-benutten-van-de-tumor-immuno-micro-omgeving-in-het-kader-van-pro
13486,13486,Oncogene metabole map in Leukemie; De weg naar verbeterde therapeutische strategieën,dr. Kim Kampen,Universiteit Maastricht,501821.0,2021-11-01,2021,52,2026,afgerond,Basaal/fundamenteel onderzoek,Alpe d'HuZes,False,False,https://www.kwf.nl/onderzoek/onderzoeksdatabase/oncogene-metabole-map-in-leukemie-de-weg-naar-verbeterde
13491,13491,Het verbeteren van adoptieve T cel therapieën tegen kanker vereist in vivo testen,dr. Derk Amsen,Sanquin Research,210367.0,2022-01-01,2022,18,2023,afgerond,Immunotherapie,,False,False,https://www.kwf.nl/onderzoek/onderzoeksdatabase/het-verbeteren-van-adoptieve-t-cel-therapieen-tegen-kanker-vereist-in
13493,13493,Hoe het CMV-virus ervoor kan zorgen dat het afweersysteem kankercellen herkent.,dr. Moniek de Witte,UMC Utrecht,662568.0,2022-02-01,2022,51,2026,afgerond,Immunotherapie,,False,False,https://www.kwf.nl/onderzoek/onderzoeksdatabase/hoe-het-cmv-virus-ervoor-kan-zorgen-dat-het-afweersysteem-kankercellen
13515,13515,Ieder nadeel heeft zijn voordeel: Welk voordeel halen kankercellen in de dikke darm uit een ongebalanceerd chromosoom aantal?,prof. dr. Susanne Lens,UMC Utrecht,420209.0,2022-01-01,2022,54,2026,afgerond,Basaal/fundamenteel onderzoek,,False,False,https://www.kwf.nl/onderzoek/onderzoeksdatabase/ieder-nadeel-heeft-zijn-voordeel-welk-voordeel-halen-kankercellen-in
13518,13518,Optimalisatie van een multifunctioneel NK:TCR celtherapie. Een nieuwe en potente anti-kanker immunotherapie.,prof.dr. Mirjam Heemskerk,LUMC Leiden,627434.0,2021-12-01,2021,54,2026,afgerond,Immunotherapie,Gerichte Gift,False,False,https://www.kwf.nl/onderzoek/onderzoeksdatabase/optimalisatie-van-een-multifunctioneel-nktcr-celtherapie-een-nieuwe-en
13528,13528,Geïndividualiseerde prognostische information over de levensverwachting voor hoofd-halskanker patiënten in de palliatieve fase,dr. Marinella Offerman,Erasmus MC Rotterdam,574008.0,2021-10-01,2021,60,2026,lopend,Kwaliteit van Leven/Zorg,,False,False,https://www.kwf.nl/onderzoek/onderzoeksdatabase/geindividualiseerde-prognostische-information-over-de
13529,13529,Het verbeteren van predictie en preventie van bestralingsbijwerkingen van hoofd-halskanker patienten door middel van artificiële intelligentie en medische beeldvorming,dr. Lisanne van Dijk,UMC Groningen,561398.0,2021-10-01,2021,66,2027,lopend,Beeldvormende technieken,Alpe d'HuZes,False,False,https://www.kwf.nl/onderzoek/onderzoeksdatabase/het-verbeteren-van-predictie-en-preventie-van-bestralingsbijwerkingen
13535,13535,Kant-en-klare Natural Killer-cellen ontworpen met chimere antigeenreceptoren voor verbeterde immunotherapie tegen eierstokkanker,prof.dr. Harry Dolstra,Radboudumc,764608.0,2021-12-01,2021,48,2025,afgerond,Immunotherapie,Gerichte Gift,False,False,https://www.kwf.nl/onderzoek/onderzoeksdatabase/kant-en-klare-natural-killer-cellen-ontworpen-met-chimere
13537,13537,Een onderzoek naar immuuntherapie voorafgaand aan de operatie bij vrouwen met dMMR/POLE-EDM baarmoederkanker,prof. dr. Hans Nijman,UMC Groningen,314347.0,2021-12-01,2021,36,2024,afgerond,Immunotherapie,Gerichte Gift,False,False,https://www.kwf.nl/onderzoek/onderzoeksdatabase/een-onderzoek-naar-immuuntherapie-voorafgaand-aan-de-operatie-bij
13544,13544,Ontwikkeling van de de darmen en darmkanker wordt gecontroleerd door de extracellulaire matrix,dr. David Huels,Amsterdam UMC (locatie AMC),593195.0,2021-05-01,2021,48,2025,voortijdig beëindigd,Basaal/fundamenteel onderzoek,Alpe d'HuZes,False,False,https://www.kwf.nl/onderzoek/onderzoeksdatabase/ontwikkeling-van-de-de-darmen-en-darmkanker-wordt-gecontroleerd-door
13549,13549,Moleculaire en functionele karakterisatie van de meest voorkomende GATA2 mutaties in kinderleukemie.,dr. Catherine Robin,Hubrecht Instituut,568260.0,2021-09-01,2021,48,2025,afgerond,Basaal/fundamenteel onderzoek,Gerichte Gift,False,False,https://www.kwf.nl/onderzoek/onderzoeksdatabase/moleculaire-en-functionele-karakterisatie-van-de-meest-voorkomende
13555,13555,"EORTC Brain Tumor Group Study 1634. Gerichte, risico-gestuurde behandeling bij adolescente en volwassen patiënten met een medulloblastoom (PersoMed-I)",prof. dr. Martin Klein,Amsterdam UMC Research BV,380879.0,2021-11-01,2021,91,2029,voortijdig beëindigd,Medicijnen,,False,False,https://www.kwf.nl/onderzoek/onderzoeksdatabase/eortc-brain-tumor-group-study-1634-gerichte-risico-gestuurde
13575,13575,PRIME studie – introductie van MRI-geleide radiotherapie voor gezwellen van de alvleesklier bij MEN1 patiënten,prof. dr. Gerlof Valk,UMC Utrecht,192878.0,2021-11-01,2021,74,2028,lopend,(Behandel)technieken,Gerichte Gift,False,False,https://www.kwf.nl/onderzoek/onderzoeksdatabase/prime-studie-introductie-van-mri-geleide-radiotherapie-voor-gezwellen
13577,13577,Echogeleide resectie en controle van resectiemarges bij T1-2 mucosaal wangcarcinoom,dr. Rob Noorlag,UMC Utrecht,417279.0,2021-09-01,2021,72,2027,lopend,(Behandel)technieken,Gerichte Gift,False,False,https://www.kwf.nl/onderzoek/onderzoeksdatabase/echogeleide-resectie-en-controle-van-resectiemarges-bij-t1-2-mucosaal
13589,13589,Het begrijpen en verstoren van gecondenseerd β-catenine in darmkanker,dr. Jurian Schuijers,UMC Utrecht,711642.0,2022-03-01,2022,48,2026,afgerond,Basaal/fundamenteel onderzoek,Gerichte Gift,False,False,https://www.kwf.nl/onderzoek/onderzoeksdatabase/het-begrijpen-en-verstoren-van-gecondenseerd-b-catenine-in-darmkanker
13590,13590,Invloed van het perioperatief testosteronniveau op functionele en oncologische uitkomsten na radicale prostatectomie (ENFORCE),dr. Diederik Somford,Canisius-Wilhelmina Ziekenhuis,818183.0,2021-12-01,2021,96,2029,afgerond,Medicijnen,,False,False,https://www.kwf.nl/onderzoek/onderzoeksdatabase/invloed-van-het-perioperatief-testosteronniveau-op-functionele-en
13591,13591,Slimme MRI van de borsten; selectie van het juiste protocol met behulp van kunstmatige intelligentie,dr. Ritse Mann,Antoni van Leeuwenhoek / Nederlands Kanker Instituut,674105.0,2021-09-01,2021,54,2026,afgerond,Beeldvormende technieken,,False,False,https://www.kwf.nl/onderzoek/onderzoeksdatabase/slimme-mri-van-de-borsten-selectie-van-het-juiste-protocol-met-behulp
13598,13598,De centrale rol van exosomes bij kolonisatie van de lever en voor de selectie van effectieve geneesmiddelen tegen uitgezaaide alvleesklierkanker.,dr. Elisa Giovannetti,Amsterdam UMC Research BV,599052.0,2022-02-01,2022,48,2026,afgerond,Basaal/fundamenteel onderzoek,Gerichte Gift,False,False,https://www.kwf.nl/onderzoek/onderzoeksdatabase/de-centrale-rol-van-exosomes-bij-kolonisatie-van-de-lever-en-voor-de
13645,13645,PARP remmers in STAG2 gemuteerde tumoren: een unieke kans voor nieuwe therapie,dr. Job de Lange,Amsterdam UMC Research BV,464028.0,2021-10-01,2021,48,2025,afgerond,Basaal/fundamenteel onderzoek,Alpe d'HuZes,False,False,https://www.kwf.nl/onderzoek/onderzoeksdatabase/parp-remmers-in-stag2-gemuteerde-tumoren-een-unieke-kans-voor-nieuwe
13647,13647,Kanker geïnduceerde slordigheid in eiwitproductie,prof. dr. Reuven Agami,Antoni van Leeuwenhoek / Nederlands Kanker Instituut,818456.0,2021-10-01,2021,48,2025,afgerond,Basaal/fundamenteel onderzoek,,False,False,https://www.kwf.nl/onderzoek/onderzoeksdatabase/kanker-geinduceerde-slordigheid-in-eiwitproductie
13650,13650,COHERENT: een correcte diagnose en behandeling voor de hemato-oncologische patient,dr. Bert van der Reijden,Radboudumc,1623640.0,2021-08-01,2021,72,2027,lopend,Infrastructuur,,False,False,https://www.kwf.nl/onderzoek/onderzoeksdatabase/coherent-een-correcte-diagnose-en-behandeling-voor-de-hemato
13651,13651,Voorspellen hoe borsttumoren zullen reageren op chemotherapie door testen van gevoeligheid van tumorweefsel buiten het lichaam,dr. Dik van Gent,Erasmus MC Rotterdam,545014.0,2021-11-01,2021,48,2025,afgerond,Biomarkers,Gerichte Gift,False,False,https://www.kwf.nl/onderzoek/onderzoeksdatabase/voorspellen-hoe-borsttumoren-zullen-reageren-op-chemotherapie-door
13653,13653,Zorg voor vermoeidheid: Begrijpen van de discrepantie tussen de hoge prevalentie van vermoeidheid en het lage gebruik van ondersteunende zorg.,prof. dr. Hans Knoop,Amsterdam UMC Research BV,454628.0,2021-12-01,2021,66,2027,lopend,Kwaliteit van Leven/Zorg,,False,False,https://www.kwf.nl/onderzoek/onderzoeksdatabase/zorg-voor-vermoeidheid-begrijpen-van-de-discrepantie-tussen-de-hoge
13661,13661,Afhankelijkheid van Erk-signalering van de frequentie van geneesmiddelen toediening bij colorectale kanker,dr. Katharina Sonnen,Hubrecht Instituut,180187.0,2021-10-01,2021,24,2023,afgerond,Basaal/fundamenteel onderzoek,Alpe d'HuZes,False,False,https://www.kwf.nl/onderzoek/onderzoeksdatabase/afhankelijkheid-van-erk-signalering-van-de-frequentie-van
13673,13673,Het verminderen van immunosuppressie tijdens T-cel therapie door combinatie behandeling met chemotherapie van patiënten met recidiverende eierstokkanker.,dr. Els Verdegaal,LUMC Leiden,275013.0,2021-08-01,2021,30,2024,afgerond,Immunotherapie,,False,False,https://www.kwf.nl/onderzoek/onderzoeksdatabase/het-verminderen-van-immunosuppressie-tijdens-t-cel-therapie-door
13676,13676,Een nieuw tijdperk in de behandeling van patiënten met familiaire adenomateuze polyposis: op weg naar gepersonaliseerde zorg,prof. dr. Evelien Dekker,Amsterdam UMC Research BV,927783.0,2021-11-01,2021,72,2027,lopend,(Behandel)technieken,Gerichte Gift,False,False,https://www.kwf.nl/onderzoek/onderzoeksdatabase/een-nieuw-tijdperk-in-de-behandeling-van-patienten-met-familiaire
13697,13697,"“SCOPES”, op weg naar een minder zware behandeling voor sarcoom patiënten.",prof. dr. Rick Haas,Antoni van Leeuwenhoek / Nederlands Kanker Instituut,499840.0,2022-09-01,2022,48,2026,afgerond,(Behandel)technieken,Gerichte Gift,False,False,https://www.kwf.nl/onderzoek/onderzoeksdatabase/scopes-op-weg-naar-een-minder-zware-behandeling-voor-sarcoom-patienten
13710,13710,Digitale tomosynthese in het landelijk bevolkingsonderzoek naar borstkanker,prof. dr. Mireille Broeders,Radboudumc,734538.0,2023-01-01,2023,60,2028,lopend,Beeldvormende technieken,,False,False,https://www.kwf.nl/onderzoek/onderzoeksdatabase/digitale-tomosynthese-in-het-landelijk-bevolkingsonderzoek-naar
13727,13727,Intra-operatieve real-time weefselkarakterisatie voor betere uitkomsten bij patienten die behandeld worden met een robot-geassisteerde radicale prostatectomie,dr. Lisanne de Boer,Antoni van Leeuwenhoek / Nederlands Kanker Instituut,747848.0,2022-05-01,2022,48,2026,afgerond,(Behandel)technieken,Alpe d'HuZes,False,False,https://www.kwf.nl/onderzoek/onderzoeksdatabase/intra-operatieve-real-time-weefselkarakterisatie-voor-betere
13741,13741,Verbeterde zuurstofvoorziening door remming van het celmetabolisme als de sleutel tot verhoogde werkzaamheid van radiotherapie gecombineerd met immunotherapie,prof. dr. Jan Bussink,Radboudumc,682934.0,2022-09-01,2022,48,2026,afgerond,Immunotherapie,Gerichte Gift,False,False,https://www.kwf.nl/onderzoek/onderzoeksdatabase/verbeterde-zuurstofvoorziening-door-remming-van-het-celmetabolisme-als
13751,13751,Inhibitie van kanker-geassocieerde fibroblasten als behandelstrategie voor invasief lobulair borstkanker,dr. Julia Houthuijzen,Antoni van Leeuwenhoek / Nederlands Kanker Instituut,771701.0,2022-03-01,2022,48,2026,afgerond,Basaal/fundamenteel onderzoek,Alpe d'HuZes,False,False,https://www.kwf.nl/onderzoek/onderzoeksdatabase/inhibitie-van-kanker-geassocieerde-fibroblasten-als-behandelstrategie
13753,13753,Wanneer kiezen een last is – verminderen van de belasting van gedeelde besluitvorming,dr. Marij Hillen,Amsterdam UMC,548007.0,2022-06-01,2022,55,2027,lopend,Kwaliteit van Leven/Zorg,,False,False,https://www.kwf.nl/onderzoek/onderzoeksdatabase/wanneer-kiezen-een-last-is-verminderen-van-de-belasting-van-gedeelde
13760,13760,Computationele Klinische Neuropsychologie: Procesmodellen om de cognitieve problemen van (ex-)kankerpatienten beter te begrijpen,dr. Joost Agelink van Rentergem,Antoni van Leeuwenhoek / Nederlands Kanker Instituut,615174.0,2022-06-01,2022,50,2026,afgerond,Kwaliteit van Leven/Zorg,Alpe d'HuZes,False,False,https://www.kwf.nl/onderzoek/onderzoeksdatabase/computationele-klinische-neuropsychologie-procesmodellen-om-de
13761,13761,DESCARTES studie: Het achterwege laten van bestraling bij borstkanker patiënten zonder levende tumorcellen na neoadjuvante (= voor operatie) systemische therapie.,mr. dr. Frederieke van Duijnhoven,Antoni van Leeuwenhoek / Nederlands Kanker Instituut,893896.0,2022-06-01,2022,120,2032,lopend,(Behandel)technieken,Pink Ribbon,False,False,https://www.kwf.nl/onderzoek/onderzoeksdatabase/descartes-studie-het-achterwege-laten-van-bestraling-bij-borstkanker
13771,13771,Reinductie van opname van radioactief jodium door digoxine bij metastatisch of lokaal gevorderd niet-medullair schildkliercarcinoom,prof. dr. Romana Netea-Maier,Radboudumc,138387.0,2022-07-01,2022,18,2024,afgerond,Medicijnen,,False,False,https://www.kwf.nl/onderzoek/onderzoeksdatabase/reinductie-van-opname-van-radioactief-jodium-door-digoxine-bij
13774,13774,Een uitgebreide meerledige karakterisering van intratumorale heterogeniteit in pancreas ductaal adenocarcinoom,dr. Yongsoo Kim,Amsterdam UMC Research BV,605463.0,2022-09-01,2022,56,2027,lopend,Basaal/fundamenteel onderzoek,Gerichte Gift,False,False,https://www.kwf.nl/onderzoek/onderzoeksdatabase/een-uitgebreide-meerledige-karakterisering-van-intratumorale
13785,13785,Ontwikkeling van MRI technieken ter ondersteuning van gepersonaliseerde behandelingen van slokdarmkanker,dr. Oliver Gurney-Champion,Amsterdam UMC Research BV,598365.0,2022-07-01,2022,52,2026,lopend,Beeldvormende technieken,Gerichte Gift,False,False,https://www.kwf.nl/onderzoek/onderzoeksdatabase/ontwikkeling-van-mri-technieken-ter-ondersteuning-van
13803,13803,Evaluatie van een verkort MRI protocol voor screening op leverkanker bij hoog risico patiënten,dr. Roy Dwarkasing,Erasmus MC Rotterdam,600000.0,2022-06-01,2022,60,2027,lopend,Beeldvormende technieken,,False,False,https://www.kwf.nl/onderzoek/onderzoeksdatabase/evaluatie-van-een-verkort-mri-protocol-voor-screening-op-leverkanker
13820,13820,DIRECT-2: DIeet REstrictie als een toevoeging bij ChemoTherapie voor patienten met borstkanker,prof.dr. Judith Kroep,LUMC Leiden,266023.0,2022-06-01,2022,60,2027,voortijdig beëindigd,Leefstijl en omgevingsfactoren,,False,False,https://www.kwf.nl/onderzoek/onderzoeksdatabase/direct-2-dieet-restrictie-als-een-toevoeging-bij-chemotherapie-voor
13830,13830,De sleutel vinden om oncogene RAS-mutanten te inactiveren,dr. Alan Gerber,Amsterdam UMC (locatie VUmc),156102.0,2022-09-01,2022,18,2024,afgerond,Basaal/fundamenteel onderzoek,Alpe d'HuZes,False,False,https://www.kwf.nl/onderzoek/onderzoeksdatabase/de-sleutel-vinden-om-oncogene-ras-mutanten-te-inactiveren
13856,13856,Een prospectieve gerandomiseerde studie tussen gehypofractioneerde radiotherapie in 5 bestralingen met extra hoge dosis of standaardbehandeling met 20 bestralingen,dr. Floris Pos,Antoni van Leeuwenhoek / Nederlands Kanker Instituut,1033600.0,2022-12-01,2022,120,2032,lopend,(Behandel)technieken,Alpe d'HuZes,False,False,https://www.kwf.nl/onderzoek/onderzoeksdatabase/een-prospectieve-gerandomiseerde-studie-tussen-gehypofractioneerde
13864,13864,Identificatie van nieuwe therapeutische targets en farmacologische remmers die resulteren in een betere behandeling voor multipel myeloom patiënten,dr. Marcel Spaargaren,Amsterdam UMC Research BV,696062.0,2022-10-01,2022,48,2026,lopend,Medicijnen,Gerichte Gift,False,False,https://www.kwf.nl/onderzoek/onderzoeksdatabase/identificatie-van-nieuwe-therapeutische-targets-en-farmacologische
13876,13876,DARE-NL: Een Nederlands platform voor academisch onderzoek en ontwikkeling van cel- en gentherapieën tegen kanker.,dr. ir. Trudy Straetemans,UMC Utrecht,5350750.0,2022-09-01,2022,60,2027,lopend,Infrastructuur,Gerichte Gift,False,False,https://www.kwf.nl/onderzoek/onderzoeksdatabase/dare-nl-een-nederlands-platform-voor-academisch-onderzoek-en
13878,13878,Het onderzoeken van heterogeniteit van ribosomen in modellen van kanker,dr. William Faller,Antoni van Leeuwenhoek / Nederlands Kanker Instituut,629002.0,2022-02-01,2022,36,2025,afgerond,Basaal/fundamenteel onderzoek,,False,False,https://www.kwf.nl/onderzoek/onderzoeksdatabase/het-onderzoeken-van-heterogeniteit-van-ribosomen-in-modellen-van
13896,13896,Onderzoek naar blootstelling aan gewasbeschermingsmiddelen en het risico op borstkanker bij vrouwen in een internationaal consortium van agrarische cohorten (AGRICOH),prof. dr. ir. Hans Kromhout,Universiteit Utrecht,502931.0,2022-07-01,2022,42,2026,afgerond,Leefstijl en omgevingsfactoren,Gerichte Gift,False,False,https://www.kwf.nl/onderzoek/onderzoeksdatabase/onderzoek-naar-blootstelling-aan-gewasbeschermingsmiddelen-en-het
13905,13905,Het tot stand brengen van MUSIC (mutatie signatuur catalogus) voor DNA dubbelstrengs breuken,prof. dr. Marcel Tijsterman,LUMC Leiden,189664.0,2022-01-01,2022,18,2023,afgerond,Basaal/fundamenteel onderzoek,Alpe d'HuZes,False,False,https://www.kwf.nl/onderzoek/onderzoeksdatabase/het-tot-stand-brengen-van-music-mutatie-signatuur-catalogus-voor-dna
13915,13915,Typering van het humane peritoneale immuunsysteem om nieuwe immuun-modulerende therapie te ontwikkelen voor peritoneaal gemetastaseerde dikke darmkanker,dr. Joep Grootjans,Amsterdam UMC Research BV,584925.0,2022-06-01,2022,48,2026,afgerond,Basaal/fundamenteel onderzoek,Alpe d'HuZes,False,False,https://www.kwf.nl/onderzoek/onderzoeksdatabase/typering-van-het-humane-peritoneale-immuunsysteem-om-nieuwe-immuun
13923,13923,De rol van de botmatrix eiwitten in het herstel van multiple myeloom geïnduceerde botafbraak,dr. Richard Groen,Amsterdam UMC Research BV,648845.0,2022-09-01,2022,60,2027,lopend,Medicijnen,,False,False,https://www.kwf.nl/onderzoek/onderzoeksdatabase/de-rol-van-de-botmatrix-eiwitten-in-het-herstel-van-multiple-myeloom
13972,13972,Naar een optimale behandeling van gelijktijdig voorkomende klachten van patiënten met gevorderde kanker in een palliatief traject,prof. dr. An Reyners,UMC Groningen,293002.0,2022-10-01,2022,21,2024,afgerond,Kwaliteit van Leven/Zorg,,False,True,https://www.kwf.nl/onderzoek/onderzoeksdatabase/naar-een-optimale-behandeling-van-gelijktijdig-voorkomende-klachten
13978,13978,Translationele opregulatie van C/EBPβ-LIP in Triple-Negatieve Borstkanker (TNBC) en haar rol in de ontwijking van tumorafweer.,prof. dr. Cornelis Calkhoven,UMC Groningen,661825.0,2022-07-01,2022,50,2026,afgerond,Basaal/fundamenteel onderzoek,,False,False,https://www.kwf.nl/onderzoek/onderzoeksdatabase/translationele-opregulatie-van-cebpb-lip-in-triple-negatieve
14002,14002,Het verbeteren van de tumor respons evaluatie bij darmkanker patiënten met uitzaaiingen in de lever met behulp van kunstmatige intelligentie,prof. dr. Geert Kazemier,Amsterdam UMC Research BV,681869.0,2022-02-01,2022,59,2027,lopend,Beeldvormende technieken,,False,False,https://www.kwf.nl/onderzoek/onderzoeksdatabase/het-verbeteren-van-de-tumor-respons-evaluatie-bij-darmkanker-patienten
14018,14018,Versterken van immuuntherapie bij prostaatkanker met oncolytische virussen,dr. Gabri van der Pluijm,LUMC Leiden,670154.0,2022-04-01,2022,54,2026,lopend,Immunotherapie,Gerichte Gift,False,False,https://www.kwf.nl/onderzoek/onderzoeksdatabase/versterken-van-immuuntherapie-bij-prostaatkanker-met-oncolytische
14028,14028,"De volgende stap in de preventie van roken: het verminderen van het aantal verkooppunten van tabak, een uitgebreide beleidsevaluatie",dr. Margot Leegwater,IVO Research Institute,536925.0,2022-04-01,2022,48,2026,afgerond,Leefstijl en omgevingsfactoren,,False,False,https://www.kwf.nl/onderzoek/onderzoeksdatabase/de-volgende-stap-in-de-preventie-van-roken-het-verminderen-van-het
14032,14032,Verbetering van de individuele risico-inschatting op lymfeklier uitzaaiingen bij baarmoederkanker.,prof.dr. Johanna Pijnenborg,Radboudumc,471279.0,2022-03-01,2022,78,2028,lopend,Biomarkers,Gerichte Gift,False,True,https://www.kwf.nl/onderzoek/onderzoeksdatabase/verbetering-van-de-individuele-risico-inschatting-op-lymfeklier
14036,14036,Gebruik van kunstmatige intelligentie om overbehandeling van DCIS tegen te gaan.,prof. dr. Jelle Wesseling,Antoni van Leeuwenhoek / Nederlands Kanker Instituut,609489.0,2022-05-01,2022,48,2026,afgerond,Biomarkers,Gerichte Gift,False,False,https://www.kwf.nl/onderzoek/onderzoeksdatabase/gebruik-van-kunstmatige-intelligentie-om-overbehandeling-van-dcis
14055,14055,REFINE-studie: pre-operatieve verfijning van lymfeklierstadiëring bij klierpositieve borstkankerpatiënten behandeld met neoadjuvante systemische therapie,dr. Thiemo van Nijnatten,Universiteit Maastricht,528279.0,2022-07-01,2022,48,2026,afgerond,Beeldvormende technieken,Pink Ribbon,False,False,https://www.kwf.nl/onderzoek/onderzoeksdatabase/refine-studie-pre-operatieve-verfijning-van-lymfeklierstadiering-bij
14078,14078,Begrijpen hoe cellulaire veroudering bijdraagt ​​aan het seksuele dimorfisme van hepatocellulaire carcinomen,prof. dr. Marco Demaria,UMC Groningen,786825.0,2022-07-01,2022,54,2027,lopend,Basaal/fundamenteel onderzoek,,False,False,https://www.kwf.nl/onderzoek/onderzoeksdatabase/begrijpen-hoe-cellulaire-veroudering-bijdraagt-aan-het-seksuele
14093,14093,Ontwikkeling van een liposomaal vaccin dat leidt tot optimale activatie van lever killer T cellen en eliminatie van lever kanker,prof.dr. Joke den Haan,Amsterdam UMC Research BV,752391.0,2022-06-01,2022,48,2026,afgerond,Immunotherapie,Gerichte Gift,False,False,https://www.kwf.nl/onderzoek/onderzoeksdatabase/ontwikkeling-van-een-liposomaal-vaccin-dat-leidt-tot-optimale
14102,14102,Lokale lymfoïde weefsels bewapenen om de werkzaamheid van immuuntherapie voor niet-kleincellig longkanker te vergroten,dr. Marieke Fransen,Amsterdam UMC Research BV,765118.0,2022-01-01,2022,48,2026,afgerond,Immunotherapie,Gerichte Gift,False,False,https://www.kwf.nl/onderzoek/onderzoeksdatabase/lokale-lymfoide-weefsels-bewapenen-om-de-werkzaamheid-van
14106,14106,Landelijk implementatieprogramma voor optimale multidisciplinaire behandeling en resectie van lokaal gevorderd alvleesklierkanker (PREOPANC-4),prof. dr. Marc Besselink,Amsterdam UMC Research BV,540747.0,2022-07-01,2022,60,2027,lopend,(Behandel)technieken,,False,False,https://www.kwf.nl/onderzoek/onderzoeksdatabase/landelijk-implementatieprogramma-voor-optimale-multidisciplinaire
14109,14109,Detectie en stadiering van schildwachtklieren bij vroeg-stadium mondholtekanker met behulp van superparamagnetische ijzeroxide nanopartikels,prof. dr. Remco de Bree,UMC Utrecht,581966.0,2022-05-01,2022,60,2027,lopend,Beeldvormende technieken,Alpe d'HuZes,False,False,https://www.kwf.nl/onderzoek/onderzoeksdatabase/detectie-en-stadiering-van-schildwachtklieren-bij-vroeg-stadium
14113,14113,AMARA: Snelle en nauwkeurige risicostratificatie van longnodulen door middel van kunstmatige intelligentie,dr. ir. Colin Jacobs,Radboudumc,541448.0,2022-08-01,2022,48,2026,afgerond,Beeldvormende technieken,Gerichte Gift,False,False,https://www.kwf.nl/onderzoek/onderzoeksdatabase/amara-snelle-en-nauwkeurige-risicostratificatie-van-longnodulen-door
14121,14121,Fase-1 studie ter onderzoek van de optimale dosering van FA-ICG als hulpmiddel bij de operatieve verwijdering van het maligne glioom,dr. Laura Mezzanotte,Erasmus MC Rotterdam,642065.0,2022-06-01,2022,48,2026,voortijdig beëindigd,(Behandel)technieken,,False,False,https://www.kwf.nl/onderzoek/onderzoeksdatabase/fase-1-studie-ter-onderzoek-van-de-optimale-dosering-van-fa-icg-als
14129,14129,[18F]Tetrafluorobuorate (TFB) PET/CT voor detectie van schildklierkanker,prof. dr. Frederik Verburg,Erasmus MC Rotterdam,537626.0,2022-06-01,2022,72,2028,lopend,Beeldvormende technieken,Alpe d'HuZes,False,False,https://www.kwf.nl/onderzoek/onderzoeksdatabase/18ftetrafluorobuorate-tfb-petct-voor-detectie-van-schildklierkanker
14135,14135,Avanceren van T-cel therapieën voor patiënten met een diffuus glioom door middel van een 3D imaging en RNA-analyse platform,dr. Florijn Dekkers,Prinses Máxima Centrum voor kinderoncologie,615225.0,2022-06-01,2022,48,2026,voortijdig beëindigd,Immunotherapie,,False,False,https://www.kwf.nl/onderzoek/onderzoeksdatabase/avanceren-van-t-cel-therapieen-voor-patienten-met-een-diffuus-glioom
14142,14142,Karakterisering van tumor-infiltrerende B cellen in mondholtetumoren,dr. Rieneke van de Ven,Amsterdam UMC Research BV,779055.0,2022-06-01,2022,48,2026,afgerond,Basaal/fundamenteel onderzoek,,False,False,https://www.kwf.nl/onderzoek/onderzoeksdatabase/karakterisering-van-tumor-infiltrerende-b-cellen-in-mondholtetumoren
14148,14148,De CDK6 cascade: een target voor therapeutische interventie van osteosarcoom?,dr. Paul Krimpenfort,Antoni van Leeuwenhoek / Nederlands Kanker Instituut,820703.0,2023-01-01,2023,48,2027,lopend,Basaal/fundamenteel onderzoek,Gerichte Gift,False,False,https://www.kwf.nl/onderzoek/onderzoeksdatabase/de-cdk6-cascade-een-target-voor-therapeutische-interventie-van
14182,14182,Verbetering van behandeling en uitkomsten van dunne darm adenocarcinoom patiënten middels klinische en moleculaire data: een landelijke prospectieve cohort studie,dr. Dirkje Sommeijer,Amsterdam UMC Research BV,894148.0,2022-05-01,2022,48,2026,afgerond,Biomarkers,Gerichte Gift,False,False,https://www.kwf.nl/onderzoek/onderzoeksdatabase/verbetering-van-behandeling-en-uitkomsten-van-dunne-darm
14187,14187,Herkennen en karakteriseren van tumorcellen in het bloed van patiënten met een T-cel lymfoom van de huid,prof. dr. Maarten Vermeer,LUMC Leiden,670880.0,2022-06-01,2022,48,2026,afgerond,Biomarkers,Alpe d'HuZes,False,False,https://www.kwf.nl/onderzoek/onderzoeksdatabase/herkennen-en-karakteriseren-van-tumorcellen-in-het-bloed-van-patienten
14189,14189,Vergeet roken: het wissen van rookgeheugen in de strijd tegen kanker,prof. dr. Taco De Vries,Amsterdam UMC Research BV,133042.0,2022-04-01,2022,18,2023,afgerond,Leefstijl en omgevingsfactoren,,False,False,https://www.kwf.nl/onderzoek/onderzoeksdatabase/vergeet-roken-het-wissen-van-rookgeheugen-in-de-strijd-tegen-kanker
14200,14200,Een nieuwe technologie om de verborgen identiteit van kankercellen te ontmaskeren en bestrijden die helpt bij het ontsnappen aan chemotherapie.,dr. Menno Creyghton,Erasmus MC Rotterdam,302246.0,2022-07-01,2022,30,2025,afgerond,Basaal/fundamenteel onderzoek,Gerichte Gift,False,False,https://www.kwf.nl/onderzoek/onderzoeksdatabase/een-nieuwe-technologie-om-de-verborgen-identiteit-van-kankercellen-te
14207,14207,Ontwikkeling van een beoordelingsinstrument om chirurgische kwaliteit te waarborgen in kwaliteitsregistraties en observationele studies; met de slokdarmresectie als casestudie,dr. Suzanne Gisbertz,Amsterdam UMC Research BV,354415.0,2022-09-01,2022,57,2027,lopend,Kwaliteit van Leven/Zorg,,False,False,https://www.kwf.nl/onderzoek/onderzoeksdatabase/ontwikkeling-van-een-beoordelingsinstrument-om-chirurgische-kwaliteit
14225,14225,EPITOME: elesclomol als potentiële behandeling bij uitzaaiingen in het buikvlies,prof.dr. Maarten Bijlsma,Amsterdam UMC Research BV,348436.0,2022-05-01,2022,30,2024,afgerond,Basaal/fundamenteel onderzoek,Health~Holland,False,False,https://www.kwf.nl/onderzoek/onderzoeksdatabase/epitome-elesclomol-als-potentiele-behandeling-bij-uitzaaiingen-in-het
14242,14242,Radionucliden therapie van kankers met radioactief gemerkte PARP remmers,dr. Bart Cornelissen,UMC Groningen,675112.0,2022-10-01,2022,39,2026,afgerond,Medicijnen,Gerichte Gift,False,False,https://www.kwf.nl/onderzoek/onderzoeksdatabase/radionucliden-therapie-van-kankers-met-radioactief-gemerkte-parp
14244,14244,"ImmuunTHerapie in CervixCArcinoom (ITHACA): veiligheid, toxiciteit en immunologisch effect van peritumoraal geïnjecteerde nivolumab en ipilimumab bij patiënten met vroeg-stadium baarmoederhalskanker",dr. Constantijne Mom,Amsterdam UMC Research BV,697184.0,2023-10-01,2023,49,2027,lopend,Immunotherapie,Gerichte Gift,False,False,https://www.kwf.nl/onderzoek/onderzoeksdatabase/immuuntherapie-in-cervixcarcinoom-ithaca-veiligheid-toxiciteit-en
14251,14251,"Minder praktijkvariatie, meer optimale zorg: Hoe implementeer je een verbeter-dashboard voor de zorg rondom longkanker operaties in de praktijk?",dr. Geertruid Marres,Albert Schweitzer Ziekenhuis,478489.0,2023-06-01,2023,43,2027,lopend,Kwaliteit van Leven/Zorg,Gerichte Gift,False,False,https://www.kwf.nl/onderzoek/onderzoeksdatabase/minder-praktijkvariatie-meer-optimale-zorg-hoe-implementeer-je-een
14253,14253,De inzet van methionine depletie bij de behandeling van leukemie met MLL herschikkingen,dr. Frank van Leeuwen,Prinses Máxima Centrum voor kinderoncologie,620431.0,2022-12-01,2022,48,2026,lopend,Medicijnen,Gerichte Gift,False,False,https://www.kwf.nl/onderzoek/onderzoeksdatabase/de-inzet-van-methionine-depletie-bij-de-behandeling-van-leukemie-met
14259,14259,Minder bijwerkingen door meer kennis over een optimale behandeling bij moderne gehypofractioneerde radiotherapie voor prostaatkanker,dr. Wilma Heemsbergen,Erasmus MC Rotterdam,309064.0,2022-12-01,2022,48,2026,lopend,Kwaliteit van Leven/Zorg,Gerichte Gift,False,False,https://www.kwf.nl/onderzoek/onderzoeksdatabase/minder-bijwerkingen-door-meer-kennis-over-een-optimale-behandeling-bij
14263,14263,BOB1-TCR gentherapie voor behandeling van multipel myeloomziekte van Kahler,prof.dr. Mirjam Heemskerk,LUMC Leiden,2291210.0,2023-09-01,2023,60,2028,lopend,Immunotherapie,,False,False,https://www.kwf.nl/onderzoek/onderzoeksdatabase/bob1-tcr-gentherapie-voor-behandeling-van-multipel-myeloomziekte-van
14288,14288,Communicatie van getalsmatige uitkomstinformatie aan patiënten met lage gezondheidsvaardigheden/numerieke vaardigheden,dr. Olga Damman,Amsterdam UMC Research BV,738058.0,2022-12-01,2022,48,2026,lopend,Kwaliteit van Leven/Zorg,,False,False,https://www.kwf.nl/onderzoek/onderzoeksdatabase/communicatie-van-getalsmatige-uitkomstinformatie-aan-patienten-met
14290,14290,Fase I/II studie naar het gebruik van anti-GD2-IRDye800CW voor tumor-specifieke fluorescentie geleide chirurgie bij kinderen met een neuroblastoom.,dr. Lideke van der Steeg,Prinses Máxima Centrum voor kinderoncologie,478940.0,2023-03-01,2023,48,2027,lopend,(Behandel)technieken,Gerichte Gift,False,False,https://www.kwf.nl/onderzoek/onderzoeksdatabase/fase-iii-studie-naar-het-gebruik-van-anti-gd2-irdye800cw-voor-tumor
14294,14294,De VENUS studie: met een ziektemerkertest naar een betere (meer gerichte) behandeling voor vrouwen met voorstadia van vulvakanker,dr. Maaike Bleeker,Amsterdam UMC Research BV,503840.0,2023-01-01,2023,48,2027,lopend,Biomarkers,,False,False,https://www.kwf.nl/onderzoek/onderzoeksdatabase/de-venus-studie-met-een-ziektemerkertest-naar-een-betere-meer-gerichte
14299,14299,Neoadjuvante chemotherapie versus chemoradiatie als behandeling van lokaal gevorderd vulvacarcinoom (VULCANize2),prof. dr. Frédéric Amant,Antoni van Leeuwenhoek / Nederlands Kanker Instituut,983614.0,2022-11-01,2022,72,2028,afgerond,Medicijnen,,False,False,https://www.kwf.nl/onderzoek/onderzoeksdatabase/neoadjuvante-chemotherapie-versus-chemoradiatie-als-behandeling-van
14303,14303,Predictie modellen ter verbetering van radiotherapieplan en -techniek keuze kunnen de kans op complicaties verminderen na radiotherapie bij slokdarmkankerpatiënten.,dr. Christina Muijs,UMC Groningen,1051760.0,2023-02-01,2023,72,2029,lopend,Kwaliteit van Leven/Zorg,Gerichte Gift,False,False,https://www.kwf.nl/onderzoek/onderzoeksdatabase/predictie-modellen-ter-verbetering-van-radiotherapieplan-en-techniek
14304,14304,FDG-PET/CT ter vermindering van het aantal schildwachtklierprocedures bij vroeg stadium mondholtecarcinomen,prof. dr. Remco de Bree,UMC Utrecht,517023.0,2022-12-01,2022,48,2026,lopend,Beeldvormende technieken,,False,False,https://www.kwf.nl/onderzoek/onderzoeksdatabase/fdg-petct-ter-vermindering-van-het-aantal-schildwachtklierprocedures
14333,14333,"Kosteneffectiviteit van de online MiLES interventie gericht op werkgevers, om succesvolle werkhervatting van (ex-)kankerpatiënten te bevorderen",dr. Michiel Greidanus,Amsterdam UMC Research BV,463349.0,2023-01-01,2023,46,2026,lopend,Kwaliteit van Leven/Zorg,Gerichte Gift,False,False,https://www.kwf.nl/onderzoek/onderzoeksdatabase/kosteneffectiviteit-van-de-online-miles-interventie-gericht-op
14338,14338,Gepersonaliseerde radiotherapie voor hoog-risico prostaatkanker: van FLAME naar hypo-FLAME.,prof. dr. Uulke van der Heide,Antoni van Leeuwenhoek / Nederlands Kanker Instituut,302204.0,2022-11-01,2022,38,2026,afgerond,(Behandel)technieken,Gerichte Gift,False,False,https://www.kwf.nl/onderzoek/onderzoeksdatabase/gepersonaliseerde-radiotherapie-voor-hoog-risico-prostaatkanker-van
14339,14339,Aangeboren afweer als behandeling voor tumoren die niet goed reageren op immuuntherapie,prof. dr. Sjoerd van der Burg,LUMC Leiden,3369130.0,2022-09-01,2022,60,2027,lopend,Basaal/fundamenteel onderzoek,,False,False,https://www.kwf.nl/onderzoek/onderzoeksdatabase/aangeboren-afweer-als-behandeling-voor-tumoren-die-niet-goed-reageren
14343,14343,Verbeterde kwaliteit van chirurgie door multimodale beeldvorming bij endeldarm- en alvleesklierkanker patiënten?,prof. dr. Hans de Wilt,Radboudumc,208915.0,2023-05-01,2023,36,2026,afgerond,(Behandel)technieken,,False,False,https://www.kwf.nl/onderzoek/onderzoeksdatabase/verbeterde-kwaliteit-van-chirurgie-door-multimodale-beeldvorming-bij
14352,14352,NK cellen voor klinisch gebruik (in borstkanker),prof. dr. Gerard Bos,Universiteit Maastricht,1481500.0,2021-11-01,2021,41,2025,afgerond,Immunotherapie,Health~Holland,False,False,https://www.kwf.nl/onderzoek/onderzoeksdatabase/nk-cellen-voor-klinisch-gebruik-in-borstkanker
14362,14362,Richting nazorg op maat bij longkankerpatiënten.,dr. Iris Walraven,Radboudumc,552036.0,2023-02-01,2023,48,2027,lopend,Kwaliteit van Leven/Zorg,Gerichte Gift,False,False,https://www.kwf.nl/onderzoek/onderzoeksdatabase/richting-nazorg-op-maat-bij-longkankerpatienten
14364,14364,"COCOON studie: Modelleren van de dynamische interactie tussen fibroblasten, tumor cellen en de extracellulaire matrix in galwegkanker.",dr. Monique Verstegen,Erasmus MC Rotterdam,198480.0,2023-02-01,2023,24,2025,afgerond,Basaal/fundamenteel onderzoek,Gerichte Gift,False,False,https://www.kwf.nl/onderzoek/onderzoeksdatabase/cocoon-studie-modelleren-van-de-dynamische-interactie-tussen
14373,14373,OLIPEC; curatieve behandeling voor patiënten met peritoneale en beperkte lever en/of long metastasen door combinatie chemotherapie en metastasebehandeling en HIPEC,prof.dr. Jurriaan Tuynman,Amsterdam UMC Research BV,494987.0,2023-02-01,2023,60,2028,lopend,(Behandel)technieken,,False,False,https://www.kwf.nl/onderzoek/onderzoeksdatabase/olipec-curatieve-behandeling-voor-patienten-met-peritoneale-en
14374,14374,De familie van BCL-2 eiwitten als therapeutisch target in de preventie en behandeling van darmkanker,prof. dr. Jan Paul Medema,Amsterdam UMC,751882.0,2022-10-01,2022,53,2027,lopend,Basaal/fundamenteel onderzoek,,False,False,https://www.kwf.nl/onderzoek/onderzoeksdatabase/de-familie-van-bcl-2-eiwitten-als-therapeutisch-target-in-de-preventie
14384,14384,Verbeteren van adequate chirurgische tumorverwijdering door middel van 7T MRI van het weefselpreparaat bij mondholtekanker.,dr. ir. Marielle Philippens,UMC Utrecht,763148.0,2022-12-01,2022,60,2027,lopend,Beeldvormende technieken,,False,False,https://www.kwf.nl/onderzoek/onderzoeksdatabase/verbeteren-van-adequate-chirurgische-tumorverwijdering-door-middel-van
14388,14388,Ontwikkeling van nieuwe behandelstrategieën voor patiënten met slokdarmkanker met behulp van hoge-precisie MRI-gestuurde radiotherapie,dr. Stella Mook,UMC Utrecht,744676.0,2023-06-01,2023,48,2027,lopend,(Behandel)technieken,Alpe d'HuZes,False,False,https://www.kwf.nl/onderzoek/onderzoeksdatabase/ontwikkeling-van-nieuwe-behandelstrategieen-voor-patienten-met
14392,14392,Detectie van schildwachtklieren bij vroeg-stadium mondholtekanker met behulp van [68Ga]Ga-tilmanocept PET/CT lymfoscintigrafie,prof. dr. Remco de Bree,UMC Utrecht,602680.0,2022-12-01,2022,48,2026,lopend,Beeldvormende technieken,,False,False,https://www.kwf.nl/onderzoek/onderzoeksdatabase/detectie-van-schildwachtklieren-bij-vroeg-stadium-mondholtekanker-met
14408,14408,CART-T (Pacman) studie,dr. Friso Calkoen,Prinses Máxima Centrum voor kinderoncologie,1758120.0,2025-05-01,2025,48,2029,lopend,Immunotherapie,Gerichte Gift,False,False,https://www.kwf.nl/onderzoek/onderzoeksdatabase/cart-t-pacman-studie
14413,14413,CODED: Gecontroleerde afgifte van geneesmiddelen bij de hersentumor glioblastoom,prof. dr. Raymond Schiffelers,UMC Utrecht,594314.0,2022-04-01,2022,36,2025,afgerond,Basaal/fundamenteel onderzoek,Health~Holland,False,False,https://www.kwf.nl/onderzoek/onderzoeksdatabase/coded-gecontroleerde-afgifte-van-geneesmiddelen-bij-de-hersentumor
14425,14425,Een kankermedicijn maken - dat anders niet zou worden gemaakt - voor recidiverende kankerpatiënten,prof. dr. Jacques Neefjes,LUMC Leiden,1156440.0,2022-08-01,2022,26,2024,afgerond,Medicijnen,,False,False,https://www.kwf.nl/onderzoek/onderzoeksdatabase/een-kankermedicijn-maken-dat-anders-niet-zou-worden-gemaakt-voor
14426,14426,"ENRICH: Verbetering van de werkzaamheid van radiotherapie om de zorg voor glioblastoompatiënten te verbeteren, gebruikmakend van de mitotische verrijkingshypothese",dr. Olaf van Tellingen,Antoni van Leeuwenhoek / Nederlands Kanker Instituut,2779080.0,2024-08-01,2024,48,2028,lopend,Medicijnen,Gerichte Gift,False,False,https://www.kwf.nl/onderzoek/onderzoeksdatabase/enrich-verbetering-van-de-werkzaamheid-van-radiotherapie-om-de-zorg
14449,14449,"KidnAI: Automatische detectie, segmentatie en classificatie van laesies in abdominale medische beeldvorming - naar een virtuele biopsie",dr. Henry Woodruff,Universiteit Maastricht,605281.0,2022-06-01,2022,55,2027,lopend,Beeldvormende technieken,,False,False,https://www.kwf.nl/onderzoek/onderzoeksdatabase/kidnai-automatische-detectie-segmentatie-en-classificatie-van-laesies
14450,14450,MEGAREx: Machine Enhanced GliomA REcurrence Detection,dr. Michiel Pegtel,Amsterdam UMC Research BV,631068.0,2023-05-01,2023,48,2027,lopend,Biomarkers,,False,False,https://www.kwf.nl/onderzoek/onderzoeksdatabase/megarex-machine-enhanced-glioma-recurrence-detection
14453,14453,Nanobody Frameshift kankervaccins (NanoFrames),prof.dr. Joke den Haan,Amsterdam UMC Research BV,175914.0,2023-03-01,2023,30,2025,voortijdig beëindigd,Immunotherapie,Health~Holland,False,False,https://www.kwf.nl/onderzoek/onderzoeksdatabase/nanobody-frameshift-kankervaccins-nanoframes
14459,14459,My-MAPS strategie om relapse in Multipel Myeloom te voorkomen.,dr. Marta Cuenca,UMC Utrecht,625509.0,2022-10-01,2022,54,2027,lopend,Basaal/fundamenteel onderzoek,,False,False,https://www.kwf.nl/onderzoek/onderzoeksdatabase/my-maps-strategie-om-relapse-in-multipel-myeloom-te-voorkomen
14462,14462,Metabole modellering gebruiken om nieuwe therapeutische doelen voor triple-negatieve borstkanker te identificeren,dr. T. (Rosemary) Yu,Radboud Universiteit,700134.0,2023-02-01,2023,51,2027,lopend,Basaal/fundamenteel onderzoek,Pink Ribbon,False,False,https://www.kwf.nl/onderzoek/onderzoeksdatabase/metabole-modellering-gebruiken-om-nieuwe-therapeutische-doelen-voor
14465,14465,Toetsen in de klinische praktijk van verbeterde bloedtest voor het meten van minimale restziekte bij patiënten met het multipel myeloom,dr. Joannes Jacobs,Radboudumc,348330.0,2022-07-01,2022,48,2026,afgerond,Biomarkers,,False,False,https://www.kwf.nl/onderzoek/onderzoeksdatabase/toetsen-in-de-klinische-praktijk-van-verbeterde-bloedtest-voor-het
14466,14466,Gebruik van spontane antilichaam responsen tegen tumoren als biomarker en versterker van anti-tumor immuunresponsen.,dr. Marieke Fransen,Amsterdam UMC Research BV,192450.0,2023-04-01,2023,22,2025,afgerond,Biomarkers,Gerichte Gift,False,False,https://www.kwf.nl/onderzoek/onderzoeksdatabase/gebruik-van-spontane-antilichaam-responsen-tegen-tumoren-als-biomarker
14469,14469,Optimalisatie en validatie van CIMRA- en ODMS-assays voor routinematig diagnostisch gebruik in de INVUSE consortium,prof. dr. Hein te Riele,Antoni van Leeuwenhoek / Nederlands Kanker Instituut,864690.0,2022-08-01,2022,36,2025,afgerond,Biomarkers,Gerichte Gift,False,False,https://www.kwf.nl/onderzoek/onderzoeksdatabase/optimalisatie-en-validatie-van-cimra-en-odms-assays-voor-routinematig
14479,14479,Epigenetische bewerking van T cellen voor verbetering van immuunceltherapie tegen kanker,prof. dr. Fred van Leeuwen,Antoni van Leeuwenhoek / Nederlands Kanker Instituut,709086.0,2023-01-01,2023,48,2027,lopend,Immunotherapie,Gerichte Gift,False,False,https://www.kwf.nl/onderzoek/onderzoeksdatabase/epigenetische-bewerking-van-t-cellen-voor-verbetering-van
14485,14485,FoCus: moleculaire beeldvorming met FAPI voor het diagnosticeren van het ongunstige CMS4 dikke darmkanker subtype,dr. Sjoerd Elias,UMC Utrecht,577739.0,2023-06-01,2023,54,2027,lopend,Beeldvormende technieken,,False,False,https://www.kwf.nl/onderzoek/onderzoeksdatabase/focus-moleculaire-beeldvorming-met-fapi-voor-het-diagnosticeren-van
14498,14498,De impact van tumor collageenstructuur op de regulatie van T cellen via LAIR-1,prof. dr. Linde Meyaard,UMC Utrecht,829408.0,2023-03-01,2023,56,2027,lopend,Basaal/fundamenteel onderzoek,Gerichte Gift,False,False,https://www.kwf.nl/onderzoek/onderzoeksdatabase/de-impact-van-tumor-collageenstructuur-op-de-regulatie-van-t-cellen
14500,14500,De klassieke conditionering van immunotherapie om kankerbehandelingen te verbeteren,dr. Kristiaan Lenos,Amsterdam UMC Research BV,163800.0,2022-11-01,2022,18,2024,afgerond,Immunotherapie,,False,False,https://www.kwf.nl/onderzoek/onderzoeksdatabase/de-klassieke-conditionering-van-immunotherapie-om-kankerbehandelingen
14502,14502,Glucosecontrole via een bihormonale kunstmatige alvleesklier bij patiënten na totaal pancreatectomie voor kanker (PANORAMA),prof. dr. Marc Besselink,Amsterdam UMC Research BV,359279.0,2022-07-01,2022,22,2024,afgerond,Kwaliteit van Leven/Zorg,Health~Holland,False,False,https://www.kwf.nl/onderzoek/onderzoeksdatabase/glucosecontrole-via-een-bihormonale-kunstmatige-alvleesklier-bij
14509,14509,Tumor hypoxie bepalen in het bloed via uitgescheiden membraanblaasjes.,dr. Anika Nagelkerke,Rijksuniversiteit Groningen,186180.0,2023-08-01,2023,24,2025,afgerond,Basaal/fundamenteel onderzoek,Alpe d'HuZes,False,False,https://www.kwf.nl/onderzoek/onderzoeksdatabase/tumor-hypoxie-bepalen-in-het-bloed-via-uitgescheiden-membraanblaasjes
14514,14514,Vervroegde cognitieve veroudering na chemotherapie voor borstkanker?,prof. dr. Sanne Schagen,Antoni van Leeuwenhoek / Nederlands Kanker Instituut,546680.0,2023-02-01,2023,58,2027,lopend,Kwaliteit van Leven/Zorg,,False,False,https://www.kwf.nl/onderzoek/onderzoeksdatabase/vervroegde-cognitieve-veroudering-na-chemotherapie-voor-borstkanker
14516,14516,Mechanistisch inzicht en therapeutische remming van immuun-evasie in triple-negatieve borstkanker,prof. dr. Jos Jonkers,Antoni van Leeuwenhoek / Nederlands Kanker Instituut,1022830.0,2023-01-01,2023,51,2027,lopend,Basaal/fundamenteel onderzoek,Gerichte Gift,False,False,https://www.kwf.nl/onderzoek/onderzoeksdatabase/mechanistisch-inzicht-en-therapeutische-remming-van-immuun-evasie-in
14528,14528,Menselijke genen die kritisch betrokken zijn bij de bescherming tegen metabolisch geïnduceerde oxidatieve stress.,dr. Josephine Dorsman,Amsterdam UMC Research BV,158696.0,2023-06-01,2023,15,2024,afgerond,Basaal/fundamenteel onderzoek,,False,False,https://www.kwf.nl/onderzoek/onderzoeksdatabase/menselijke-genen-die-kritisch-betrokken-zijn-bij-de-bescherming-tegen
14529,14529,Dubbele Minuscule Chromosomen: kleine structuren maar mogelijk een grote zwakte voor kankercellen?,prof. dr. René Medema,Prinses Máxima Centrum voor kinderoncologie,558789.0,2022-11-01,2022,48,2026,lopend,Basaal/fundamenteel onderzoek,Gerichte Gift,False,False,https://www.kwf.nl/onderzoek/onderzoeksdatabase/dubbele-minuscule-chromosomen-kleine-structuren-maar-mogelijk-een
14530,14530,Het ontmaskeren en verstoren van de metabole symbiose tussen macrofagen en tumorcellen in GBM,prof.dr. Leila Akkari,Antoni van Leeuwenhoek / Nederlands Kanker Instituut,679849.0,2022-09-01,2022,48,2026,afgerond,Basaal/fundamenteel onderzoek,Alpe d'HuZes,False,False,https://www.kwf.nl/onderzoek/onderzoeksdatabase/het-ontmaskeren-en-verstoren-van-de-metabole-symbiose-tussen
14541,14541,Ontwikkelen en karakteriseren van een muizenmodel voor de zeldzame kindertumor neuroblastoom,prof.dr. Lieve (GAM) Tytgat,Prinses Máxima Centrum voor kinderoncologie,246173.0,2023-09-01,2023,21,2025,afgerond,Immunotherapie,Gerichte Gift,False,False,https://www.kwf.nl/onderzoek/onderzoeksdatabase/ontwikkelen-en-karakteriseren-van-een-muizenmodel-voor-de-zeldzame
14546,14546,Cycline-afhankelijke kinases die transcriptie moduleren als geneesmiddeltargets voor borstkanker.,prof. dr. Bob van de Water,Universiteit Leiden,716342.0,2023-02-01,2023,48,2027,lopend,Medicijnen,Gerichte Gift,False,False,https://www.kwf.nl/onderzoek/onderzoeksdatabase/cycline-afhankelijke-kinases-die-transcriptie-moduleren-als
14547,14547,Zich richten op cellulaire senescence om door anthracyclines geïnduceerde toxiciteit te verlichten,prof. dr. Marco Demaria,UMC Groningen,776028.0,2023-02-01,2023,54,2027,lopend,Basaal/fundamenteel onderzoek,,False,False,https://www.kwf.nl/onderzoek/onderzoeksdatabase/zich-richten-op-cellulaire-senescence-om-door-anthracyclines
14551,14551,De identificatie van therapieongevoeligheid bij borstkanker op het niveau van de individuele tumorcel: van primaire tumor tot metastase.,dr. Elzo de Wit,Antoni van Leeuwenhoek / Nederlands Kanker Instituut,674987.0,2023-08-01,2023,48,2027,lopend,Basaal/fundamenteel onderzoek,Pink Ribbon,False,False,https://www.kwf.nl/onderzoek/onderzoeksdatabase/de-identificatie-van-therapieongevoeligheid-bij-borstkanker-op-het
14558,14558,GENAYA: complete DNA-analyse voor jongvolwassenen met kanker,prof. dr. ir. Edwin Cuppen,Hartwig Medical Foundation (HMF),4451350.0,2022-04-01,2022,72,2028,lopend,Infrastructuur,Gerichte Gift,False,False,https://www.kwf.nl/onderzoek/onderzoeksdatabase/genaya-complete-dna-analyse-voor-jongvolwassenen-met-kanker
14559,14559,BlueBerry: opschaling en uitbreiding Europese registratie zeldzame kankers,dr. ir. Gijs Geleijnse,Integraal Kankercentrum Nederland (IKNL),1488450.0,2022-09-01,2022,24,2024,afgerond,Infrastructuur,,True,True,https://www.kwf.nl/onderzoek/onderzoeksdatabase/blueberry-opschaling-en-uitbreiding-europese-registratie-zeldzame
14576,14576,"Behandeling van peritoneaal gemetastaseerd maagcarcinoom met cytoreductieve chirurgie en hypertherme intraperitoneale chemotherapie, een multicenter gerandomiseerde fase III studie (PERISCOPE II).",dr. Johanna van Sandick,Antoni van Leeuwenhoek / Nederlands Kanker Instituut,416537.0,2023-07-01,2023,56,2028,lopend,(Behandel)technieken,,False,False,https://www.kwf.nl/onderzoek/onderzoeksdatabase/behandeling-van-peritoneaal-gemetastaseerd-maagcarcinoom-met
14595,14595,Barrières doorbreken met gericht ultrageluid en gecombineerde chemotherapie voor de behandeling van hooggradig glioom,dr. Dannis van Vuurden,Prinses Máxima Centrum voor kinderoncologie,737359.0,2023-07-01,2023,48,2027,lopend,Medicijnen,Alpe d'HuZes,False,False,https://www.kwf.nl/onderzoek/onderzoeksdatabase/barrieres-doorbreken-met-gericht-ultrageluid-en-gecombineerde
14596,14596,Nationale uitrol samen beslissen met keuzehulp longkanker,dr. Cornelia van Uden-Kraan,Santeon,653621.0,2023-05-01,2023,44,2027,lopend,Kwaliteit van Leven/Zorg,,False,False,https://www.kwf.nl/onderzoek/onderzoeksdatabase/nationale-uitrol-samen-beslissen-met-keuzehulp-longkanker
14601,14601,TRAP-2: biomarkeronderzoek naar de werkzaamheid van toevoeging van TRAstuzumab en Pertuzumab aan neoadjuvante chemoradiatie bij HER2 tot overexpressie brengend slokdarmadenocarcinoom,prof. dr. Hanneke van Laarhoven,Amsterdam UMC Research BV,1810350.0,2024-01-01,2024,72,2030,lopend,Biomarkers,Alpe d'HuZes,False,False,https://www.kwf.nl/onderzoek/onderzoeksdatabase/trap-2-biomarkeronderzoek-naar-de-werkzaamheid-van-toevoeging-van
14605,14605,"Herbestraling met en zonder hyperthermie na operatie: Bijwerkingen, kwaliteit van leven en overleving bij patiënten met terugkeer van borstkanker.",dr. Desirée van den Bongard,Amsterdam UMC Research BV,1004450.0,2023-11-01,2023,60,2028,lopend,(Behandel)technieken,Pink Ribbon,False,False,https://www.kwf.nl/onderzoek/onderzoeksdatabase/herbestraling-met-en-zonder-hyperthermie-na-operatie-bijwerkingen
14607,14607,Nieuwe T-cel receptoren om bloedkanker te behandelen na allogene stamceltransplantatie.,dr. Marieke Griffioen,LUMC Leiden,598796.0,2023-04-01,2023,40,2026,afgerond,Immunotherapie,,False,False,https://www.kwf.nl/onderzoek/onderzoeksdatabase/nieuwe-t-cel-receptoren-om-bloedkanker-te-behandelen-na-allogene
14610,14610,De FAPI PET scan: een nieuwe techniek om uitzaaiingen in de buikholte bij patiënten met darmkanker zichtbaar te maken,prof. dr. Onno Kranenburg,UMC Utrecht,383460.0,2023-06-01,2023,48,2027,lopend,Beeldvormende technieken,Gerichte Gift,False,False,https://www.kwf.nl/onderzoek/onderzoeksdatabase/de-fapi-pet-scan-een-nieuwe-techniek-om-uitzaaiingen-in-de-buikholte
14611,14611,Vruchtbaarheidssparende behandelingen bij jonge vrouwen met kanker,prof.dr. Christianne Lok,Antoni van Leeuwenhoek / Nederlands Kanker Instituut,559926.0,2023-04-01,2023,60,2028,lopend,Kwaliteit van Leven/Zorg,Gerichte Gift,False,False,https://www.kwf.nl/onderzoek/onderzoeksdatabase/vruchtbaarheidssparende-behandelingen-bij-jonge-vrouwen-met-kanker
14617,14617,Het ontwikkelen en testen van telehealth Acceptance Commitment Therapie voor psychologische distress bij patiënten met gevorderde kanker en langdurige behandeling,dr. Hanneke Poort,Radboudumc,577150.0,2023-08-01,2023,54,2028,lopend,Kwaliteit van Leven/Zorg,,False,False,https://www.kwf.nl/onderzoek/onderzoeksdatabase/het-ontwikkelen-en-testen-van-telehealth-acceptance-commitment
14618,14618,Richting klinische implementatie van nieuwe diagnostische methoden binnen de oncologische radiologie: een open-source web-platform voor klinische validatie studies.,dr. Doenja Lambregts,Antoni van Leeuwenhoek / Nederlands Kanker Instituut,575004.0,2023-06-01,2023,48,2027,lopend,Beeldvormende technieken,Gerichte Gift,False,False,https://www.kwf.nl/onderzoek/onderzoeksdatabase/richting-klinische-implementatie-van-nieuwe-diagnostische-methoden
14627,14627,De rol van FUT9 in de anti-tumor immuunactiviteit in dikkedarmkanker,dr. ing. Sandra van Vliet,Amsterdam UMC Research BV,545827.0,2023-06-01,2023,36,2026,afgerond,Basaal/fundamenteel onderzoek,,False,False,https://www.kwf.nl/onderzoek/onderzoeksdatabase/de-rol-van-fut9-in-de-anti-tumor-immuunactiviteit-in-dikkedarmkanker
14640,14640,Aanpakken van gebrekkige therapietrouw voor active surveillance bij patiënten met laag-risico prostaatkanker: ontrafelen van onderliggende determinanten en ontwikkelen van actieplannen.,prof. dr. Monique Roobol,Erasmus MC Rotterdam,522417.0,2023-09-01,2023,48,2027,lopend,(Behandel)technieken,Gerichte Gift,False,False,https://www.kwf.nl/onderzoek/onderzoeksdatabase/aanpakken-van-gebrekkige-therapietrouw-voor-active-surveillance-bij
14641,14641,Nieuwe behandelingen voor patiënten met agressieve lymfeklierkanker die de tumor-bevorderende functie van fibroblasten in de lymfeklier remmen,dr. Lotte de Winde,Amsterdam UMC Research BV,611400.0,2023-06-01,2023,48,2027,lopend,Basaal/fundamenteel onderzoek,Gerichte Gift,False,False,https://www.kwf.nl/onderzoek/onderzoeksdatabase/nieuwe-behandelingen-voor-patienten-met-agressieve-lymfeklierkanker
14642,14642,BRAINS - Bevacizumab voor cerebrale RAdiatie geInduceerde NecroSe - klinische respons en kosteneffectiviteit,dr. Dieta Brandsma,Antoni van Leeuwenhoek / Nederlands Kanker Instituut,2915640.0,2023-07-01,2023,72,2029,lopend,Kwaliteit van Leven/Zorg,,False,False,https://www.kwf.nl/onderzoek/onderzoeksdatabase/brains-bevacizumab-voor-cerebrale-radiatie-geinduceerde-necrose
14645,14645,Een gezinsgericht en gepersonaliseerd neuropsychologisch programma om het dagelijks functioneren van kinderen met hersentumoren te verbeteren,dr. Marita Partanen,Prinses Máxima Centrum voor kinderoncologie,643466.0,2023-07-01,2023,48,2027,lopend,Kwaliteit van Leven/Zorg,Gerichte Gift,False,False,https://www.kwf.nl/onderzoek/onderzoeksdatabase/een-gezinsgericht-en-gepersonaliseerd-neuropsychologisch-programma-om
14657,14657,Voorkómen van hartschade door anthracyclines in patiënten met lymfeklierkanker door middel van dexrazoxaan,dr. Anna van Rhenen,UMC Utrecht,1660430.0,2023-02-01,2023,60,2028,lopend,Kwaliteit van Leven/Zorg,,False,False,https://www.kwf.nl/onderzoek/onderzoeksdatabase/voorkomen-van-hartschade-door-anthracyclines-in-patienten-met
14659,14659,Zoeken naar medicijncombinaties om bestaande behandeling van moeilijk te bestrijden leukemie te verbeteren.,dr. Frank van Leeuwen,Prinses Máxima Centrum voor kinderoncologie,729598.0,2023-03-01,2023,48,2027,lopend,Basaal/fundamenteel onderzoek,Gerichte Gift,False,False,https://www.kwf.nl/onderzoek/onderzoeksdatabase/zoeken-naar-medicijncombinaties-om-bestaande-behandeling-van-moeilijk
14662,14662,Ontwikkeling een nieuwe radionuclidetherapie voor eierstokkanker op basis van het follikelstimulerend hormoon,dr. Inês Farinha Antunes,UMC Groningen,197756.0,2023-05-01,2023,24,2025,afgerond,(Behandel)technieken,Alpe d'HuZes,False,False,https://www.kwf.nl/onderzoek/onderzoeksdatabase/ontwikkeling-een-nieuwe-radionuclidetherapie-voor-eierstokkanker-op
14670,14670,Voorspellen van ongevoeligheid voor hormonale therapie in borstkanker op basis van een genexpressieprofiel voor PI3K/MAPK pathway activatie,prof. dr. Sabine Linn,Antoni van Leeuwenhoek / Nederlands Kanker Instituut,583290.0,2023-10-01,2023,48,2027,lopend,Biomarkers,Gerichte Gift,False,False,https://www.kwf.nl/onderzoek/onderzoeksdatabase/voorspellen-van-ongevoeligheid-voor-hormonale-therapie-in-borstkanker
14676,14676,Radiofrequente ablatie (RFA) van de galwegen voor kwaadaardige galwegobstructie bij patiënten met ongeneeslijke galwegkanker.,dr. Rogier Voermans,Amsterdam UMC (locatie AMC),444761.0,2023-02-01,2023,54,2027,lopend,Kwaliteit van Leven/Zorg,Gerichte Gift,False,False,https://www.kwf.nl/onderzoek/onderzoeksdatabase/radiofrequente-ablatie-rfa-van-de-galwegen-voor-kwaadaardige
14680,14680,Het PORSCH-2 project: duurzame ‘best practice behandeling’ na pancreasoperaties – een vervolg op de succesvolle PORSCH trial.,dr. Hjalmar van Santvoort,UMC Utrecht,231552.0,2023-06-01,2023,34,2026,afgerond,Kwaliteit van Leven/Zorg,,False,False,https://www.kwf.nl/onderzoek/onderzoeksdatabase/het-porsch-2-project-duurzame-best-practice-behandeling-na
14689,14689,Optimale complement gemedieerde tumor cel dood door het selectief inactiveren van complement remmers alleen op tumor cellen.,prof.dr. Leendert Trouw,LUMC Leiden,113824.0,2023-09-01,2023,14,2024,afgerond,Basaal/fundamenteel onderzoek,Alpe d'HuZes,False,False,https://www.kwf.nl/onderzoek/onderzoeksdatabase/optimale-complement-gemedieerde-tumor-cel-dood-door-het-selectief
14694,14694,[18F]F-FAPI PET/CT voor de identificatie van onbekende primaire tumoren,dr. Sophie Veldhuijzen van Zanten,Erasmus MC Rotterdam,686245.0,2023-04-01,2023,48,2027,lopend,Beeldvormende technieken,,False,False,https://www.kwf.nl/onderzoek/onderzoeksdatabase/18ff-fapi-petct-voor-de-identificatie-van-onbekende-primaire-tumoren
14697,14697,OPTIONS: Ondersteuning bij risicomanagement voor vrouwen met een hoog risico op borstkanker,prof. dr. Eveline Bleiker,Antoni van Leeuwenhoek / Nederlands Kanker Instituut,676572.0,2023-08-01,2023,50,2027,lopend,Kwaliteit van Leven/Zorg,Pink Ribbon,False,False,https://www.kwf.nl/onderzoek/onderzoeksdatabase/options-ondersteuning-bij-risicomanagement-voor-vrouwen-met-een-hoog
14701,14701,"De impact van nieuwe geavanceerde beeldvormingstechnieken op de diagnostiek, behandeling en uitkomsten van prostaatkanker",dr. Katja Aben,Integraal Kankercentrum Nederland (IKNL),558782.0,2023-08-01,2023,60,2028,lopend,Beeldvormende technieken,Gerichte Gift,True,True,https://www.kwf.nl/onderzoek/onderzoeksdatabase/de-impact-van-nieuwe-geavanceerde-beeldvormingstechnieken-op-de
14706,14706,Functionele gen-test om varianten in het CHEK2 gen te identificeren die het risico op borstkanker verhogen,prof. dr. Haico van Attikum,LUMC Leiden,726373.0,2023-05-01,2023,48,2027,lopend,Biomarkers,,False,False,https://www.kwf.nl/onderzoek/onderzoeksdatabase/functionele-gen-test-om-varianten-in-het-chek2-gen-te-identificeren
14707,14707,Het toedienen van injecties natriumthiosulfaat in het middenoor om permanent gehoorverlies te voorkomen bij kankerpatiënten behandeld met cisplatinum chemotherapie.,prof.dr. Charlotte (Lotje) Zuur,Antoni van Leeuwenhoek / Nederlands Kanker Instituut,776966.0,2023-03-01,2023,66,2028,lopend,Kwaliteit van Leven/Zorg,,False,False,https://www.kwf.nl/onderzoek/onderzoeksdatabase/het-toedienen-van-injecties-natriumthiosulfaat-in-het-middenoor-om
14708,14708,Het effect van een beweeg- en dieetinterventie op kwaliteit van leven bij patiënten met ongeneeslijke slokdarm- en maagkanker,prof. dr. Hanneke van Laarhoven,Amsterdam UMC Research BV,1047320.0,2023-10-01,2023,60,2028,lopend,Kwaliteit van Leven/Zorg,,False,False,https://www.kwf.nl/onderzoek/onderzoeksdatabase/het-effect-van-een-beweeg-en-dieetinterventie-op-kwaliteit-van-leven
14712,14712,CDK-afbraak als nieuw geneesmiddel voor de kinderkanker neuroblastoom,prof. dr. Jan Molenaar,Prinses Máxima Centrum voor kinderoncologie,720431.0,2024-01-01,2024,48,2028,lopend,Medicijnen,Gerichte Gift,False,False,https://www.kwf.nl/onderzoek/onderzoeksdatabase/cdk-afbraak-als-nieuw-geneesmiddel-voor-de-kinderkanker-neuroblastoom
14714,14714,"Holografische chirurgie voor kinderen met nierkanker, een haalbaarheidsstudie",prof. dr. Marc Wijnen,Prinses Máxima Centrum voor kinderoncologie,175007.0,2023-03-01,2023,36,2026,afgerond,(Behandel)technieken,,False,False,https://www.kwf.nl/onderzoek/onderzoeksdatabase/holografische-chirurgie-voor-kinderen-met-nierkanker-een
14719,14719,Psilocybine als behandeling voor chemotherapie-geïnduceerde zenuwpijn—de SPACE-PAIN pilot studie,prof.dr. Markus W Hollmann,Amsterdam UMC (locatie AMC),261386.0,2024-11-01,2024,30,2027,lopend,Kwaliteit van Leven/Zorg,Gerichte Gift,False,False,https://www.kwf.nl/onderzoek/onderzoeksdatabase/psilocybine-als-behandeling-voor-chemotherapie-geinduceerde-zenuwpijn
14726,14726,Verbetering immuuntherapie voor non-Hodgkin lymfoom,prof. dr. Annemiek van Spriel,Radboudumc,781664.0,2023-09-01,2023,48,2027,lopend,Basaal/fundamenteel onderzoek,,False,False,https://www.kwf.nl/onderzoek/onderzoeksdatabase/verbetering-immuuntherapie-voor-non-hodgkin-lymfoom
14728,14728,Vroege detectie van tumorprogressie met APT CEST MRI,dr. ir. Esther Warnert,Erasmus MC Rotterdam,781776.0,2023-10-01,2023,48,2027,lopend,Beeldvormende technieken,Gerichte Gift,False,False,https://www.kwf.nl/onderzoek/onderzoeksdatabase/vroege-detectie-van-tumorprogressie-met-apt-cest-mri
14736,14736,Verhogen van de stralingsgevoeligheid van glioblastomen door het stimuleren van de celcyclus en het vangen van cellen tijdens de celdeling,dr. Mark de Gooijer,Antoni van Leeuwenhoek / Nederlands Kanker Instituut,845916.0,2023-04-01,2023,48,2027,lopend,Medicijnen,Gerichte Gift,False,False,https://www.kwf.nl/onderzoek/onderzoeksdatabase/verhogen-van-de-stralingsgevoeligheid-van-glioblastomen-door-het
14739,14739,RNA-profielen uit bloedplaatjes voor het herkennen van tumor progressie in glioblastomen,dr. David Noske,Amsterdam UMC Research BV,1125010.0,2023-07-01,2023,48,2027,lopend,Biomarkers,,False,False,https://www.kwf.nl/onderzoek/onderzoeksdatabase/rna-profielen-uit-bloedplaatjes-voor-het-herkennen-van-tumor
14760,14760,USP54 is een mogelijk nieuwe target voor de behandeling van metastatische prostaatkanker,Mrs. Ilana Berlin,LUMC Leiden,174277.0,2023-07-01,2023,18,2025,afgerond,Basaal/fundamenteel onderzoek,,False,False,https://www.kwf.nl/onderzoek/onderzoeksdatabase/usp54-is-een-mogelijk-nieuwe-target-voor-de-behandeling-van
14764,14764,Hoe gesuikerde eiwitten op acute myeloïde leukemie (AML) cellen het kankerproces beïnvloeden en gebruikt kunnen worden bij behandeling,dr. Anna Marneth,Radboudumc,543863.0,2023-02-01,2023,48,2027,lopend,Basaal/fundamenteel onderzoek,Alpe d'HuZes,False,False,https://www.kwf.nl/onderzoek/onderzoeksdatabase/hoe-gesuikerde-eiwitten-op-acute-myeloide-leukemie-aml-cellen-het
14776,14776,Informatie op maat voor iedere patiënt,prof. dr. Ellen Smets,Amsterdam UMC Research BV,592901.0,2023-06-01,2023,48,2027,lopend,Kwaliteit van Leven/Zorg,,False,False,https://www.kwf.nl/onderzoek/onderzoeksdatabase/informatie-op-maat-voor-iedere-patient
14788,14788,IDH-mutatie specifieke pathways als target voor astrocytomen,prof.dr. Pim French,Erasmus MC Rotterdam,144510.0,2023-06-01,2023,18,2024,afgerond,Basaal/fundamenteel onderzoek,Gerichte Gift,False,False,https://www.kwf.nl/onderzoek/onderzoeksdatabase/idh-mutatie-specifieke-pathways-als-target-voor-astrocytomen
14795,14795,Verbetering van respons op hormonale therapie bij baarmoederkanker door ingrijpen op de hormoonspiegels in de tumor,dr. Andrea Romano,Universiteit Maastricht,651466.0,2023-09-01,2023,48,2027,lopend,Medicijnen,,False,False,https://www.kwf.nl/onderzoek/onderzoeksdatabase/verbetering-van-respons-op-hormonale-therapie-bij-baarmoederkanker
14798,14798,Wat is de rol van Reactieve Zuurstof in het ontstaan van DNA mutaties in kanker?,dr. Tobias Dansen,UMC Utrecht,730494.0,2023-06-01,2023,48,2027,lopend,Basaal/fundamenteel onderzoek,,False,False,https://www.kwf.nl/onderzoek/onderzoeksdatabase/wat-is-de-rol-van-reactieve-zuurstof-in-het-ontstaan-van-dna-mutaties
14801,14801,Borstkanker als een systemische ziekte: begrip en verstoring van neutrofiel-gemedieerde bevordering van het uitzaaien van borstkanker,prof. dr. Karin de Visser,Antoni van Leeuwenhoek / Nederlands Kanker Instituut,664942.0,2023-07-01,2023,48,2027,lopend,Basaal/fundamenteel onderzoek,Gerichte Gift,False,False,https://www.kwf.nl/onderzoek/onderzoeksdatabase/borstkanker-als-een-systemische-ziekte-begrip-en-verstoring-van
14804,14804,Nieuwe mechanismen die DNA-reparatie activiteit van ERCC1-XPF reguleren,dr. Hannes Lans,Erasmus MC Rotterdam,716664.0,2023-05-01,2023,48,2027,lopend,Basaal/fundamenteel onderzoek,Gerichte Gift,False,False,https://www.kwf.nl/onderzoek/onderzoeksdatabase/nieuwe-mechanismen-die-dna-reparatie-activiteit-van-ercc1-xpf
14806,14806,Grootschalig eiwitonderzoek om de cellulaire communicatie in mini-organen van prostaat(kanker)weefsel te ontcijferen,dr. Maria Victoria Luna Velez,Radboudumc,665584.0,2023-04-01,2023,48,2027,lopend,Basaal/fundamenteel onderzoek,Alpe d'HuZes,False,False,https://www.kwf.nl/onderzoek/onderzoeksdatabase/grootschalig-eiwitonderzoek-om-de-cellulaire-communicatie-in-mini
14809,14809,Drug Rediscovery Protocol (DRUP),prof. dr. Emile Voest,Antoni van Leeuwenhoek / Nederlands Kanker Instituut,1518820.0,2023-06-01,2023,48,2027,lopend,Medicijnen,,False,False,https://www.kwf.nl/onderzoek/onderzoeksdatabase/drug-rediscovery-protocol-drup
14815,14815,VICI: Het overwinnen van kanker met behulp van immuuntherapie door het wegnemen van de bloedvat barrière.,prof. dr. Arjan Griffioen,Amsterdam UMC Research BV,908857.0,2023-05-01,2023,48,2027,lopend,Immunotherapie,Gerichte Gift,False,False,https://www.kwf.nl/onderzoek/onderzoeksdatabase/vici-het-overwinnen-van-kanker-met-behulp-van-immuuntherapie-door-het
14816,14816,Identificatie van nieuwe therapeutische strategieën die aangrijpen op groeifactor signalen in het beenmerg van multiple myeloom patiënten,dr. Jeroen Guikema,Amsterdam UMC Research BV,740290.0,2023-06-01,2023,48,2027,lopend,Basaal/fundamenteel onderzoek,Gerichte Gift,False,False,https://www.kwf.nl/onderzoek/onderzoeksdatabase/identificatie-van-nieuwe-therapeutische-strategieen-die-aangrijpen-op
14817,14817,Chemotherapie geïnduceerde transcriptie-replicatie conflicten (TRCs): van moleculair mechanisme tot nieuwe behandelstrategieën,dr. Arnab Ray Chaudhuri,Erasmus MC Rotterdam,749428.0,2023-06-01,2023,48,2027,lopend,Basaal/fundamenteel onderzoek,Gerichte Gift,False,False,https://www.kwf.nl/onderzoek/onderzoeksdatabase/chemotherapie-geinduceerde-transcriptie-replicatie-conflicten-trcs-van
14819,14819,Ontleden van de mechanismen ten grondslag van de effectiviteit van behandeling met meervoudige medicijnen in een lage dosis,prof. dr. Lodewyk Wessels,Antoni van Leeuwenhoek / Nederlands Kanker Instituut,675452.0,2023-07-01,2023,48,2027,lopend,Basaal/fundamenteel onderzoek,Gerichte Gift,False,False,https://www.kwf.nl/onderzoek/onderzoeksdatabase/ontleden-van-de-mechanismen-ten-grondslag-van-de-effectiviteit-van
14824,14824,INFORM: verbetering van de landelijke fertiliteitszorg bij vrouwen met kanker,prof.dr. Rosella Hermens,Radboudumc,384319.0,2023-01-01,2023,48,2027,lopend,Kwaliteit van Leven/Zorg,,False,False,https://www.kwf.nl/onderzoek/onderzoeksdatabase/inform-verbetering-van-de-landelijke-fertiliteitszorg-bij-vrouwen-met
14826,14826,Een verbeterde behandeling van hormoongevoelige borstkanker door glucocorticoïd her-activatie,prof. dr. Wilbert Zwart,Antoni van Leeuwenhoek / Nederlands Kanker Instituut,711550.0,2023-04-01,2023,48,2027,lopend,Medicijnen,Alpe d'HuZes,False,False,https://www.kwf.nl/onderzoek/onderzoeksdatabase/een-verbeterde-behandeling-van-hormoongevoelige-borstkanker-door
14829,14829,De rol van de extracellulaire matrix in regeneratie en tumorvorming in de darmen,prof. dr. Jan Paul Medema,Amsterdam UMC,412624.0,2023-07-01,2023,36,2026,afgerond,Basaal/fundamenteel onderzoek,,False,False,https://www.kwf.nl/onderzoek/onderzoeksdatabase/de-rol-van-de-extracellulaire-matrix-in-regeneratie-en-tumorvorming-in
14831,14831,Ontrafeling van de rol van macrofagen in AML om betere behandelmethoden te ontwikkelen.,prof. dr. Jan Jacob Schuringa,UMC Groningen,772191.0,2023-09-01,2023,48,2027,lopend,Basaal/fundamenteel onderzoek,,False,False,https://www.kwf.nl/onderzoek/onderzoeksdatabase/ontrafeling-van-de-rol-van-macrofagen-in-aml-om-betere
14834,14834,"Het verlies van cel identiteit van longkanker: hoe komt dit, en welke nieuwe therapeutische mogelijkheden ontstaan hierdoor?",dr. Stefan Prekovic,UMC Utrecht,700734.0,2023-07-01,2023,48,2027,lopend,Medicijnen,Alpe d'HuZes,False,False,https://www.kwf.nl/onderzoek/onderzoeksdatabase/het-verlies-van-cel-identiteit-van-longkanker-hoe-komt-dit-en-welke
14844,14844,Genetische oorzaak van kanker bij adolescenten of jong volwassen (GERMAYA),dr. Richarda de Voer,Radboudumc,807900.0,2023-09-01,2023,48,2027,lopend,Biomarkers,Gerichte Gift,False,False,https://www.kwf.nl/onderzoek/onderzoeksdatabase/genetische-oorzaak-van-kanker-bij-adolescenten-of-jong-volwassen
14848,14848,TARGETER: betere behandeling van uitzaaiingen met MRI/PET en MRI-versneller,dr. ir. Casper Beijst,UMC Utrecht,477500.0,2022-10-01,2022,48,2026,lopend,Beeldvormende technieken,Health~Holland,False,False,https://www.kwf.nl/onderzoek/onderzoeksdatabase/targeter-betere-behandeling-van-uitzaaiingen-met-mripet-en-mri
14850,14850,2Stoppain: preventie en behandeling van chronische zenuwpijn (neuropathie) na chemotherapie,prof. dr. Niels Eijkelkamp,UMC Utrecht,761238.0,2022-10-01,2022,46,2026,afgerond,Medicijnen,Health~Holland,False,False,https://www.kwf.nl/onderzoek/onderzoeksdatabase/2stoppain-preventie-en-behandeling-van-chronische-zenuwpijn
14852,14852,HYBRID PSMA: radiogeleide in combinatie met fluorescentiegeleide chirurgie bij prostaatkanker,prof.dr. Fijs van Leeuwen,LUMC Leiden,215075.0,2022-10-01,2022,48,2026,lopend,(Behandel)technieken,Health~Holland,False,False,https://www.kwf.nl/onderzoek/onderzoeksdatabase/hybrid-psma-radiogeleide-in-combinatie-met-fluorescentiegeleide
14853,14853,SureTACs: kankerspecifieke eiwitten afbreken met nieuwe techniek,prof. dr. Madelon Maurice,UMC Utrecht,1254870.0,2023-01-01,2023,36,2026,afgerond,Medicijnen,Health~Holland,False,False,https://www.kwf.nl/onderzoek/onderzoeksdatabase/suretacs-kankerspecifieke-eiwitten-afbreken-met-nieuwe-techniek
14874,14874,Symptoom management bij kinderen met vergevorderde kanker: de ontwikkeling van een symptomen-app,dr. Aeltsje Brinksma,Prinses Máxima Centrum voor kinderoncologie,783934.0,2023-07-01,2023,48,2027,lopend,Kwaliteit van Leven/Zorg,Gerichte Gift,False,False,https://www.kwf.nl/onderzoek/onderzoeksdatabase/symptoom-management-bij-kinderen-met-vergevorderde-kanker-de
14883,14883,PRESENT+: samenvoegen en uitbreiding van bestaande cohorten naar een nationaal real-world prospectief cohort voor verbeterde symptoommanagement bij patiënten met botmetastasen,dr. Roxanne Gal,UMC Utrecht,835377.0,2023-07-01,2023,48,2027,lopend,Kwaliteit van Leven/Zorg,,False,True,https://www.kwf.nl/onderzoek/onderzoeksdatabase/present-samenvoegen-en-uitbreiding-van-bestaande-cohorten-naar-een
14890,14890,TIRELESS – Cognitieve gedragstherapie voor vermoeidheid bij kanker passend maken voor implementatie bij patiënten met kanker in de palliatieve fase,prof. dr. Hans Knoop,Amsterdam UMC Research BV,345730.0,2023-07-01,2023,48,2027,lopend,Kwaliteit van Leven/Zorg,,False,False,https://www.kwf.nl/onderzoek/onderzoeksdatabase/tireless-cognitieve-gedragstherapie-voor-vermoeidheid-bij-kanker
14900,14900,"Scanxiety bij patiënten met uitgezaaide kanker die langdurig, levensverlengend, behandeld worden.",dr. Jose Custers,Radboudumc,489496.0,2024-04-01,2024,48,2028,lopend,Kwaliteit van Leven/Zorg,,False,False,https://www.kwf.nl/onderzoek/onderzoeksdatabase/scanxiety-bij-patienten-met-uitgezaaide-kanker-die-langdurig
14904,14904,Regionaal netwerk voor kankeronderzoek - REN voor de regio,prof. dr. Sonja Zweegman,Amsterdam UMC Research BV,2422850.0,2022-12-01,2022,72,2028,lopend,Kwaliteit van Leven/Zorg,,False,True,https://www.kwf.nl/onderzoek/onderzoeksdatabase/regionaal-netwerk-voor-kankeronderzoek-ren-voor-de-regio
14921,14921,"Patiënt aan zet bij oncologische zorg op afstand: de prospectieve, multicenter implementatie studie: the PROMISE",dr. Dirk Grünhagen,Erasmus MC Rotterdam,1030480.0,2023-06-01,2023,60,2028,lopend,Kwaliteit van Leven/Zorg,,False,False,https://www.kwf.nl/onderzoek/onderzoeksdatabase/patient-aan-zet-bij-oncologische-zorg-op-afstand-de-prospectieve
14932,14932,Aanvullende hoge precisiebestraling na chemotherapie bij niet te opereren galwegkanker (perihilair cholangiocarcinoom),dr. Alejandra Méndez Romero,Erasmus MC Rotterdam,408115.0,2023-12-01,2023,48,2027,lopend,(Behandel)technieken,Alpe d'HuZes,False,False,https://www.kwf.nl/onderzoek/onderzoeksdatabase/aanvullende-hoge-precisiebestraling-na-chemotherapie-bij-niet-te
14949,14949,Preventie en vroege interceptie van BRCA1-geassocieerde borstkanker,prof. dr. Jos Jonkers,Antoni van Leeuwenhoek / Nederlands Kanker Instituut,750316.0,2022-12-01,2022,60,2027,lopend,Basaal/fundamenteel onderzoek,Gerichte Gift,False,False,https://www.kwf.nl/onderzoek/onderzoeksdatabase/preventie-en-vroege-interceptie-van-brca1-geassocieerde-borstkanker
14969,14969,"TAO - Richting optimale (neo)adjuvante systemische behandeling voor patienten met stadium III, triple-negatieve borstkanker.",prof. dr. Sabine Linn,Antoni van Leeuwenhoek / Nederlands Kanker Instituut,1189230.0,2023-10-01,2023,72,2029,lopend,Immunotherapie,Pink Ribbon,False,True,https://www.kwf.nl/onderzoek/onderzoeksdatabase/tao-richting-optimale-neoadjuvante-systemische-behandeling-voor
14974,14974,"Nieuwe representatieve tumormodellen om geneesmiddelontwikkeling voor slokdarm, maag en alvleeskliertumoren te verbeteren en versnellen.",dr. Lukas Hawinkels,LUMC Leiden,415411.0,2023-06-01,2023,36,2026,afgerond,Basaal/fundamenteel onderzoek,Health~Holland,False,False,https://www.kwf.nl/onderzoek/onderzoeksdatabase/nieuwe-representatieve-tumormodellen-om-geneesmiddelontwikkeling-voor
14976,14976,Het vinden van de slimste bloedmeting voor vroege detectie van nieuwe of resterende darmkanker,dr. Saskia Wilting,Erasmus MC Rotterdam,1029110.0,2023-10-01,2023,48,2027,lopend,Biomarkers,Gerichte Gift,False,False,https://www.kwf.nl/onderzoek/onderzoeksdatabase/het-vinden-van-de-slimste-bloedmeting-voor-vroege-detectie-van-nieuwe
14979,14979,Implementatie van navigatiebronchoscopie in Nederland,prof.dr. Erik van der Heijden,Radboudumc,526627.0,2023-05-01,2023,42,2026,lopend,Beeldvormende technieken,Gerichte Gift,False,False,https://www.kwf.nl/onderzoek/onderzoeksdatabase/implementatie-van-navigatiebronchoscopie-in-nederland
14984,14984,De ontwikkeling van de Corsano EndoWatch; het slimme apparaat dat patiënten helpt met hormonale disbalans na behandeling van een hersentumor.,dr. Hanneke van Santen,Prinses Máxima Centrum voor kinderoncologie,1083690.0,2023-07-01,2023,60,2028,lopend,Kwaliteit van Leven/Zorg,,False,False,https://www.kwf.nl/onderzoek/onderzoeksdatabase/de-ontwikkeling-van-de-corsano-endowatch-het-slimme-apparaat-dat
14990,14990,Remmen van suiker expressie als nieuwe kankertherapie,dr. Thomas Boltje,Radboud Universiteit,737550.0,2023-06-01,2023,36,2026,afgerond,Medicijnen,Health~Holland,False,False,https://www.kwf.nl/onderzoek/onderzoeksdatabase/remmen-van-suiker-expressie-als-nieuwe-kankertherapie
14993,14993,Improved Precision Oncology for Cutaneous T-cell Lymphoma (IPOCUT),dr. Cornelis Tensen,LUMC Leiden,233200.0,2024-04-01,2024,24,2026,afgerond,Medicijnen,Health~Holland,False,False,https://www.kwf.nl/onderzoek/onderzoeksdatabase/improved-precision-oncology-for-cutaneous-t-cell-lymphoma-ipocut
14995,14995,"Adjuvante HPV-vaccinatie bij patiënten met een behandeling voor vulvaire HSIL, een gerandomiseerde placebogecontroleerde studie.",dr. Heleen van Beekhuizen,Erasmus MC Rotterdam,1135750.0,2023-11-01,2023,66,2029,lopend,Immunotherapie,Gerichte Gift,False,False,https://www.kwf.nl/onderzoek/onderzoeksdatabase/adjuvante-hpv-vaccinatie-bij-patienten-met-een-behandeling-voor
15006,15006,"'Wat de boer niet kent, dat eet hij niet’; het samenbrengen van formele en informele zorg voor mensen met hoofd-halskanker.",dr. Marinella Offerman,Erasmus MC Rotterdam,237160.0,2023-05-01,2023,36,2026,afgerond,,,False,False,https://www.kwf.nl/onderzoek/onderzoeksdatabase/wat-de-boer-niet-kent-dat-eet-hij-niet-het-samenbrengen-van-formele-en
15012,15012,ARTIS-2: een gecontroleerde voor- en nameting studie gericht op het implementeren van een mantelzorgprogramma in de postoperatieve oncologische zorg,dr. Anne Eskes,Amsterdam UMC (locatie AMC),630557.0,2024-01-01,2024,48,2028,lopend,Kwaliteit van Leven/Zorg,,False,False,https://www.kwf.nl/onderzoek/onderzoeksdatabase/artis-2-een-gecontroleerde-voor-en-nameting-studie-gericht-op-het
15013,15013,Voorspelling van longafwijkingen met deep-learning bij patienten met colorectal carcinoom,prof.dr. Pieter Tanis,Erasmus MC Rotterdam,755480.0,2023-07-01,2023,48,2027,lopend,Beeldvormende technieken,,False,False,https://www.kwf.nl/onderzoek/onderzoeksdatabase/voorspelling-van-longafwijkingen-met-deep-learning-bij-patienten-met
15018,15018,Real-time controle van de absolute dosis tijdens anti-kanker thermotherapie (RADIATHE),prof.dr.ir. Margarethus Paulides,TU Eindhoven,826710.0,2023-04-01,2023,42,2026,lopend,(Behandel)technieken,Health~Holland,False,False,https://www.kwf.nl/onderzoek/onderzoeksdatabase/real-time-controle-van-de-absolute-dosis-tijdens-anti-kanker
15020,15020,Identificatie van metastase-voorspellende biomarker-signaturen en aangrijppunten voor medicijnen in plaveiselcelcarcinoom van hoofd en nek,dr. Miao-Ping Chien,Erasmus MC Rotterdam,490112.0,2023-07-01,2023,24,2025,afgerond,Basaal/fundamenteel onderzoek,Health~Holland,False,False,https://www.kwf.nl/onderzoek/onderzoeksdatabase/identificatie-van-metastase-voorspellende-biomarker-signaturen-en
15030,15030,Behandeling van lokaal gevorderde alvleesklierkanker na chemotherapie: ablatieve MRI-geleide bestraling (LAPSTAR trial),dr. Lois Daamen,UMC Utrecht,921680.0,2023-11-01,2023,72,2029,lopend,(Behandel)technieken,Gerichte Gift,False,False,https://www.kwf.nl/onderzoek/onderzoeksdatabase/behandeling-van-lokaal-gevorderde-alvleesklierkanker-na-chemotherapie
15032,15032,Behandeling van niet-operabele uitzaaiingen van darmkanker in de lever met een chemopomp gecombineerd met systemische therapie.,dr. Koert Kuhlmann,Antoni van Leeuwenhoek / Nederlands Kanker Instituut,2269930.0,2023-09-01,2023,96,2031,lopend,Medicijnen,,False,False,https://www.kwf.nl/onderzoek/onderzoeksdatabase/behandeling-van-niet-operabele-uitzaaiingen-van-darmkanker-in-de-lever
15036,15036,Wnt-remmers om darmkanker te behandelen,prof. dr. Tom Grossmann,Vrije Universiteit Amsterdam,490013.0,2023-05-01,2023,42,2026,lopend,Medicijnen,Health~Holland,False,False,https://www.kwf.nl/onderzoek/onderzoeksdatabase/wnt-remmers-om-darmkanker-te-behandelen
15042,15042,Effect van toevoegen van FAPI PET-CT bij het achterhalen van uitzaaiingen bij patiënten met galwegkanker: prospectieve multicenter studie en kosten-effectiviteitsanalyse.,dr. Maarten Thomeer,Erasmus MC Rotterdam,545687.0,2023-09-01,2023,48,2027,lopend,Beeldvormende technieken,,False,False,https://www.kwf.nl/onderzoek/onderzoeksdatabase/effect-van-toevoegen-van-fapi-pet-ct-bij-het-achterhalen-van
15046,15046,Gepersonaliseerde bestraling van de hals op geleide van de schildwachtklierprocedure bij patiënten met kanker van keelholte of strottenhoofd. De PRIMO-studie.,dr. Sven van den Bosch,Radboudumc,645959.0,2024-01-01,2024,72,2030,lopend,Kwaliteit van Leven/Zorg,Alpe d'HuZes,False,False,https://www.kwf.nl/onderzoek/onderzoeksdatabase/gepersonaliseerde-bestraling-van-de-hals-op-geleide-van-de
15048,15048,Immunofilamenten om immuun cellen te stimuleren voor adaptieve cel therapie in kanker en (auto)immuun ziekte,prof. dr. Jolanda de Vries,Radboudumc,520793.0,2023-09-01,2023,36,2026,afgerond,Immunotherapie,Health~Holland,False,False,https://www.kwf.nl/onderzoek/onderzoeksdatabase/immunofilamenten-om-immuun-cellen-te-stimuleren-voor-adaptieve-cel
15052,15052,Een nieuwe therapie voor leverkanker,dr. Nicolas Leveille,Amsterdam UMC Research BV,598796.0,2023-04-01,2023,42,2026,lopend,Basaal/fundamenteel onderzoek,Health~Holland,False,False,https://www.kwf.nl/onderzoek/onderzoeksdatabase/een-nieuwe-therapie-voor-leverkanker
15059,15059,Tumor-imuunsysteem interactie analyse in pathologie beelden met kunstmatige intelligentie voor betere selectie van immuuntherapie respons bij slokdarm en maagkanker patienten,dr. Sybren Meijer,Amsterdam UMC (locatie AMC),774864.0,2023-07-01,2023,39,2026,lopend,Biomarkers,Health~Holland,False,False,https://www.kwf.nl/onderzoek/onderzoeksdatabase/tumor-imuunsysteem-interactie-analyse-in-pathologie-beelden-met
15065,15065,Immuuntherapie als alternatief voor aanvullende behandeling na operatie bij vrouwen met hoog risico MMRd baarmoederkanker,prof. dr. Hans Nijman,UMC Groningen,673142.0,2024-01-01,2024,48,2028,lopend,Immunotherapie,,False,False,https://www.kwf.nl/onderzoek/onderzoeksdatabase/immuuntherapie-als-alternatief-voor-aanvullende-behandeling-na
15066,15066,Overwin barrières om gelokaliseerde behandeling van alvleesklierkanker te verbeteren,prof. dr. Jai Prakash,Radboudumc,619880.0,2023-09-01,2023,36,2026,afgerond,Basaal/fundamenteel onderzoek,Health~Holland,False,False,https://www.kwf.nl/onderzoek/onderzoeksdatabase/overwin-barrieres-om-gelokaliseerde-behandeling-van-alvleesklierkanker
15073,15073,Gebruik maken van het potentieel van autotaxine-remming voor de behandeling van lever kanker,prof.dr. Ruchi Bansal,UMC Groningen,480000.0,2023-09-01,2023,36,2026,afgerond,Medicijnen,Health~Holland,False,False,https://www.kwf.nl/onderzoek/onderzoeksdatabase/gebruik-maken-van-het-potentieel-van-autotaxine-remming-voor-de
15076,15076,Snelle en kortdurende leukocyt depletie om patiënten klaar te maken voor stamcel en immuuncel therapie,prof.dr. Leendert Trouw,LUMC Leiden,559545.0,2023-12-01,2023,36,2026,lopend,Immunotherapie,,False,False,https://www.kwf.nl/onderzoek/onderzoeksdatabase/snelle-en-kortdurende-leukocyt-depletie-om-patienten-klaar-te-maken
15079,15079,Onderzoek naar fluorescentie-geleide chirurgie en een vernieuwende methode voor biomarker analyse met behulp SGM-101 in patienten met alvleesklierkanker,dr. Alexander Vahrmeijer,LUMC Leiden,489768.0,2023-12-01,2023,36,2026,lopend,(Behandel)technieken,Gerichte Gift,False,False,https://www.kwf.nl/onderzoek/onderzoeksdatabase/onderzoek-naar-fluorescentie-geleide-chirurgie-en-een-vernieuwende
15093,15093,Standaardbehandeling of regelmatige controle voor laag-risico Ductaal Carcinoom In Situ in de LORD-studie: de patiënt kiest,prof. dr. Jelle Wesseling,Antoni van Leeuwenhoek / Nederlands Kanker Instituut,1031100.0,2023-01-01,2023,48,2027,lopend,Biomarkers,Pink Ribbon,False,False,https://www.kwf.nl/onderzoek/onderzoeksdatabase/standaardbehandeling-of-regelmatige-controle-voor-laag-risico-ductaal
15100,15100,DOSAGE studie: Een onderzoek naar verlaagde startdosering palliatieve chemotherapie voor ouderen met uitgezaaide darmkanker,prof. dr. Johanneke Portielje,LUMC Leiden,795638.0,2024-04-01,2024,60,2029,lopend,Medicijnen,Alpe d'HuZes,False,False,https://www.kwf.nl/onderzoek/onderzoeksdatabase/dosage-studie-een-onderzoek-naar-verlaagde-startdosering-palliatieve
15111,15111,Informatie- en educatieprogramma palliatief spreekuur,Ms. Mirjam Heinsbroek,Zorgnetwerk Midden-Brabant,39405.0,2023-01-01,2023,24,2025,afgerond,,,False,False,https://www.kwf.nl/onderzoek/onderzoeksdatabase/informatie-en-educatieprogramma-palliatief-spreekuur
15139,15139,Samenwerking van informele zorg voor mensen met ongeneeslijke kanker en hun naasten: een brug slaan tussen oncologische & palliatieve informele zorg,dr. Natasja Raijmakers,Integraal Kankercentrum Nederland (IKNL),146354.0,2023-04-01,2023,24,2025,afgerond,,,True,True,https://www.kwf.nl/onderzoek/onderzoeksdatabase/samenwerking-van-informele-zorg-voor-mensen-met-ongeneeslijke-kanker
15143,15143,Ultrageluid en microbellen ter verbetering van de doorbloeding van hoofd-halstumoren,dr. ir. Roel Deckers,UMC Utrecht,270598.0,2024-02-01,2024,39,2027,lopend,(Behandel)technieken,Alpe d'HuZes,False,False,https://www.kwf.nl/onderzoek/onderzoeksdatabase/ultrageluid-en-microbellen-ter-verbetering-van-de-doorbloeding-van
15151,15151,Centralisatie en professionalisering aanbod lotgenotencontact en informele zorg jong en kanker.,Ms. Rebecca van Dijk - ter Mors,Stichting Jongeren en Kanker,191034.0,2023-01-01,2023,36,2026,afgerond,,,False,False,https://www.kwf.nl/onderzoek/onderzoeksdatabase/centralisatie-en-professionalisering-aanbod-lotgenotencontact-en
15152,15152,"Volledige transcriptoom sequentie analyse voor een betere diagnose, prognose en behandeling van patiënten met acute leukemie.",prof. dr. Hendrik Veelken,LUMC Leiden,895556.0,2024-02-01,2024,48,2028,lopend,Biomarkers,,False,False,https://www.kwf.nl/onderzoek/onderzoeksdatabase/volledige-transcriptoom-sequentie-analyse-voor-een-betere-diagnose
15158,15158,Het onderzoeken van de behoeften om veilige en langdurige nazorg te bieden aan overlevenden van uitgezaaid melanoom (SURVIVOR),dr. Astrid van der Veldt,Erasmus MC Rotterdam,793933.0,2023-12-01,2023,60,2028,lopend,Kwaliteit van Leven/Zorg,,False,False,https://www.kwf.nl/onderzoek/onderzoeksdatabase/het-onderzoeken-van-de-behoeften-om-veilige-en-langdurige-nazorg-te
15166,15166,Kennismakingsgesprek verbindt formele zorg naar informele zorg,Ms. Rigtje Smid,Haaglanden Medisch Centrum,64831.0,2023-04-01,2023,30,2025,afgerond,,,False,False,https://www.kwf.nl/onderzoek/onderzoeksdatabase/kennismakingsgesprek-verbindt-formele-zorg-naar-informele-zorg
15172,15172,Digitale Buddyzorg - 'Buddy4care',Mr. Jeroen Mouw,Stichting Buddyhuis,178854.0,2023-01-01,2023,15,2024,afgerond,,,False,False,https://www.kwf.nl/onderzoek/onderzoeksdatabase/digitale-buddyzorg-buddy4care
15179,15179,Mind the gap – verbeteren van de kennis over mantelzorg en de handelingsopties die oncologieverpleegkundigen hierin hebben,Ms. Sabine Netters,Carend Opleidingen B.V.,160380.0,2023-02-01,2023,16,2024,afgerond,,,False,False,https://www.kwf.nl/onderzoek/onderzoeksdatabase/mind-the-gap-verbeteren-van-de-kennis-over-mantelzorg-en-de
15183,15183,Veranderingen in het immuunsysteem onder invloed van het medicijn ONC201: nieuwe aangrijpingspunten voor combinatietherapie in diffuus midlijn glioom?,dr. Esther Hulleman,Prinses Máxima Centrum voor kinderoncologie,539342.0,2024-01-01,2024,48,2028,lopend,Immunotherapie,Gerichte Gift,False,False,https://www.kwf.nl/onderzoek/onderzoeksdatabase/veranderingen-in-het-immuunsysteem-onder-invloed-van-het-medicijn
15192,15192,"Huisarts, wijkverpleging, vrijwilligers – PaTz en VPTZ: Samen méér betekenen voor patiënten in de laatste levensfase en hun naasten",Mr. René Edinga,VPTZ Nederland,83502.0,2023-01-01,2023,27,2025,afgerond,,,False,False,https://www.kwf.nl/onderzoek/onderzoeksdatabase/huisarts-wijkverpleging-vrijwilligers-patz-en-vptz-samen-meer
15194,15194,Samenwerking ziekenhuizen en IPSO centravoor leven met en na kanker,Mrs. Helen Sijm,Stichting IPSO,1209920.0,2023-01-01,2023,36,2026,afgerond,,,False,False,https://www.kwf.nl/onderzoek/onderzoeksdatabase/samenwerking-ziekenhuizen-en-ipso-centravoor-leven-met-en-na-kanker
15195,15195,Duurzame samenwerking en infrastructuur tussen kanker.nl en de Centra voor leven met en na kanker,Mr. Peter Heine,Stichting kanker.nl,145376.0,2023-07-01,2023,39,2026,lopend,,,False,False,https://www.kwf.nl/onderzoek/onderzoeksdatabase/duurzame-samenwerking-en-infrastructuur-tussen-kankernl-en-de-centra
15197,15197,En hoe gaat het nu met jou?,Mrs. Cindy Hoge,Stichting Olijf,21424.0,2023-03-01,2023,12,2024,afgerond,,,False,False,https://www.kwf.nl/onderzoek/onderzoeksdatabase/en-hoe-gaat-het-nu-met-jou
15200,15200,Chemotherapie rechtstreeks in de lever via chemopomp om terugkeer van ziekte in de lever na operatie voor galwegkanker te voorkòmen.,prof.dr. Bas Groot Koerkamp,Erasmus MC Rotterdam,469425.0,2023-12-01,2023,48,2027,lopend,(Behandel)technieken,Gerichte Gift,False,False,https://www.kwf.nl/onderzoek/onderzoeksdatabase/chemotherapie-rechtstreeks-in-de-lever-via-chemopomp-om-terugkeer-van
15215,15215,Modulatie van mitochondriaal metabolisme van bloedstamcellen om het leeftijdsgebonden risico op kanker te verminderen en kankertherapie te verbeteren.,dr. Els Mansell,Erasmus MC Rotterdam,830662.0,2023-12-01,2023,48,2027,lopend,Basaal/fundamenteel onderzoek,Alpe d'HuZes,False,False,https://www.kwf.nl/onderzoek/onderzoeksdatabase/modulatie-van-mitochondriaal-metabolisme-van-bloedstamcellen-om-het
15223,15223,Streven naar de preventie van voorkómbare post-coloscopie darmkanker: wat zijn hun kenmerken en oorzaken?,prof. dr. Evelien Dekker,Amsterdam UMC Research BV,483738.0,2023-10-01,2023,40,2027,lopend,Biomarkers,Gerichte Gift,False,False,https://www.kwf.nl/onderzoek/onderzoeksdatabase/streven-naar-de-preventie-van-voorkombare-post-coloscopie-darmkanker
15226,15226,Een nieuwe biomarker voor het identificeren van melanoompatiënten met verhoogd risico op uitzaaiingen: validatie van klinische waarde en kosteneffectiviteit,prof. dr. Manon van Engeland,Universiteit Maastricht,1367190.0,2024-05-01,2024,60,2029,lopend,Biomarkers,Gerichte Gift,False,False,https://www.kwf.nl/onderzoek/onderzoeksdatabase/een-nieuwe-biomarker-voor-het-identificeren-van-melanoompatienten-met
15228,15228,Gedereguleerde HORMA signalering als therapeutisch veroorzaker van genomische instabiliteit,dr. ir. Gerben Vader,Prinses Máxima Centrum voor kinderoncologie,552518.0,2024-04-01,2024,48,2028,lopend,Basaal/fundamenteel onderzoek,,False,False,https://www.kwf.nl/onderzoek/onderzoeksdatabase/gedereguleerde-horma-signalering-als-therapeutisch-veroorzaker-van
15235,15235,PREOPANC 5 studie,prof.dr. Johanna Wilmink,Amsterdam UMC,423387.0,2024-06-01,2024,42,2027,lopend,Medicijnen,Gerichte Gift,False,False,https://www.kwf.nl/onderzoek/onderzoeksdatabase/preopanc-5-studie
15241,15241,De gerandomiseerde DRAGON Primary studie,dr. Ronald van Dam,Universiteit Maastricht,735196.0,2024-01-01,2024,48,2028,lopend,(Behandel)technieken,Gerichte Gift,False,False,https://www.kwf.nl/onderzoek/onderzoeksdatabase/de-gerandomiseerde-dragon-primary-studie
15261,15261,"Onderzoeking van signaaldynamiek in de formatie, progressie en mogelijke behandeling van darmkanker",dr. Katharina Sonnen,Hubrecht Instituut,762755.0,2023-09-01,2023,48,2027,lopend,Basaal/fundamenteel onderzoek,,False,False,https://www.kwf.nl/onderzoek/onderzoeksdatabase/onderzoeking-van-signaaldynamiek-in-de-formatie-progressie-en
15262,15262,Gebruik maken van TWEAK-Fn14-signalering om immunotherapie bij kanker te stimuleren,prof. dr. Daniel Peeper,Antoni van Leeuwenhoek / Nederlands Kanker Instituut,835169.0,2024-01-01,2024,48,2028,lopend,Basaal/fundamenteel onderzoek,Gerichte Gift,False,False,https://www.kwf.nl/onderzoek/onderzoeksdatabase/gebruik-maken-van-tweak-fn14-signalering-om-immunotherapie-bij-kanker
15263,15263,Biologische processen in nucleofosmine-gemuteerde acute myeloïde leukemie,dr. Carolien Woolthuis,UMC Groningen,674805.0,2024-08-01,2024,48,2028,lopend,Basaal/fundamenteel onderzoek,Alpe d'HuZes,False,False,https://www.kwf.nl/onderzoek/onderzoeksdatabase/biologische-processen-in-nucleofosmine-gemuteerde-acute-myeloide
15269,15269,Ontwikkeling van een model voor personalisatie van de behandeling van patiënten met anus kanker met behulp van Organoïden (ACTOR),dr. Jeanine Roodhart,UMC Utrecht,679240.0,2024-02-01,2024,48,2028,lopend,Basaal/fundamenteel onderzoek,,False,False,https://www.kwf.nl/onderzoek/onderzoeksdatabase/ontwikkeling-van-een-model-voor-personalisatie-van-de-behandeling-van
15272,15272,Cellen een duwtje in de rug geven om de gewenste uitkomst van een behandeling te krijgen.,dr. Klaas Mulder,Radboud Universiteit,691750.0,2024-04-01,2024,48,2028,lopend,Basaal/fundamenteel onderzoek,Gerichte Gift,False,False,https://www.kwf.nl/onderzoek/onderzoeksdatabase/cellen-een-duwtje-in-de-rug-geven-om-de-gewenste-uitkomst-van-een
15274,15274,Het ontwikkelen van mRNA therapie en diagnostiek gericht tegen senescente cellen in kanker,prof. dr. Roland Brock,Radboudumc,172291.0,2024-02-01,2024,18,2025,afgerond,Basaal/fundamenteel onderzoek,Alpe d'HuZes,False,False,https://www.kwf.nl/onderzoek/onderzoeksdatabase/het-ontwikkelen-van-mrna-therapie-en-diagnostiek-gericht-tegen
15278,15278,Ontmaskeren van GARP als biomarker in hoofd-halstumoren,dr. Rieneke van de Ven,Amsterdam UMC Research BV,718480.0,2024-01-01,2024,48,2028,lopend,Biomarkers,Gerichte Gift,False,False,https://www.kwf.nl/onderzoek/onderzoeksdatabase/ontmaskeren-van-garp-als-biomarker-in-hoofd-halstumoren
15286,15286,Ontrafeling van de oncogene versus tumor suppressieve rol van BCOR/L1 voor ontwikkeling van nieuwe behandelingen van acute myeloïde leukemie patiënten,dr. Vincent van den Boom,UMC Groningen,820779.0,2024-02-01,2024,48,2028,lopend,Basaal/fundamenteel onderzoek,,False,False,https://www.kwf.nl/onderzoek/onderzoeksdatabase/ontrafeling-van-de-oncogene-versus-tumor-suppressieve-rol-van-bcorl1
15287,15287,Verbeteren van de behandeling van alvleesklierkanker door het remmen van DNA-reparatie en het versterken van de immuunrespons,dr. Hannes Lans,Erasmus MC Rotterdam,752750.0,2024-02-01,2024,48,2028,lopend,Basaal/fundamenteel onderzoek,Gerichte Gift,False,False,https://www.kwf.nl/onderzoek/onderzoeksdatabase/verbeteren-van-de-behandeling-van-alvleesklierkanker-door-het-remmen
15290,15290,De invloed van mechanische signalen op het uitzaaien van darmkanker,dr. Martijn Gloerich,UMC Utrecht,664814.0,2024-01-01,2024,36,2027,lopend,Basaal/fundamenteel onderzoek,Gerichte Gift,False,False,https://www.kwf.nl/onderzoek/onderzoeksdatabase/de-invloed-van-mechanische-signalen-op-het-uitzaaien-van-darmkanker
15301,15301,Het verbreken van de interactie van multipel myeloom cellen met de beenmerg micro-omgeving als nieuwe therapie.,dr. Marcel Spaargaren,Amsterdam UMC Research BV,783879.0,2024-02-01,2024,48,2028,lopend,Medicijnen,Gerichte Gift,False,False,https://www.kwf.nl/onderzoek/onderzoeksdatabase/het-verbreken-van-de-interactie-van-multipel-myeloom-cellen-met-de
15305,15305,“Bugging chemoresistance”: Bench-to-bedside-studies om de mechanismen die ten grondslag liggen aan door bacteriën geïnduceerde chemoresistentie bij alvleesklierkanker te ontrafelen,dr. Elisa Giovannetti,Amsterdam UMC Research BV,624776.0,2024-02-01,2024,48,2028,lopend,Basaal/fundamenteel onderzoek,,False,False,https://www.kwf.nl/onderzoek/onderzoeksdatabase/bugging-chemoresistance-bench-to-bedside-studies-om-de-mechanismen-die
15307,15307,De achilleshiel van het pediatrisch Hodgkin lymfoom als doelwit voor nieuwe therapieën,dr. Friederike Meyer-Wentrup,Prinses Máxima Centrum voor kinderoncologie,612099.0,2024-01-01,2024,48,2028,lopend,Basaal/fundamenteel onderzoek,Gerichte Gift,False,False,https://www.kwf.nl/onderzoek/onderzoeksdatabase/de-achilleshiel-van-het-pediatrisch-hodgkin-lymfoom-als-doelwit-voor
15317,15317,X-straal geactiveerde medicijnen,dr. Bart Cornelissen,UMC Groningen,718950.0,2024-02-01,2024,36,2027,lopend,Medicijnen,Gerichte Gift,False,False,https://www.kwf.nl/onderzoek/onderzoeksdatabase/x-straal-geactiveerde-medicijnen
15324,15324,Behandeling van uitgezaaid melanoom met tumor infiltrerende lymfocyten (TIL) middels academische geneesmiddel productie en registratie,prof. dr. John Haanen,Antoni van Leeuwenhoek / Nederlands Kanker Instituut,4545010.0,2023-07-01,2023,36,2026,afgerond,Immunotherapie,Gerichte Gift,False,False,https://www.kwf.nl/onderzoek/onderzoeksdatabase/behandeling-van-uitgezaaid-melanoom-met-tumor-infiltrerende-lymfocyten
15326,15326,Het effect van tumorcellen op T cel immune checkpoint glycosylering als mechanisme voor T cel remming,dr. Lenneke Cornelissen,Radboudumc,209522.0,2023-10-01,2023,20,2025,afgerond,Basaal/fundamenteel onderzoek,Alpe d'HuZes,False,False,https://www.kwf.nl/onderzoek/onderzoeksdatabase/het-effect-van-tumorcellen-op-t-cel-immune-checkpoint-glycosylering
15330,15330,Een vorm van immunologisch geheugen die de afweer tegen kanker onderdrukt,dr. Derk Amsen,Sanquin Research,253245.0,2024-08-01,2024,22,2026,afgerond,Basaal/fundamenteel onderzoek,,False,False,https://www.kwf.nl/onderzoek/onderzoeksdatabase/een-vorm-van-immunologisch-geheugen-die-de-afweer-tegen-kanker
15331,15331,Gepersonaliseerde nacontrole van HPV-positieve keelkankerpatiënten door middel van bloedtesten,prof. dr. Remco de Bree,UMC Utrecht,1287170.0,2024-01-01,2024,48,2028,lopend,Biomarkers,Gerichte Gift,False,False,https://www.kwf.nl/onderzoek/onderzoeksdatabase/gepersonaliseerde-nacontrole-van-hpv-positieve-keelkankerpatienten
15340,15340,De rol van mutant-GATA2 in het ontstaan van acute leukemie,dr. Emma de Pater,Erasmus MC Rotterdam,889926.0,2023-10-01,2023,48,2027,lopend,Basaal/fundamenteel onderzoek,,False,False,https://www.kwf.nl/onderzoek/onderzoeksdatabase/de-rol-van-mutant-gata2-in-het-ontstaan-van-acute-leukemie
15348,15348,Het onderliggend mechanisme en de gevolgen van grootschalige chromosomale veranderingen tijdens de transitie van goed- naar kwaadaardige tumoren,prof. dr. Geert Kops,Hubrecht Instituut,918213.0,2024-02-01,2024,48,2028,lopend,Basaal/fundamenteel onderzoek,Gerichte Gift,False,False,https://www.kwf.nl/onderzoek/onderzoeksdatabase/het-onderliggend-mechanisme-en-de-gevolgen-van-grootschalige
15360,15360,Begrijpen van cellulaire heterogeniteit en therapie resistentie van kanker door middel van single cell proteomics,prof. dr. Boudewijn Burgering,UMC Utrecht,245362.0,2024-02-01,2024,18,2025,afgerond,Basaal/fundamenteel onderzoek,Alpe d'HuZes,False,False,https://www.kwf.nl/onderzoek/onderzoeksdatabase/begrijpen-van-cellulaire-heterogeniteit-en-therapie-resistentie-van
15371,15371,Hoe goede genen slecht kunnen worden,prof. dr. Ruud Delwel,Erasmus MC Rotterdam,778323.0,2023-12-01,2023,48,2027,lopend,Basaal/fundamenteel onderzoek,Gerichte Gift,False,False,https://www.kwf.nl/onderzoek/onderzoeksdatabase/hoe-goede-genen-slecht-kunnen-worden
15374,15374,Het selecteren van patiënten met eierstokkanker die baat hebben bij een PARP-remmer,dr. Heleen van Beekhuizen,Erasmus MC Rotterdam,1717710.0,2023-11-01,2023,60,2028,afgerond,Biomarkers,,False,False,https://www.kwf.nl/onderzoek/onderzoeksdatabase/het-selecteren-van-patienten-met-eierstokkanker-die-baat-hebben-bij
15386,15386,Kunstmatige intelligentie helpt de behandeling van borstkankerpatiënten beter op maat te maken – het COMMITMENT project,prof.dr. Jeroen van der Laak,Radboudumc,1791220.0,2024-02-01,2024,60,2029,lopend,Biomarkers,Gerichte Gift,False,False,https://www.kwf.nl/onderzoek/onderzoeksdatabase/kunstmatige-intelligentie-helpt-de-behandeling-van
15388,15388,Interfant-21: behandeling voor kinderen jonger dan 1 jaar met acute lymfatische leukemie met een afwijking in het KMT2A gen,dr. Janine Stutterheim,Prinses Máxima Centrum voor kinderoncologie,446125.0,2024-03-01,2024,60,2029,lopend,Medicijnen,,False,False,https://www.kwf.nl/onderzoek/onderzoeksdatabase/interfant-21-behandeling-voor-kinderen-jonger-dan-1-jaar-met-acute
15389,15389,"Nieuw medicijn tegen glioblastoom, een kans voor SFX-01?",dr. Marjolein Geurts,Erasmus MC Rotterdam,611176.0,2023-10-01,2023,48,2027,lopend,Medicijnen,Health~Holland,False,False,https://www.kwf.nl/onderzoek/onderzoeksdatabase/nieuw-medicijn-tegen-glioblastoom-een-kans-voor-sfx-01
15400,15400,FAPI-PET/CT en laparoscopie in de stadiering van lokaal gevorderd maagcarcinoom: een prospectieve multicenter studie (PLASTIC-3-studie),prof. dr. Lioe-Fee de Geus-Oei,LUMC Leiden,1458760.0,2024-03-01,2024,60,2029,lopend,Beeldvormende technieken,,False,False,https://www.kwf.nl/onderzoek/onderzoeksdatabase/fapi-petct-en-laparoscopie-in-de-stadiering-van-lokaal-gevorderd
15420,15420,Phase 2 clinical trial to evaluate the efficacy and safety of varnimcabtagene autoleucel for relapsed/refractory adult acute lymphoblastic leukaemia,prof.dr. Tom van Meerten,UMC Groningen,4935390.0,2024-04-01,2024,60,2029,lopend,Immunotherapie,Gerichte Gift,False,False,https://www.kwf.nl/onderzoek/onderzoeksdatabase/phase-2-clinical-trial-to-evaluate-the-efficacy-and-safety-of
15426,15426,TASTY: Smaaksturing en smaak- en reuktraining bij patiënten met kanker: een multidisciplinaire patiëntgerichte benadering,mr. dr. Jacco-Juri de Haan,UMC Groningen,715427.0,2024-06-01,2024,48,2028,lopend,Kwaliteit van Leven/Zorg,Gerichte Gift,False,False,https://www.kwf.nl/onderzoek/onderzoeksdatabase/tasty-smaaksturing-en-smaak-en-reuktraining-bij-patienten-met-kanker
15437,15437,"FOSTER-CabOS: Europees gerandomiseerde fase-3-studie, waarbij Cabozantinib wordt geëvalueerd versus placebo als onderhoudsbehandeling na afloop van standaardbehandeling bij nieuw gediagnosticeerde osteosarcoompatiënten",prof. dr. Hans Gelderblom,LUMC Leiden,3405730.0,2024-04-01,2024,108,2033,lopend,Medicijnen,,False,False,https://www.kwf.nl/onderzoek/onderzoeksdatabase/foster-cabos-europees-gerandomiseerde-fase-3-studie-waarbij
15461,15461,INDICATES - INDIviduele loCAl Therapie voor Ewing Sarcoma: een nieuw klinisch voorspellingsinstrument,prof. dr. Marta Fiocco,Universiteit Leiden,935069.0,2025-01-01,2025,48,2029,lopend,Kwaliteit van Leven/Zorg,Gerichte Gift,False,False,https://www.kwf.nl/onderzoek/onderzoeksdatabase/indicates-individuele-local-therapie-voor-ewing-sarcoma-een-nieuw
15466,15466,PROOV Studie: Gebruik maken van de synergie tussen PARP-remming en verwarmde buikspoeling (HIPEC) bij patiënten met ovariumcarcinoom,dr. Willemien Van Driel,Antoni van Leeuwenhoek / Nederlands Kanker Instituut,1032990.0,2024-07-01,2024,48,2028,lopend,Medicijnen,Alpe d'HuZes,False,False,https://www.kwf.nl/onderzoek/onderzoeksdatabase/proov-studie-gebruik-maken-van-de-synergie-tussen-parp-remming-en
15473,15473,Onderzoek naar de drijfveren in de individuele aggresieve tumor biologie van alvleesklierkanker patienten om de prognose en behandeling te optimaliseren,dr. Alexander Vahrmeijer,LUMC Leiden,609660.0,2023-10-01,2023,36,2026,lopend,Biomarkers,Health~Holland,False,False,https://www.kwf.nl/onderzoek/onderzoeksdatabase/onderzoek-naar-de-drijfveren-in-de-individuele-aggresieve-tumor
15481,15481,De ontwikkeling van een verbeterde antilichaam-gebaseerde behandeling voor acute myeloïde leukemie,dr. Stefan Erkeland,Erasmus MC Rotterdam,710873.0,2023-10-01,2023,48,2027,lopend,Immunotherapie,Health~Holland,False,False,https://www.kwf.nl/onderzoek/onderzoeksdatabase/de-ontwikkeling-van-een-verbeterde-antilichaam-gebaseerde-behandeling
15486,15486,Mechanistische tumor-penetratiemodellen in primaire en gemetastaseerde hersentumoren voor geïndividualiseerde tyrosine kinase inhibitor selectie en dosering,dr. Imke Bartelink,Amsterdam UMC Research BV,1279200.0,2024-07-01,2024,60,2029,lopend,Biomarkers,,False,False,https://www.kwf.nl/onderzoek/onderzoeksdatabase/mechanistische-tumor-penetratiemodellen-in-primaire-en-gemetastaseerde
15505,15505,De voorspellende waarde en het effect van verlengde antibiotica na een alvleesklieroperatie op het microbioom van patiënten met alvleesklierkanker,dr. Sven Mieog,LUMC Leiden,627206.0,2024-04-01,2024,36,2027,lopend,Biomarkers,,False,False,https://www.kwf.nl/onderzoek/onderzoeksdatabase/de-voorspellende-waarde-en-het-effect-van-verlengde-antibiotica-na-een
15515,15515,Het combineren van klinische en preklinische methoden om chemotherapie-gerelateerde cognitieve stoornissen succesvol te behandelen,dr. Dorien Maas,Amsterdam UMC Research BV,801686.0,2024-09-01,2024,48,2028,lopend,Kwaliteit van Leven/Zorg,Gerichte Gift,False,False,https://www.kwf.nl/onderzoek/onderzoeksdatabase/het-combineren-van-klinische-en-preklinische-methoden-om-chemotherapie
15526,15526,A precision medicine randomized trial for patients with relapsed or refractory T-cell Acute Lymphoblastic Leukemia based on a functional approach.,dr. Anita Rijneveld,HOVON Data Center,801168.0,2024-04-01,2024,60,2029,lopend,Medicijnen,,False,False,https://www.kwf.nl/onderzoek/onderzoeksdatabase/a-precision-medicine-randomized-trial-for-patients-with-relapsed-or
15531,15531,T-cel therapie in CLL,prof. dr. Arnon Kater,Amsterdam UMC,883730.0,2024-07-01,2024,48,2028,lopend,Immunotherapie,,False,False,https://www.kwf.nl/onderzoek/onderzoeksdatabase/t-cel-therapie-in-cll
15539,15539,Effectief blokkeren van HLA-G en CD47 voor immunotherapie van kanker,prof. dr. Edwin Bremer,UMC Groningen,492000.0,2023-10-01,2023,36,2026,lopend,Immunotherapie,Health~Holland,False,False,https://www.kwf.nl/onderzoek/onderzoeksdatabase/effectief-blokkeren-van-hla-g-en-cd47-voor-immunotherapie-van-kanker
15541,15541,Implementatie van de keuzemogelijkheid tot preventieve verwijdering van eierstokken bij vrouwen na de overgang die een operatie voor darmkanker ondergaan.,dr. Rudi Roumen,Máxima MC Eindhoven,333831.0,2025-07-01,2025,36,2028,lopend,(Behandel)technieken,,False,False,https://www.kwf.nl/onderzoek/onderzoeksdatabase/implementatie-van-de-keuzemogelijkheid-tot-preventieve-verwijdering
15554,15554,Ontwikkeling van een predictiemodel om het risico op recidief bij kinderen met schildklierkanker te kunnen voorspellen (ped-DTC STRATIFY studie),dr. Sarah Clement,UMC Utrecht,760999.0,2024-10-01,2024,54,2029,lopend,Kwaliteit van Leven/Zorg,,False,False,https://www.kwf.nl/onderzoek/onderzoeksdatabase/ontwikkeling-van-een-predictiemodel-om-het-risico-op-recidief-bij
15556,15556,neutrophil engagers tegen GD2 om kanker te genezen,prof.dr. Jeanette Leusen,UMC Utrecht,450017.0,2023-10-01,2023,36,2026,lopend,Immunotherapie,Health~Holland,False,False,https://www.kwf.nl/onderzoek/onderzoeksdatabase/neutrophil-engagers-tegen-gd2-om-kanker-te-genezen
15560,15560,Kwantitatieve PET-scan analyse met radiomics bij patiënten met Folliculair lymfoom om prognose van ziekte te voorspellen,prof. dr. Josée Zijlstra,Amsterdam UMC Research BV,1145810.0,2024-07-01,2024,48,2028,lopend,Beeldvormende technieken,Gerichte Gift,False,False,https://www.kwf.nl/onderzoek/onderzoeksdatabase/kwantitatieve-pet-scan-analyse-met-radiomics-bij-patienten-met
15564,15564,Verbeterde risicoclassificatie voor schildkliernodi door Optoakoestiek-Echografie beeldvorming met Machine Learning,prof.dr. Srirang Manohar,Universiteit Twente,820000.0,2023-10-01,2023,48,2027,lopend,Beeldvormende technieken,Health~Holland,False,False,https://www.kwf.nl/onderzoek/onderzoeksdatabase/verbeterde-risicoclassificatie-voor-schildkliernodi-door-optoakoestiek
15570,15570,Een extra stimulans voor GdTCR Anti-CD3 Bispecifieke moleculen (GABs) voor breed inzetbare immuuntherapie voor kanker.,dr. Dennis Beringer,UMC Utrecht,790127.0,2024-05-01,2024,48,2028,lopend,Immunotherapie,Gerichte Gift,False,False,https://www.kwf.nl/onderzoek/onderzoeksdatabase/een-extra-stimulans-voor-gdtcr-anti-cd3-bispecifieke-moleculen-gabs
15571,15571,"Verbeterde detectie, surveillance en resectie van endeldarmkanker door middel van nabij-infrarood fluorescente contrastmiddelen",dr. Alexander Vahrmeijer,LUMC Leiden,543245.0,2023-10-01,2023,36,2026,lopend,Basaal/fundamenteel onderzoek,Health~Holland,False,False,https://www.kwf.nl/onderzoek/onderzoeksdatabase/verbeterde-detectie-surveillance-en-resectie-van-endeldarmkanker-door
15581,15581,Een twee-staps immunotherapie concept ter behandeling van patiënten met progressieve longkanker.,dr. Els Verdegaal,LUMC Leiden,716841.0,2024-07-01,2024,48,2028,lopend,Immunotherapie,Alpe d'HuZes,False,False,https://www.kwf.nl/onderzoek/onderzoeksdatabase/een-twee-staps-immunotherapie-concept-ter-behandeling-van-patienten
15595,15595,Stappen zetten naar klinische toepassing van verbeterde cellulaire immuuntherapie bij multipel myeloom,dr. Victor Peperzak,UMC Utrecht,851893.0,2024-06-01,2024,48,2028,lopend,Immunotherapie,Alpe d'HuZes,False,False,https://www.kwf.nl/onderzoek/onderzoeksdatabase/stappen-zetten-naar-klinische-toepassing-van-verbeterde-cellulaire
15602,15602,Kankertherapie gericht op specifieke oncogenen door het gebruik van CRISPR-guided Caspase,dr.ir. Aswin Muralidharan,TU Delft,183678.0,2024-03-01,2024,18,2025,afgerond,Medicijnen,Alpe d'HuZes,False,False,https://www.kwf.nl/onderzoek/onderzoeksdatabase/kankertherapie-gericht-op-specifieke-oncogenen-door-het-gebruik-van
15604,15604,Lokale immuuntherapie bij patiënten met baarmoederhalskanker,prof. dr. Hans Nijman,UMC Groningen,241985.0,2024-12-01,2024,30,2027,lopend,Immunotherapie,Gerichte Gift,False,False,https://www.kwf.nl/onderzoek/onderzoeksdatabase/lokale-immuuntherapie-bij-patienten-met-baarmoederhalskanker
15614,15614,Een volgende generatie TEGs voor de behandeling van patienten met hoofd halstumoren,prof. dr. Jürgen Kuball,UMC Utrecht,775681.0,2024-06-01,2024,48,2028,lopend,Immunotherapie,,False,False,https://www.kwf.nl/onderzoek/onderzoeksdatabase/een-volgende-generatie-tegs-voor-de-behandeling-van-patienten-met
15616,15616,Huidkanker op de kaart in Flevoland,Mrs. Irene Nijmeijer,GGD Flevoland,345458.0,2024-04-01,2024,36,2027,lopend,,,False,False,https://www.kwf.nl/onderzoek/onderzoeksdatabase/huidkanker-op-de-kaart-in-flevoland
15631,15631,Kanker Lokaal op de Kaart - Gezond in de zon in regio Rijnmond,Mrs. Kolijn Jagersma,GGD Rotterdam-Rijnmond,1135000.0,2024-09-01,2024,48,2028,lopend,,,False,False,https://www.kwf.nl/onderzoek/onderzoeksdatabase/kanker-lokaal-op-de-kaart-gezond-in-de-zon-in-regio-rijnmond
15632,15632,Klinische validatie en evaluatie van een digitale tool om veerkracht en herstel te meten in (oudere) oncologische patiënten (CLEOPATRA).,prof.dr. Frederiek van den Bos,LUMC Leiden,1008440.0,2024-06-01,2024,48,2028,lopend,Kwaliteit van Leven/Zorg,,False,False,https://www.kwf.nl/onderzoek/onderzoeksdatabase/klinische-validatie-en-evaluatie-van-een-digitale-tool-om-veerkracht
15636,15636,Preventie van huidkanker in Noord-Holland en Zeeland,Ms. Emmy Jaspers,GGD Kennemerland,2207560.0,2024-04-01,2024,48,2028,lopend,,,False,False,https://www.kwf.nl/onderzoek/onderzoeksdatabase/preventie-van-huidkanker-in-noord-holland-en-zeeland
15652,15652,OncoNext Samen aan de slag,dr. Eefje van Kessel,Amsterdam UMC Research BV,579885.0,2023-10-01,2023,28,2026,voortijdig beëindigd,Kwaliteit van Leven/Zorg,Gerichte Gift,False,False,https://www.kwf.nl/onderzoek/onderzoeksdatabase/onconext-samen-aan-de-slag
15654,15654,9067- DORP 2.0 Overbruggingsjaar 2023,drs. Jacolien Coes,Integraal Kankercentrum Nederland (IKNL),754291.0,2023-01-01,2023,12,2024,afgerond,Infrastructuur,,True,True,https://www.kwf.nl/onderzoek/onderzoeksdatabase/9067-dorp-20-overbruggingsjaar-2023
15657,15657,Het voorspellen van een relapse door restziekte detectie in FLT3-ITD AML patiënten die behandeld zijn met specifieke FLT3 remmers,dr. Peter Valk,Erasmus MC Rotterdam,634788.0,2024-02-01,2024,52,2028,lopend,Biomarkers,,False,False,https://www.kwf.nl/onderzoek/onderzoeksdatabase/het-voorspellen-van-een-relapse-door-restziekte-detectie-in-flt3-itd
15662,15662,Betekenis van en criteria voor een bijna complete respons na voorbehandeling van endeldarmkanker,dr. Monique Maas,Antoni van Leeuwenhoek / Nederlands Kanker Instituut,591912.0,2024-08-01,2024,48,2028,lopend,Beeldvormende technieken,Alpe d'HuZes,False,False,https://www.kwf.nl/onderzoek/onderzoeksdatabase/betekenis-van-en-criteria-voor-een-bijna-complete-respons-na
15665,15665,Handheld scanner voor het direct beoordelen van tumorvrije resectiemarge om het succes van chirurgische ingrepen te monitoren,prof. dr. Theo Ruers,Antoni van Leeuwenhoek / Nederlands Kanker Instituut,1238530.0,2024-07-01,2024,48,2028,lopend,Beeldvormende technieken,Pink Ribbon,False,False,https://www.kwf.nl/onderzoek/onderzoeksdatabase/handheld-scanner-voor-het-direct-beoordelen-van-tumorvrije
15669,15669,Sparen van de endeldarm door radiotherapie aangevuld met een extra behandeling voor beperkte endeldarm tumoren: de STARTREC-3 studie,prof. dr. Hans de Wilt,Radboudumc,1530880.0,2024-06-01,2024,60,2029,lopend,Kwaliteit van Leven/Zorg,,False,False,https://www.kwf.nl/onderzoek/onderzoeksdatabase/sparen-van-de-endeldarm-door-radiotherapie-aangevuld-met-een-extra
15689,15689,Lokaal aan de slag met Rookvrije Start,dr. Mandy Leurs-Stijnen,GGD Zuid Limburg,551000.0,2024-05-01,2024,48,2028,lopend,,,False,False,https://www.kwf.nl/onderzoek/onderzoeksdatabase/lokaal-aan-de-slag-met-rookvrije-start
15690,15690,Gezond aan de kust: lokaal aan de slag met huidkankerpreventie,MSc Marrit Nolte,GGD Hollands Midden (Hecht),126591.0,2024-02-01,2024,24,2026,afgerond,,,False,False,https://www.kwf.nl/onderzoek/onderzoeksdatabase/gezond-aan-de-kust-lokaal-aan-de-slag-met-huidkankerpreventie
15694,15694,Preventie van huidkanker in Fryslân,MSc Ike Hutter,GGD Fryslân,526350.0,2024-02-01,2024,48,2028,lopend,,,False,False,https://www.kwf.nl/onderzoek/onderzoeksdatabase/preventie-van-huidkanker-in-fryslan
15704,15704,Huidkankerpreventie regio Haaglanden,dr. Diana van Dongen,GGD Haaglanden,317700.0,2024-05-01,2024,30,2026,lopend,,,False,False,https://www.kwf.nl/onderzoek/onderzoeksdatabase/huidkankerpreventie-regio-haaglanden
15709,15709,Roken gezond op de kaart in Zuidoost-Brabant,Mrs. Kim van Lierop,GGD Brabant-Zuidoost,303760.0,2024-07-01,2024,48,2028,lopend,,,False,False,https://www.kwf.nl/onderzoek/onderzoeksdatabase/roken-gezond-op-de-kaart-in-zuidoost-brabant
15714,15714,Kanker Lokaal op de Kaart GGD West-Brabant,Mrs. Baukje Coorens,GGD West-Brabant,348400.0,2024-05-01,2024,48,2028,lopend,,Gerichte Gift,False,False,https://www.kwf.nl/onderzoek/onderzoeksdatabase/kanker-lokaal-op-de-kaart-ggd-west-brabant
15716,15716,Roken lokaal op de kaart bij jongeren,MSc Anouk Jans,GGD Hart voor Brabant,468460.0,2024-01-01,2024,48,2028,lopend,,,False,False,https://www.kwf.nl/onderzoek/onderzoeksdatabase/roken-lokaal-op-de-kaart-bij-jongeren
15717,15717,Implementatie van een gepersonaliseerd nazorgplan als E-health tool voor testiskanker patiënten beschikbaar in eigen persoonlijk gezondheidsomgeving voor shared-care nazorg (T-CARE),prof. dr. Jourik Gietema,UMC Groningen,1538750.0,2024-07-01,2024,60,2029,lopend,Kwaliteit van Leven/Zorg,Gerichte Gift,False,False,https://www.kwf.nl/onderzoek/onderzoeksdatabase/implementatie-van-een-gepersonaliseerd-nazorgplan-als-e-health-tool
15725,15725,Implementatie van geavanceerde beeldverwerking en kunstmatige intelligentie in de klinische besluitvorming bij patiënten met brughoektumoren,dr. Erik Hensen,LUMC Leiden,482236.0,2024-02-01,2024,36,2027,lopend,Beeldvormende technieken,,False,False,https://www.kwf.nl/onderzoek/onderzoeksdatabase/implementatie-van-geavanceerde-beeldverwerking-en-kunstmatige
15735,15735,Vroege symptoomdetectie door digitale patient gerapporteerde symptoom monitoring en een FitBit om zorg voor patienten met gemetastasserde borstkanker te optimaliseren.,prof. dr. Sabine Siesling,Integraal Kankercentrum Nederland (IKNL),1433420.0,2024-06-01,2024,60,2029,lopend,Kwaliteit van Leven/Zorg,,True,True,https://www.kwf.nl/onderzoek/onderzoeksdatabase/vroege-symptoomdetectie-door-digitale-patient-gerapporteerde-symptoom
15741,15741,Vermindering van ernstige bijwerkingen tijdens behandeling met chemotherapie bij patiënten met borstkanker door interactieve e-monitoring van door patiënten gerapporteerde bijwerkingen,dr. Mathijs Hendriks,Noordwest Ziekenhuisgroep,995758.0,2024-06-01,2024,60,2029,lopend,Kwaliteit van Leven/Zorg,,False,True,https://www.kwf.nl/onderzoek/onderzoeksdatabase/vermindering-van-ernstige-bijwerkingen-tijdens-behandeling-met
15744,15744,implementatie van de PORTRET tool in de dagelijkse praktijk,prof. dr. Johanneke Portielje,LUMC Leiden,666021.0,2024-09-01,2024,48,2028,lopend,Biomarkers,Gerichte Gift,False,False,https://www.kwf.nl/onderzoek/onderzoeksdatabase/implementatie-van-de-portret-tool-in-de-dagelijkse-praktijk
15747,15747,De SOURCE tool: Realiseren van CE certificering en implementatie in de dagelijkse praktijk,dr. Rob Verhoeven,Amsterdam UMC (locatie AMC),148097.0,2024-10-01,2024,28,2027,lopend,Kwaliteit van Leven/Zorg,,False,False,https://www.kwf.nl/onderzoek/onderzoeksdatabase/de-source-tool-realiseren-van-ce-certificering-en-implementatie-in-de
15749,15749,Kant-en-klare Natural Killer-cellen voor verbeterde immunotherapie tegen eierstokkanker,prof.dr. Harry Dolstra,Radboudumc,152591.0,2024-06-01,2024,18,2025,afgerond,Immunotherapie,Gerichte Gift,False,False,https://www.kwf.nl/onderzoek/onderzoeksdatabase/kant-en-klare-natural-killer-cellen-voor-verbeterde-immunotherapie
15754,15754,Vroege opsporing van prostaatcarcinoom gebaseerd op stapsgewijze risico evaluatie en besluitvorming,prof. dr. Guido Jenster,Erasmus MC Rotterdam,1602210.0,2024-01-01,2024,60,2029,lopend,Kwaliteit van Leven/Zorg,,False,False,https://www.kwf.nl/onderzoek/onderzoeksdatabase/vroege-opsporing-van-prostaatcarcinoom-gebaseerd-op-stapsgewijze
15761,15761,Nieuwe IgA antistoffen voor de behandeling van kanker,prof.dr. Jeanette Leusen,UMC Utrecht,156243.0,2024-01-01,2024,12,2025,afgerond,Immunotherapie,,False,False,https://www.kwf.nl/onderzoek/onderzoeksdatabase/nieuwe-iga-antistoffen-voor-de-behandeling-van-kanker
15770,15770,Voorbereiden van de route om doelgerichte fotodynamische therapie met nanobodies naar patiënten te brengen,dr. Sabrina Santos Oliveira,Universiteit Utrecht,155576.0,2024-01-01,2024,18,2025,afgerond,(Behandel)technieken,Gerichte Gift,False,False,https://www.kwf.nl/onderzoek/onderzoeksdatabase/voorbereiden-van-de-route-om-doelgerichte-fotodynamische-therapie-met
15771,15771,Kosteneffectiviteit van de gluteale turnover lap voor sluiting van de perineale wond na abdominoperineale resectie bij endeldarmkanker.,prof.dr. Pieter Tanis,Erasmus MC Rotterdam,127373.0,2024-06-01,2024,18,2025,afgerond,Kwaliteit van Leven/Zorg,,False,False,https://www.kwf.nl/onderzoek/onderzoeksdatabase/kosteneffectiviteit-van-de-gluteale-turnover-lap-voor-sluiting-van-de
15779,15779,Implementatie van modellen die automatisch het totale tumor volume kunnen berekenen voor patiënten met naar de lever uitgezaaide darmkanker.,prof. dr. Geert Kazemier,Amsterdam UMC Research BV,127094.0,2024-09-01,2024,18,2026,afgerond,Beeldvormende technieken,Gerichte Gift,False,False,https://www.kwf.nl/onderzoek/onderzoeksdatabase/implementatie-van-modellen-die-automatisch-het-totale-tumor-volume
15781,15781,Het ontrafelen van de mechanismen die leiden tot leverkanker bij leververvetting,dr. Delilah Hendriks,Prinses Máxima Centrum voor kinderoncologie,665328.0,2024-11-01,2024,48,2028,lopend,Basaal/fundamenteel onderzoek,Alpe d'HuZes,False,False,https://www.kwf.nl/onderzoek/onderzoeksdatabase/het-ontrafelen-van-de-mechanismen-die-leiden-tot-leverkanker-bij
15789,15789,Analyse van het mechanisme van klinisch relevante MMR mutaties met intermediaire activiteit,prof. dr. Titia Sixma,Antoni van Leeuwenhoek / Nederlands Kanker Instituut,749228.0,2024-11-01,2024,48,2028,lopend,Basaal/fundamenteel onderzoek,,False,False,https://www.kwf.nl/onderzoek/onderzoeksdatabase/analyse-van-het-mechanisme-van-klinisch-relevante-mmr-mutaties-met
15791,15791,Meer tumor cellen uit bloed voor betere diagnoses,prof.dr. Ruchi Bansal,UMC Groningen,155157.0,2024-02-01,2024,15,2025,afgerond,Biomarkers,Gerichte Gift,False,False,https://www.kwf.nl/onderzoek/onderzoeksdatabase/meer-tumor-cellen-uit-bloed-voor-betere-diagnoses
15801,15801,Magnetische naald voor individuele kankercel isolatie,prof.dr. Ruchi Bansal,UMC Groningen,147933.0,2024-09-01,2024,12,2025,afgerond,Biomarkers,Gerichte Gift,False,False,https://www.kwf.nl/onderzoek/onderzoeksdatabase/magnetische-naald-voor-individuele-kankercel-isolatie
15803,15803,Voortdurende gepersonaliseerde kwaliteitscontrole tijdens protonentherapie,dr. Peter Dendooven,UMC Groningen,112530.0,2024-03-01,2024,18,2025,afgerond,(Behandel)technieken,,False,False,https://www.kwf.nl/onderzoek/onderzoeksdatabase/voortdurende-gepersonaliseerde-kwaliteitscontrole-tijdens
15812,15812,Een systeem-biologische methode om het anti-tumor effect van chemotherapie in individuele kankercellen in eierstokkanker-uitzaaiing te bepalen,dr. Bram Thijssen,Antoni van Leeuwenhoek / Nederlands Kanker Instituut,917243.0,2024-10-01,2024,48,2028,lopend,Basaal/fundamenteel onderzoek,Gerichte Gift,False,False,https://www.kwf.nl/onderzoek/onderzoeksdatabase/een-systeem-biologische-methode-om-het-anti-tumor-effect-van
15818,15818,Een nieuwe behandeling voor peritoneaal gemetastaseerde kanker,prof.dr. Maarten Bijlsma,Amsterdam UMC Research BV,154622.0,2024-04-01,2024,18,2025,afgerond,Medicijnen,,False,False,https://www.kwf.nl/onderzoek/onderzoeksdatabase/een-nieuwe-behandeling-voor-peritoneaal-gemetastaseerde-kanker
15820,15820,"Diepgaande Analyse van de Triade: Tumor, Immuunrespons en Microbiota in Vroegstadium Dikkedarmkanker",dr. Jessica Roelands,LUMC Leiden,762223.0,2024-09-01,2024,48,2028,lopend,Basaal/fundamenteel onderzoek,Alpe d'HuZes,False,False,https://www.kwf.nl/onderzoek/onderzoeksdatabase/diepgaande-analyse-van-de-triade-tumor-immuunrespons-en-microbiota-in
15828,15828,Het ontrafelen van de rol van KAP1 in genoomstabiliteit en manieren om deze uit te buiten in kankertherapie,prof.dr. Jacqueline Jacobs,Antoni van Leeuwenhoek / Nederlands Kanker Instituut,791082.0,2024-11-01,2024,48,2028,lopend,Basaal/fundamenteel onderzoek,,False,False,https://www.kwf.nl/onderzoek/onderzoeksdatabase/het-ontrafelen-van-de-rol-van-kap1-in-genoomstabiliteit-en-manieren-om
15829,15829,Het tumor micromilieu en therapieresistentie in slokdarmkanker,prof.dr. Maarten Bijlsma,Amsterdam UMC Research BV,759879.0,2024-10-01,2024,48,2028,lopend,Basaal/fundamenteel onderzoek,Gerichte Gift,False,False,https://www.kwf.nl/onderzoek/onderzoeksdatabase/het-tumor-micromilieu-en-therapieresistentie-in-slokdarmkanker
15838,15838,Systematisch onderzoek naar terugkerende deleties van niet-coderende regio's bij borsttumortransformatie,dr. Baoxu Pang,LUMC Leiden,258128.0,2024-08-01,2024,24,2026,afgerond,Basaal/fundamenteel onderzoek,Alpe d'HuZes,False,False,https://www.kwf.nl/onderzoek/onderzoeksdatabase/systematisch-onderzoek-naar-terugkerende-deleties-van-niet-coderende
15849,15849,Suikers als weerstandsmechanisme bij immuuntherapie van dikkedarmkanker,dr. ing. Sandra van Vliet,Amsterdam UMC Research BV,733560.0,2025-03-01,2025,48,2029,lopend,Basaal/fundamenteel onderzoek,,False,False,https://www.kwf.nl/onderzoek/onderzoeksdatabase/suikers-als-weerstandsmechanisme-bij-immuuntherapie-van
15868,15868,Condensin op hol: Een nieuw handvat voor anti-kanker therapie?,prof.dr. Benjamin Rowland,Antoni van Leeuwenhoek / Nederlands Kanker Instituut,764699.0,2025-01-01,2025,48,2029,lopend,Basaal/fundamenteel onderzoek,,False,False,https://www.kwf.nl/onderzoek/onderzoeksdatabase/condensin-op-hol-een-nieuw-handvat-voor-anti-kanker-therapie
15875,15875,Preklinische ontwikkeling van een chemo-hydrogel voor lokaal uitgezaaide eierstokkanker,prof. dr. Patricia Dankers,TU Eindhoven,429200.0,2024-07-01,2024,36,2027,lopend,Medicijnen,Health~Holland,False,False,https://www.kwf.nl/onderzoek/onderzoeksdatabase/preklinische-ontwikkeling-van-een-chemo-hydrogel-voor-lokaal
15883,15883,Herstellen van de functie van het beenmerg in acute myeloide leukemie,prof. dr. Marc Raaijmakers,Erasmus MC Rotterdam,392095.0,2024-09-01,2024,48,2028,lopend,Basaal/fundamenteel onderzoek,Gerichte Gift,False,False,https://www.kwf.nl/onderzoek/onderzoeksdatabase/herstellen-van-de-functie-van-het-beenmerg-in-acute-myeloide-leukemie
15893,15893,Photon Counting CT voor het uitsluiten van kanker in kalkspatjes in de borst,dr. Monique Dorrius,UMC Groningen,265000.0,2024-10-01,2024,36,2027,lopend,Beeldvormende technieken,Health~Holland,False,False,https://www.kwf.nl/onderzoek/onderzoeksdatabase/photon-counting-ct-voor-het-uitsluiten-van-kanker-in-kalkspatjes-in-de
15909,15909,Nederlandse genetische Tumor Risico databank: een bron voor onderzoek naar erfelijke kanker gebouwd door patiënten en professionals.,dr. Illja Diets,Radboudumc,3470130.0,2024-06-01,2024,48,2028,lopend,Kwaliteit van Leven/Zorg,Gerichte Gift,False,False,https://www.kwf.nl/onderzoek/onderzoeksdatabase/nederlandse-genetische-tumor-risico-databank-een-bron-voor-onderzoek
15919,15919,Overexpressie van genen die DNA-herstel onderdrukken zijn als nieuw mechanisme van homologe recombinatie deficiëntie bij kanker,prof. dr. Marcel van Vugt,UMC Groningen,205068.0,2025-02-01,2025,18,2026,afgerond,Basaal/fundamenteel onderzoek,Alpe d'HuZes,False,False,https://www.kwf.nl/onderzoek/onderzoeksdatabase/overexpressie-van-genen-die-dna-herstel-onderdrukken-zijn-als-nieuw
15922,15922,Thermotherapie voor patienten met vergevorderde hoofd hals kanker - een phase I klinische studie,dr. Michiel Kroesen,Erasmus MC Rotterdam,124670.0,2024-10-01,2024,36,2027,lopend,(Behandel)technieken,Health~Holland,False,False,https://www.kwf.nl/onderzoek/onderzoeksdatabase/thermotherapie-voor-patienten-met-vergevorderde-hoofd-hals-kanker-een
15928,15928,Een centrale immunomonitoring unit voor het verbeteren van de immunotherapie van kanker,prof. dr. Marjolein van Egmond,Amsterdam UMC Research BV,604600.0,2026-04-01,2026,36,2029,lopend,Immunotherapie,,False,False,https://www.kwf.nl/onderzoek/onderzoeksdatabase/een-centrale-immunomonitoring-unit-voor-het-verbeteren-van-de
15932,15932,Versterken van huidige immunotherapie met oncolytische virussen bij blaaskanker,dr. Geertje van der Horst,LUMC Leiden,769262.0,2024-07-01,2024,48,2028,lopend,Immunotherapie,Gerichte Gift,False,False,https://www.kwf.nl/onderzoek/onderzoeksdatabase/versterken-van-huidige-immunotherapie-met-oncolytische-virussen-bij
15974,15974,Bijnierschors organoïden als modelsysteem en patient avatar,dr. Jelte van der Vaart,UMC Utrecht,251178.0,2024-09-01,2024,18,2026,afgerond,Basaal/fundamenteel onderzoek,Alpe d'HuZes,False,False,https://www.kwf.nl/onderzoek/onderzoeksdatabase/bijnierschors-organoiden-als-modelsysteem-en-patient-avatar
15976,15976,Onderzoek naar de progressie van kankervoorstadia door HPV naar kanker met preklinische modellen,prof. dr. Renske Steenbergen,Amsterdam UMC Research BV,767392.0,2024-11-01,2024,48,2028,lopend,Basaal/fundamenteel onderzoek,Alpe d'HuZes,False,False,https://www.kwf.nl/onderzoek/onderzoeksdatabase/onderzoek-naar-de-progressie-van-kankervoorstadia-door-hpv-naar-kanker
15985,15985,Ontwikkeling en implementatie van structurele symptoom monitoring voor patiënten met ongeneeslijke kanker,prof. dr. An Reyners,UMC Groningen,3957790.0,2024-07-01,2024,60,2029,lopend,Kwaliteit van Leven/Zorg,,False,True,https://www.kwf.nl/onderzoek/onderzoeksdatabase/ontwikkeling-en-implementatie-van-structurele-symptoom-monitoring-voor
15986,15986,De vijand wordt een bondgenoot: tryptofaan tekort in longkanker onthult een nieuwe klasse van T-celdoelwitten,dr. Julien CHAMPAGNE,Antoni van Leeuwenhoek / Nederlands Kanker Instituut,874219.0,2025-01-01,2025,48,2029,lopend,Immunotherapie,Gerichte Gift,False,False,https://www.kwf.nl/onderzoek/onderzoeksdatabase/de-vijand-wordt-een-bondgenoot-tryptofaan-tekort-in-longkanker-onthult
15995,15995,ORGATRIX: een nieuwe in vitro tumor-organoïde matrix,prof.dr. Paul Kouwer,Radboud Universiteit,235488.0,2024-11-01,2024,18,2026,afgerond,Basaal/fundamenteel onderzoek,Alpe d'HuZes,False,False,https://www.kwf.nl/onderzoek/onderzoeksdatabase/orgatrix-een-nieuwe-in-vitro-tumor-organoide-matrix
15996,15996,Vormt lokale hulp van CD4 aan CD8 T cellen in tumoren de sleutel voor effectievere immuuntherapie tegen kanker?,dr. Derk Amsen,Sanquin Research,906165.0,2024-08-01,2024,48,2028,lopend,Basaal/fundamenteel onderzoek,,False,False,https://www.kwf.nl/onderzoek/onderzoeksdatabase/vormt-lokale-hulp-van-cd4-aan-cd8-t-cellen-in-tumoren-de-sleutel-voor
16018,16018,Snelle klinische translatie van intra-arteriële [211At]APA behandeling in patiënten met teruggekomen FET-PET positief glioblastoom.,dr. Arthur Braat,UMC Utrecht,969842.0,2025-02-01,2025,48,2029,lopend,(Behandel)technieken,Gerichte Gift,False,False,https://www.kwf.nl/onderzoek/onderzoeksdatabase/snelle-klinische-translatie-van-intra-arteriele-211atapa-behandeling
16029,16029,De vroege detectie van alvleesklierkanker mogelijk maken met geavanceerde weefselkweekmodellen,prof. dr. Jai Prakash,Radboudumc,497479.0,2024-09-01,2024,36,2027,lopend,Biomarkers,Health~Holland,False,False,https://www.kwf.nl/onderzoek/onderzoeksdatabase/de-vroege-detectie-van-alvleesklierkanker-mogelijk-maken-met
16034,16034,De diversiteit van immuun activiteit bij kanker in kaart brengen,dr. Daniela Thommen,Antoni van Leeuwenhoek / Nederlands Kanker Instituut,850549.0,2024-09-01,2024,48,2028,lopend,Basaal/fundamenteel onderzoek,Alpe d'HuZes,False,False,https://www.kwf.nl/onderzoek/onderzoeksdatabase/de-diversiteit-van-immuun-activiteit-bij-kanker-in-kaart-brengen
16037,16037,Inzicht in de aard en functie van humane trophocyten bij de vorming van invasieve groei door coloncarcinomen,dr. Hugo Snippert,Prinses Máxima Centrum voor kinderoncologie,821256.0,2024-11-01,2024,48,2028,lopend,Basaal/fundamenteel onderzoek,Gerichte Gift,False,False,https://www.kwf.nl/onderzoek/onderzoeksdatabase/inzicht-in-de-aard-en-functie-van-humane-trophocyten-bij-de-vorming
16038,16038,Methadon als toegevoegde pijnstiller bij kankergerelateerde botpijn: een dubbel-blinde gerandomiseerde studie in meerdere ziekenhuizen (MetAddon),prof. dr. Marieke van den Beuken-van Everdingen,Universiteit Maastricht,908415.0,2025-02-01,2025,60,2030,lopend,Kwaliteit van Leven/Zorg,,False,False,https://www.kwf.nl/onderzoek/onderzoeksdatabase/methadon-als-toegevoegde-pijnstiller-bij-kankergerelateerde-botpijn
16056,16056,Het verbeteren van immunotherapie door de stofwisseling van dendritische cellen en T cellen te regelen,dr. Bart Everts,LUMC Leiden,838756.0,2024-10-01,2024,48,2028,lopend,Basaal/fundamenteel onderzoek,Gerichte Gift,False,False,https://www.kwf.nl/onderzoek/onderzoeksdatabase/het-verbeteren-van-immunotherapie-door-de-stofwisseling-van
16064,16064,Het vinden van nieuwe doelwitten voor kankerimmunotherapie in dendritische cellen die “geholpen” worden door CD4+ T-cellen,dr. Yanling Xiao,LUMC Leiden,648588.0,2024-10-01,2024,36,2027,lopend,Basaal/fundamenteel onderzoek,Health~Holland,False,False,https://www.kwf.nl/onderzoek/onderzoeksdatabase/het-vinden-van-nieuwe-doelwitten-voor-kankerimmunotherapie-in
16066,16066,Next level SUMO worstelen om cellulaire therapieën tegen kanker te verbeteren,prof. dr. Alfred Vertegaal,LUMC Leiden,847447.0,2025-02-01,2025,48,2029,lopend,Immunotherapie,,False,False,https://www.kwf.nl/onderzoek/onderzoeksdatabase/next-level-sumo-worstelen-om-cellulaire-therapieen-tegen-kanker-te
16077,16077,"Chemoradiotherapie en slokdarmoperatie met verwijdering van lymfeklieren in hals, borstholte, buik voor patiënten met slokdarmkanker met uitzaaiingen in de hals",prof. dr. Richard van Hillegersberg,UMC Utrecht,609120.0,2025-05-01,2025,60,2030,lopend,(Behandel)technieken,Alpe d'HuZes,False,True,https://www.kwf.nl/onderzoek/onderzoeksdatabase/chemoradiotherapie-en-slokdarmoperatie-met-verwijdering-van
16122,16122,Personaliseren van Zorg voor Slokdarmkanker: Verbetering van Tumordetectie en Responsbeoordeling door Tumorgerichte Beeldvorming,dr. Merlijn Hutteman,Radboudumc,743861.0,2025-01-01,2025,48,2029,lopend,(Behandel)technieken,Gerichte Gift,False,False,https://www.kwf.nl/onderzoek/onderzoeksdatabase/personaliseren-van-zorg-voor-slokdarmkanker-verbetering-van
16126,16126,Dieetmaatregelen voor de start van behandeling bij patiënten met hoofd-hals kanker met sarcopenie.,dr. Inge Wegner,UMC Groningen,549508.0,2025-03-01,2025,48,2029,lopend,Leefstijl en omgevingsfactoren,Gerichte Gift,False,False,https://www.kwf.nl/onderzoek/onderzoeksdatabase/dieetmaatregelen-voor-de-start-van-behandeling-bij-patienten-met-hoofd
16128,16128,Het SUSTAIN project: het borgen van de toekomstbestendigheid van oncologische zorg m.b.v. wiskundige optimalisatie,dr. ir. Steven Petit,Erasmus MC Rotterdam,641400.0,2025-02-01,2025,48,2029,lopend,Kwaliteit van Leven/Zorg,,False,False,https://www.kwf.nl/onderzoek/onderzoeksdatabase/het-sustain-project-het-borgen-van-de-toekomstbestendigheid-van
16131,16131,De combinatie van chemotherapie en chemotherapie met bestraling voor de behandeling van kanker van de slokdarm of slokdarm-maagovergang (TNT-OES-2 studie).,dr. Bianca Mostert,Erasmus MC Rotterdam,658206.0,2025-02-01,2025,63,2030,lopend,Medicijnen,Alpe d'HuZes,False,False,https://www.kwf.nl/onderzoek/onderzoeksdatabase/de-combinatie-van-chemotherapie-en-chemotherapie-met-bestraling-voor
16145,16145,Hoe kan chirurgische navigatie de chirurg helpen tijdens de operatie van moeilijk vindbare tumoren bij kinderen?,dr. Lideke van der Steeg,Prinses Máxima Centrum voor kinderoncologie,592325.0,2024-10-01,2024,48,2028,lopend,(Behandel)technieken,Alpe d'HuZes,False,False,https://www.kwf.nl/onderzoek/onderzoeksdatabase/hoe-kan-chirurgische-navigatie-de-chirurg-helpen-tijdens-de-operatie
16151,16151,Gaan of niet gaan? Wanneer patiënten met een Turkse achtergrond een behandeling voor ongeneeslijke kanker in Turkije overwegen.,dr. Wendy Oldenmenger,Erasmus MC Rotterdam,543482.0,2025-06-01,2025,60,2030,lopend,Kwaliteit van Leven/Zorg,,False,False,https://www.kwf.nl/onderzoek/onderzoeksdatabase/gaan-of-niet-gaan-wanneer-patienten-met-een-turkse-achtergrond-een
16159,16159,Hyperthermie verandert immunologisch koude in hete tumoren: onderzoek naar de toegevoegde waarde van immunotherapie bij HIPEC behandeling van gemetastaseerde eierstokkanker,dr. Hans Crezee,Amsterdam UMC Research BV,577870.0,2025-04-01,2025,48,2029,lopend,(Behandel)technieken,Alpe d'HuZes,False,False,https://www.kwf.nl/onderzoek/onderzoeksdatabase/hyperthermie-verandert-immunologisch-koude-in-hete-tumoren-onderzoek
16161,16161,Minder chemotherapie voor patienten met vroeg stadium triple negatieve borstkanker met veel afweercellen en een hele goede prognose,dr. Marleen Kok,Antoni van Leeuwenhoek / Nederlands Kanker Instituut,4068140.0,2024-09-01,2024,96,2032,lopend,Biomarkers,Gerichte Gift,False,False,https://www.kwf.nl/onderzoek/onderzoeksdatabase/minder-chemotherapie-voor-patienten-met-vroeg-stadium-triple-negatieve
16171,16171,NORMA trial - het veilig achterwege laten van re-excisie bij primair melanoom,dr. Yvonne Schrage,Antoni van Leeuwenhoek / Nederlands Kanker Instituut,1715480.0,2025-02-01,2025,96,2033,lopend,Kwaliteit van Leven/Zorg,,False,False,https://www.kwf.nl/onderzoek/onderzoeksdatabase/norma-trial-het-veilig-achterwege-laten-van-re-excisie-bij-primair
16184,16184,Robot-geassisteerde versus open pancreatoduodenectomie in patiënten met een primair resectabel carcinoom in de pancreaskop(DIPLOMA-2x2): internationale multicenter geblindeerde en gerandomiseerde studie,prof. dr. Marc Besselink,Amsterdam UMC Research BV,401587.0,2024-09-01,2024,57,2029,lopend,(Behandel)technieken,Alpe d'HuZes,False,False,https://www.kwf.nl/onderzoek/onderzoeksdatabase/robot-geassisteerde-versus-open-pancreatoduodenectomie-in-patienten
16197,16197,Veilig en effectief voorkomen van hart en longbijwerkingen met behulp van bestaande medicatie: van proof-of-concept naar klinisch toepasbare interventie,dr. Peter van Luijk,UMC Groningen,858228.0,2024-12-01,2024,48,2028,lopend,Medicijnen,Gerichte Gift,False,False,https://www.kwf.nl/onderzoek/onderzoeksdatabase/veilig-en-effectief-voorkomen-van-hart-en-longbijwerkingen-met-behulp
16199,16199,Eerste beoordeling bij mensen van een FAP-gerichte sonde voor fluorescentie-geleide chirurgie bij alvleesklierkanker,dr. Yann Seimbille,Erasmus MC Rotterdam,978316.0,2025-01-01,2025,48,2029,lopend,(Behandel)technieken,Alpe d'HuZes,False,False,https://www.kwf.nl/onderzoek/onderzoeksdatabase/eerste-beoordeling-bij-mensen-van-een-fap-gerichte-sonde-voor
16209,16209,Verkorte bestraling voor hoofdhalskanker om de behandeling te verlichten en negatieve effecten op het immuunsysteem te verminderen,dr. Joris Elbers,Erasmus MC Rotterdam,547046.0,2024-09-01,2024,48,2028,lopend,(Behandel)technieken,Alpe d'HuZes,False,False,https://www.kwf.nl/onderzoek/onderzoeksdatabase/verkorte-bestraling-voor-hoofdhalskanker-om-de-behandeling-te
16218,16218,De effectiviteit van een gepersonaliseerd beweegprogramma voor patiënten met chronische klachten van neuropathie door chemotherapie (SICILY),dr. Martijn Stuiver,Antoni van Leeuwenhoek / Nederlands Kanker Instituut,1013910.0,2025-01-01,2025,48,2029,lopend,Leefstijl en omgevingsfactoren,,False,False,https://www.kwf.nl/onderzoek/onderzoeksdatabase/de-effectiviteit-van-een-gepersonaliseerd-beweegprogramma-voor
16219,16219,Kan de behandeling met daratumumab-lenalidomide-dexamethason tijdelijk gestopt worden bij patiënten met nieuw vastgesteld Multipel Myeloom?,prof. dr. Sonja Zweegman,Amsterdam UMC Research BV,723400.0,2025-02-01,2025,87,2032,lopend,Medicijnen,,False,False,https://www.kwf.nl/onderzoek/onderzoeksdatabase/kan-de-behandeling-met-daratumumab-lenalidomide-dexamethason-tijdelijk
16222,16222,Drainage van galwegen die verstopt zijn door niet-operabele kanker,prof.dr. Bas Groot Koerkamp,Erasmus MC Rotterdam,864444.0,2024-08-01,2024,54,2029,lopend,Kwaliteit van Leven/Zorg,Alpe d'HuZes,False,False,https://www.kwf.nl/onderzoek/onderzoeksdatabase/drainage-van-galwegen-die-verstopt-zijn-door-niet-operabele-kanker
16233,16233,Overbruggen van sociaaleconomische ongelijkheid in de laatste levensfase,dr. Natasja Raijmakers,Integraal Kankercentrum Nederland (IKNL),742140.0,2025-05-01,2025,48,2029,lopend,Kwaliteit van Leven/Zorg,,True,True,https://www.kwf.nl/onderzoek/onderzoeksdatabase/overbruggen-van-sociaaleconomische-ongelijkheid-in-de-laatste
16254,16254,Langer leven met kanker: Een onderzoek naar de ondersteunende rol van participatieve kunst bij kwetsbare patiëntengroepen,dr. Niels van Poecke,Amsterdam UMC,594068.0,2025-06-01,2025,48,2029,lopend,Kwaliteit van Leven/Zorg,,False,False,https://www.kwf.nl/onderzoek/onderzoeksdatabase/langer-leven-met-kanker-een-onderzoek-naar-de-ondersteunende-rol-van
16256,16256,Naar het einde van de regenboog: verbetering van LHBTI+ inclusieve palliatieve en levenseinde zorg,prof. dr. Lia van Zuylen,Amsterdam UMC,543735.0,2025-05-01,2025,48,2029,lopend,Kwaliteit van Leven/Zorg,,False,False,https://www.kwf.nl/onderzoek/onderzoeksdatabase/naar-het-einde-van-de-regenboog-verbetering-van-lhbti-inclusieve
16265,16265,Als patiënten niet alles willen weten: handleiding en training voor cultuursensitief informeren in de palliatieve zorg,dr. Annemarie Samuels,Universiteit Leiden,477420.0,2025-06-01,2025,48,2029,lopend,Kwaliteit van Leven/Zorg,,False,False,https://www.kwf.nl/onderzoek/onderzoeksdatabase/als-patienten-niet-alles-willen-weten-handleiding-en-training-voor
16266,16266,"Samen naar passende psychosociale palliatieve zorg voor kankerpatiënten met migratieachtergrond en naasten: behoefte bepaling, interventie ontwikkeling en pilot test.",prof. dr. Hans Knoop,Amsterdam UMC Research BV,680538.0,2025-05-01,2025,48,2029,lopend,Kwaliteit van Leven/Zorg,,False,False,https://www.kwf.nl/onderzoek/onderzoeksdatabase/samen-naar-passende-psychosociale-palliatieve-zorg-voor
16272,16272,Stroma-gerichte kankertherapie voor fibrotische tumoren,dr. Francesca Tasca,Amsterdam UMC Research BV,367725.0,2025-02-01,2025,36,2028,lopend,Basaal/fundamenteel onderzoek,Health~Holland,False,False,https://www.kwf.nl/onderzoek/onderzoeksdatabase/stroma-gerichte-kankertherapie-voor-fibrotische-tumoren
16287,16287,Ontwikkeling en toepassing van Kunstmatige Intelligentie voor detectie van hoofd-hals kanker: op weg naar duurzamere zorg dicht bij de patiënt,dr. Boudewijn Plaat,UMC Groningen,320000.0,2024-10-01,2024,48,2028,lopend,Beeldvormende technieken,Health~Holland,False,False,https://www.kwf.nl/onderzoek/onderzoeksdatabase/ontwikkeling-en-toepassing-van-kunstmatige-intelligentie-voor-detectie
16291,16291,B-cellen gebaseerde immunotherapie voor de behandeling van leverkanker,prof.dr. Ruchi Bansal,UMC Groningen,927883.0,2024-10-01,2024,48,2028,lopend,Basaal/fundamenteel onderzoek,Health~Holland,False,False,https://www.kwf.nl/onderzoek/onderzoeksdatabase/b-cellen-gebaseerde-immunotherapie-voor-de-behandeling-van-leverkanker
16295,16295,NextgenT: nieuwe generatie afweercellen geschikt voor de behandeling van borstkanker,prof. dr. Reno Debets,Erasmus MC Rotterdam,903757.0,2024-10-01,2024,36,2027,lopend,Basaal/fundamenteel onderzoek,Health~Holland,False,False,https://www.kwf.nl/onderzoek/onderzoeksdatabase/nextgent-nieuwe-generatie-afweercellen-geschikt-voor-de-behandeling
16299,16299,Het voorkomen van kanker bij mensen met Lynch door vaccinatie tegen eiwitten op de voorlopers van kankercellen.,prof. dr. Jolanda de Vries,Radboudumc,3325270.0,2025-07-01,2025,72,2031,start binnenkort,Immunotherapie,,False,False,https://www.kwf.nl/onderzoek/onderzoeksdatabase/het-voorkomen-van-kanker-bij-mensen-met-lynch-door-vaccinatie-tegen
16305,16305,Orde uit wanorde: het vastzetten beta-catenine in darmkanker,dr. Jurian Schuijers,UMC Utrecht,489952.0,2024-10-01,2024,36,2027,lopend,Basaal/fundamenteel onderzoek,Health~Holland,False,False,https://www.kwf.nl/onderzoek/onderzoeksdatabase/orde-uit-wanorde-het-vastzetten-beta-catenine-in-darmkanker
16308,16308,PREOPANC-6 studie - dendritische cel immuuntherapie na FOLFIRINOX chemotherapie bij opereerbare alvleesklierkanker,prof. dr. Joachim Aerts,Erasmus MC Rotterdam,3966690.0,2026-01-01,2026,66,2031,lopend,Immunotherapie,Gerichte Gift,False,False,https://www.kwf.nl/onderzoek/onderzoeksdatabase/preopanc-6-studie-dendritische-cel-immuuntherapie-na-folfirinox
16318,16318,Toegankelijkheid van het ENDORISK-model in dagelijkse praktijk om vrouwen met endometriumcarcinoom te selecteren voor lymfklier stadiering.,prof.dr. Johanna Pijnenborg,Radboudumc,116746.0,2025-01-01,2025,18,2026,afgerond,Biomarkers,,False,False,https://www.kwf.nl/onderzoek/onderzoeksdatabase/toegankelijkheid-van-het-endorisk-model-in-dagelijkse-praktijk-om
16327,16327,Op zoek naar verhalen: een innovatieve ondersteunende zorginterventie met een online tentoonstelling van gezamenlijk gecreëerde kunstwerken (ISOS-Thuis),prof. dr. Hanneke van Laarhoven,Amsterdam UMC Research BV,144546.0,2025-01-01,2025,18,2026,afgerond,Kwaliteit van Leven/Zorg,,False,False,https://www.kwf.nl/onderzoek/onderzoeksdatabase/op-zoek-naar-verhalen-een-innovatieve-ondersteunende-zorginterventie
16334,16334,Vaccinatie met antilichaam bewapende kanker-specifieke virussen als nieuwe immuuntherapie voor patiënten met kanker,dr. Roeland Lameris,Amsterdam UMC Research BV,1028340.0,2025-10-01,2025,48,2029,lopend,Immunotherapie,Alpe d'HuZes,False,False,https://www.kwf.nl/onderzoek/onderzoeksdatabase/vaccinatie-met-antilichaam-bewapende-kanker-specifieke-virussen-als
16378,16378,Op weg naar de klinische ontwikkeling van antikanker medicijnen gericht op glycobiologie,dr. Thomas Boltje,Radboud Universiteit,151081.0,2024-10-01,2024,18,2026,afgerond,Immunotherapie,,False,False,https://www.kwf.nl/onderzoek/onderzoeksdatabase/op-weg-naar-de-klinische-ontwikkeling-van-antikanker-medicijnen
16384,16384,Identificeren van nieuwe specifieke doelwitten voor immuuntherapie tegen T-LBLL,dr. Jorik van Rijn,Prinses Máxima Centrum voor kinderoncologie,716464.0,2025-07-01,2025,48,2029,lopend,Immunotherapie,Alpe d'HuZes,False,False,https://www.kwf.nl/onderzoek/onderzoeksdatabase/identificeren-van-nieuwe-specifieke-doelwitten-voor-immuuntherapie
16403,16403,Een nieuwe slimme benadering om cognitieve problemen vast te stellen bij mensen met kanker,prof. dr. Sanne Schagen,Antoni van Leeuwenhoek / Nederlands Kanker Instituut,1162340.0,2025-09-01,2025,48,2029,lopend,Kwaliteit van Leven/Zorg,,False,False,https://www.kwf.nl/onderzoek/onderzoeksdatabase/een-nieuwe-slimme-benadering-om-cognitieve-problemen-vast-te-stellen
16404,16404,Volgen van het ziektebeloop bij patiënten met keelholtekanker door HPV sequencing van bloedplasma,prof. dr. Ruud Brakenhoff,Amsterdam UMC Research BV,2027470.0,2025-05-01,2025,60,2030,lopend,Biomarkers,,False,False,https://www.kwf.nl/onderzoek/onderzoeksdatabase/volgen-van-het-ziektebeloop-bij-patienten-met-keelholtekanker-door-hpv
16420,16420,De ontwikkeling van Tumor Infiltrerende Lymfocyten (TIL) therapie voor baarmoederkanker: de TIL-TEC studie,dr. Tom Seijkens,Antoni van Leeuwenhoek / Nederlands Kanker Instituut,4155870.0,2025-07-01,2025,54,2030,start binnenkort,Immunotherapie,Alpe d'HuZes,False,False,https://www.kwf.nl/onderzoek/onderzoeksdatabase/de-ontwikkeling-van-tumor-infiltrerende-lymfocyten-til-therapie-voor
16429,16429,Locale toediening van long kanker vaccins om T cellen te stimuleren,dr. Alsya Affandi,Amsterdam UMC,748098.0,2025-06-01,2025,36,2028,lopend,Immunotherapie,Alpe d'HuZes,False,False,https://www.kwf.nl/onderzoek/onderzoeksdatabase/locale-toediening-van-long-kanker-vaccins-om-t-cellen-te-stimuleren
16447,16447,Advies voor behandeling voor vermoeidheid na borstkanker – wat past bij de persoon,dr. Annemieke Witteveen,Universiteit Twente,152657.0,2025-03-01,2025,24,2027,lopend,Kwaliteit van Leven/Zorg,Pink Ribbon,False,False,https://www.kwf.nl/onderzoek/onderzoeksdatabase/advies-voor-behandeling-voor-vermoeidheid-na-borstkanker-wat-past-bij
16456,16456,Het bestuderen van de oorzaak van hernieuwde ontwikkeling van tumoren na CART behandeling,dr. Ruben van Boxtel,Prinses Máxima Centrum voor kinderoncologie,707786.0,2025-04-01,2025,48,2029,lopend,Basaal/fundamenteel onderzoek,Alpe d'HuZes,False,False,https://www.kwf.nl/onderzoek/onderzoeksdatabase/het-bestuderen-van-de-oorzaak-van-hernieuwde-ontwikkeling-van-tumoren
16457,16457,Gerichte behandeling van laaggradige en mucineuze eierstokkanker,dr. Katrien Berns,Antoni van Leeuwenhoek / Nederlands Kanker Instituut,588264.0,2025-02-01,2025,48,2029,lopend,Basaal/fundamenteel onderzoek,Gerichte Gift,False,False,https://www.kwf.nl/onderzoek/onderzoeksdatabase/gerichte-behandeling-van-laaggradige-en-mucineuze-eierstokkanker
16467,16467,Prognostische moleculaiRE markers om de indiviDUele follow-up van geopereerde neuro-endoCrienE tumoren van de alvleesklier te optimaliseren en te reduceren (REDUCE),dr. Lodewijk Brosens,UMC Utrecht,1605900.0,2026-01-01,2026,60,2031,lopend,Biomarkers,Gerichte Gift,False,False,https://www.kwf.nl/onderzoek/onderzoeksdatabase/prognostische-moleculaire-markers-om-de-individuele-follow-up-van
16486,16486,"Aanvullende diagnostische test biedt nauwkeurigere inschatting van het risico op kanker voor varianten in BRCA1, BRCA2 en PALB2",dr. Maaike Vreeswijk,LUMC Leiden,1579990.0,2025-04-01,2025,48,2029,lopend,Biomarkers,Pink Ribbon,False,False,https://www.kwf.nl/onderzoek/onderzoeksdatabase/aanvullende-diagnostische-test-biedt-nauwkeurigere-inschatting-van-het
16496,16496,Het ontcijferen van de getallen achter tumorantigeen presentatie,dr. Rik Lindeboom,Antoni van Leeuwenhoek / Nederlands Kanker Instituut,727460.0,2025-06-01,2025,48,2029,lopend,Basaal/fundamenteel onderzoek,Alpe d'HuZes,False,False,https://www.kwf.nl/onderzoek/onderzoeksdatabase/het-ontcijferen-van-de-getallen-achter-tumorantigeen-presentatie
16515,16515,Het exploreren van T cell immunotherapie voor de behandeling van MRD+ NPM1-gemuteerde acute myeloide leukemie,dr. Stefan Erkeland,Erasmus MC Rotterdam,816829.0,2025-05-01,2025,48,2029,lopend,Immunotherapie,Alpe d'HuZes,False,False,https://www.kwf.nl/onderzoek/onderzoeksdatabase/het-exploreren-van-t-cell-immunotherapie-voor-de-behandeling-van-mrd
16517,16517,MAGNET: Gepersonaliseerde Opvolging van Patienten na een Operatie voor Longcarcinoid,prof. dr. Anne-Marie Dingemans,Erasmus MC Rotterdam,634484.0,2025-09-01,2025,96,2033,lopend,Biomarkers,Gerichte Gift,False,False,https://www.kwf.nl/onderzoek/onderzoeksdatabase/magnet-gepersonaliseerde-opvolging-van-patienten-na-een-operatie-voor
16523,16523,Epigenoom en metaboloom in de strijd tegen diffuus grootcellig B-cellymfoom,prof.dr. Heinz Jacobs,Antoni van Leeuwenhoek / Nederlands Kanker Instituut,921923.0,2025-04-01,2025,48,2029,lopend,Basaal/fundamenteel onderzoek,,False,False,https://www.kwf.nl/onderzoek/onderzoeksdatabase/epigenoom-en-metaboloom-in-de-strijd-tegen-diffuus-grootcellig-b
16524,16524,Het voorspellen van vulvakanker door toevoeging van kunstmatige intelligentie aan de beoordeling van het weefselbiopt door de patholoog,prof.dr. Jeroen van der Laak,Radboudumc,122685.0,2025-06-01,2025,15,2026,afgerond,Biomarkers,Alpe d'HuZes,False,False,https://www.kwf.nl/onderzoek/onderzoeksdatabase/het-voorspellen-van-vulvakanker-door-toevoeging-van-kunstmatige
16529,16529,Groei van uitzaaiingen remmen door het verstoren van de communicatie tussen cellen,dr. Saskia Suijkerbuijk,Universiteit Utrecht,273090.0,2025-11-01,2025,18,2027,lopend,Basaal/fundamenteel onderzoek,Alpe d'HuZes,False,False,https://www.kwf.nl/onderzoek/onderzoeksdatabase/groei-van-uitzaaiingen-remmen-door-het-verstoren-van-de-communicatie
16550,16550,Het ontrafelen van de moleculaire mechanismen die een rol spelen bij dikke darmkanker gedreven door mutaties in SMAD4.,prof.dr. Michiel Vermeulen,Antoni van Leeuwenhoek / Nederlands Kanker Instituut,749191.0,2025-09-01,2025,48,2029,lopend,Basaal/fundamenteel onderzoek,Alpe d'HuZes,False,False,https://www.kwf.nl/onderzoek/onderzoeksdatabase/het-ontrafelen-van-de-moleculaire-mechanismen-die-een-rol-spelen-bij
16556,16556,Onderzoek naar androgeenreceptor-eiwitcomplexen in prostaatkanker,dr. Suzan Stelloo,Radboudumc,736991.0,2025-09-01,2025,48,2029,lopend,Basaal/fundamenteel onderzoek,Gerichte Gift,False,False,https://www.kwf.nl/onderzoek/onderzoeksdatabase/onderzoek-naar-androgeenreceptor-eiwitcomplexen-in-prostaatkanker
16558,16558,Impact van inflammatoire bloedplaatjes en immuuncellen op de regulatie van de bloed-hersenbarrière bij Myeloproliferatieve neoplasmatas,dr. Helene Gleitz,Erasmus MC Rotterdam,942196.0,2025-05-01,2025,48,2029,lopend,Basaal/fundamenteel onderzoek,,False,False,https://www.kwf.nl/onderzoek/onderzoeksdatabase/impact-van-inflammatoire-bloedplaatjes-en-immuuncellen-op-de-regulatie
16583,16583,Ontrafelen van mutatieveroorzakende- alsook overlevingsmechanismen in kankercellen: polymerase theta biologie in DNA-breukherstel,prof. dr. Marcel Tijsterman,LUMC Leiden,961400.0,2025-05-01,2025,48,2029,lopend,Basaal/fundamenteel onderzoek,Alpe d'HuZes,False,False,https://www.kwf.nl/onderzoek/onderzoeksdatabase/ontrafelen-van-mutatieveroorzakende-alsook-overlevingsmechanismen-in
16590,16590,Galectines als nieuwe immuuntherapie tegen kanker,dr. Laia Querol Cano,LUMC Leiden,220740.0,2026-06-01,2026,18,2027,lopend,Immunotherapie,Alpe d'HuZes,False,False,https://www.kwf.nl/onderzoek/onderzoeksdatabase/galectines-als-nieuwe-immuuntherapie-tegen-kanker
16626,16626,Een nieuw licht op behandeling-resistente prostaatkanker: dag/nacht-ritme regulerende eiwitten als therapeutische target?,prof. dr. Wilbert Zwart,Antoni van Leeuwenhoek / Nederlands Kanker Instituut,762288.0,2025-02-01,2025,48,2029,lopend,Basaal/fundamenteel onderzoek,Gerichte Gift,False,False,https://www.kwf.nl/onderzoek/onderzoeksdatabase/een-nieuw-licht-op-behandeling-resistente-prostaatkanker-dagnacht
16637,16637,Resistentie tegen anti-PD1 checkpointremmers overwinnen in leiomyosarcomen: de rol van PI3K/mTOR-geïnduceerde immunomodulatie in de tumor micro-omgeving,prof. dr. Frédéric Amant,Antoni van Leeuwenhoek / Nederlands Kanker Instituut,851326.0,2025-07-01,2025,48,2029,lopend,Immunotherapie,Alpe d'HuZes,False,False,https://www.kwf.nl/onderzoek/onderzoeksdatabase/resistentie-tegen-anti-pd1-checkpointremmers-overwinnen-in
16654,16654,T-cel clusters uit klinische monsters verrijkt voor anti-tumor reactiviteit: gedetailleerde karakterisering en preklinische verkenning,prof. dr. Daniel Peeper,Antoni van Leeuwenhoek / Nederlands Kanker Instituut,994760.0,2025-07-01,2025,48,2029,lopend,Basaal/fundamenteel onderzoek,,False,False,https://www.kwf.nl/onderzoek/onderzoeksdatabase/t-cel-clusters-uit-klinische-monsters-verrijkt-voor-anti-tumor
16684,16684,Nieuwe immuunremmende mechanismen bij melanoom om de werkzaamheid van neo-adjuvante immunotherapie te voorspellen,prof.dr. Yvette van Kooyk,Amsterdam UMC,850482.0,2025-03-01,2025,48,2029,lopend,Biomarkers,,False,False,https://www.kwf.nl/onderzoek/onderzoeksdatabase/nieuwe-immuunremmende-mechanismen-bij-melanoom-om-de-werkzaamheid-van
16685,16685,Een slimme Biopsie Naald: Kankerdiagnose dichter bij huis,prof. dr. Theo Ruers,Antoni van Leeuwenhoek / Nederlands Kanker Instituut,1508840.0,2025-06-01,2025,48,2029,lopend,Beeldvormende technieken,Pink Ribbon,False,False,https://www.kwf.nl/onderzoek/onderzoeksdatabase/een-slimme-biopsie-naald-kankerdiagnose-dichter-bij-huis
16687,16687,SpectraSkin: Innovatie in Vroege Huidkankerdetectie met Mobiele Hyperspectrale Technologie en AI,dr. Behdad Dasht Bozorg,Antoni van Leeuwenhoek / Nederlands Kanker Instituut,590719.0,2025-06-01,2025,48,2029,lopend,Beeldvormende technieken,Gerichte Gift,False,False,https://www.kwf.nl/onderzoek/onderzoeksdatabase/spectraskin-innovatie-in-vroege-huidkankerdetectie-met-mobiele
16695,16695,Een nieuwe methode voor ultrasensitieve detectie van kanker gebaseerd op epigenetische signaturen in bloed plasma,prof.dr. Jop Kind,Hubrecht Instituut,146581.0,2025-02-01,2025,18,2026,afgerond,Basaal/fundamenteel onderzoek,Gerichte Gift,False,False,https://www.kwf.nl/onderzoek/onderzoeksdatabase/een-nieuwe-methode-voor-ultrasensitieve-detectie-van-kanker-gebaseerd
16714,16714,Gerichte behandeling voor Hodgkin lymfoom: Doorbreken van cellulaire misleiding voor een betere toekomst zonder bijwerkingen,dr. Arjan Diepstra,UMC Groningen,687314.0,2025-06-01,2025,48,2029,lopend,Basaal/fundamenteel onderzoek,Gerichte Gift,False,False,https://www.kwf.nl/onderzoek/onderzoeksdatabase/gerichte-behandeling-voor-hodgkin-lymfoom-doorbreken-van-cellulaire
16721,16721,De rol van een nieuwe synthese route voor triglyceriden in kanker,prof. dr. Thijn Brummelkamp,Antoni van Leeuwenhoek / Nederlands Kanker Instituut,894404.0,2025-05-01,2025,48,2029,lopend,Basaal/fundamenteel onderzoek,Gerichte Gift,False,False,https://www.kwf.nl/onderzoek/onderzoeksdatabase/de-rol-van-een-nieuwe-synthese-route-voor-triglyceriden-in-kanker
16741,16741,Implementatie CanRisk voor borstkankerfamilies,prof. dr. Christi van Asperen,LUMC Leiden,992882.0,2025-07-01,2025,48,2029,lopend,Biomarkers,Gerichte Gift,False,False,https://www.kwf.nl/onderzoek/onderzoeksdatabase/implementatie-canrisk-voor-borstkankerfamilies
16742,16742,Endovasculaire PDT-behandeling om bloedvaten vrij te maken van tumoraantasting bij alvleesklierkanker - de volgende stap richting de patiënt,dr. Kristian Overduin,Radboudumc,508525.0,2025-08-01,2025,24,2027,lopend,(Behandel)technieken,Health~Holland,False,False,https://www.kwf.nl/onderzoek/onderzoeksdatabase/endovasculaire-pdt-behandeling-om-bloedvaten-vrij-te-maken-van
16755,16755,Een nanotechnologie platform voor herbestemming van geneesmiddelen gericht op transcriptie factoren,dr. Jorine Eeftens,Radboud Universiteit,407181.0,2025-11-01,2025,26,2028,lopend,Medicijnen,Health~Holland,False,False,https://www.kwf.nl/onderzoek/onderzoeksdatabase/een-nanotechnologie-platform-voor-herbestemming-van-geneesmiddelen
16758,16758,Onderzoek naar cDC1-functionaliteit middels orgaan-op-een-chip voor het bestrijden van immuunsuppressie in oogmelanoom,dr. Yanling Xiao,LUMC Leiden,211470.0,2025-10-01,2025,36,2028,lopend,Basaal/fundamenteel onderzoek,Health~Holland,False,False,https://www.kwf.nl/onderzoek/onderzoeksdatabase/onderzoek-naar-cdc1-functionaliteit-middels-orgaan-op-een-chip-voor
16760,16760,Real-Time Voorspellingsmodel van behandeling gerelateerde bijwerkingen tijdens intensieve hematologische behandelingen,prof.dr. Tom van Meerten,UMC Groningen,325000.0,2025-10-01,2025,36,2028,lopend,Kwaliteit van Leven/Zorg,Health~Holland,False,False,https://www.kwf.nl/onderzoek/onderzoeksdatabase/real-time-voorspellingsmodel-van-behandeling-gerelateerde-bijwerkingen
16768,16768,MRI gestuurde radiotherapie voor hersenmetastasen zonder masker in een dag.,Mrs. Enrica Seravalli,UMC Utrecht,465212.0,2025-09-01,2025,48,2029,lopend,(Behandel)technieken,Health~Holland,False,False,https://www.kwf.nl/onderzoek/onderzoeksdatabase/mri-gestuurde-radiotherapie-voor-hersenmetastasen-zonder-masker-in-een
16769,16769,De ontwikkeling van een tumor-bindende fluorescente tracer voor verbeterde chirurgische behandeling van ovariumkankerpatiënten,dr. Alexander Vahrmeijer,LUMC Leiden,518127.0,2025-10-01,2025,36,2028,lopend,(Behandel)technieken,Health~Holland,False,False,https://www.kwf.nl/onderzoek/onderzoeksdatabase/de-ontwikkeling-van-een-tumor-bindende-fluorescente-tracer-voor
16773,16773,De ontwikkeling van nieuwe methoden voor het meten van de epigenetische code in individuele cellen,prof.dr. Jop Kind,Hubrecht Instituut,383600.0,2025-05-01,2025,24,2027,lopend,Basaal/fundamenteel onderzoek,Health~Holland,False,False,https://www.kwf.nl/onderzoek/onderzoeksdatabase/de-ontwikkeling-van-nieuwe-methoden-voor-het-meten-van-de
16798,16798,PI3K/AKT-gedreven immunosuppressie bij borstkanker: mechanismen en gerichte therapeutische mogelijkheden,prof. dr. Karin de Visser,Antoni van Leeuwenhoek / Nederlands Kanker Instituut,781948.0,2026-03-01,2026,48,2030,lopend,Basaal/fundamenteel onderzoek,Alpe d'HuZes,False,False,https://www.kwf.nl/onderzoek/onderzoeksdatabase/pi3kakt-gedreven-immunosuppressie-bij-borstkanker-mechanismen-en
16809,16809,"Aanvullende (adjuvante) behandeling op maat bij baarmoederkanker, gebaseerd op moleculaire kenmerken, de p53abn-RED studie",dr. Jasper Vleugels,Amsterdam UMC,792323.0,2026-02-01,2026,60,2031,start binnenkort,Medicijnen,,False,False,https://www.kwf.nl/onderzoek/onderzoeksdatabase/aanvullende-adjuvante-behandeling-op-maat-bij-baarmoederkanker
16816,16816,Siaalzuur therapie voor de behandeling van dikkedarmkanker tumoren de buikholte,dr. ing. Sandra van Vliet,Amsterdam UMC Research BV,854822.0,2026-04-01,2026,48,2030,lopend,Immunotherapie,Gerichte Gift,False,False,https://www.kwf.nl/onderzoek/onderzoeksdatabase/siaalzuur-therapie-voor-de-behandeling-van-dikkedarmkanker-tumoren-de
16838,16838,GLOW - Fluorescentie-geleide chirurgie voor het verbeteren van de chirurgische behandeling van solide tumoren bij kinderen.,dr. Willemieke Tummers,Prinses Máxima Centrum voor kinderoncologie,767169.0,2026-01-01,2026,48,2030,start binnenkort,(Behandel)technieken,Gerichte Gift,False,False,https://www.kwf.nl/onderzoek/onderzoeksdatabase/glow-fluorescentie-geleide-chirurgie-voor-het-verbeteren-van-de
16844,16844,Ontknoping van dosis-effectrelaties en beoordeling van de haalbaarheid van prospectieve [177Lu]Lu-PSMA-radionuclide-therapieplanning bij prostaatkanker,dr. Oleksandra Ivashchenko,UMC Groningen,841343.0,2026-02-01,2026,48,2030,lopend,(Behandel)technieken,,False,False,https://www.kwf.nl/onderzoek/onderzoeksdatabase/ontknoping-van-dosis-effectrelaties-en-beoordeling-van-de-haalbaarheid
16860,16860,Tijdstip van toediening immuuntherapie bij het melanoom: dansen op de beat van de biologische klok,dr. Kalijn Bol,Radboudumc,985775.0,2026-02-01,2026,48,2030,lopend,Immunotherapie,Alpe d'HuZes,False,False,https://www.kwf.nl/onderzoek/onderzoeksdatabase/tijdstip-van-toediening-immuuntherapie-bij-het-melanoom-dansen-op-de
16868,16868,Mechanismen en therapeutische mogelijkheden van genoominstabiliteit bij kanker ontdekken door onderzoek naar telomeerinstabiliteit,prof.dr. Jacqueline Jacobs,Antoni van Leeuwenhoek / Nederlands Kanker Instituut,897036.0,2026-01-01,2026,48,2030,lopend,Basaal/fundamenteel onderzoek,,False,False,https://www.kwf.nl/onderzoek/onderzoeksdatabase/mechanismen-en-therapeutische-mogelijkheden-van-genoominstabiliteit
16871,16871,Maakt de behandeling een hersentumor daadwerkelijk agressiever?,prof.dr. Pim French,Erasmus MC Rotterdam,704822.0,2025-11-01,2025,48,2029,lopend,Biomarkers,,False,False,https://www.kwf.nl/onderzoek/onderzoeksdatabase/maakt-de-behandeling-een-hersentumor-daadwerkelijk-agressiever
16873,16873,Chirurgie versus stereotactische ablatieve radiotherapie (MRI-geleid) in patiënten met lokaal gevorderd alvleesklierkanker en goede respons op chemotherapie (PREOPANC-4): gerandomiseerde trial.,prof. dr. Marc Besselink,Amsterdam UMC Research BV,1436690.0,2026-02-01,2026,96,2034,lopend,(Behandel)technieken,Gerichte Gift,False,False,https://www.kwf.nl/onderzoek/onderzoeksdatabase/chirurgie-versus-stereotactische-ablatieve-radiotherapie-mri-geleid-in
16874,16874,De IMAGINING-studie: Geïndividualiseerde behandeling van patienten met een hooggradig glioom op basis van multimodale beeldvorming en intraoperatieve nanopore-sequencing,dr. Niels Verburg,Amsterdam UMC,819016.0,2026-02-01,2026,48,2030,lopend,Beeldvormende technieken,Gerichte Gift,False,False,https://www.kwf.nl/onderzoek/onderzoeksdatabase/de-imagining-studie-geindividualiseerde-behandeling-van-patienten-met
16898,16898,Een nieuwe behandeling van VHL-mutant nierkanker op basis van defect DNA schade herstel,dr. Bert van de Kooij,UMC Groningen,767666.0,2025-11-01,2025,48,2029,lopend,Basaal/fundamenteel onderzoek,Alpe d'HuZes,False,False,https://www.kwf.nl/onderzoek/onderzoeksdatabase/een-nieuwe-behandeling-van-vhl-mutant-nierkanker-op-basis-van-defect
16899,16899,Suikermodificaties en immuunsuppressie: De rol van Siglec-15 in schildklierkanker,dr. Christian Büll,Radboud Universiteit,927631.0,2025-11-01,2025,51,2030,lopend,Basaal/fundamenteel onderzoek,Alpe d'HuZes,False,False,https://www.kwf.nl/onderzoek/onderzoeksdatabase/suikermodificaties-en-immuunsuppressie-de-rol-van-siglec-15-in
16902,16902,Tumor-specifieke inactivatie van complement remmers om antistof therapie efficienter te maken.,prof.dr. Leendert Trouw,LUMC Leiden,740619.0,2025-12-01,2025,36,2028,lopend,Medicijnen,Alpe d'HuZes,False,False,https://www.kwf.nl/onderzoek/onderzoeksdatabase/tumor-specifieke-inactivatie-van-complement-remmers-om-antistof
16909,16909,Kanker in het dagelijks leven: een exploratief onderzoek naar hoe muziek kan bijdragen aan betekenisgeving,dr. Niels van Poecke,Amsterdam UMC,738595.0,2025-12-01,2025,48,2029,lopend,Kwaliteit van Leven/Zorg,,False,False,https://www.kwf.nl/onderzoek/onderzoeksdatabase/kanker-in-het-dagelijks-leven-een-exploratief-onderzoek-naar-hoe
16922,16922,Ontrafelen van diffuus maagkanker ontwikkeling: van onschuldige laesies tot agressieve tumoren,dr. Chella van der Post,Radboudumc,899527.0,2025-11-01,2025,48,2029,lopend,Biomarkers,,False,False,https://www.kwf.nl/onderzoek/onderzoeksdatabase/ontrafelen-van-diffuus-maagkanker-ontwikkeling-van-onschuldige-laesies
16936,16936,Begrijpen welke signalen de groei van darmkanker stimuleren,dr. Saskia Suijkerbuijk,Universiteit Utrecht,323600.0,2026-03-01,2026,24,2028,lopend,Basaal/fundamenteel onderzoek,,False,False,https://www.kwf.nl/onderzoek/onderzoeksdatabase/begrijpen-welke-signalen-de-groei-van-darmkanker-stimuleren
16937,16937,"Immunofilamenten, een alternatieve benadering om de micro-omgeving van de tumor te manipuleren",prof. dr. Jolanda de Vries,Radboudumc,939740.0,2026-02-01,2026,48,2030,lopend,Basaal/fundamenteel onderzoek,,False,False,https://www.kwf.nl/onderzoek/onderzoeksdatabase/immunofilamenten-een-alternatieve-benadering-om-de-micro-omgeving-van
16941,16941,DeCehNT-studie: het voorspellen van complete respons van een gebied van DCIS bij HER2+ invasieve borstkanker tijdens neoadjuvante systemische therapie,dr. Thiemo van Nijnatten,Universiteit Maastricht,912051.0,2026-01-01,2026,48,2030,lopend,Beeldvormende technieken,Gerichte Gift,False,False,https://www.kwf.nl/onderzoek/onderzoeksdatabase/decehnt-studie-het-voorspellen-van-complete-respons-van-een-gebied-van
16959,16959,De duivel schuilt in het detail: wat zijn de gevolgen van Intratumor heterogeniteit voor de immuunherkenning van darmtumoren?,dr. Krijn Dijkstra,Antoni van Leeuwenhoek / Nederlands Kanker Instituut,1126700.0,2025-10-01,2025,48,2029,lopend,Basaal/fundamenteel onderzoek,Alpe d'HuZes,False,False,https://www.kwf.nl/onderzoek/onderzoeksdatabase/de-duivel-schuilt-in-het-detail-wat-zijn-de-gevolgen-van-intratumor
16972,16972,Late effecten van FLASH protonen radiotherapie op normale weefsels,dr. Lara Barazzuol,UMC Groningen,276646.0,2026-03-01,2026,18,2027,lopend,Kwaliteit van Leven/Zorg,Alpe d'HuZes,False,False,https://www.kwf.nl/onderzoek/onderzoeksdatabase/late-effecten-van-flash-protonen-radiotherapie-op-normale-weefsels
16977,16977,"Het fosfoproteoom, sleutel tot therapie op maat met multi-kinase remmers in vergevorderde nier- en schildklierkanker",prof. dr. Connie Jimenez,Amsterdam UMC Research BV,897169.0,2026-05-01,2026,48,2030,lopend,Biomarkers,,False,False,https://www.kwf.nl/onderzoek/onderzoeksdatabase/het-fosfoproteoom-sleutel-tot-therapie-op-maat-met-multi-kinase
16984,16984,Hoe mutaties in kankergenen de omliggende bindweefselcellen beïnvloeden en hun gevolgen voor tumorgroei en behandeling,dr. Julia Houthuijzen,Antoni van Leeuwenhoek / Nederlands Kanker Instituut,808438.0,2025-11-01,2025,48,2029,lopend,Basaal/fundamenteel onderzoek,Gerichte Gift,False,False,https://www.kwf.nl/onderzoek/onderzoeksdatabase/hoe-mutaties-in-kankergenen-de-omliggende-bindweefselcellen
17001,17001,De ontwikkeling van nieuwe Triconjugaat kanker vaccins,prof.dr. Joke den Haan,Amsterdam UMC Research BV,814915.0,2026-06-01,2026,36,2029,lopend,Immunotherapie,Alpe d'HuZes,False,False,https://www.kwf.nl/onderzoek/onderzoeksdatabase/de-ontwikkeling-van-nieuwe-triconjugaat-kanker-vaccins
17005,17005,Aangrijpen op epigenetica voor verbeterde kankertherapie,prof. dr. Fred van Leeuwen,Antoni van Leeuwenhoek / Nederlands Kanker Instituut,848234.0,2026-02-01,2026,48,2030,lopend,Basaal/fundamenteel onderzoek,Alpe d'HuZes,False,False,https://www.kwf.nl/onderzoek/onderzoeksdatabase/aangrijpen-op-epigenetica-voor-verbeterde-kankertherapie
17009,17009,Validatie van de PreCursor-M AnoGYN test om overbehandeling van patiënten met voorstadia van anuskanker en schaamlipkanker te verminderen,prof. dr. Renske Steenbergen,Amsterdam UMC Research BV,474312.0,2025-04-01,2025,42,2028,lopend,Biomarkers,Health~Holland,False,False,https://www.kwf.nl/onderzoek/onderzoeksdatabase/validatie-van-de-precursor-m-anogyn-test-om-overbehandeling-van
17012,17012,Hoe kunnen wij de peptides van kanker eiwitten voorspellen die door MHC class I aan het afweersysteem getoond worden?,prof. dr. Jacques Neefjes,LUMC Leiden,948605.0,2026-02-01,2026,48,2030,lopend,Basaal/fundamenteel onderzoek,,False,False,https://www.kwf.nl/onderzoek/onderzoeksdatabase/hoe-kunnen-wij-de-peptides-van-kanker-eiwitten-voorspellen-die-door
17017,17017,Een nieuwe technologie om de dynamiek van tijdelijke resistentie van kankercellen tegen therapie in kaart te brengen en te voorkomen.,dr. Menno Creyghton,Erasmus MC Rotterdam,738488.0,2025-12-01,2025,36,2028,lopend,Basaal/fundamenteel onderzoek,Alpe d'HuZes,False,False,https://www.kwf.nl/onderzoek/onderzoeksdatabase/een-nieuwe-technologie-om-de-dynamiek-van-tijdelijke-resistentie-van
17020,17020,Opsporing van voorlopers van vulvakanker middels een methylatie-test in patiëntvriendelijke vulva strijken bij vrouwen met lichen sclerosus (VULVA-screen studie),dr. Maaike Bleeker,Amsterdam UMC Research BV,752104.0,2026-01-01,2026,48,2030,lopend,Biomarkers,,False,False,https://www.kwf.nl/onderzoek/onderzoeksdatabase/opsporing-van-voorlopers-van-vulvakanker-middels-een-methylatie-test
17026,17026,Fase I studie naar veiligheid en effectiviteit van CD7-gerichte academisch geproduceerde CAR-T cel therapie,prof. dr. Edwin Bremer,UMC Groningen,2231330.0,2026-08-01,2026,36,2029,lopend,Immunotherapie,,False,False,https://www.kwf.nl/onderzoek/onderzoeksdatabase/fase-i-studie-naar-veiligheid-en-effectiviteit-van-cd7-gerichte
17037,17037,MED-ACT: Master Protocol voor Evaluatie van Geoptimaliseerde Behandelingen van Kanker,prof. dr. Gabe Sonke,Antoni van Leeuwenhoek / Nederlands Kanker Instituut,773296.0,2025-04-01,2025,24,2027,lopend,Medicijnen,,False,True,https://www.kwf.nl/onderzoek/onderzoeksdatabase/med-act-master-protocol-voor-evaluatie-van-geoptimaliseerde
17044,17044,Het ontdekken van de niet-celautonome effecten van cellulaire senescentie binnen HCC-niches,dr. Serena Vegna,Antoni van Leeuwenhoek / Nederlands Kanker Instituut,837205.0,2025-11-01,2025,48,2029,lopend,Basaal/fundamenteel onderzoek,Alpe d'HuZes,False,False,https://www.kwf.nl/onderzoek/onderzoeksdatabase/het-ontdekken-van-de-niet-celautonome-effecten-van-cellulaire
17065,17065,Het zichtbaar maken en verbeteren van de doorbloeding in de nieuwe borst na DIEP-lap-operatie bij borstkanker middels nabij-infrarood fluorescentie,dr. Alexander Vahrmeijer,LUMC Leiden,752309.0,2026-02-01,2026,48,2030,lopend,Kwaliteit van Leven/Zorg,,False,False,https://www.kwf.nl/onderzoek/onderzoeksdatabase/het-zichtbaar-maken-en-verbeteren-van-de-doorbloeding-in-de-nieuwe
17074,17074,NasCAR-T: laat de remmen los van CAR-T cellen tegen solide tumoren,dr. Judith Wienke,Prinses Máxima Centrum voor kinderoncologie,739234.0,2025-11-01,2025,48,2029,lopend,Immunotherapie,Gerichte Gift,False,False,https://www.kwf.nl/onderzoek/onderzoeksdatabase/nascar-t-laat-de-remmen-los-van-car-t-cellen-tegen-solide-tumoren
17076,17076,Verbeterde Precisie Therapie voor Kwaadaardige Meningeomen: Intra-arteriële Alfa-Radionucliden Therapie voor Meningeoom Patiënten,dr. Sophie Veldhuijzen van Zanten,Erasmus MC Rotterdam,700430.0,2026-08-01,2026,48,2030,start binnenkort,(Behandel)technieken,Alpe d'HuZes,False,False,https://www.kwf.nl/onderzoek/onderzoeksdatabase/verbeterde-precisie-therapie-voor-kwaadaardige-meningeomen-intra
17077,17077,MIRACLE: Multispanner remmende receptoren als therapeutische doelwitten bij kanker,dr. Michiel van der Vlist,UMC Utrecht,204794.0,2025-11-01,2025,18,2027,lopend,Basaal/fundamenteel onderzoek,Alpe d'HuZes,False,False,https://www.kwf.nl/onderzoek/onderzoeksdatabase/miracle-multispanner-remmende-receptoren-als-therapeutische-doelwitten
17083,17083,COVID-19 infectie als aandrijver voor de reactivatie van “slapende” uitgezaaide kankercellen,prof. dr. ir. Roel Vermeulen,Universiteit Utrecht,299730.0,2026-01-01,2026,24,2028,lopend,Basaal/fundamenteel onderzoek,,False,False,https://www.kwf.nl/onderzoek/onderzoeksdatabase/covid-19-infectie-als-aandrijver-voor-de-reactivatie-van-slapende
17098,17098,SMART-CART: Precisiehulpmiddel voor het Optimaliseren van CAR T-celtherapie,dr. Joost Vermaat,LUMC Leiden,1347660.0,2026-02-01,2026,48,2030,lopend,Biomarkers,,False,False,https://www.kwf.nl/onderzoek/onderzoeksdatabase/smart-cart-precisiehulpmiddel-voor-het-optimaliseren-van-car-t
17105,17105,gelijktijdige gebruik van de fluorescente stoffen 'ICG' en ‘SGM-101’ bij patiënten met uitzaaiingen van darmkanker in de lever.,dr. Sven Mieog,LUMC Leiden,487520.0,2026-01-01,2026,30,2028,lopend,(Behandel)technieken,Alpe d'HuZes,False,False,https://www.kwf.nl/onderzoek/onderzoeksdatabase/gelijktijdige-gebruik-van-de-fluorescente-stoffen-icg-en-sgm-101-bij
17122,17122,Een lotingsstudie naar lokale chemotherapie rechtstreeks in de lever met de chemopomp bij patiënten met inoperabele galwegkanker in de lever,prof.dr. Bas Groot Koerkamp,Erasmus MC Rotterdam,837104.0,2026-02-01,2026,48,2030,lopend,Medicijnen,Alpe d'HuZes,False,False,https://www.kwf.nl/onderzoek/onderzoeksdatabase/een-lotingsstudie-naar-lokale-chemotherapie-rechtstreeks-in-de-lever
17129,17129,Het invoeren van een urinetest om patiënten te selecteren die urologische analyse nodig hebben wegens microscopisch bloedcellen in de urine,prof.dr. Joost Boormans,Erasmus MC Rotterdam,1417190.0,2025-09-01,2025,72,2031,lopend,Biomarkers,,False,False,https://www.kwf.nl/onderzoek/onderzoeksdatabase/het-invoeren-van-een-urinetest-om-patienten-te-selecteren-die
17132,17132,De zwaarste dobber: aangepaste therapie voor T cel lymfoblastische lymfomen aangedreven door NOTCH1 fusies,prof.dr. Roland Kuiper,Prinses Máxima Centrum voor kinderoncologie,969295.0,2025-12-01,2025,48,2029,lopend,Medicijnen,Gerichte Gift,False,False,https://www.kwf.nl/onderzoek/onderzoeksdatabase/de-zwaarste-dobber-aangepaste-therapie-voor-t-cel-lymfoblastische
17136,17136,Kant-en-klare Natural Killer-cellen voor immunotherapie tegen eierstokkanker,prof.dr. Harry Dolstra,Radboudumc,148374.0,2025-12-01,2025,12,2026,lopend,Immunotherapie,Gerichte Gift,False,False,https://www.kwf.nl/onderzoek/onderzoeksdatabase/kant-en-klare-natural-killer-cellen-voor-immunotherapie-tegen
17137,17137,STOPXERO (PoC) - Opruiming van senescente cellen ter behandeling van door straling geïnduceerde xerostomie”.,prof. dr. Rob Coppes,UMC Groningen,121062.0,2026-03-01,2026,18,2027,lopend,Medicijnen,,False,False,https://www.kwf.nl/onderzoek/onderzoeksdatabase/stopxero-poc-opruiming-van-senescente-cellen-ter-behandeling-van-door
17146,17146,Ontwikkeling van Nanobody-antigen kanker vaccines,prof.dr. Joke den Haan,Amsterdam UMC Research BV,142698.0,2024-08-01,2024,14,2025,afgerond,Immunotherapie,,False,False,https://www.kwf.nl/onderzoek/onderzoeksdatabase/ontwikkeling-van-nanobody-antigen-kanker-vaccines
17173,17173,Iedereen meenemen: betere data en zorg voor families met erfelijke aanleg voor borst- en eierstokkanker,prof. dr. ir. Marjanka Schmidt,Antoni van Leeuwenhoek / Nederlands Kanker Instituut,1681340.0,2026-02-01,2026,48,2030,lopend,Kwaliteit van Leven/Zorg,Pink Ribbon,False,False,https://www.kwf.nl/onderzoek/onderzoeksdatabase/iedereen-meenemen-betere-data-en-zorg-voor-families-met-erfelijke
17198,17198,TEIPP-gerichte therapie effectiever toepassen in een bredere patiëntenpopulatie,prof. dr. Sjoerd van der Burg,LUMC Leiden,493300.0,2026-02-01,2026,24,2028,lopend,Immunotherapie,Alpe d'HuZes,False,False,https://www.kwf.nl/onderzoek/onderzoeksdatabase/teipp-gerichte-therapie-effectiever-toepassen-in-een-bredere
17206,17206,Hart- en vaatziekten na behandeling voor Hodgkinlymfoom; onderzoek naar de rol van genetische aanleg en ontwikkeling van een risicovoorspelmodel,dr. Gordon Watt,Antoni van Leeuwenhoek / Nederlands Kanker Instituut,772082.0,2026-07-01,2026,48,2030,start binnenkort,Kwaliteit van Leven/Zorg,,False,False,https://www.kwf.nl/onderzoek/onderzoeksdatabase/hart-en-vaatziekten-na-behandeling-voor-hodgkinlymfoom-onderzoek-naar
17212,17212,Moleculaire mechanismen voor het behoud van heterochromatine in de celkern en hun rol in kankerontwikkeling en effectiviteit van anti-kankertherapieën,dr. Francesca Mattiroli,Hubrecht Instituut,1006510.0,2026-04-01,2026,48,2030,lopend,Fundamental research,Alpe d'HuZes,False,False,https://www.kwf.nl/onderzoek/onderzoeksdatabase/moleculaire-mechanismen-voor-het-behoud-van-heterochromatine-in-de
17219,17219,Erfelijke kankersyndromen: waarom sommige weefsels vatbaar zijn voor kankerontwikkeling en andere niet,dr. Sanne van Neerven,Prinses Máxima Centrum voor kinderoncologie,1086980.0,2026-07-01,2026,48,2030,start binnenkort,Fundamental research,Alpe d'HuZes,False,False,https://www.kwf.nl/onderzoek/onderzoeksdatabase/erfelijke-kankersyndromen-waarom-sommige-weefsels-vatbaar-zijn-voor
17226,17226,Detectie van tumoren in de alvleesklierkop met behulp van kunstmatige intelligentie (AI): de DETAIL studie,prof.dr. Misha Luyer,Catharina Ziekenhuis Eindhoven,1331930.0,2026-02-01,2026,60,2031,lopend,Beeldvormende technieken,Alpe d'HuZes,False,False,https://www.kwf.nl/onderzoek/onderzoeksdatabase/detectie-van-tumoren-in-de-alvleesklierkop-met-behulp-van-kunstmatige
17227,17227,Plantenenzymen om kanker te bestrijden?,dr. ing. Sandra van Vliet,Amsterdam UMC Research BV,265897.0,2026-06-01,2026,18,2027,lopend,Immunotherapie,Alpe d'HuZes,False,False,https://www.kwf.nl/onderzoek/onderzoeksdatabase/plantenenzymen-om-kanker-te-bestrijden
17251,17251,Opnieuw geconfronteerd met hoofd-halskanker: de impact van terugkeer van kanker op kwaliteit van leven en de behoefte aan zorg,dr. Femke Jansen,Amsterdam UMC Research BV,279078.0,2026-05-01,2026,30,2028,lopend,Kwaliteit van Leven/Zorg,,False,False,https://www.kwf.nl/onderzoek/onderzoeksdatabase/opnieuw-geconfronteerd-met-hoofd-halskanker-de-impact-van-terugkeer
17257,17257,De ruimtelijke organisatie van het AML-beenmerg,prof. dr. Olaf Heidenreich,Prinses Máxima Centrum voor kinderoncologie,749967.0,2026-05-01,2026,36,2029,lopend,Fundamental research,Alpe d'HuZes,False,False,https://www.kwf.nl/onderzoek/onderzoeksdatabase/de-ruimtelijke-organisatie-van-het-aml-beenmerg
17263,17263,Onderzoek naar de rol van het immuunsysteem bij vroege borstkanker: waarom sommige voorstadia wél en andere níét doorgroeien tot kanker,prof. dr. Jelle Wesseling,Antoni van Leeuwenhoek / Nederlands Kanker Instituut,937717.0,2026-09-01,2026,48,2030,start binnenkort,Biomarkers,Gerichte Gift,False,False,https://www.kwf.nl/onderzoek/onderzoeksdatabase/onderzoek-naar-de-rol-van-het-immuunsysteem-bij-vroege-borstkanker
17264,17264,Aangrijpen op de WNT signaleringsroute in borstkanker,prof.dr. Renee van Amerongen,Universiteit van Amsterdam,899688.0,2026-07-01,2026,48,2030,lopend,Biomarkers,Alpe d'HuZes,False,False,https://www.kwf.nl/onderzoek/onderzoeksdatabase/aangrijpen-op-de-wnt-signaleringsroute-in-borstkanker
17283,17283,Schatten van het optimale screeningsinterval voor vrouwen met een hoog of laag risico op borstkanker in een risico gebaseerd screeningsprogramma,prof. dr. Mireille Broeders,Radboudumc,531636.0,2026-07-01,2026,36,2029,start binnenkort,Beeldvormende technieken,Pink Ribbon,False,False,https://www.kwf.nl/onderzoek/onderzoeksdatabase/schatten-van-het-optimale-screeningsinterval-voor-vrouwen-met-een-hoog
17302,17302,BRIDGE: een preklinische in vivo pijplijn voor evaluatie van het therapeutische potentieel van nieuwe target-eiwitten,prof. dr. Jos Jonkers,Antoni van Leeuwenhoek / Nederlands Kanker Instituut,419621.0,2026-05-01,2026,24,2028,lopend,Fundamental research,,False,False,https://www.kwf.nl/onderzoek/onderzoeksdatabase/bridge-een-preklinische-in-vivo-pijplijn-voor-evaluatie-van-het
17323,17323,De bijdrage van NKG2C op het succes van NKG2A-kankerbehandeling,prof. dr. Thorbald van Hall,LUMC Leiden,202456.0,2026-04-01,2026,18,2027,lopend,Fundamental research,Alpe d'HuZes,False,False,https://www.kwf.nl/onderzoek/onderzoeksdatabase/de-bijdrage-van-nkg2c-op-het-succes-van-nkg2a-kankerbehandeling
17329,17329,POLQ-knock-out-individuen: implicaties voor kankerbehandeling,prof. dr. Marcel Tijsterman,LUMC Leiden,790813.0,2026-06-01,2026,48,2030,lopend,Fundamental research,,False,False,https://www.kwf.nl/onderzoek/onderzoeksdatabase/polq-knock-out-individuen-implicaties-voor-kankerbehandeling
17332,17332,Onderzoek naar neurotoxische bijwerkingen van chemotherapie: van oorzaken en gevolgen tot nieuwe behandelingsstrategieën,prof. dr. ir. Jurgen Marteijn,Erasmus MC Rotterdam,1057100.0,2026-07-01,2026,48,2030,start binnenkort,Kwaliteit van Leven/Zorg,,False,False,https://www.kwf.nl/onderzoek/onderzoeksdatabase/onderzoek-naar-neurotoxische-bijwerkingen-van-chemotherapie-van
17343,17343,Uitschakeling van Fanconi anemie eiwitten als nieuwe therapie om BRCA1-deficiënte tumorcellen te doden,prof. dr. Haico van Attikum,LUMC Leiden,949526.0,2026-03-01,2026,48,2030,lopend,Fundamental research,Alpe d'HuZes,False,False,https://www.kwf.nl/onderzoek/onderzoeksdatabase/uitschakeling-van-fanconi-anemie-eiwitten-als-nieuwe-therapie-om-brca1
17347,17347,De invloed van de plek van uitzaaiingen bij darmkanker op de opname van chemotherapie en op therapierespons,prof. dr. Onno Kranenburg,UMC Utrecht,376275.0,2026-07-01,2026,18,2028,lopend,Medicijnen,Alpe d'HuZes,False,False,https://www.kwf.nl/onderzoek/onderzoeksdatabase/de-invloed-van-de-plek-van-uitzaaiingen-bij-darmkanker-op-de-opname
17348,17348,Onderzoek naar erfelijke vorm van acute leukemie (AML) door DDX41-mutaties,dr. Maaike van Bergen,Radboudumc,898836.0,2026-09-01,2026,48,2030,lopend,Fundamental research,Alpe d'HuZes,False,False,https://www.kwf.nl/onderzoek/onderzoeksdatabase/onderzoek-naar-erfelijke-vorm-van-acute-leukemie-aml-door-ddx41
17378,17378,Puberteit als bepalende fase voor borstkankerrisico: onderzoek naar mutaties en preventiemogelijkheden,prof. dr. Jacco van Rheenen,Antoni van Leeuwenhoek / Nederlands Kanker Instituut,990289.0,2026-01-01,2026,48,2030,lopend,Fundamental research,Gerichte Gift,False,False,https://www.kwf.nl/onderzoek/onderzoeksdatabase/puberteit-als-bepalende-fase-voor-borstkankerrisico-onderzoek-naar
17386,17386,Zelftest die veranderingen in DNA opspoort om vroegtijdig baarmoederkanker te ontdekken bij vrouwen met het Lynch-syndroom.,dr. Caroline van den Berg,Erasmus MC Rotterdam,1106290.0,2026-07-01,2026,60,2031,start binnenkort,Biomarkers,,False,False,https://www.kwf.nl/onderzoek/onderzoeksdatabase/zelftest-die-veranderingen-in-dna-opspoort-om-vroegtijdig
17407,17407,Het verminderen van de belasting van surveillance na curatieve behandeling van melanoom patiënten,dr. Daan van den Broek,Antoni van Leeuwenhoek / Nederlands Kanker Instituut,1315940.0,2026-07-01,2026,60,2031,lopend,Biomarkers,,False,False,https://www.kwf.nl/onderzoek/onderzoeksdatabase/het-verminderen-van-de-belasting-van-surveillance-na-curatieve
17408,17408,Hergebruik van groeifactor receptoren: de Achilleshiel van invasief hoofd-hals kanker?,prof. dr. Patrick Derksen,UMC Utrecht,831192.0,2026-05-01,2026,48,2030,lopend,Fundamental research,Alpe d'HuZes,False,False,https://www.kwf.nl/onderzoek/onderzoeksdatabase/hergebruik-van-groeifactor-receptoren-de-achilleshiel-van-invasief
17409,17409,Karakterisering van de beenmergmicro-omgeving bij multipel myeloom om medicijnresistentie te doorbreken,dr. Jeroen Guikema,Amsterdam UMC Research BV,998540.0,2026-07-01,2026,48,2030,lopend,Fundamental research,,False,False,https://www.kwf.nl/onderzoek/onderzoeksdatabase/karakterisering-van-de-beenmergmicro-omgeving-bij-multipel-myeloom-om
17418,17418,Nieuwe immunotherapie: neutrofielen activeren met bispecifieke antilichamen voor betere behandeling van uitzaaiingen in het buikvlies,prof. dr. Marjolein van Egmond,Amsterdam UMC Research BV,772630.0,2026-04-01,2026,48,2030,lopend,Immunotherapie,Alpe d'HuZes,False,False,https://www.kwf.nl/onderzoek/onderzoeksdatabase/nieuwe-immunotherapie-neutrofielen-activeren-met-bispecifieke
17419,17419,Voorbereiding van een nieuwe immuuntherapie voor CLL: van labresultaten naar toepassing bij de patiënt,prof. dr. Arnon Kater,Amsterdam UMC,155165.0,2026-05-01,2026,18,2027,lopend,Immunotherapie,,False,False,https://www.kwf.nl/onderzoek/onderzoeksdatabase/voorbereiding-van-een-nieuwe-immuuntherapie-voor-cll-van-labresultaten
17433,17433,Innovatieve bestraling combineren met immuuntherapie bij hoofd-halskanker,dr. Lara Barazzuol,UMC Groningen,2955550.0,2026-06-01,2026,48,2030,lopend,Fundamental research,,False,False,https://www.kwf.nl/onderzoek/onderzoeksdatabase/innovatieve-bestraling-combineren-met-immuuntherapie-bij-hoofd
17441,17441,PRECISION-DCIS: een risico-predictie model om overbehandeling van DCIS te voorkomen,dr. Esther Lips,Antoni van Leeuwenhoek / Nederlands Kanker Instituut,157200.0,2026-05-01,2026,18,2027,start binnenkort,Biomarkers,Pink Ribbon,False,False,https://www.kwf.nl/onderzoek/onderzoeksdatabase/precision-dcis-een-risico-predictie-model-om-overbehandeling-van-dcis
17452,17452,POCOP: Het opzetten van een toekomstbestendige infrastructuur voor 'real-world' dataverzameling bij slokdarm- en maagkanker,prof. dr. Hanneke van Laarhoven,Amsterdam UMC Research BV,404957.0,2026-07-01,2026,24,2028,start binnenkort,Kwaliteit van Leven/Zorg,,False,True,https://www.kwf.nl/onderzoek/onderzoeksdatabase/pocop-het-opzetten-van-een-toekomstbestendige-infrastructuur-voor-real
17475,17475,Hit and Run antilichaam therapie ontwikkelen voor klinische toepassing,prof.dr. Leendert Trouw,LUMC Leiden,132311.0,2026-01-01,2026,18,2027,lopend,Immunotherapie,,False,False,https://www.kwf.nl/onderzoek/onderzoeksdatabase/hit-and-run-antilichaam-therapie-ontwikkelen-voor-klinische-toepassing
17477,17477,"PLRCR-IMPROVE: Een basis leggen voor groei, betrokkenheid en bestendigheid.",dr. Robert Jan Kwakman,UMC Utrecht,509927.0,2026-05-01,2026,24,2028,start binnenkort,Medicijnen,,False,False,https://www.kwf.nl/onderzoek/onderzoeksdatabase/plrcr-improve-een-basis-leggen-voor-groei-betrokkenheid-en
17483,17483,"ProTRAIT+: Landelijke, toekomstbestendige infrastructuur voor radiotherapiedata.",prof. dr. ir. Andre Dekker,Maastro kliniek,525088.0,2026-06-01,2026,24,2028,lopend,(Behandel)technieken,,False,False,https://www.kwf.nl/onderzoek/onderzoeksdatabase/protrait-landelijke-toekomstbestendige-infrastructuur-voor
17493,17493,CancerLink – Een realistische business case voor een koppelservice,dr. ir. Gijs Geleijnse,Integraal Kankercentrum Nederland (IKNL),252892.0,2026-07-01,2026,24,2028,lopend,Biomarkers,,True,True,https://www.kwf.nl/onderzoek/onderzoeksdatabase/cancerlink-een-realistische-business-case-voor-een-koppelservice
17494,17494,Onderzoek naar immuuntherapie Vvax001 als aanvullende behandeling bij patiënten met een voorloperafwijking van baarmoederhalskanker,prof. dr. Hans Nijman,UMC Groningen,6175680.0,2026-10-01,2026,72,2032,start binnenkort,Immunotherapie,,False,False,https://www.kwf.nl/onderzoek/onderzoeksdatabase/onderzoek-naar-immuuntherapie-vvax001-als-aanvullende-behandeling-bij
17495,17495,Ontwikkeling van een multitargetFIT voor toepassing in darmkanker bevolkingsonderzoeken,dr. Beatriz Carvalho,Antoni van Leeuwenhoek / Nederlands Kanker Instituut,438094.0,2026-07-01,2026,36,2029,start binnenkort,Biomarkers,,False,False,https://www.kwf.nl/onderzoek/onderzoeksdatabase/ontwikkeling-van-een-multitargetfit-voor-toepassing-in-darmkanker
17497,17497,DARE-NL by design: opzet van een economisch veerkrachtige academische ATMP-infrastructuur,dr. ir. Trudy Straetemans,UMC Utrecht,510470.0,2026-04-01,2026,24,2028,lopend,Immunotherapie,,False,False,https://www.kwf.nl/onderzoek/onderzoeksdatabase/dare-nl-by-design-opzet-van-een-economisch-veerkrachtige-academische
17498,17498,Optimalisatie van de PACAP PROMs-infrastructuur,prof. dr. Marc Besselink,Amsterdam UMC Research BV,364196.0,2026-07-01,2026,24,2028,lopend,Kwaliteit van Leven/Zorg,,False,False,https://www.kwf.nl/onderzoek/onderzoeksdatabase/optimalisatie-van-de-pacap-proms-infrastructuur
17500,17500,SMART Pathologie - geStructureerde Moleculaire Analyse en Reporting Tool voor Pathologie,dr.ir. Wendy De Leng,NVVP,769268.0,2026-02-01,2026,24,2028,lopend,Biomarkers,,False,False,https://www.kwf.nl/onderzoek/onderzoeksdatabase/smart-pathologie-gestructureerde-moleculaire-analyse-en-reporting-tool
17505,17505,Dubbele tumor therapie,prof. dr. Annemiek van Spriel,Radboudumc,150000.0,2026-06-01,2026,18,2027,lopend,Immunotherapie,,False,False,https://www.kwf.nl/onderzoek/onderzoeksdatabase/dubbele-tumor-therapie
17506,17506,Gerichte lichttherapie bij hoofd-halskanker,prof. dr. Remco de Bree,UMC Utrecht,4661710.0,2027-02-01,2027,48,2031,start binnenkort,(Behandel)technieken,,False,False,https://www.kwf.nl/onderzoek/onderzoeksdatabase/gerichte-lichttherapie-bij-hoofd-halskanker
17523,17523,Dichterbij gepersonaliseerde kankerbehandeling middels het voorspellen van behandelresultaten met Ex Vivo Cultures,dr. Julia Houthuijzen,Antoni van Leeuwenhoek / Nederlands Kanker Instituut,127806.0,2026-07-01,2026,18,2028,lopend,Immunotherapie,,False,False,https://www.kwf.nl/onderzoek/onderzoeksdatabase/dichterbij-gepersonaliseerde-kankerbehandeling-middels-het-voorspellen
17528,17528,Naar meer klinische impact: β-catenine-condensaatremming bij WNT-gedreven tumoren,dr. Jurian Schuijers,UMC Utrecht,149913.0,2026-03-01,2026,12,2027,lopend,Medicijnen,,False,False,https://www.kwf.nl/onderzoek/onderzoeksdatabase/naar-meer-klinische-impact-b-catenine-condensaatremming-bij-wnt
17535,17535,Betere tumormodellen om effectievere therapieën tegen alvleesklierkanker te ontwikkelen,dr. Lukas Hawinkels,LUMC Leiden,149984.0,2026-07-01,2026,18,2028,lopend,Medicijnen,Gerichte Gift,False,False,https://www.kwf.nl/onderzoek/onderzoeksdatabase/betere-tumormodellen-om-effectievere-therapieen-tegen
17536,17536,Een BOOST voor precisie oncologie van T-cel lymfomen in de huid,dr. Cornelis Tensen,LUMC Leiden,185152.0,2026-07-01,2026,18,2028,start binnenkort,Immunotherapie,Gerichte Gift,False,False,https://www.kwf.nl/onderzoek/onderzoeksdatabase/een-boost-voor-precisie-oncologie-van-t-cel-lymfomen-in-de-huid
17537,17537,Pilot studie voor moderne prostaatkankerscreening in Nederland,dr. Roderick van den Bergh,Erasmus MC Rotterdam,3250170.0,2026-07-01,2026,72,2032,start binnenkort,Biomarkers,Gerichte Gift,False,False,https://www.kwf.nl/onderzoek/onderzoeksdatabase/pilot-studie-voor-moderne-prostaatkankerscreening-in-nederland
17547,17547,Selectie van de meest kansrijke tumoren voor behandeling via suikerremming,dr. Christian Büll,Radboud Universiteit,148594.0,2026-07-01,2026,18,2028,lopend,Fundamental research,,False,False,https://www.kwf.nl/onderzoek/onderzoeksdatabase/selectie-van-de-meest-kansrijke-tumoren-voor-behandeling-via
17555,17555,Gelijkwaardige psychosociale zorg bij kanker: samen bouwen aan een inclusieve onderzoekscultuur en -praktijk,dr. Saskia Duijts,Amsterdam UMC Research BV,5081870.0,2026-07-01,2026,72,2032,lopend,Kwaliteit van Leven/Zorg,,False,False,https://www.kwf.nl/onderzoek/onderzoeksdatabase/gelijkwaardige-psychosociale-zorg-bij-kanker-samen-bouwen-aan-een
17556,17556,Ontwikkeling van een nieuw gehumaniseerd AML-model ter bevordering van antilichaamonderzoek voor AML-therapie,dr. Milad Rasouli,Erasmus MC Rotterdam,149766.0,2026-04-01,2026,18,2027,lopend,Immunotherapie,,False,False,https://www.kwf.nl/onderzoek/onderzoeksdatabase/ontwikkeling-van-een-nieuw-gehumaniseerd-aml-model-ter-bevordering-van
17565,17565,Nieuwe borstkanker metastase-modellen om het afweersysteem beter te begrijpen en immuuntherapie te verbeteren voor verschillende typen borstkanker,prof. dr. Karin de Visser,Antoni van Leeuwenhoek / Nederlands Kanker Instituut,148349.0,2026-07-01,2026,18,2028,lopend,Immunotherapie,Gerichte Gift,False,False,https://www.kwf.nl/onderzoek/onderzoeksdatabase/nieuwe-borstkanker-metastase-modellen-om-het-afweersysteem-beter-te
17604,17604,SKIV2L: een mogelijk nieuw aangrijpingspunt om PARP‑remmers krachtiger te maken,prof. dr. Jos Jonkers,Antoni van Leeuwenhoek / Nederlands Kanker Instituut,902502.0,2027-03-01,2027,48,2031,start binnenkort,Medicijnen,Alpe d'HuZes,False,False,https://www.kwf.nl/onderzoek/onderzoeksdatabase/skiv2l-een-mogelijk-nieuw-aangrijpingspunt-om-parp-remmers-krachtiger
17620,17620,De implementatie van functionele testen om somatische varianten met onbekende betekenis te classificeren in routinematige klinische diagnostiek.,dr. Sjors Kas,Antoni van Leeuwenhoek / Nederlands Kanker Instituut,159661.0,2026-09-01,2026,18,2028,lopend,Biomarkers,,False,False,https://www.kwf.nl/onderzoek/onderzoeksdatabase/de-implementatie-van-functionele-testen-om-somatische-varianten-met
17621,17621,BOOST van Apoptosegerichte Geneesmiddelenontwikkeling bij Colorectaal Kanker met het Minicolon Organ-on-Chip,prof. dr. Jan Paul Medema,Amsterdam UMC,145278.0,2026-07-01,2026,18,2028,lopend,Medicijnen,,False,False,https://www.kwf.nl/onderzoek/onderzoeksdatabase/boost-van-apoptosegerichte-geneesmiddelenontwikkeling-bij-colorectaal
17624,17624,Verbeterde chirurgische strategieën voor pancreas neuro-endocriene tumoren met behulp van een somatostatinereceptor-gerichte fluorescerende kleurstof,dr. Sven Mieog,LUMC Leiden,397026.0,2026-10-01,2026,36,2029,start binnenkort,Beeldvormende technieken,Health~Holland,False,False,https://www.kwf.nl/onderzoek/onderzoeksdatabase/verbeterde-chirurgische-strategieen-voor-pancreas-neuro-endocriene
17631,17631,Heeft emotionele stress invloed op hoe goed immuuntherapie werkt bij melanoom?,prof. dr. Lonneke van de Poll-Franse,Antoni van Leeuwenhoek / Nederlands Kanker Instituut,686654.0,2027-03-01,2027,48,2031,start binnenkort,Kwaliteit van Leven/Zorg,,False,False,https://www.kwf.nl/onderzoek/onderzoeksdatabase/heeft-emotionele-stress-invloed-op-hoe-goed-immuuntherapie-werkt-bij
17634,17634,Nieuwe kansen voor immunotherapie: patiënt-tumoren en bloedvaten op een chip.,prof. dr. Marjolein van Egmond,Amsterdam UMC Research BV,149650.0,2026-05-01,2026,14,2027,lopend,Immunotherapie,,False,False,https://www.kwf.nl/onderzoek/onderzoeksdatabase/nieuwe-kansen-voor-immunotherapie-patient-tumoren-en-bloedvaten-op-een
17648,17648,AcceleraDx: Versnelling van de klinische overgang van fase I naar fase II,dr. Miao-Ping Chien,Erasmus MC Rotterdam,140174.0,2026-06-01,2026,18,2027,lopend,Biomarkers,,False,False,https://www.kwf.nl/onderzoek/onderzoeksdatabase/acceleradx-versnelling-van-de-klinische-overgang-van-fase-i-naar-fase
17659,17659,Versterking van pro-senescentietherapie bij leverkanker via patiënt-afgeleide weefselfragmenten: een translationeel platform voor TAM-gerichte immunomodulatie,dr. Serena Vegna,Antoni van Leeuwenhoek / Nederlands Kanker Instituut,114152.0,2026-06-01,2026,18,2027,lopend,Immunotherapie,,False,False,https://www.kwf.nl/onderzoek/onderzoeksdatabase/versterking-van-pro-senescentietherapie-bij-leverkanker-via-patient
17660,17660,Immuun checkpointremmers ontwikkelingsinitiatief,prof. dr. John Haanen,Antoni van Leeuwenhoek / Nederlands Kanker Instituut,459400.0,2026-05-01,2026,12,2027,lopend,Immunotherapie,,False,False,https://www.kwf.nl/onderzoek/onderzoeksdatabase/immuun-checkpointremmers-ontwikkelingsinitiatief
17683,17683,Versnellen van lncRNA-gerichte therapieën voor HCC via patiënt-afgeleide organoïdemodellen,dr. Nicolas Leveille,Amsterdam UMC Research BV,120411.0,2026-07-01,2026,12,2027,lopend,Medicijnen,,False,False,https://www.kwf.nl/onderzoek/onderzoeksdatabase/versnellen-van-lncrna-gerichte-therapieen-voor-hcc-via-patient
17689,17689,Nieuw preklinische model om neutrofiel-activerende antistoffen testen,prof.dr. Jeanette Leusen,UMC Utrecht,149956.0,2026-02-01,2026,18,2027,lopend,Immunotherapie,,False,False,https://www.kwf.nl/onderzoek/onderzoeksdatabase/nieuw-preklinische-model-om-neutrofiel-activerende-antistoffen-testen
17693,17693,ORGATRIX-in-actie: geneesmiddel- en therapietesten met hoofdhalskanker-organoïden,prof.dr. Paul Kouwer,Radboud Universiteit,156624.0,2026-03-01,2026,12,2027,lopend,Medicijnen,,False,False,https://www.kwf.nl/onderzoek/onderzoeksdatabase/orgatrix-in-actie-geneesmiddel-en-therapietesten-met-hoofdhalskanker
17709,17709,Versterking van de klinische relevantie van BATTLE-CLL met een 3D lymfekliermodel en innovatieve combinatietherapieën,prof. dr. Arnon Kater,Amsterdam UMC,145124.0,2026-07-01,2026,12,2027,lopend,Immunotherapie,,False,False,https://www.kwf.nl/onderzoek/onderzoeksdatabase/versterking-van-de-klinische-relevantie-van-battle-cll-met-een-3d
17716,17716,Het ontrafelen van eiwitexpressie in tumor-specifieke T cellen in humane tumoren om nieuwe therapeutische aangrijpingspunten te vinden,dr. Monika Wolkers,Sanquin Research,941944.0,2027-03-01,2027,48,2031,start binnenkort,Fundamental research,,False,False,https://www.kwf.nl/onderzoek/onderzoeksdatabase/het-ontrafelen-van-eiwitexpressie-in-tumor-specifieke-t-cellen-in
17722,17722,iSense: een menselijk iPSC-afgeleide sensorische neuronenplatform voor het testen van therapieën tegen chemo-geïnduceerde perifere neuropathie,prof. dr. Niels Eijkelkamp,UMC Utrecht,149811.0,2026-06-01,2026,18,2027,lopend,Kwaliteit van Leven/Zorg,,False,False,https://www.kwf.nl/onderzoek/onderzoeksdatabase/isense-een-menselijk-ipsc-afgeleide-sensorische-neuronenplatform-voor
17754,17754,Een lichaamsbrede referentieatlas van immuun-gepresenteerde peptiden in tumorvrije kinderweefsels voor de veiligheidsbeoordeling en prioritering van immuuntherapiedoelwitten,dr. Sebastiaan van Heesch,Prinses Máxima Centrum voor kinderoncologie,1319140.0,2027-03-01,2027,48,2031,start binnenkort,Fundamental research,,False,False,https://www.kwf.nl/onderzoek/onderzoeksdatabase/een-lichaamsbrede-referentieatlas-van-immuun-gepresenteerde-peptiden
17762,17762,BOOST: ImmunoPET-gestuurde focused ultrasound-gemedieerde Bloed-hersenbarrière Opening Om Systemische Therapie in glioblastoom te optimaliseren,dr. Akke Bakker,Prinses Máxima Centrum voor kinderoncologie,1004710.0,2027-03-01,2027,48,2031,start binnenkort,(Behandel)technieken,Alpe d'HuZes,False,False,https://www.kwf.nl/onderzoek/onderzoeksdatabase/boost-immunopet-gestuurde-focused-ultrasound-gemedieerde-bloed
17812,17812,"REGAIN: Clitorisherstel bij vulvakanker om kwaliteit van leven, lichaamsbeeld en seksualiteit te verbeteren",dr. Mieke ten Eikelder,Radboudumc,494557.0,2027-03-01,2027,48,2031,start binnenkort,Kwaliteit van Leven/Zorg,,False,False,https://www.kwf.nl/onderzoek/onderzoeksdatabase/regain-clitorisherstel-bij-vulvakanker-om-kwaliteit-van-leven
17813,17813,Sekseverschillen in mechanismen van stoppen met roken: naar gepersonaliseerde en sekse-specifieke terugvalpreventie,dr. Anne marije Kaag,Vrije Universiteit Amsterdam,872684.0,2027-03-01,2027,60,2032,start binnenkort,Leefstijl en omgevingsfactoren,,False,False,https://www.kwf.nl/onderzoek/onderzoeksdatabase/sekseverschillen-in-mechanismen-van-stoppen-met-roken-naar
17815,17815,Van Bloed naar Biomarkers: Vroege Opsporing van Graft-versus-Host Ziekte bij Kinderen,dr. Coco de Koning,UMC Utrecht,999893.0,2027-03-01,2027,48,2031,start binnenkort,Biomarkers,Alpe d'HuZes,False,False,https://www.kwf.nl/onderzoek/onderzoeksdatabase/van-bloed-naar-biomarkers-vroege-opsporing-van-graft-versus-host
17824,17824,EXO1-remming als een synthetisch lethale strategie voor BRCA1-deficiënte tumoren,dr. Sebastian Pomplun,Universiteit Leiden,1180870.0,2027-03-01,2027,36,2030,start binnenkort,Medicijnen,,False,False,https://www.kwf.nl/onderzoek/onderzoeksdatabase/exo1-remming-als-een-synthetisch-lethale-strategie-voor-brca1
17833,17833,Hoe G4‑structuren het lot van beschadigde telomeren en het genoom bepalen,prof.dr. Jacqueline Jacobs,Antoni van Leeuwenhoek / Nederlands Kanker Instituut,909632.0,2027-03-01,2027,48,2031,start binnenkort,Fundamental research,Alpe d'HuZes,False,False,https://www.kwf.nl/onderzoek/onderzoeksdatabase/hoe-g4-structuren-het-lot-van-beschadigde-telomeren-en-het-genoom
17845,17845,Landelijke invoering van een DNA-onderzoek voor een gepersonaliseerde dosis chemotherapie bij patiënten met alvleesklier- of dikkedarmkanker,dr. Maarten Deenen,Catharina Ziekenhuis Eindhoven,1002910.0,2027-01-01,2027,48,2031,start binnenkort,Biomarkers,,False,False,https://www.kwf.nl/onderzoek/onderzoeksdatabase/landelijke-invoering-van-een-dna-onderzoek-voor-een-gepersonaliseerde
17846,17846,POLARIX: Implementatie van AI-gestuurde voorspelling van POLE-mutaties bij baarmoederkanker voor snelle en doelmatige zorg,prof.dr. Tjalling Bosse,LUMC Leiden,1055690.0,2027-02-01,2027,48,2031,start binnenkort,Biomarkers,Gerichte Gift,False,False,https://www.kwf.nl/onderzoek/onderzoeksdatabase/polarix-implementatie-van-ai-gestuurde-voorspelling-van-pole-mutaties
17864,17864,De schakelaars die genen aansturen als EGFR te actief is in kankercellen,prof. dr. Bas van Steensel,Antoni van Leeuwenhoek / Nederlands Kanker Instituut,971340.0,2027-03-01,2027,48,2031,start binnenkort,Fundamental research,Alpe d'HuZes,False,False,https://www.kwf.nl/onderzoek/onderzoeksdatabase/de-schakelaars-die-genen-aansturen-als-egfr-te-actief-is-in
17880,17880,Lipide-beladen macrofagen in glioblastoom: mechanismen van immunosuppressie en therapeutische herprogrammering,prof.dr. Leila Akkari,Antoni van Leeuwenhoek / Nederlands Kanker Instituut,946115.0,2026-10-01,2026,48,2030,lopend,Fundamental research,Alpe d'HuZes,False,False,https://www.kwf.nl/onderzoek/onderzoeksdatabase/lipide-beladen-macrofagen-in-glioblastoom-mechanismen-van
17881,17881,RAPID-studie: op maat gemaakte nauwkeurige en respons afhankelijke bestraling voor vrouwen met lokaal gevorderde baarmoederhalskanker met een goede prognose.,dr. Remi Nout,Erasmus MC Rotterdam,644027.0,2027-03-01,2027,72,2033,start binnenkort,Kwaliteit van Leven/Zorg,,False,False,https://www.kwf.nl/onderzoek/onderzoeksdatabase/rapid-studie-op-maat-gemaakte-nauwkeurige-en-respons-afhankelijke
17882,17882,"Lange termijn en late gevolgen van een decennium leven met hoofd-halskanker: de impact op ziekte, toxiciteit en patiënt-gerapporteerde uitkomsten",dr. Femke Jansen,Amsterdam UMC Research BV,723396.0,2027-03-01,2027,48,2031,start binnenkort,Kwaliteit van Leven/Zorg,,False,False,https://www.kwf.nl/onderzoek/onderzoeksdatabase/lange-termijn-en-late-gevolgen-van-een-decennium-leven-met-hoofd
17906,17906,"BOOST-OP studie: succesvolle orgaanpreservatie bij patiënten met een rectumcarcinoom door chemoradiotherapie met een MRI-gestuurde ""boost"" op de tumor",dr. Brechtje Grotenhuis,Antoni van Leeuwenhoek / Nederlands Kanker Instituut,988517.0,2027-03-01,2027,60,2032,start binnenkort,Kwaliteit van Leven/Zorg,,False,False,https://www.kwf.nl/onderzoek/onderzoeksdatabase/boost-op-studie-succesvolle-orgaanpreservatie-bij-patienten-met-een
17913,17913,Radionuclidentherapie tegen de follikelstimulerend hormoon receptor voor de gepersonaliseerde behandeling van eierstokkanker,dr. Alex Poot,UMC Utrecht,703224.0,2027-03-01,2027,48,2031,start binnenkort,Medicijnen,Alpe d'HuZes,False,False,https://www.kwf.nl/onderzoek/onderzoeksdatabase/radionuclidentherapie-tegen-de-follikelstimulerend-hormoon-receptor
17930,17930,Gepersonaliseerde radiotherapie: toxiciteit-voorspelling en auto-segmentatie op dagelijkse CT-scans voor bewegende tumoren,prof. dr. ir. Jan-Jakob Sonke,Antoni van Leeuwenhoek / Nederlands Kanker Instituut,800000.0,2026-05-01,2026,48,2030,lopend,(Behandel)technieken,,False,False,https://www.kwf.nl/onderzoek/onderzoeksdatabase/gepersonaliseerde-radiotherapie-toxiciteit-voorspelling-en-auto
17931,17931,Omkering van de fibrotische niche: immunotherapie voor herstel van gezond beenmerg bij kanker,dr. Rebekka Schneider-Kramann,Erasmus MC Rotterdam,843467.0,2027-03-01,2027,48,2031,start binnenkort,Fundamental research,Alpe d'HuZes,False,False,https://www.kwf.nl/onderzoek/onderzoeksdatabase/omkering-van-de-fibrotische-niche-immunotherapie-voor-herstel-van
17934,17934,Minor histocompatibiliteitsantigenen als doelwit voor immunotherapie tegen T‑celkanker.,dr. Georgia Koutsoumpli,LUMC Leiden,614220.0,2027-03-01,2027,36,2030,start binnenkort,Immunotherapie,Alpe d'HuZes,False,False,https://www.kwf.nl/onderzoek/onderzoeksdatabase/minor-histocompatibiliteitsantigenen-als-doelwit-voor-immunotherapie
17937,17937,Wanneer minder beter is: hoe betere darmonderzoeken kunnen leiden tot minder vervolgonderzoek,prof. dr. Evelien Dekker,Amsterdam UMC Research BV,403247.0,2027-03-01,2027,36,2030,start binnenkort,Biomarkers,,False,False,https://www.kwf.nl/onderzoek/onderzoeksdatabase/wanneer-minder-beter-is-hoe-betere-darmonderzoeken-kunnen-leiden-tot
17948,17948,Ontrafelen hoe het STn-antigeen immuunonderdrukking bevordert bij maagkanker,dr. Sofía Ibáñez Molero,Amsterdam UMC Research BV,809078.0,2027-03-01,2027,48,2031,start binnenkort,Fundamental research,Alpe d'HuZes,False,False,https://www.kwf.nl/onderzoek/onderzoeksdatabase/ontrafelen-hoe-het-stn-antigeen-immuunonderdrukking-bevordert-bij
17950,17950,"Nieuwe, krachtigere radioactieve medicijnen voor kankerbehandeling",dr. Berend van der Wildt,UMC Utrecht,262551.0,2027-02-01,2027,18,2028,lopend,Medicijnen,Alpe d'HuZes,False,False,https://www.kwf.nl/onderzoek/onderzoeksdatabase/nieuwe-krachtigere-radioactieve-medicijnen-voor-kankerbehandeling
17961,17961,CIP2A als therapeutisch aangrijpingspunt om DNA reparatie tijdens celdeling te inactiveren.,prof. dr. Marcel van Vugt,UMC Groningen,833972.0,2027-03-01,2027,48,2031,start binnenkort,Fundamental research,,False,False,https://www.kwf.nl/onderzoek/onderzoeksdatabase/cip2a-als-therapeutisch-aangrijpingspunt-om-dna-reparatie-tijdens
17969,17969,Ontwikkeling van veilige en effectieve CAR T-celtherapie met dubbele targeting voor brein kanker,dr. Maria Themeli,Amsterdam UMC Research BV,1015290.0,2027-03-01,2027,48,2031,start binnenkort,Immunotherapie,Alpe d'HuZes,False,False,https://www.kwf.nl/onderzoek/onderzoeksdatabase/ontwikkeling-van-veilige-en-effectieve-car-t-celtherapie-met-dubbele
17981,17981,Een fase 2 onderzoek naar de effectiviteit en veiligheid met ARI-0001 bij kinderen met een recidief B-ALL,dr. Friso Calkoen,Prinses Máxima Centrum voor kinderoncologie,2006950.0,2026-03-01,2026,78,2032,lopend,Immunotherapie,Gerichte Gift,False,False,https://www.kwf.nl/onderzoek/onderzoeksdatabase/een-fase-2-onderzoek-naar-de-effectiviteit-en-veiligheid-met-ari-0001
17983,17983,Doelgerichte therapie in de adjuvante setting: een fase III studie voor galwegkanker.,dr. Marjolein Homs,Erasmus MC Rotterdam,1463260.0,2026-02-01,2026,78,2032,start binnenkort,Medicijnen,Alpe d'HuZes,False,False,https://www.kwf.nl/onderzoek/onderzoeksdatabase/doelgerichte-therapie-in-de-adjuvante-setting-een-fase-iii-studie-voor
17986,17986,Een tumorspecifieke vloeibare biopsie voor vroege en dynamische detectie van alvleesklierkanker,dr.ir. Agustin Enciso Martinez,LUMC Leiden,816091.0,2027-03-01,2027,48,2031,start binnenkort,Biomarkers,Alpe d'HuZes,False,False,https://www.kwf.nl/onderzoek/onderzoeksdatabase/een-tumorspecifieke-vloeibare-biopsie-voor-vroege-en-dynamische
17993,17993,Een Nieuwe Aanpak voor Dikkedarmkanker,dr. Felix Paulussen,Vrije Universiteit Amsterdam,593292.0,2027-03-01,2027,24,2029,start binnenkort,Medicijnen,Alpe d'HuZes,False,False,https://www.kwf.nl/onderzoek/onderzoeksdatabase/een-nieuwe-aanpak-voor-dikkedarmkanker
17994,17994,Selectie van specifieke darmkankers voor het gebruik van de metabole inhibitor GTX-196,prof. dr. Jan Paul Medema,Amsterdam UMC,659259.0,2027-03-01,2027,36,2030,start binnenkort,Medicijnen,,False,False,https://www.kwf.nl/onderzoek/onderzoeksdatabase/selectie-van-specifieke-darmkankers-voor-het-gebruik-van-de-metabole
17997,17997,De ontwikkeling van nieuwe multispecifieke neutrofiel-activerende antistoffen voor de behandeling van avleesklierkanker,dr. Patricia Olofsen,UMC Utrecht,843294.0,2027-03-01,2027,48,2031,start binnenkort,Immunotherapie,Alpe d'HuZes,False,False,https://www.kwf.nl/onderzoek/onderzoeksdatabase/de-ontwikkeling-van-nieuwe-multispecifieke-neutrofiel-activerende
18017,18017,"Chromosoom instabiliteit als ""Achilles hiel"" van eierstokkanker: op weg naar een betere behandeling",prof. dr. An Reyners,UMC Groningen,726394.0,2027-03-01,2027,48,2031,start binnenkort,Medicijnen,Alpe d'HuZes,False,False,https://www.kwf.nl/onderzoek/onderzoeksdatabase/chromosoom-instabiliteit-als-achilles-hiel-van-eierstokkanker-op-weg
18021,18021,Tumor selectieve NOTCH-remming voor kankertherapie,prof. dr. Marc Vooijs,Universiteit Maastricht,806810.0,2027-01-01,2027,36,2030,start binnenkort,Medicijnen,Alpe d'HuZes,False,False,https://www.kwf.nl/onderzoek/onderzoeksdatabase/tumor-selectieve-notch-remming-voor-kankertherapie
18024,18024,Vroege opsporing van buikvliesuitzaaiingen bij patiënten met maagkanker: tumor-geleide analyse van cel-vrij tumor DNA (cftDNA) in buik(spoel)vocht (GASTROGUIDE).,dr. Liudmila Kodach,Antoni van Leeuwenhoek / Nederlands Kanker Instituut,1352740.0,2026-07-01,2026,54,2031,lopend,Biomarkers,,False,False,https://www.kwf.nl/onderzoek/onderzoeksdatabase/vroege-opsporing-van-buikvliesuitzaaiingen-bij-patienten-met
18030,18030,Verbeterde stadiering van hormoongevoelige borstkanker door middel van FES-PET,prof.dr. Willemien Menke-van der Houven van Oordt,Amsterdam UMC Research BV,1042840.0,2026-07-01,2026,48,2030,lopend,Beeldvormende technieken,,False,False,https://www.kwf.nl/onderzoek/onderzoeksdatabase/verbeterde-stadiering-van-hormoongevoelige-borstkanker-door-middel-van
18031,18031,Hoge precisie protonentherapie voor thoracale tumoren (PROTHORAC),prof.dr. Mischa Hoogeman,HollandPTC,1638400.0,2026-08-01,2026,48,2030,lopend,(Behandel)technieken,,False,False,https://www.kwf.nl/onderzoek/onderzoeksdatabase/hoge-precisie-protonentherapie-voor-thoracale-tumoren-prothorac
18036,18036,Risicostratificatie van pancreascysten door het in kaart brengen van de epigenetische progressie van IPMN in pancreascystevocht.,dr. Michaël Noë,Amsterdam UMC Research BV,1008140.0,2027-03-01,2027,48,2031,start binnenkort,Biomarkers,Alpe d'HuZes,False,False,https://www.kwf.nl/onderzoek/onderzoeksdatabase/risicostratificatie-van-pancreascysten-door-het-in-kaart-brengen-van
18037,18037,Lokale immuunmodulatie voor tumorcontrole op afstand bij stadium III melanoom met lymfeklierbetrokkenheid,dr. Mariette Labots,Amsterdam UMC Research BV,1183970.0,2027-03-01,2027,48,2031,start binnenkort,Immunotherapie,,False,False,https://www.kwf.nl/onderzoek/onderzoeksdatabase/lokale-immuunmodulatie-voor-tumorcontrole-op-afstand-bij-stadium-iii
18047,18047,Immuuntherapie voor longkanker verbeteren door het activeren en expanderen van T-cellen in tumor-drainerende lymfeklieren,dr. Floris Dammeijer,Erasmus MC Rotterdam,856681.0,2027-03-01,2027,48,2031,start binnenkort,Immunotherapie,Alpe d'HuZes,False,False,https://www.kwf.nl/onderzoek/onderzoeksdatabase/immuuntherapie-voor-longkanker-verbeteren-door-het-activeren-en
18048,18048,Een veelbelovende nieuwe behandeling voor hoofd- en halskanker: Het potentieel van Proton Minibeam Radiotherapie voor minder bijwerkingen (PRECISION-MINI),dr.ir. Kelvin Ng Wei Siang,Erasmus MC Rotterdam,698054.0,2027-03-01,2027,48,2031,start binnenkort,(Behandel)technieken,,False,False,https://www.kwf.nl/onderzoek/onderzoeksdatabase/een-veelbelovende-nieuwe-behandeling-voor-hoofd-en-halskanker-het
18061,18061,Pancreaticoscopie geassisteerde chirurgie om operatieve besluitvorming in patiënten met main-duct IPMN te verbeteren,prof. dr. Marc Besselink,Amsterdam UMC Research BV,981471.0,2026-10-01,2026,60,2031,start binnenkort,Kwaliteit van Leven/Zorg,Alpe d'HuZes,False,False,https://www.kwf.nl/onderzoek/onderzoeksdatabase/pancreaticoscopie-geassisteerde-chirurgie-om-operatieve-besluitvorming
18089,18089,OncoNext 2.0: Samenwerken voor databeschikbaarheid Oncologische Zorg,prof. dr. Miriam Koopman,UMC Utrecht,300000.0,2026-03-01,2026,12,2027,lopend,Kwaliteit van Leven/Zorg,,False,False,https://www.kwf.nl/onderzoek/onderzoeksdatabase/onconext-20-samenwerken-voor-databeschikbaarheid-oncologische-zorg
18090,18090,Slimme beeldanalyse bij prostaatkanker: minder onnodige biopsieën en beter samen beslissen,dr. Anshu Ankolekar,Maastro kliniek,1221930.0,2027-02-01,2027,60,2032,start binnenkort,Biomarkers,,False,False,https://www.kwf.nl/onderzoek/onderzoeksdatabase/slimme-beeldanalyse-bij-prostaatkanker-minder-onnodige-biopsieen-en
18094,18094,Biomarker-gestuurde besluitvorming voor het veilig achterwege laten van adjuvante chemotherapie bij laag-riscico stadium III dikke darmkanker: de DIDACTIC-studie,dr. Remond Fijneman,Antoni van Leeuwenhoek / Nederlands Kanker Instituut,1369080.0,2027-02-01,2027,36,2030,start binnenkort,Biomarkers,,False,False,https://www.kwf.nl/onderzoek/onderzoeksdatabase/biomarker-gestuurde-besluitvorming-voor-het-veilig-achterwege-laten
18103,18103,Betere preventie van borstkanker door meer mensen met erfelijke aanleg en hoog risico op te sporen: een multidisciplinaire aanpak,prof.dr. Margreet Ausems,UMC Utrecht,4245310.0,2026-10-01,2026,60,2031,start binnenkort,Kwaliteit van Leven/Zorg,Gerichte Gift,False,False,https://www.kwf.nl/onderzoek/onderzoeksdatabase/betere-preventie-van-borstkanker-door-meer-mensen-met-erfelijke-aanleg
18115,18115,"Leidt de PreCursor-M AnoGYN test tot minder overbehandeling, betere kwaliteit van leven, en wegen de voordelen op tegen de nadelen?",dr. Kirsten Rozemeijer,Amsterdam UMC Research BV,98808.0,2026-09-01,2026,15,2027,start binnenkort,Biomarkers,Alpe d'HuZes,False,False,https://www.kwf.nl/onderzoek/onderzoeksdatabase/leidt-de-precursor-m-anogyn-test-tot-minder-overbehandeling-betere
18148,18148,Hardnekkige obstakels aanpakken om samen beslissen te verankeren in de oncologie,dr. Arwen Pieterse,LUMC Leiden,1331120.0,2027-01-01,2027,48,2031,start binnenkort,Kwaliteit van Leven/Zorg,,False,False,https://www.kwf.nl/onderzoek/onderzoeksdatabase/hardnekkige-obstakels-aanpakken-om-samen-beslissen-te-verankeren-in-de
18208,18208,PEDICAR: In vivo CAR-T cel productie voor kinderen met solide tumoren,dr. Judith Wienke,Prinses Máxima Centrum voor kinderoncologie,1497040.0,2026-12-01,2026,48,2030,start binnenkort,Immunotherapie,Health~Holland,False,False,https://www.kwf.nl/onderzoek/onderzoeksdatabase/pedicar-in-vivo-car-t-cel-productie-voor-kinderen-met-solide-tumoren
18250,18250,SOLACE studie: Onderzoek naar het effect van een PARP-remmer bij patiënten met HRD-eierstokkanker,dr. Heleen van Beekhuizen,Erasmus MC Rotterdam,886101.0,2027-02-01,2027,60,2032,start binnenkort,Biomarkers,Alpe d'HuZes,False,False,https://www.kwf.nl/onderzoek/onderzoeksdatabase/solace-studie-onderzoek-naar-het-effect-van-een-parp-remmer-bij
9030,9030,Nazorg en controles: kan het ook thuis als de patiënt dat wil?,dr. Dirk Grünhagen,Erasmus MC Rotterdam,822378.0,2021-09-01,2021,48,2025,afgerond,Kwaliteit van Leven/Zorg,Gerichte Gift,False,False,https://www.kwf.nl/onderzoek/onderzoeksdatabase/nazorg-en-controles-kan-het-ook-thuis-als-de-patient-dat-wil
9037,9037,Longkankerscreening op maat met multidata voorspelmodellen,prof. dr. Rozemarijn Vliegenthart,UMC Groningen,1425000.0,2022-01-01,2022,53,2026,afgerond,Beeldvormende technieken,Health~Holland,False,False,https://www.kwf.nl/onderzoek/onderzoeksdatabase/longkankerscreening-op-maat-met-multidata-voorspelmodellen
9038,9038,Antilichamen aanpassen om afweercellen kankercellen aan te laten vallen,prof.dr. Jeanette Leusen,UMC Utrecht,390000.0,2021-11-01,2021,24,2023,afgerond,Immunotherapie,Health~Holland,False,False,https://www.kwf.nl/onderzoek/onderzoeksdatabase/antilichamen-aanpassen-om-afweercellen-kankercellen-aan-te-laten
