openalex_id,project_id,evidence
W2920713811,10690,openalex_award_id
W2941885434,10795,openalex_award_id
W4318027104,11179,openalex_award_id
W4367369441,11788,openalex_award_id
W4283651129,11788,openalex_award_id
W4391656572,12398,openalex_award_id
W4394770735,10174,openalex_award_id
W4391279093,11788,openalex_award_id
W4413258373,11835,openalex_award_id
W3203705086,12181,openalex_award_id
W2980772377,11179,openalex_award_id
W4225163395,12398,openalex_award_id
W4320037440,11179,openalex_award_id
W4220807381,11558,openalex_award_id
W4307048188,12535,openalex_award_id
W4200075016,11788,openalex_award_id
W4379600218,11788,openalex_award_id
W4392301792,11547,openalex_award_id
W3179130068,10960,openalex_award_id
W4388516493,12674,openalex_award_id
W4391065856,12551,openalex_award_id
W4392773673,11788,openalex_award_id
W4391729496,11788,openalex_award_id
W4391729496,12551,openalex_award_id
W4398248909,14182,openalex_award_id
W3207549154,11558,openalex_award_id
W4392499009,11655,openalex_award_id
W4390104032,12518,openalex_award_id
W4407831412,11788,openalex_award_id
W4412975002,10960,openalex_award_id
W4415233715,14182,openalex_award_id
W7121048509,11809,openalex_award_id
W4415950903,13417,openalex_award_id
W4416017501,12354,openalex_award_id
W2794315407,10319,openalex_award_id
W3109868290,11558,openalex_award_id
W4200145919,10955,openalex_award_id
W3160220858,11788,openalex_award_id
W3199662707,11179,openalex_award_id
W4220653025,10755,openalex_award_id
W4223418553,10529,openalex_award_id
W4223418553,10651,openalex_award_id
W4319454243,10795,openalex_award_id
W4291021044,12181,openalex_award_id
W4387392419,11179,openalex_award_id
W4281293513,11558,openalex_award_id
W4386946269,12181,openalex_award_id
W4390882648,11788,openalex_award_id
W4406214569,13470,openalex_award_id
W4390883348,14576,openalex_award_id
W4306679453,10895,openalex_award_id
W4411369914,11788,openalex_award_id
W4361248491,12009,openalex_award_id
W4386704840,11788,openalex_award_id
W4389484392,11809,openalex_award_id
W4399898718,12009,openalex_award_id
W4224249610,10978,openalex_award_id
W4327896545,12181,openalex_award_id
W4386484026,10960,openalex_award_id
W4391644285,12398,openalex_award_id
W4403611126,10813,openalex_award_id
W4404499581,11774,openalex_award_id
W4407154639,14182,openalex_award_id
W4412881414,10813,openalex_award_id
W7126275357,12376,openalex_award_id
W4415958289,11809,openalex_award_id
W4361190608,10755,openalex_award_id
W7118019830,11809,openalex_award_id
W7118019830,10174,openalex_award_id
W4224232696,10895,openalex_award_id
W4212768090,10895,openalex_award_id
W4318934806,12009,openalex_award_id
W4385783792,10895,openalex_award_id
W4400303697,12398,openalex_award_id
W4412840838,14032,openalex_award_id
W4415897449,11179,openalex_award_id
W7127588447,13972,openalex_award_id
W7140850316,15741,openalex_award_id
W4409200966,14596,openalex_award_id
W4213371434,11179,openalex_award_id
W4200014204,10755,openalex_award_id
W4384829667,12518,openalex_award_id
W4283660701,12535,openalex_award_id
W4387810458,11788,openalex_award_id
W4413480411,12710,openalex_award_id
W4415354723,12960,openalex_award_id
W4416582219,10960,openalex_award_id
W4416589337,10758,openalex_award_id
W4416910567,10955,openalex_award_id
W4417177623,12398,openalex_award_id
W7116846192,14055,openalex_award_id
W7117999876,15139,openalex_award_id
W7118250287,12928,openalex_award_id
W7122565560,13470,openalex_award_id
W7126370387,11809,openalex_award_id
W7128427420,14032,openalex_award_id
W7154952635,11835,openalex_award_id
W7160290052,14303,openalex_award_id
W7160704421,14303,openalex_award_id
W7162068052,14883,openalex_award_id
W7162650411,14701,openalex_award_id
W7165171536,14182,openalex_award_id
W7166533071,10795,openalex_award_id
W7169753824,11558,openalex_award_id
W7169798348,11558,openalex_award_id
W7169835565,11558,openalex_award_id
W7172510319,11179,openalex_award_id
W7204625812,14182,openalex_award_id
W7207721323,13387,openalex_award_id
W7212045638,13115,openalex_award_id
W7213631866,12181,openalex_award_id
W2412990135,11174,openalex_award_id
W3130957192,11363,openalex_award_id
W3130957192,13404,openalex_award_id
W3130957192,11174,openalex_award_id
W4324046169,10623,openalex_award_id
W4324046169,13191,openalex_award_id
W4324046169,14339,openalex_award_id
W4324046169,10083,openalex_award_id
W3183198896,10755,openalex_award_id
W2790486047,11065,openalex_award_id
W3026660164,12629,openalex_award_id
W2742971656,10072,openalex_award_id
W4407173730,14449,openalex_award_id
W2911530530,10504,openalex_award_id
W4282932245,11026,openalex_award_id
W4365810819,11651,openalex_award_id
W2955213391,11363,openalex_award_id
W4214673864,10034,openalex_award_id
W2973763693,10150,openalex_award_id
W4324346858,10658,openalex_award_id
W4324346858,14530,openalex_award_id
W2811247652,10300,openalex_award_id
W3038238188,10504,openalex_award_id
W2966312603,11917,openalex_award_id
W2989832464,10948,openalex_award_id
W4229030785,10300,openalex_award_id
W4229030785,10083,openalex_award_id
W4229030785,10623,openalex_award_id
W4229030785,13191,openalex_award_id
W4401274889,15066,openalex_award_id
W2593642799,11174,openalex_award_id
W3043725858,10658,openalex_award_id
W4224294941,10936,openalex_award_id
W2412214305,14640,openalex_award_id
W3036048749,11352,openalex_award_id
W2994973919,11629,openalex_award_id
W4210694051,12507,openalex_award_id
W2802305216,11266,openalex_award_id
W4386303561,11044,openalex_award_id
W4200524230,11031,openalex_award_id
W3124502889,10084,openalex_award_id
W3022265443,10289,openalex_award_id
W3092284014,12376,openalex_award_id
W2788485956,10825,openalex_award_id
W2743709860,15183,openalex_award_id
W4287510231,11393,openalex_award_id
W4287510231,12586,openalex_award_id
W3033264701,10650,openalex_award_id
W3033264701,11148,openalex_award_id
W3033264701,11349,openalex_award_id
W3033264701,12092,openalex_award_id
W3033264701,12134,openalex_award_id
W3033264701,12458,openalex_award_id
W3033264701,12487,openalex_award_id
W4401514101,10658,openalex_award_id
W4401514101,14339,openalex_award_id
W4401514101,14530,openalex_award_id
W4311778826,10083,openalex_award_id
W4311778826,13191,openalex_award_id
W3208570770,10212,openalex_award_id
W3176061665,11651,openalex_award_id
W2897728813,10709,openalex_award_id
W3008725968,11707,openalex_award_id
W2785630001,11026,openalex_award_id
W3094436941,12376,openalex_award_id
W2911880312,10992,openalex_award_id
W3187516960,11457,openalex_award_id
W3158340771,10989,openalex_award_id
W4205367704,10140,openalex_award_id
W3023040698,11367,openalex_award_id
W2781642641,10150,openalex_award_id
W2608082925,11174,openalex_award_id
W2947905501,10989,openalex_award_id
W3093634533,11038,openalex_award_id
W3096476826,10471,openalex_award_id
W3096476826,11315,openalex_award_id
W2916313751,10504,openalex_award_id
W3138807170,10955,openalex_award_id
W2973830180,10504,openalex_award_id
W2971075672,10504,openalex_award_id
W4220781430,13591,openalex_award_id
W4220788111,11957,openalex_award_id
W4307845247,12507,openalex_award_id
W3013701854,11368,openalex_award_id
W4221048469,10456,openalex_award_id
W2898556496,10083,openalex_award_id
W2898556496,10623,openalex_award_id
W3024768286,10504,openalex_award_id
W4220818710,11629,openalex_award_id
W4220818710,13400,openalex_award_id
W4220818710,13404,openalex_award_id
W3108884932,10355,openalex_award_id
W3194399189,11648,openalex_award_id
W4285097218,12629,openalex_award_id
W4221018567,13647,openalex_award_id
W2994237727,11079,openalex_award_id
W4310781882,10034,openalex_award_id
W2789936040,10504,openalex_award_id
W4291020412,12894,openalex_award_id
W3183750386,12822,openalex_award_id
W3135364967,10094,openalex_award_id
W2930921491,10084,openalex_award_id
W3019051408,10150,openalex_award_id
W3047821845,10425,openalex_award_id
W4289836879,10529,openalex_award_id
W4289836879,13435,openalex_award_id
W2898585601,10034,openalex_award_id
W2898585601,11174,openalex_award_id
W4377223843,11038,openalex_award_id
W3117793992,10835,openalex_award_id
W3009407157,11518,openalex_award_id
W2113865865,11174,openalex_award_id
W3081996764,11537,openalex_award_id
W2902316253,10034,openalex_award_id
W2948111790,10099,openalex_award_id
W4315780455,13751,openalex_award_id
W2152395868,11174,openalex_award_id
W2264885989,11174,openalex_award_id
W2806376838,11108,openalex_award_id
W3005445761,10034,openalex_award_id
W4206812574,10989,openalex_award_id
W4310847620,10140,openalex_award_id
W2911699089,10300,openalex_award_id
W2920915242,10032,openalex_award_id
W2920915242,10796,openalex_award_id
W4407320219,11315,openalex_award_id
W3042055234,10382,openalex_award_id
W2947209894,10014,openalex_award_id
W3131631532,11537,openalex_award_id
W4200468795,10140,openalex_award_id
W2997949009,10034,openalex_award_id
W3099722764,11174,openalex_award_id
W3105474947,11507,openalex_award_id
W3108005369,11618,openalex_award_id
W3108005369,12949,openalex_award_id
W3094362710,10317,openalex_award_id
W3159397045,12805,openalex_award_id
W3045756062,11840,openalex_award_id
W3096377085,11651,openalex_award_id
W3033204916,11038,openalex_award_id
W3211277774,10034,openalex_award_id
W4295034863,13404,openalex_award_id
W4295034863,11174,openalex_award_id
W3084221577,13577,openalex_award_id
W3198975607,11008,openalex_award_id
W3205789878,10957,openalex_award_id
W3041823250,10150,openalex_award_id
W2910959534,10595,openalex_award_id
W3019472024,10140,openalex_award_id
W3090919243,10504,openalex_award_id
W2941481924,10529,openalex_award_id
W4205541516,10014,openalex_award_id
W4389552516,10956,openalex_award_id
W2901783207,11108,openalex_award_id
W3014696382,10100,openalex_award_id
W2987656669,10300,openalex_award_id
W2987656669,11537,openalex_award_id
W2987656669,11944,openalex_award_id
W3016999780,11174,openalex_award_id
W3165458352,12215,openalex_award_id
W3189990854,12259,openalex_award_id
W2915125554,10034,openalex_award_id
W2915125554,14002,openalex_award_id
W3179098870,12128,openalex_award_id
W2972291002,10658,openalex_award_id
W2991525471,11575,openalex_award_id
W4212925304,12601,openalex_award_id
W3212854097,10894,openalex_award_id
W4210326474,13046,openalex_award_id
W2964619993,10747,openalex_award_id
W4300687546,11518,openalex_award_id
W4317951397,12925,openalex_award_id
W2897778028,10456,openalex_award_id
W3018008368,11547,openalex_award_id
W3094451949,11358,openalex_award_id
W4224951983,12567,openalex_award_id
W4304196204,12345,openalex_award_id
W4310017893,13598,openalex_award_id
W2953460837,10032,openalex_award_id
W2953460837,10796,openalex_award_id
W2465730694,11174,openalex_award_id
W3004715879,10817,openalex_award_id
W3035339434,10504,openalex_award_id
W3121800253,11367,openalex_award_id
W2922455135,10529,openalex_award_id
W2982490110,10317,openalex_award_id
W3001540556,10084,openalex_award_id
W3004637332,11174,openalex_award_id
W3131547871,11367,openalex_award_id
W2918113141,11174,openalex_award_id
W3014529083,11368,openalex_award_id
W3087455992,11289,openalex_award_id
W3102344869,10967,openalex_award_id
W3102344869,11957,openalex_award_id
W3111818309,11944,openalex_award_id
W4225266789,11711,openalex_award_id
W4295159943,11648,openalex_award_id
W4393256673,14798,openalex_award_id
W2914501786,11092,openalex_award_id
W3183409407,12802,openalex_award_id
W2029480573,11174,openalex_award_id
W3081246627,10701,openalex_award_id
W3087253698,11266,openalex_award_id
W3134387503,12259,openalex_award_id
W4319062905,10140,openalex_award_id
W2943354541,10392,openalex_award_id
W3013943237,11056,openalex_award_id
W3135676403,10602,openalex_award_id
W4389472558,11916,openalex_award_id
W3138144085,10471,openalex_award_id
W3138144085,11315,openalex_award_id
W4391998695,11079,openalex_award_id
W4410202873,14801,openalex_award_id
W3135608738,11132,openalex_award_id
W4302424680,12639,openalex_award_id
W3173109309,11079,openalex_award_id
W3123252613,10666,openalex_award_id
W4285733393,12805,openalex_award_id
W4387191110,12665,openalex_award_id
W4388531032,12822,openalex_award_id
W2944172788,10516,openalex_award_id
W3162340133,11960,openalex_award_id
W3188496270,10620,openalex_award_id
W4223566665,10658,openalex_award_id
W4318065810,13435,openalex_award_id
W4387578542,12822,openalex_award_id
W4399774976,13148,openalex_award_id
W4399774976,14736,openalex_award_id
W3158200825,10504,openalex_award_id
W4210621479,10955,openalex_award_id
W4378173476,10602,openalex_award_id
W4390509728,14516,openalex_award_id
W4413941238,14449,openalex_award_id
W3121512949,12640,openalex_award_id
W3216067490,12822,openalex_award_id
W4291012450,11889,openalex_award_id
W4214734334,10083,openalex_award_id
W4214734334,10623,openalex_award_id
W4214734334,13191,openalex_award_id
W3201851207,12092,openalex_award_id
W4287448526,13112,openalex_award_id
W4365141280,13228,openalex_award_id
W4394952757,11289,openalex_award_id
W3092531728,11079,openalex_award_id
W3094342525,10755,openalex_award_id
W2987864978,10815,openalex_award_id
W3131492022,10438,openalex_award_id
W3136095689,10212,openalex_award_id
W4410858407,10355,openalex_award_id
W4410858407,10212,openalex_award_id
W4410858407,12516,openalex_award_id
W3135237477,11143,openalex_award_id
W4280601090,10317,openalex_award_id
W4281489823,12754,openalex_award_id
W4281489823,11704,openalex_award_id
W4392864858,11092,openalex_award_id
W4395041505,12977,openalex_award_id
W3205389983,10138,openalex_award_id
W3206476260,10817,openalex_award_id
W4322718524,11651,openalex_award_id
W4286255595,12235,openalex_award_id
W4387553131,13167,openalex_award_id
W4399861514,11407,openalex_award_id
W3200832879,11337,openalex_award_id
W4280506603,10128,openalex_award_id
W4306861370,11457,openalex_award_id
W3159071114,10504,openalex_award_id
W3118446437,13043,openalex_award_id
W3118446437,11393,openalex_award_id
W3118446437,11979,openalex_award_id
W3118446437,12586,openalex_award_id
W4224256325,10456,openalex_award_id
W4285798811,12046,openalex_award_id
W4296963104,13785,openalex_award_id
W3087667355,11337,openalex_award_id
W4395073836,14498,openalex_award_id
W3116586061,10300,openalex_award_id
W3116586061,11537,openalex_award_id
W4283323360,14449,openalex_award_id
W4311931187,10438,openalex_award_id
W4306411164,10673,openalex_award_id
W4313454538,12977,openalex_award_id
W4286586720,10666,openalex_award_id
W4366823282,10620,openalex_award_id
W4385597362,15093,openalex_award_id
W4391147264,13472,openalex_award_id
W4210325075,10603,openalex_award_id
W4283688304,11618,openalex_award_id
W4283688304,12949,openalex_award_id
W4400260814,13915,openalex_award_id
W3212849843,11044,openalex_award_id
W4387157118,11629,openalex_award_id
W4387157118,12995,openalex_award_id
W4393067722,12049,openalex_award_id
W4393067722,13476,openalex_award_id
W4206436657,10080,openalex_award_id
W4385783133,11648,openalex_award_id
W3166077222,12995,openalex_award_id
W3212664292,11457,openalex_award_id
W4311024271,12932,openalex_award_id
W4388630880,11917,openalex_award_id
W4390505559,11957,openalex_award_id
W4295234014,11337,openalex_award_id
W4327811382,13486,openalex_award_id
W4391825406,11148,openalex_award_id
W4391825406,12487,openalex_award_id
W4405178756,14339,openalex_award_id
W4407100603,13741,openalex_award_id
W2946251640,11957,openalex_award_id
W3089626466,11464,openalex_award_id
W4309679477,12825,openalex_award_id
W4388722405,13589,openalex_award_id
W4392947572,14135,openalex_award_id
W4396520760,11629,openalex_award_id
W3138259875,10474,openalex_award_id
W4391775614,10894,openalex_award_id
W4391775614,11079,openalex_award_id
W4393347760,12518,openalex_award_id
W4294591302,12925,openalex_award_id
W4386851502,10382,openalex_award_id
W4327724540,13058,openalex_award_id
W4213235623,10948,openalex_award_id
W4389244888,14002,openalex_award_id
W4391482025,14974,openalex_award_id
W4403586183,12539,openalex_award_id
W4403586183,13878,openalex_award_id
W4387293367,11008,openalex_award_id
W4388564355,13673,openalex_award_id
W4383710595,10014,openalex_award_id
W4386245315,12894,openalex_award_id
W4396778564,10989,openalex_award_id
W4396980165,13647,openalex_award_id
W4402178862,13537,openalex_award_id
W4291222654,11367,openalex_award_id
W4372346500,12046,openalex_award_id
W4389515163,10706,openalex_award_id
W4394997254,12940,openalex_award_id
W4396929068,11056,openalex_award_id
W4401576292,12721,openalex_award_id
W4319915926,11105,openalex_award_id
W4410017276,12702,openalex_award_id
W3169259598,10094,openalex_award_id
W4398241139,10014,openalex_award_id
W4400673960,12932,openalex_award_id
W4413812868,12789,openalex_award_id
W4413812868,14627,openalex_award_id
W4413812868,15849,openalex_award_id
W4413812868,16684,openalex_award_id
W4379384853,11840,openalex_award_id
W4393340230,13434,openalex_award_id
W4398755796,13472,openalex_award_id
W4399858632,10603,openalex_award_id
W4213226795,11358,openalex_award_id
W4393193975,11839,openalex_award_id
W4406691630,13191,openalex_award_id
W4406691630,14801,openalex_award_id
W4220777419,11000,openalex_award_id
W4401713114,12560,openalex_award_id
W4404321554,12567,openalex_award_id
W4406781307,12389,openalex_award_id
W4409838519,14642,openalex_award_id
W4409838519,14739,openalex_award_id
W4414625421,12702,openalex_award_id
W4385858094,10602,openalex_award_id
W4386686744,12566,openalex_award_id
W4402979711,14102,openalex_award_id
W4390728702,10602,openalex_award_id
W4407300837,14547,openalex_award_id
W4411046307,14798,openalex_award_id
W4399246923,11266,openalex_award_id
W4399246923,15326,openalex_award_id
W4400537040,11044,openalex_award_id
W4406063449,13647,openalex_award_id
W4404905469,10956,openalex_award_id
W4412002214,12687,openalex_award_id
W4412002214,15868,openalex_award_id
W4408650949,14093,openalex_award_id
W4408650949,14453,openalex_award_id
W4414747578,11457,openalex_award_id
W4415295598,14719,openalex_award_id
W4391756421,10424,openalex_award_id
W4412454924,15305,openalex_award_id
W7131878263,13226,openalex_award_id
W4416913260,12911,openalex_award_id
W7138850338,13785,openalex_award_id
W2110899026,11174,openalex_award_id
W2345130661,11062,openalex_award_id
W2757232748,11026,openalex_award_id
W2911515218,10504,openalex_award_id
W2799945527,11393,openalex_award_id
W2896468068,10291,openalex_award_id
W3044890242,10595,openalex_award_id
W3093545339,11056,openalex_award_id
W2287794423,11174,openalex_award_id
W2916024953,10504,openalex_award_id
W2759003539,10034,openalex_award_id
W3081305094,11518,openalex_award_id
W2892354429,10726,openalex_award_id
W3082779749,10504,openalex_award_id
W2786600572,10817,openalex_award_id
W3113563660,12228,openalex_award_id
W2980065541,11457,openalex_award_id
W3169524793,10956,openalex_award_id
W3169524793,12354,openalex_award_id
W3118782610,12825,openalex_award_id
W2886907866,10140,openalex_award_id
W2924955211,11313,openalex_award_id
W2979840360,11174,openalex_award_id
W3000738071,10504,openalex_award_id
W2910546986,10726,openalex_award_id
W2997592474,10510,openalex_award_id
W3004283117,10620,openalex_award_id
W3016162437,11700,openalex_award_id
W3097587652,10851,openalex_award_id
W2941809204,11038,openalex_award_id
W3014252930,10781,openalex_award_id
W2809053323,10034,openalex_award_id
W2906217806,10504,openalex_award_id
W2981888395,10706,openalex_award_id
W2989315457,11618,openalex_award_id
W3125540588,11148,openalex_award_id
W3125540588,11349,openalex_award_id
W3125540588,12134,openalex_award_id
W3125540588,12487,openalex_award_id
W3165217413,10034,openalex_award_id
W2999843642,11174,openalex_award_id
W3114992041,11368,openalex_award_id
W2884067628,10781,openalex_award_id
W2989510802,13404,openalex_award_id
W2989510802,11174,openalex_award_id
W3035917854,10456,openalex_award_id
W3127776993,10504,openalex_award_id
W3216870740,11393,openalex_award_id
W3216870740,11979,openalex_award_id
W2803150897,11313,openalex_award_id
W2811259712,10894,openalex_award_id
W2930784030,11266,openalex_award_id
W2995811766,10602,openalex_award_id
W3009800781,13404,openalex_award_id
W3009800781,11174,openalex_award_id
W3094058537,10709,openalex_award_id
W3137943542,11965,openalex_award_id
W2888902434,10150,openalex_award_id
W2888902434,10651,openalex_award_id
W2982553697,10099,openalex_award_id
W3184613988,11174,openalex_award_id
W3184841442,10438,openalex_award_id
W3192785301,11251,openalex_award_id
W3192785301,12925,openalex_award_id
W4225471564,12568,openalex_award_id
W2897742237,11062,openalex_award_id
W2982295343,10623,openalex_award_id
W3031806370,11957,openalex_award_id
W3093663840,10873,openalex_award_id
W3156806965,12175,openalex_award_id
W4220662508,10815,openalex_award_id
W4289598317,10034,openalex_award_id
W2980138052,10956,openalex_award_id
W3106080496,12749,openalex_award_id
W3107782103,11137,openalex_award_id
W3110485539,10504,openalex_award_id
W3184782991,12072,openalex_award_id
W3208910722,11518,openalex_award_id
W3213682911,10392,openalex_award_id
W2758186654,10300,openalex_award_id
W2967506598,10709,openalex_award_id
W2983999418,10099,openalex_award_id
W3048187299,10726,openalex_award_id
W3082931165,10212,openalex_award_id
W3169608383,11174,openalex_award_id
W4297253464,11648,openalex_award_id
W3045162763,11463,openalex_award_id
W3083180399,11597,openalex_award_id
W3135309465,10034,openalex_award_id
W4223449977,10392,openalex_award_id
W2169386453,11174,openalex_award_id
W2900819238,10504,openalex_award_id
W2937345108,10289,openalex_award_id
W2943578037,10014,openalex_award_id
W3168111652,10504,openalex_award_id
W3168534823,10955,openalex_award_id
W4309331294,12049,openalex_award_id
W2612009565,12128,openalex_award_id
W2901254607,10099,openalex_award_id
W2973026062,10355,openalex_award_id
W3094994069,11363,openalex_award_id
W3164360732,11537,openalex_award_id
W3215622442,12276,openalex_award_id
W4213156114,12175,openalex_award_id
W4289731019,11648,openalex_award_id
W4295339147,11618,openalex_award_id
W4295339147,12949,openalex_award_id
W2970744538,10504,openalex_award_id
W3034760689,12092,openalex_award_id
W3111990475,11367,openalex_award_id
W3119682262,11839,openalex_award_id
W2894608512,10300,openalex_award_id
W2946594856,11543,openalex_award_id
W3118874590,10595,openalex_award_id
W3183142448,12518,openalex_award_id
W3210613862,12507,openalex_award_id
W4200444273,10815,openalex_award_id
W2940869454,10992,openalex_award_id
W2944384761,10392,openalex_award_id
W2953480299,11957,openalex_award_id
W3130651220,10150,openalex_award_id
W4205111493,10726,openalex_award_id
W4364353313,11457,openalex_award_id
W2140658698,11174,openalex_award_id
W2950114643,10392,openalex_award_id
W3005854820,10504,openalex_award_id
W3080821513,10140,openalex_award_id
W3082669528,10212,openalex_award_id
W3082669528,11957,openalex_award_id
W4281486718,11710,openalex_award_id
W4281806149,11957,openalex_award_id
W4317734375,10967,openalex_award_id
W2909467191,10666,openalex_award_id
W2911664057,10529,openalex_award_id
W3152964071,10602,openalex_award_id
W3165684709,11292,openalex_award_id
W3183068772,12034,openalex_award_id
W3198082903,11464,openalex_award_id
W3210309713,12184,openalex_award_id
W4200524586,10382,openalex_award_id
W4214479649,10355,openalex_award_id
W4220682240,10080,openalex_award_id
W4229447867,12829,openalex_award_id
W4281789523,13167,openalex_award_id
W4284663846,12501,openalex_award_id
W4296624022,11026,openalex_award_id
W4362658244,11313,openalex_award_id
W4384818837,11092,openalex_award_id
W2887442098,10140,openalex_award_id
W2977390077,13404,openalex_award_id
W2977390077,11174,openalex_award_id
W2987148023,11562,openalex_award_id
W3023530971,11575,openalex_award_id
W3126837131,10032,openalex_award_id
W3126837131,10781,openalex_award_id
W3199204735,10083,openalex_award_id
W3199204735,10623,openalex_award_id
W3199204735,13191,openalex_award_id
W2799668862,10948,openalex_award_id
W2888305006,10817,openalex_award_id
W3118689898,10382,openalex_award_id
W3119346025,11518,openalex_award_id
W3123284836,11597,openalex_award_id
W3134636412,10094,openalex_award_id
W3209614169,11387,openalex_award_id
W4321787586,10817,openalex_award_id
W4321787586,14465,openalex_award_id
W4366083617,11457,openalex_award_id
W3113927149,10212,openalex_award_id
W3118104194,10034,openalex_award_id
W3147828093,10873,openalex_award_id
W3176787230,12682,openalex_award_id
W3177411200,12079,openalex_award_id
W3194322531,11537,openalex_award_id
W3200665271,10174,openalex_award_id
W4205228703,10140,openalex_award_id
W4283781869,12233,openalex_award_id
W4320490069,10140,openalex_award_id
W2902691734,10932,openalex_award_id
W2925954864,10504,openalex_award_id
W3182533891,11143,openalex_award_id
W4229456253,10355,openalex_award_id
W4283736117,10004,openalex_award_id
W4292004416,10666,openalex_award_id
W4317776104,11174,openalex_award_id
W3097714250,10355,openalex_award_id
W3200470967,13167,openalex_award_id
W4280490827,13167,openalex_award_id
W4281782824,12143,openalex_award_id
W4292581527,10034,openalex_award_id
W4317491957,10174,openalex_award_id
W2902387378,11026,openalex_award_id
W3194026373,10817,openalex_award_id
W3208314096,10602,openalex_award_id
W4210336320,12092,openalex_award_id
W4229378642,12143,openalex_award_id
W4306885091,11574,openalex_award_id
W4306885091,13647,openalex_award_id
W4308639845,13544,openalex_award_id
W4308949457,11463,openalex_award_id
W4379157372,10212,openalex_award_id
W3117519620,10034,openalex_award_id
W3145249441,10351,openalex_award_id
W3145249441,11079,openalex_award_id
W4200230497,11001,openalex_award_id
W4225666911,10851,openalex_award_id
W4288696944,11648,openalex_award_id
W4311469228,11574,openalex_award_id
W4311469228,13647,openalex_award_id
W4313892586,13189,openalex_award_id
W4388014565,12128,openalex_award_id
W2963995738,10140,openalex_award_id
W2997006774,10817,openalex_award_id
W3022617364,11518,openalex_award_id
W4206908135,12820,openalex_award_id
W4210474311,10932,openalex_award_id
W4211212669,11174,openalex_award_id
W4310480218,10666,openalex_award_id
W4315629544,13676,openalex_award_id
W4387837096,12728,openalex_award_id
W3127831352,10138,openalex_award_id
W3168566183,10620,openalex_award_id
W3179159625,10529,openalex_award_id
W3187840688,13404,openalex_award_id
W3187840688,11174,openalex_award_id
W3195015166,11174,openalex_award_id
W4200377525,10701,openalex_award_id
W4200377525,13645,openalex_award_id
W4377115841,14449,openalex_award_id
W4378349408,14465,openalex_award_id
W4391839664,12894,openalex_award_id
W2970450937,10355,openalex_award_id
W2981004493,10317,openalex_award_id
W3010897955,10620,openalex_award_id
W3011554403,10602,openalex_award_id
W3092231234,10140,openalex_award_id
W3135014753,10817,openalex_award_id
W3135014753,11137,openalex_award_id
W3180420276,13555,openalex_award_id
W4226316807,11941,openalex_award_id
W4285401831,12184,openalex_award_id
W4317690038,11711,openalex_award_id
W4321003742,10835,openalex_award_id
W4378363713,12072,openalex_award_id
W4379600399,12749,openalex_award_id
W4387077435,11618,openalex_award_id
W4387077435,12949,openalex_award_id
W4387077435,14726,openalex_award_id
W2544044666,11174,openalex_award_id
W2888313113,10456,openalex_award_id
W3033584129,11368,openalex_award_id
W3179960158,10595,openalex_award_id
W3186276439,11132,openalex_award_id
W3206477954,10140,openalex_award_id
W4213005425,10706,openalex_award_id
W4307895009,10471,openalex_award_id
W4307895009,11315,openalex_award_id
W4323656712,11367,openalex_award_id
W4393190515,12018,openalex_award_id
W2947867053,10882,openalex_award_id
W2950425694,10083,openalex_award_id
W2950425694,10623,openalex_award_id
W3082925156,12141,openalex_award_id
W3090221141,10392,openalex_award_id
W3215226986,11137,openalex_award_id
W4200037894,11537,openalex_award_id
W4220822977,10747,openalex_award_id
W4280577861,11199,openalex_award_id
W4283204573,11957,openalex_award_id
W4285806444,11056,openalex_award_id
W4310573170,11038,openalex_award_id
W4317035641,10504,openalex_award_id
W4367059992,11337,openalex_award_id
W4382632312,12259,openalex_award_id
W4387114279,13650,openalex_award_id
W1901056508,11174,openalex_award_id
W2955103067,11507,openalex_award_id
W3105046991,11867,openalex_award_id
W4200510540,10709,openalex_award_id
W4283260835,11941,openalex_award_id
W4286214413,12749,openalex_award_id
W4297324402,10392,openalex_award_id
W4307493285,11648,openalex_award_id
W4321749653,14182,openalex_award_id
W4380538074,11026,openalex_award_id
W4380538074,11038,openalex_award_id
W4385532328,10246,openalex_award_id
W4399319580,11356,openalex_award_id
W3201034664,10392,openalex_award_id
W3212084791,11711,openalex_award_id
W4281987080,11574,openalex_award_id
W4281987080,13647,openalex_award_id
W4284958286,12768,openalex_award_id
W4308185710,11656,openalex_award_id
W4386898368,10673,openalex_award_id
W4398218937,11707,openalex_award_id
W4399587580,14641,openalex_award_id
W3110275404,10504,openalex_award_id
W4200603327,12092,openalex_award_id
W4221141771,13400,openalex_award_id
W4221141771,13404,openalex_award_id
W4229050414,10084,openalex_award_id
W4286716981,11349,openalex_award_id
W4286716981,12134,openalex_award_id
W4290771020,10957,openalex_award_id
W4311860266,13577,openalex_award_id
W4317106910,14364,openalex_award_id
W4317567142,11700,openalex_award_id
W4323652121,13761,openalex_award_id
W4384282371,10504,openalex_award_id
W4384925344,10100,openalex_award_id
W4386101809,12682,openalex_award_id
W4388563525,13056,openalex_award_id
W4402769554,13661,openalex_award_id
W3006277324,10083,openalex_award_id
W3006277324,10623,openalex_award_id
W3085174482,15195,openalex_award_id
W4283815217,11944,openalex_award_id
W4285078614,11062,openalex_award_id
W4313857284,12968,openalex_award_id
W4376273996,10613,openalex_award_id
W4377292971,12070,openalex_award_id
W4377292971,14109,openalex_award_id
W4380154164,12985,openalex_award_id
W4389478182,12837,openalex_award_id
W4390977789,11148,openalex_award_id
W4390977789,12487,openalex_award_id
W4395050855,14576,openalex_award_id
W4402220071,12482,openalex_award_id
W4205363989,13404,openalex_award_id
W4205363989,11174,openalex_award_id
W4224235739,10275,openalex_award_id
W4224235739,12539,openalex_award_id
W4225163195,10510,openalex_award_id
W4283269889,10300,openalex_award_id
W4283269889,11537,openalex_award_id
W4284898247,10706,openalex_award_id
W4317476840,14129,openalex_award_id
W4368361038,13043,openalex_award_id
W4375955969,11547,openalex_award_id
W4377194094,12055,openalex_award_id
W4386936475,11464,openalex_award_id
W4388490149,12802,openalex_award_id
W4390974659,11292,openalex_award_id
W4391771689,12174,openalex_award_id
W4392773533,13528,openalex_award_id
W4393233986,11351,openalex_award_id
W4393948444,12345,openalex_award_id
W4396618295,13741,openalex_award_id
W4400357216,13112,openalex_award_id
W4400700810,14182,openalex_award_id
W3166305824,11957,openalex_award_id
W3204431380,10747,openalex_award_id
W4206994148,10956,openalex_award_id
W4281263514,12900,openalex_award_id
W4283762038,11137,openalex_award_id
W4313424055,12601,openalex_award_id
W4318067851,10032,openalex_award_id
W4318067851,11174,openalex_award_id
W4386694456,10701,openalex_award_id
W4386694456,13645,openalex_award_id
W4389337363,11537,openalex_award_id
W4390814505,10089,openalex_award_id
W4394008739,11174,openalex_award_id
W3207649394,12566,openalex_award_id
W4309470132,13189,openalex_award_id
W4315700493,12141,openalex_award_id
W4319027532,12665,openalex_award_id
W4319063197,11547,openalex_award_id
W4382132476,12522,openalex_award_id
W4385543335,11651,openalex_award_id
W4390637992,13404,openalex_award_id
W4391323540,11960,openalex_award_id
W4391512402,12885,openalex_award_id
W4400274471,10674,openalex_award_id
W4401344391,11407,openalex_award_id
W4410500470,13058,openalex_award_id
W4410500470,14459,openalex_award_id
W4410500470,15595,openalex_award_id
W3154160568,12039,openalex_award_id
W4220998360,10099,openalex_award_id
W4323567467,11537,openalex_award_id
W4323567467,13124,openalex_award_id
W4323567467,13491,openalex_award_id
W4376115846,10747,openalex_award_id
W4376630270,12732,openalex_award_id
W4381432983,12535,openalex_award_id
W4382934647,10957,openalex_award_id
W4383302130,10709,openalex_award_id
W4385320362,13077,openalex_award_id
W4385701286,13404,openalex_award_id
W4385701286,11174,openalex_award_id
W4386170499,10882,openalex_award_id
W4386188267,11110,openalex_award_id
W4391565715,11464,openalex_award_id
W4392773334,11110,openalex_award_id
W4398251135,11944,openalex_award_id
W4399207189,10758,openalex_award_id
W4399365082,14641,openalex_award_id
W4401422590,11065,openalex_award_id
W4401539037,13529,openalex_award_id
W4401969732,13043,openalex_award_id
W4283767988,13189,openalex_award_id
W4308364479,12473,openalex_award_id
W4321748543,13577,openalex_award_id
W4385186712,10698,openalex_award_id
W4387563625,14465,openalex_award_id
W4388453780,11080,openalex_award_id
W4390629587,12079,openalex_award_id
W4391451584,12183,openalex_award_id
W4393075252,10382,openalex_award_id
W4396237966,12950,openalex_award_id
W4400119471,12045,openalex_award_id
W4402228829,11807,openalex_award_id
W4405054261,12507,openalex_award_id
W4405054261,13650,openalex_award_id
W4406324061,12551,openalex_award_id
W4200170755,11368,openalex_award_id
W4383058646,11174,openalex_award_id
W4386424813,13676,openalex_award_id
W4387447144,12077,openalex_award_id
W4388736344,11086,openalex_award_id
W4389151883,10851,openalex_award_id
W4393321679,12768,openalex_award_id
W4400313841,10668,openalex_award_id
W4401634934,13727,openalex_award_id
W4403217777,14339,openalex_award_id
W4405740562,10781,openalex_award_id
W4408089041,14949,openalex_award_id
W4408597731,10747,openalex_award_id
W4410118358,13192,openalex_award_id
W4384338565,11132,openalex_award_id
W4385251146,11026,openalex_award_id
W4388915425,11179,openalex_award_id
W4393094681,11700,openalex_award_id
W4395045562,10212,openalex_award_id
W4399302062,11575,openalex_award_id
W4400689353,12501,openalex_award_id
W4401789308,15036,openalex_award_id
W4401891741,12640,openalex_award_id
W4403513301,12826,openalex_award_id
W4403697884,12950,openalex_award_id
W4403971898,10004,openalex_award_id
W4404642577,14374,openalex_award_id
W4404719603,13647,openalex_award_id
W4404858627,14834,openalex_award_id
W4409790421,12567,openalex_award_id
W4368362413,12820,openalex_award_id
W4386845275,12995,openalex_award_id
W4386940844,12092,openalex_award_id
W4392291639,11537,openalex_award_id
W4393228100,14113,openalex_award_id
W4394860116,13192,openalex_award_id
W4400809049,11266,openalex_award_id
W4402882692,10835,openalex_award_id
W4402922988,12978,openalex_award_id
W4403378462,13741,openalex_award_id
W4405237054,12768,openalex_award_id
W4405920880,13676,openalex_award_id
W4406016923,10150,openalex_award_id
W4406229780,10289,openalex_award_id
W4406309465,13697,openalex_award_id
W4407755949,13417,openalex_award_id
W4408073084,13404,openalex_award_id
W4408245529,10706,openalex_award_id
W4408859756,12049,openalex_award_id
W4409049383,12345,openalex_award_id
W4414443514,15290,openalex_award_id
W4414617036,13529,openalex_award_id
W4388601833,11026,openalex_award_id
W4389380089,11700,openalex_award_id
W4401419031,14760,openalex_award_id
W4403055811,11944,openalex_award_id
W4403401140,13417,openalex_award_id
W4406389367,10392,openalex_award_id
W4407743648,14106,openalex_award_id
W4409735592,14804,openalex_award_id
W4411501972,14712,openalex_award_id
W4415105678,13915,openalex_award_id
W3160250532,10392,openalex_award_id
W4390876796,11457,openalex_award_id
W4396920513,10713,openalex_award_id
W4397010626,10992,openalex_award_id
W4399569999,11367,openalex_award_id
W4402308737,11266,openalex_award_id
W4402308737,13373,openalex_award_id
W4402638891,12233,openalex_award_id
W4403093356,11863,openalex_award_id
W4405614639,13189,openalex_award_id
W4406624981,14465,openalex_award_id
W4408472159,13493,openalex_award_id
W4409352007,13529,openalex_award_id
W4409912278,14516,openalex_award_id
W4410335066,15305,openalex_award_id
W4411200519,13598,openalex_award_id
W4411200519,15305,openalex_award_id
W4411360874,15079,openalex_award_id
W4412089549,12420,openalex_award_id
W4414827078,13673,openalex_award_id
W4416731177,10100,openalex_award_id
W7134226060,11292,openalex_award_id
W4399208830,12141,openalex_award_id
W4404061046,14338,openalex_award_id
W4404334001,12885,openalex_award_id
W4406894096,13529,openalex_award_id
W4406940076,12141,openalex_award_id
W4408089774,10080,openalex_award_id
W4411568445,14121,openalex_award_id
W4415928668,12092,openalex_award_id
W7125522734,12539,openalex_award_id
W7128165931,15602,openalex_award_id
W4400073455,12568,openalex_award_id
W4403972266,11001,openalex_award_id
W4410642333,14002,openalex_award_id
W4410801248,14036,openalex_award_id
W4412020456,13697,openalex_award_id
W4412457984,14640,openalex_award_id
W4412710061,12480,openalex_award_id
W4414186829,15152,openalex_award_id
W4415338851,12045,openalex_award_id
W4415517493,12092,openalex_award_id
W4415777113,14883,openalex_award_id
W4416328674,12092,openalex_award_id
W4417347477,10438,openalex_award_id
W4417498580,12586,openalex_award_id
W4417498580,13043,openalex_award_id
W4417498580,13493,openalex_award_id
W4417498580,15570,openalex_award_id
W4417498580,15614,openalex_award_id
W7124708990,11750,openalex_award_id
W4406755729,12768,openalex_award_id
W4413214004,13785,openalex_award_id
W4414380112,12760,openalex_award_id
W4414669824,11038,openalex_award_id
W4415596446,12539,openalex_award_id
W4415596446,12825,openalex_award_id
W4415596446,16523,openalex_award_id
W4416593374,11352,openalex_award_id
W4416829171,15079,openalex_award_id
W4417077062,12345,openalex_award_id
W7117539648,10174,openalex_award_id
W2913514258,10100,openalex_award_id
W3037677313,10504,openalex_award_id
W3014244632,10815,openalex_award_id
W2730033305,11174,openalex_award_id
W2943607998,10504,openalex_award_id
W2958407565,10747,openalex_award_id
W3091994850,10392,openalex_award_id
W2897716918,10873,openalex_award_id
W3042479948,10289,openalex_award_id
W2810065275,10504,openalex_award_id
W3095765800,12376,openalex_award_id
W2005557489,11174,openalex_award_id
W2509259734,11174,openalex_award_id
W3002739091,10595,openalex_award_id
W3135724548,10709,openalex_award_id
W2952644236,11174,openalex_award_id
W2967934792,10140,openalex_award_id
W3004832443,10138,openalex_award_id
W3157130467,10666,openalex_award_id
W2098068164,11174,openalex_award_id
W2765673216,10504,openalex_award_id
W2987688904,15228,openalex_award_id
W3090414982,11289,openalex_award_id
W3133773447,11108,openalex_award_id
W2950647978,10080,openalex_award_id
W3164461275,10944,openalex_award_id
W2788778862,10504,openalex_award_id
W2893811545,10504,openalex_award_id
W2921341516,11065,openalex_award_id
W3025373602,10510,openalex_award_id
W3092807067,12314,openalex_award_id
W3168003727,12018,openalex_award_id
W2900788192,10140,openalex_award_id
W2911076612,10140,openalex_award_id
W3000489404,10701,openalex_award_id
W3102299888,10164,openalex_award_id
W3129713250,10123,openalex_award_id
W3180580933,11174,openalex_award_id
W3184430172,10781,openalex_award_id
W4207037898,11044,openalex_award_id
W2887445161,14002,openalex_award_id
W2888304237,10701,openalex_award_id
W3115160710,10535,openalex_award_id
W3149083586,11629,openalex_award_id
W3158091872,11086,openalex_award_id
W3190417242,10392,openalex_award_id
W3202481994,10138,openalex_award_id
W4283032130,10666,openalex_award_id
W2769969126,10666,openalex_award_id
W2803332784,10474,openalex_award_id
W2912407372,10504,openalex_award_id
W3176168117,10084,openalex_award_id
W3186608912,15194,openalex_award_id
W4200045998,10674,openalex_award_id
W4220894313,10529,openalex_award_id
W4225278575,12448,openalex_award_id
W4285108699,11137,openalex_award_id
W4288696347,13647,openalex_award_id
W4311888095,10701,openalex_award_id
W4311888095,13645,openalex_award_id
W2889804608,11062,openalex_award_id
W2963998462,12070,openalex_award_id
W3087007336,11704,openalex_award_id
W3088871856,10094,openalex_award_id
W3173337350,10504,openalex_award_id
W3180459568,15195,openalex_award_id
W3107653229,10595,openalex_award_id
W3179148274,11044,openalex_award_id
W3207882563,10529,openalex_award_id
W4292263360,10477,openalex_award_id
W4297312551,10602,openalex_award_id
W4303184032,11174,openalex_award_id
W4327728407,10595,openalex_award_id
W4327728407,13420,openalex_award_id
W2830245516,10817,openalex_award_id
W2965127969,10747,openalex_award_id
W3048527553,10224,openalex_award_id
W3107298471,10474,openalex_award_id
W3173931891,12493,openalex_award_id
W3191937297,10477,openalex_award_id
W3205006499,11916,openalex_award_id
W4210940462,10477,openalex_award_id
W4283797752,11044,openalex_award_id
W4288074317,10456,openalex_award_id
W4306898283,13058,openalex_award_id
W4366351131,10382,openalex_award_id
W4372331314,12539,openalex_award_id
W2996130480,11393,openalex_award_id
W3149008048,10504,openalex_award_id
W3206985432,12184,openalex_award_id
W3207656302,11337,openalex_award_id
W4206289143,10620,openalex_award_id
W4210794608,10504,openalex_award_id
W4214839205,12560,openalex_award_id
W4293045125,12805,openalex_award_id
W4360603534,11711,openalex_award_id
W4381436708,12768,openalex_award_id
W4389082639,14852,openalex_award_id
W3000475819,10504,openalex_award_id
W3022514035,10882,openalex_award_id
W3186044681,11351,openalex_award_id
W3208354111,12432,openalex_award_id
W4290964328,13201,openalex_award_id
W4313260670,11143,openalex_award_id
W4318478870,10645,openalex_award_id
W4323356636,12877,openalex_award_id
W4327857230,11979,openalex_award_id
W4327857230,12586,openalex_award_id
W4327857230,13043,openalex_award_id
W4327857230,13493,openalex_award_id
W4382722233,11944,openalex_award_id
W4394823556,12911,openalex_award_id
W2946401254,10246,openalex_award_id
W3005201961,11393,openalex_award_id
W3045090575,10755,openalex_award_id
W3080172403,11074,openalex_award_id
W3133558448,10706,openalex_award_id
W3170427117,11507,openalex_award_id
W3183484016,10835,openalex_award_id
W3183665883,10529,openalex_award_id
W4309525909,12960,openalex_award_id
W4317532129,11515,openalex_award_id
W4378746591,12184,openalex_award_id
W4378782483,11266,openalex_award_id
W4378782483,13373,openalex_award_id
W4382199204,12535,openalex_award_id
W4390729726,10602,openalex_award_id
W4399760456,10321,openalex_award_id
W3145228664,10150,openalex_award_id
W3148203418,10978,openalex_award_id
W3160816351,11031,openalex_award_id
W4296363024,12259,openalex_award_id
W4311665926,11092,openalex_award_id
W4318476964,10967,openalex_award_id
W4318481844,10164,openalex_award_id
W4323531852,13741,openalex_award_id
W4365512515,10080,openalex_award_id
W4376131395,10758,openalex_award_id
W4377940574,12374,openalex_award_id
W4385798543,10140,openalex_award_id
W4390590383,12090,openalex_award_id
W4392714687,12932,openalex_award_id
W2970634756,13404,openalex_award_id
W2970634756,11174,openalex_award_id
W3163542892,11174,openalex_award_id
W3198240721,11648,openalex_award_id
W3211615276,11368,openalex_award_id
W4214817221,10034,openalex_award_id
W4225737862,10813,openalex_award_id
W4281711875,10825,openalex_award_id
W4281771478,10113,openalex_award_id
W4293175810,12473,openalex_award_id
W4293678854,12276,openalex_award_id
W4293695502,12665,openalex_award_id
W4306179861,11137,openalex_award_id
W4318043112,12125,openalex_award_id
W4321329184,10034,openalex_award_id
W4384281967,10138,openalex_award_id
W4385644808,11137,openalex_award_id
W4387024761,13004,openalex_award_id
W4387787771,11382,openalex_award_id
W4389924834,10014,openalex_award_id
W4392499293,11148,openalex_award_id
W4392499293,12487,openalex_award_id
W4394681776,11038,openalex_award_id
W4399882610,13228,openalex_award_id
W3204484990,10882,openalex_award_id
W3207280959,11351,openalex_award_id
W4283747346,10620,openalex_award_id
W4289598160,10781,openalex_award_id
W4307549508,11143,openalex_award_id
W4319459362,10425,openalex_award_id
W4319593531,11056,openalex_award_id
W4323044743,10150,openalex_award_id
W4327771961,14449,openalex_award_id
W4353015383,12617,openalex_award_id
W4362559208,10140,openalex_award_id
W4362671532,11671,openalex_award_id
W4376872266,10698,openalex_award_id
W4378903463,11463,openalex_award_id
W4384397881,12481,openalex_award_id
W4385330060,12995,openalex_award_id
W4387728825,12995,openalex_award_id
W4387967625,12276,openalex_award_id
W4388997121,10758,openalex_award_id
W4389671979,12046,openalex_award_id
W4392509690,14449,openalex_award_id
W4392816932,11906,openalex_award_id
W4410485767,12820,openalex_award_id
W2899538995,10113,openalex_award_id
W4242926049,10504,openalex_award_id
W4283820324,11651,openalex_award_id
W4290770118,10623,openalex_award_id
W4290770118,13191,openalex_award_id
W4294733398,10967,openalex_award_id
W4306664517,10034,openalex_award_id
W4312129768,10882,openalex_award_id
W4365152822,12077,openalex_award_id
W4366464241,11507,openalex_award_id
W4367040759,10978,openalex_award_id
W4382929905,11368,openalex_award_id
W4386117052,12822,openalex_award_id
W4387326407,11110,openalex_award_id
W4389131607,10438,openalex_award_id
W4389131607,14002,openalex_award_id
W4389868155,11575,openalex_award_id
W4393265251,11507,openalex_award_id
W4393308423,11110,openalex_award_id
W4396892963,11867,openalex_award_id
W4399097705,13043,openalex_award_id
W4400056536,13192,openalex_award_id
W4400607423,12276,openalex_award_id
W4400664814,10698,openalex_award_id
W4401475391,12642,openalex_award_id
W4404216834,13192,openalex_award_id
W4404618496,14002,openalex_award_id
W4406499548,11000,openalex_award_id
W4410722736,11564,openalex_award_id
W4410722736,13535,openalex_award_id
W3201955384,11013,openalex_award_id
W4200611050,10817,openalex_award_id
W4221126547,11086,openalex_award_id
W4360939157,12665,openalex_award_id
W4382582400,11174,openalex_award_id
W4386944248,10456,openalex_award_id
W4389490852,13189,openalex_award_id
W4394568205,12143,openalex_award_id
W4394739771,13785,openalex_award_id
W4399684042,14465,openalex_award_id
W4401055376,11711,openalex_award_id
W4401115243,11774,openalex_award_id
W4402305170,11507,openalex_award_id
W4403028483,10014,openalex_award_id
W4403974697,11010,openalex_award_id
W4405795600,15079,openalex_award_id
W4407241036,14641,openalex_award_id
W4408162468,10456,openalex_award_id
W4409975315,13753,openalex_award_id
W4410347708,12174,openalex_award_id
W4410347708,12090,openalex_award_id
W3037234213,10666,openalex_award_id
W4389130655,11750,openalex_award_id
W4390818133,11062,openalex_award_id
W4394742343,10967,openalex_award_id
W4404078021,14826,openalex_award_id
W4404078021,14834,openalex_award_id
W4404521675,12228,openalex_award_id
W4404521675,15052,openalex_award_id
W4406216844,13710,openalex_award_id
W4407625049,13651,openalex_award_id
W4408561207,12233,openalex_award_id
W4411278758,13529,openalex_award_id
W4382195895,13043,openalex_award_id
W4382195895,13493,openalex_award_id
W4386878113,10351,openalex_award_id
W4389326785,10861,openalex_award_id
W4391263173,12642,openalex_award_id
W4391381037,11835,openalex_award_id
W4392681868,12985,openalex_award_id
W4393167374,13598,openalex_award_id
W4399729468,12682,openalex_award_id
W4400533483,11840,openalex_award_id
W4400930731,12975,openalex_award_id
W4401593814,15100,openalex_award_id
W4401696467,10613,openalex_award_id
W4404188622,12978,openalex_award_id
W4405030901,10873,openalex_award_id
W4405176093,10089,openalex_award_id
W4405972116,11289,openalex_award_id
W4406738985,13420,openalex_award_id
W4407680368,11137,openalex_award_id
W4408069921,11044,openalex_award_id
W4408177085,11062,openalex_award_id
W4410512821,14995,openalex_award_id
W4411857734,11105,openalex_award_id
W4411857734,12484,openalex_award_id
W4412429545,14113,openalex_award_id
W4412430885,9030,openalex_award_id
W4413043040,15754,openalex_award_id
W4414742888,13387,openalex_award_id
W4415063354,14641,openalex_award_id
W4415924796,11037,openalex_award_id
W4415924796,11574,openalex_award_id
W4391478285,11086,openalex_award_id
W4396780780,12601,openalex_award_id
W4400525681,10032,openalex_award_id
W4400525681,10796,openalex_award_id
W4401599567,12507,openalex_award_id
W4403492378,11038,openalex_award_id
W4404546717,11174,openalex_award_id
W4404814136,12621,openalex_award_id
W4406051492,10004,openalex_award_id
W4407406270,14712,openalex_award_id
W4407462451,12960,openalex_award_id
W4407626258,12768,openalex_award_id
W4407764833,12174,openalex_award_id
W4408732685,11313,openalex_award_id
W4408921397,11515,openalex_award_id
W4409249881,11507,openalex_award_id
W4409944435,12975,openalex_award_id
W4410211966,13878,openalex_award_id
W4410740696,14002,openalex_award_id
W4411067044,11515,openalex_award_id
W4411306864,13112,openalex_award_id
W4411535982,12932,openalex_award_id
W4412546531,14979,openalex_award_id
W4412714137,13529,openalex_award_id
W4413387671,14002,openalex_award_id
W4413869954,12354,openalex_award_id
W4414422628,12374,openalex_award_id
W4414532054,12560,openalex_award_id
W4415263322,14809,openalex_award_id
W4415305797,14776,openalex_award_id
W4415476675,10825,openalex_award_id
W4416458764,13387,openalex_award_id
W4417066114,14032,openalex_award_id
W4417170636,14339,openalex_award_id
W4417284042,14479,openalex_award_id
W4417498281,15669,openalex_award_id
W4417520656,13112,openalex_award_id
W4417520656,14853,openalex_award_id
W7124425391,12235,openalex_award_id
W7127041117,13589,openalex_award_id
W7128220280,12732,openalex_award_id
W7134210130,15305,openalex_award_id
W7139933090,14712,openalex_award_id
W7143944034,13549,openalex_award_id
W7162104583,12175,openalex_award_id
W7164124700,12522,openalex_award_id
W4398193580,14712,openalex_award_id
W4403614313,10613,openalex_award_id
W4409147559,11924,openalex_award_id
W4409663733,12055,openalex_award_id
W4409712635,13400,openalex_award_id
W4409864825,15036,openalex_award_id
W4411309821,14465,openalex_award_id
W4411679174,15018,openalex_award_id
W4412371236,12967,openalex_award_id
W4413136237,13103,openalex_award_id
W4413402124,13651,openalex_award_id
W4414112892,12560,openalex_award_id
W4414689979,14809,openalex_award_id
W4414984826,14109,openalex_award_id
W4415049929,11839,openalex_award_id
W4416019690,12825,openalex_award_id
W4416019690,16523,openalex_award_id
W4416452427,11840,openalex_award_id
W4417520084,13443,openalex_award_id
W7128524326,14449,openalex_award_id
W7134828113,11457,openalex_award_id
W7213404981,10274,openalex_award_id
W2891660372,11010,openalex_award_id
W2916512996,10504,openalex_award_id
W2990442276,11086,openalex_award_id
W2794417582,10474,openalex_award_id
W3027948250,10504,openalex_award_id
W3038784600,10504,openalex_award_id
W3045722060,10504,openalex_award_id
W4210273635,10873,openalex_award_id
W4210343862,11137,openalex_award_id
W4210343862,11618,openalex_award_id
W4210343862,12949,openalex_award_id
W2802675516,10504,openalex_award_id
W2954380420,14002,openalex_award_id
W3008323882,10504,openalex_award_id
W3111778356,10932,openalex_award_id
W3135333986,11368,openalex_award_id
W2964867254,10504,openalex_award_id
W3127296806,12482,openalex_award_id
W3135117950,11062,openalex_award_id
W3143486025,12780,openalex_award_id
W4313256530,13529,openalex_award_id
W2889983067,10113,openalex_award_id
W3016454533,10713,openalex_award_id
W3185500970,11463,openalex_award_id
W33704843,11062,openalex_award_id
W4200413776,11044,openalex_award_id
W2897449838,10113,openalex_award_id
W3037481897,10835,openalex_award_id
W4200451968,11957,openalex_award_id
W4210366262,15194,openalex_award_id
W4223949064,12448,openalex_award_id
W4292478890,11704,openalex_award_id
W4307482926,12568,openalex_award_id
W2915233269,10504,openalex_award_id
W2980461738,10755,openalex_award_id
W2995917140,11368,openalex_award_id
W3092335610,11518,openalex_award_id
W3121425442,13404,openalex_award_id
W3121425442,11174,openalex_award_id
W3201132811,11108,openalex_award_id
W4205889656,12259,openalex_award_id
W4205889656,11671,openalex_award_id
W4284976039,10713,openalex_award_id
W4292084208,10392,openalex_award_id
W4292084208,12566,openalex_award_id
W4385261059,13104,openalex_award_id
W2967998006,10504,openalex_award_id
W2993905188,10936,openalex_award_id
W3106443667,10815,openalex_award_id
W3132229885,11137,openalex_award_id
W3203776767,11518,openalex_award_id
W3214929184,11839,openalex_award_id
W4281568452,11651,openalex_award_id
W4318677124,11137,openalex_award_id
W4323348093,10151,openalex_award_id
W4386728170,13404,openalex_award_id
W4386728170,11174,openalex_award_id
W4386728170,14806,openalex_award_id
W4387581177,9030,openalex_award_id
W3173218403,10932,openalex_award_id
W3206905680,10140,openalex_award_id
W3207740699,10099,openalex_award_id
W3207740699,12493,openalex_award_id
W4224869304,13292,openalex_award_id
W4225568009,11507,openalex_award_id
W4281254079,10014,openalex_award_id
W4287448020,12744,openalex_award_id
W4289527218,12978,openalex_award_id
W4306868005,12768,openalex_award_id
W4320719234,10595,openalex_award_id
W4362520697,13493,openalex_award_id
W4367299481,12768,openalex_award_id
W4382011220,10138,openalex_award_id
W4384694911,11464,openalex_award_id
W4388014882,11575,openalex_award_id
W4397030790,12665,openalex_award_id
W3047273379,10504,openalex_award_id
W3109141774,11236,openalex_award_id
W3118840939,10504,openalex_award_id
W3159373676,11082,openalex_award_id
W4200607917,11367,openalex_award_id
W4206304772,10504,openalex_award_id
W4280506857,12732,openalex_award_id
W4307475736,10274,openalex_award_id
W4317600676,10032,openalex_award_id
W4317600676,10796,openalex_award_id
W4386840804,12649,openalex_award_id
W4388161360,13189,openalex_award_id
W4388228807,11507,openalex_award_id
W2994568346,11957,openalex_award_id
W3020613365,11457,openalex_award_id
W3203354976,11174,openalex_award_id
W4281747243,10504,openalex_award_id
W4282965909,11917,openalex_award_id
W4293277641,11368,openalex_award_id
W4307475908,11292,openalex_award_id
W4382632089,10603,openalex_award_id
W4384298051,13404,openalex_award_id
W4387356992,11292,openalex_award_id
W4387954426,13201,openalex_award_id
W4388423743,12794,openalex_award_id
W4401151167,12694,openalex_award_id
W4401507797,14559,openalex_award_id
W4402126990,11000,openalex_award_id
W4402882510,12473,openalex_award_id
W4404197140,10602,openalex_award_id
W4404644010,12535,openalex_award_id
W4409476055,14726,openalex_award_id
W2770794590,10504,openalex_award_id
W3017355252,10873,openalex_award_id
W4312511203,10477,openalex_award_id
W4318755086,11044,openalex_award_id
W4362692009,12566,openalex_award_id
W4383187217,12225,openalex_award_id
W4384199695,10113,openalex_award_id
W4385781451,11079,openalex_award_id
W4390872273,12483,openalex_award_id
W4392976145,12768,openalex_award_id
W4396673604,14299,openalex_award_id
W4398773943,13387,openalex_award_id
W4400217837,12009,openalex_award_id
W4404004459,10658,openalex_award_id
W4404004459,12049,openalex_award_id
W4404004459,14530,openalex_award_id
W4406496014,12794,openalex_award_id
W4407052980,12642,openalex_award_id
W4407380996,11944,openalex_award_id
W4409285012,11774,openalex_award_id
W4309176175,12925,openalex_award_id
W4393931494,12141,openalex_award_id
W4394851409,11774,openalex_award_id
W4396672125,12768,openalex_award_id
W4399164551,10382,openalex_award_id
W4399164551,10781,openalex_award_id
W4401933098,11074,openalex_award_id
W4402532007,10978,openalex_award_id
W4404565417,12995,openalex_award_id
W4405048592,12601,openalex_award_id
W4406160016,10004,openalex_award_id
W4412523249,12950,openalex_award_id
W4412584710,14121,openalex_award_id
W4404590354,12566,openalex_award_id
W4405408945,12949,openalex_award_id
W4405408945,14726,openalex_award_id
W4405882860,14113,openalex_award_id
W4407648609,13144,openalex_award_id
W4409195927,14364,openalex_award_id
W4409351854,10164,openalex_award_id
W4410910539,11774,openalex_award_id
W4412521247,15048,openalex_award_id
W4414001087,12820,openalex_award_id
W4414147060,12760,openalex_award_id
W4414608774,12642,openalex_award_id
W4415680787,12535,openalex_award_id
W4416221302,10438,openalex_award_id
W4416247113,14109,openalex_award_id
W4416344770,13189,openalex_award_id
W4417325060,14976,openalex_award_id
W7117668893,10666,openalex_award_id
W7118191877,13435,openalex_award_id
W7123819684,15932,openalex_award_id
W7128436381,15539,openalex_award_id
W7138330789,14788,openalex_award_id
W7140295177,10424,openalex_award_id
W7141085589,12345,openalex_award_id
W7154092126,10894,openalex_award_id
W7154092126,11079,openalex_award_id
W7161055892,12977,openalex_award_id
W7161253672,11917,openalex_award_id
W7165753726,14113,openalex_award_id
W2885057833,10666,openalex_award_id
W2991642291,10504,openalex_award_id
W3127724386,10666,openalex_award_id
W3002674286,11957,openalex_award_id
W3048043144,10392,openalex_award_id
W3117644983,10602,openalex_award_id
W3206749143,12780,openalex_award_id
W3011141546,10504,openalex_award_id
W3029542422,10755,openalex_award_id
W3034205717,13404,openalex_award_id
W3034205717,11174,openalex_award_id
W3097843799,11038,openalex_award_id
W3135605107,11313,openalex_award_id
W4200269610,10873,openalex_award_id
W2993321255,11957,openalex_award_id
W3122297384,11031,openalex_award_id
W4210716000,12702,openalex_award_id
W4280536017,12141,openalex_award_id
W4282928256,11086,openalex_award_id
W4320491242,10911,openalex_award_id
W4362601034,12522,openalex_award_id
W4392287181,10747,openalex_award_id
W2551180170,11174,openalex_award_id
W2900591693,10504,openalex_award_id
W2942819469,10504,openalex_award_id
W3090739913,11289,openalex_award_id
W3178783897,12092,openalex_award_id
W3201155956,11313,openalex_award_id
W3206718650,10289,openalex_award_id
W3212772271,10382,openalex_award_id
W4200261905,10289,openalex_award_id
W4221138838,12183,openalex_award_id
W4224248978,12995,openalex_award_id
W4225384944,12535,openalex_award_id
W4309938365,13189,openalex_award_id
W4311940487,15195,openalex_award_id
W4321768974,10882,openalex_award_id
W4381599098,10289,openalex_award_id
W4388215712,12642,openalex_award_id
W4391247821,13387,openalex_award_id
W4396580239,11906,openalex_award_id
W4396580239,13577,openalex_award_id
W4402323457,12640,openalex_award_id
W2908037907,10034,openalex_award_id
W3184430079,11507,openalex_award_id
W4214826426,11464,openalex_award_id
W4214876510,12375,openalex_award_id
W4315929002,13046,openalex_award_id
W4319058516,10701,openalex_award_id
W4322490291,10620,openalex_award_id
W4364355879,12639,openalex_award_id
W4384263968,10882,openalex_award_id
W4385442068,13486,openalex_award_id
W4385442392,11351,openalex_award_id
W4386398331,15194,openalex_award_id
W4389397537,10151,openalex_award_id
W4391375478,12034,openalex_award_id
W4393087639,12375,openalex_award_id
W4401944997,13056,openalex_award_id
W4403260009,12566,openalex_award_id
W4403707226,12621,openalex_award_id
W4403865451,11889,openalex_award_id
W4408695750,12978,openalex_award_id
W4409190645,11835,openalex_award_id
W4409540010,12977,openalex_award_id
W4411867163,14109,openalex_award_id
W4382918302,10164,openalex_award_id
W4385442763,13598,openalex_award_id
W4387114800,11648,openalex_award_id
W4391402362,12617,openalex_award_id
W4392366284,12621,openalex_award_id
W4392726874,13803,openalex_award_id
W4400100031,10014,openalex_award_id
W4401796067,15036,openalex_award_id
W4403244477,10758,openalex_award_id
W4404707528,14712,openalex_award_id
W4405102302,14712,openalex_award_id
W4405175326,10713,openalex_award_id
W4405751308,12946,openalex_award_id
W4406254126,13528,openalex_award_id
W4406893246,14388,openalex_award_id
W4407174659,10955,openalex_award_id
W4407848505,12640,openalex_award_id
W4411588552,12894,openalex_award_id
W4412085344,13591,openalex_award_id
W4414380305,14890,openalex_award_id
W4414942644,12539,openalex_award_id
W4414995433,14848,openalex_award_id
W4415469504,13112,openalex_award_id
W4399768393,10032,openalex_award_id
W4399768393,10796,openalex_award_id
W4401012527,12566,openalex_award_id
W4402467310,12900,openalex_award_id
W4404251898,12143,openalex_award_id
W4404408280,12900,openalex_award_id
W4404821432,14795,openalex_award_id
W4405122285,10713,openalex_award_id
W4405949767,10032,openalex_award_id
W4405949767,10796,openalex_award_id
W4406799630,13575,openalex_award_id
W4406926507,12642,openalex_award_id
W4409328176,10529,openalex_award_id
W4409567856,12732,openalex_award_id
W4410309355,12639,openalex_award_id
W4410529997,13112,openalex_award_id
W4410709345,13528,openalex_award_id
W4411229923,13590,openalex_award_id
W4412457171,11807,openalex_award_id
W4412658943,10382,openalex_award_id
W4412727196,14618,openalex_award_id
W4412840144,13653,openalex_award_id
W4412843304,11038,openalex_award_id
W4413101222,12551,openalex_award_id
W4413332850,10873,openalex_award_id
W4413473848,12995,openalex_award_id
W4414386236,14129,openalex_award_id
W4414435025,11618,openalex_award_id
W4414435025,12949,openalex_award_id
W4414465436,12539,openalex_award_id
W4414779899,13209,openalex_award_id
W4415131062,12601,openalex_award_id
W4415239662,14333,openalex_award_id
W4415724794,14078,openalex_award_id
W4415855216,14712,openalex_award_id
W4416197441,13387,openalex_award_id
W4416258125,14627,openalex_award_id
W4416413263,11363,openalex_award_id
W4416773284,15400,openalex_award_id
W4416818522,10351,openalex_award_id
W4417035446,14707,openalex_award_id
W4417075157,11358,openalex_award_id
W4417134501,11618,openalex_award_id
W4417134501,12949,openalex_award_id
W4417174796,15018,openalex_award_id
W4417455009,13923,openalex_award_id
W4417469598,12754,openalex_award_id
W7117476920,12894,openalex_award_id
W7118913410,14129,openalex_award_id
W7119055160,14516,openalex_award_id
W7119055160,14949,openalex_award_id
W7119479357,14546,openalex_award_id
W7119524365,11148,openalex_award_id
W7123637339,10094,openalex_award_id
W7123637339,13192,openalex_award_id
W7124741718,13192,openalex_award_id
W7124771272,12754,openalex_award_id
W7125789652,14708,openalex_award_id
W7125798971,13518,openalex_award_id
W7128046368,12640,openalex_award_id
W7128294728,13189,openalex_award_id
W7128313440,14680,openalex_award_id
W7128492306,12314,openalex_award_id
W7128792388,12694,openalex_award_id
W7129267777,13112,openalex_award_id
W7129267777,15974,openalex_award_id
W7129267777,14853,openalex_award_id
W7131381728,13387,openalex_award_id
W7132834669,10894,openalex_award_id
W7132834669,11079,openalex_award_id
W7133532902,14055,openalex_award_id
W7134913931,10014,openalex_award_id
W7134913931,14809,openalex_award_id
W7135043989,12686,openalex_award_id
W7138096378,13529,openalex_award_id
W7138864895,14093,openalex_award_id
W7147202128,12079,openalex_award_id
W7152736398,11463,openalex_award_id
W7155697524,13529,openalex_award_id
W7160026234,16145,openalex_award_id
W7160491542,15986,openalex_award_id
W7160643510,13905,openalex_award_id
W7160643510,16583,openalex_award_id
W7163808197,15066,openalex_award_id
W7164992848,15771,openalex_award_id
W7165680710,10246,openalex_award_id
W7166856761,16299,openalex_award_id
W7167036503,14712,openalex_award_id
W2901318781,10504,openalex_award_id
W2993039426,10099,openalex_award_id
W3159354630,10673,openalex_award_id
W3203307361,11026,openalex_award_id
W4280545583,11044,openalex_award_id
W3131942941,10873,openalex_award_id
W3131942941,10882,openalex_award_id
W3168563026,11082,openalex_award_id
W4315490832,10032,openalex_award_id
W4315490832,10796,openalex_award_id
W4309194322,10957,openalex_award_id
W4309194322,10456,openalex_award_id
W3208346095,10755,openalex_award_id
W4286493345,12215,openalex_award_id
W4293101780,10034,openalex_award_id
W4293773747,11457,openalex_award_id
W4307465058,10936,openalex_award_id
W4382046244,11001,openalex_award_id
W4384433865,12259,openalex_award_id
W4389478464,12977,openalex_award_id
W4391596135,13760,openalex_award_id
W4399423694,12174,openalex_award_id
W3159901544,11957,openalex_award_id
W4306743594,11368,openalex_award_id
W4319336165,10992,openalex_award_id
W4382062614,12535,openalex_award_id
W4382798096,12820,openalex_award_id
W4386815920,12649,openalex_award_id
W4387212977,11575,openalex_award_id
W4388486678,11038,openalex_award_id
W4390927781,12092,openalex_award_id
W4394870994,15036,openalex_award_id
W4400429707,10709,openalex_award_id
W4400429707,14764,openalex_award_id
W4400760882,11044,openalex_award_id
W4403940466,10164,openalex_award_id
W4404066475,13104,openalex_award_id
W4404259078,14576,openalex_award_id
W4406091436,12985,openalex_award_id
W4406964992,11889,openalex_award_id
W4407204522,13387,openalex_award_id
W4407238839,14028,openalex_award_id
W4408993609,13077,openalex_award_id
W4410484446,12932,openalex_award_id
W7117153901,13209,openalex_award_id
W3210296250,11393,openalex_award_id
W3210296250,11979,openalex_award_id
W3210296250,12586,openalex_award_id
W3210296250,13043,openalex_award_id
W2906314858,10140,openalex_award_id
W3106861133,11750,openalex_award_id
W31895568,10817,openalex_award_id
W3206103503,10150,openalex_award_id
W4379538244,13577,openalex_award_id
W4384470797,12473,openalex_award_id
W2615010141,10456,openalex_award_id
W3179127273,11457,openalex_award_id
W4387030598,14449,openalex_award_id
W4223579703,11774,openalex_award_id
W2995425031,11352,openalex_award_id
W4410039374,12977,openalex_award_id
W4410039374,12539,openalex_award_id
W3153049780,12797,openalex_award_id
W2950638478,10620,openalex_award_id
W3208869463,10620,openalex_award_id
W3208869463,10673,openalex_award_id
W4391096766,12077,openalex_award_id
W3132884693,10083,openalex_award_id
W3132884693,10623,openalex_award_id
W4404131076,14516,openalex_award_id
W4404131076,14949,openalex_award_id
W2969990466,11457,openalex_award_id
W4320887035,12682,openalex_award_id
W2981394621,11597,openalex_award_id
W3008597106,10894,openalex_award_id
W3197659190,12233,openalex_award_id
W4200370868,10289,openalex_award_id
W3108809794,13043,openalex_award_id
W3108809794,11393,openalex_award_id
W3108809794,11979,openalex_award_id
W3108809794,12586,openalex_award_id
W4392748029,14339,openalex_award_id
W2949754109,11026,openalex_award_id
W2956861864,10701,openalex_award_id
W3106459783,10620,openalex_award_id
W4224221412,11457,openalex_award_id
W4280495024,11618,openalex_award_id
W4280495024,12949,openalex_award_id
W4283365587,11367,openalex_award_id
W4312112685,10701,openalex_award_id
W4312112685,13645,openalex_award_id
W4367059129,11080,openalex_award_id
W4399667136,14809,openalex_award_id
W7163379479,10516,openalex_award_id
W2903243493,10529,openalex_award_id
W3193145520,11026,openalex_award_id
W4211167191,10516,openalex_award_id
W4293103626,11148,openalex_award_id
W4293103626,12487,openalex_award_id
W4362694205,11648,openalex_award_id
W4383065715,10456,openalex_award_id
W4412519603,13647,openalex_award_id
W4412519603,15986,openalex_award_id
W4412519603,16496,openalex_award_id
W4414717654,15602,openalex_award_id
W3000571831,10535,openalex_award_id
W3023898558,10620,openalex_award_id
W3039342720,10123,openalex_award_id
W3113065622,10603,openalex_award_id
W3193269992,12215,openalex_award_id
W4206369529,10504,openalex_award_id
W4282925184,10083,openalex_award_id
W4282925184,10623,openalex_award_id
W4282925184,13191,openalex_award_id
W4297520319,13751,openalex_award_id
W4297683063,12568,openalex_award_id
W4302757635,10602,openalex_award_id
W4307832782,10956,openalex_award_id
W4368240490,10504,openalex_award_id
W4376105613,11148,openalex_award_id
W4376105613,12487,openalex_award_id
W4378189430,13167,openalex_award_id
W4383906931,11618,openalex_award_id
W4406790802,14976,openalex_award_id
W4410800066,11575,openalex_award_id
W4413159954,15556,openalex_award_id
W7119513350,13529,openalex_award_id
W2766464964,11026,openalex_award_id
W2884298225,10620,openalex_award_id
W2949074282,10620,openalex_award_id
W2951488409,10034,openalex_award_id
W2951488409,11174,openalex_award_id
W3091990890,10080,openalex_award_id
W3095508069,10817,openalex_award_id
W3096478729,10620,openalex_award_id
W3161654335,13404,openalex_award_id
W3161654335,11174,openalex_award_id
W3168420715,10034,openalex_award_id
W3177151113,11008,openalex_award_id
W31882320,11393,openalex_award_id
W3194162609,12049,openalex_award_id
W3199274570,10620,openalex_award_id
W3210120712,10955,openalex_award_id
W3210277990,10014,openalex_award_id
W33084231,10140,openalex_award_id
W33179874,11518,openalex_award_id
W33511676,12640,openalex_award_id
W33658484,11108,openalex_award_id
W36661074,11515,openalex_award_id
W37389800,12259,openalex_award_id
W4214838495,10113,openalex_award_id
W4220777805,10474,openalex_award_id
W4220874997,10355,openalex_award_id
W4223560304,11367,openalex_award_id
W4223619721,11367,openalex_award_id
W4231195614,10706,openalex_award_id
W4234833040,10034,openalex_award_id
W4235593511,11174,openalex_award_id
W4242276418,10034,openalex_award_id
W4287447062,11137,openalex_award_id
W4288424915,10425,openalex_award_id
W4289109879,10623,openalex_award_id
W4289109879,13191,openalex_award_id
W4289132003,10620,openalex_award_id
W4298206492,11174,openalex_award_id
W4299331007,11174,openalex_award_id
W4301804707,11174,openalex_award_id
W4302336663,11174,openalex_award_id
W4306750470,11038,openalex_award_id
W4307030408,11038,openalex_award_id
W4308844538,11917,openalex_award_id
W4311316401,11518,openalex_award_id
W4313482791,11038,openalex_award_id
W4313491798,12820,openalex_award_id
W4313953689,14449,openalex_award_id
W4360997740,10392,openalex_award_id
W4361277838,12949,openalex_award_id
W4361277838,14726,openalex_award_id
W4362659719,10817,openalex_award_id
W4362659719,14465,openalex_award_id
W4376958964,10477,openalex_award_id
W4378085608,11575,openalex_award_id
W4379260007,13647,openalex_award_id
W4382518481,11086,openalex_award_id
W4383956404,11648,openalex_award_id
W4385575828,10815,openalex_award_id
W4385664124,11464,openalex_award_id
W4385922915,13189,openalex_award_id
W4386135753,10032,openalex_award_id
W4386135753,10796,openalex_award_id
W4388487762,12045,openalex_award_id
W4388912404,12473,openalex_award_id
W4392201374,13878,openalex_award_id
W4392720571,12649,openalex_award_id
W4392748022,14339,openalex_award_id
W4395697089,10758,openalex_award_id
W4397021898,11038,openalex_award_id
W4399232172,11707,openalex_award_id
W4399802338,12649,openalex_award_id
W4400024415,13404,openalex_award_id
W4400024415,11174,openalex_award_id
W4400024420,11174,openalex_award_id
W4400673934,10978,openalex_award_id
W4402661456,11906,openalex_award_id
W4402661456,13577,openalex_award_id
W4402828412,14339,openalex_award_id
W4403965703,14449,openalex_award_id
W4404515497,13191,openalex_award_id
W4404515497,14801,openalex_award_id
W4405551608,14259,openalex_award_id
W4407412661,10382,openalex_award_id
W4407622224,14611,openalex_award_id
W4408057206,12949,openalex_award_id
W4408057206,14726,openalex_award_id
W4409001602,13387,openalex_award_id
W4409017097,13785,openalex_award_id
W4409502861,12642,openalex_award_id
W4409666499,12949,openalex_award_id
W4409666499,14726,openalex_award_id
W4409736802,12949,openalex_award_id
W4409736802,14726,openalex_award_id
W4409753655,11137,openalex_award_id
W4409980282,11086,openalex_award_id
W4410239275,10425,openalex_award_id
W4410587008,10781,openalex_award_id
W4411023093,12535,openalex_award_id
W4411036977,12949,openalex_award_id
W4411036977,14726,openalex_award_id
W4411182805,12092,openalex_award_id
W4411330960,11457,openalex_award_id
W4411395266,14288,openalex_award_id
W4411557634,12560,openalex_award_id
W4411597328,10094,openalex_award_id
W4411597328,13192,openalex_award_id
W4412090451,12375,openalex_award_id
W4412106616,12183,openalex_award_id
W4412146215,10936,openalex_award_id
W4412161974,13077,openalex_award_id
W4412391703,13192,openalex_award_id
W4412673899,14984,openalex_award_id
W4412705849,12473,openalex_award_id
W4412746208,15226,openalex_award_id
W4413090880,12535,openalex_award_id
W4413097238,14339,openalex_award_id
W4413097238,13191,openalex_award_id
W4413097238,14801,openalex_award_id
W4413107461,12183,openalex_award_id
W4413129628,12946,openalex_award_id
W4413272786,11648,openalex_award_id
W4413411662,13591,openalex_award_id
W4413439491,13217,openalex_award_id
W4413994300,14362,openalex_award_id
W4414107943,15754,openalex_award_id
W4414163446,13476,openalex_award_id
W4414258710,10894,openalex_award_id
W4414258710,11079,openalex_award_id
W4414300406,10992,openalex_award_id
W4414753243,13192,openalex_award_id
W4414846690,13727,openalex_award_id
W4414861621,10099,openalex_award_id
W4415171776,12949,openalex_award_id
W4415171776,14726,openalex_award_id
W4415488318,14259,openalex_award_id
W4415642751,12092,openalex_award_id
W4416356246,14883,openalex_award_id
W4416528145,12535,openalex_award_id
W4416624658,12768,openalex_award_id
W4416787810,11648,openalex_award_id
W4417012266,15461,openalex_award_id
W4417115304,14834,openalex_award_id
W4417154710,12975,openalex_award_id
W4417430149,13515,openalex_award_id
W4417513097,11910,openalex_award_id
W7106104700,12260,openalex_award_id
W7115911929,13529,openalex_award_id
W7116870097,10825,openalex_award_id
W7116895727,12960,openalex_award_id
W7117582459,14189,openalex_award_id
W7117894857,12560,openalex_award_id
W7118065795,12560,openalex_award_id
W7119530659,14712,openalex_award_id
W7119693548,13651,openalex_award_id
W7120046838,14645,openalex_award_id
W7120252168,11148,openalex_award_id
W7121131727,13923,openalex_award_id
W7122519781,11110,openalex_award_id
W7123339738,12949,openalex_award_id
W7123915565,12837,openalex_award_id
W7124430261,13876,openalex_award_id
W7124449693,10645,openalex_award_id
W7124449693,14469,openalex_award_id
W7124470423,11289,openalex_award_id
W7124668504,14516,openalex_award_id
W7124684308,15018,openalex_award_id
W7124910238,11507,openalex_award_id
W7125522524,10382,openalex_award_id
W7125522524,17009,openalex_award_id
W7125643191,15048,openalex_award_id
W7126410273,14055,openalex_award_id
W7128306864,12960,openalex_award_id
W7128354286,15560,openalex_award_id
W7128364077,12141,openalex_award_id
W7128441089,12109,openalex_award_id
W7128547513,11507,openalex_award_id
W7128903075,10758,openalex_award_id
W7128927104,11648,openalex_award_id
W7128956200,14795,openalex_award_id
W7129254393,14611,openalex_award_id
W7130842180,12092,openalex_award_id
W7132200271,11313,openalex_award_id
W7132558551,10992,openalex_award_id
W7133484340,12894,openalex_award_id
W7133507040,14712,openalex_award_id
W7133853145,14712,openalex_award_id
W7134949553,11575,openalex_award_id
W7135395964,11062,openalex_award_id
W7136053956,14303,openalex_award_id
W7136981972,12794,openalex_award_id
W7138964217,12815,openalex_award_id
W7140651190,12754,openalex_award_id
W7141546016,14712,openalex_award_id
W7142272465,14976,openalex_award_id
W7143713394,14618,openalex_award_id
W7148630309,11266,openalex_award_id
W7148630309,13373,openalex_award_id
W7149023832,10894,openalex_award_id
W7149023832,11079,openalex_award_id
W7151487481,12710,openalex_award_id
W7151996138,13209,openalex_award_id
W7152394696,11863,openalex_award_id
W7152959326,13404,openalex_award_id
W7153440833,13240,openalex_award_id
W7154191939,13878,openalex_award_id
W7154486725,16126,openalex_award_id
W7155161629,13697,openalex_award_id
W7155214000,13209,openalex_award_id
W7155773731,13528,openalex_award_id
W7156657192,15919,openalex_award_id
W7160157023,12960,openalex_award_id
W7160231530,15556,openalex_award_id
W7160376909,14036,openalex_award_id
W7160863253,13420,openalex_award_id
W7160948856,11507,openalex_award_id
W7161029820,12900,openalex_award_id
W7161039202,12975,openalex_award_id
W7161079143,13209,openalex_award_id
W7161386498,15032,openalex_award_id
W7161536138,13387,openalex_award_id
W7161632794,14804,openalex_award_id
W7161705954,11651,openalex_award_id
W7161721373,11840,openalex_award_id
W7162032036,12374,openalex_award_id
W7162187618,12642,openalex_award_id
W7162543805,13856,openalex_award_id
W7162543805,14338,openalex_award_id
W7162577709,13650,openalex_award_id
W7162577709,15152,openalex_award_id
W7163373415,13741,openalex_award_id
W7163531027,13518,openalex_award_id
W7163543105,11793,openalex_award_id
W7163543105,11809,openalex_award_id
W7163747624,12560,openalex_award_id
W7164865559,15771,openalex_award_id
W7164943553,12184,openalex_award_id
W7165122957,11044,openalex_award_id
W7165181085,10851,openalex_award_id
W7165198006,16898,openalex_award_id
W7165516078,14106,openalex_award_id
W7165665622,10014,openalex_award_id
W7165665622,14809,openalex_award_id
W7166700358,12458,openalex_award_id
W7166881615,14852,openalex_award_id
W7167096802,13577,openalex_award_id
W7167205387,14712,openalex_award_id
W7167337832,14712,openalex_award_id
W7167431968,15461,openalex_award_id
W7167473492,13774,openalex_award_id
W7167695809,11839,openalex_award_id
W7167797130,14712,openalex_award_id
W7167812166,12960,openalex_award_id
W7168366988,13529,openalex_award_id
W7168391501,15602,openalex_award_id
W7168412518,12567,openalex_award_id
W7168679148,13387,openalex_award_id
W7169667233,14974,openalex_award_id
W7169667233,15066,openalex_award_id
W7169802245,14659,openalex_award_id
W7169870430,10174,openalex_award_id
W7170044385,11877,openalex_award_id
W7170044385,12977,openalex_award_id
W7170091811,11079,openalex_award_id
W7170268501,13751,openalex_award_id
W7170268501,16984,openalex_award_id
W7171097432,14514,openalex_award_id
W7171506000,14890,openalex_award_id
W7171721589,17146,openalex_award_id
W7171780039,12539,openalex_award_id
W7171819079,14129,openalex_award_id
W7171898244,14900,openalex_award_id
W7171990355,12522,openalex_award_id
W7172294955,15079,openalex_award_id
W7172381956,12539,openalex_award_id
W7172381956,13472,openalex_award_id
W7172381956,15076,openalex_award_id
W7172381956,15305,openalex_award_id
W7172430931,12732,openalex_award_id
W7172435375,12567,openalex_award_id
W7172527155,13697,openalex_award_id
W7196948944,13443,openalex_award_id
W7196962505,14032,openalex_award_id
W7201956897,14113,openalex_award_id
W7202165089,13647,openalex_award_id
W7202180564,13905,openalex_award_id
W7202180564,16583,openalex_award_id
W7202296771,17332,openalex_award_id
W7203537344,14450,openalex_award_id
W7203537344,14976,openalex_award_id
W7203630630,13476,openalex_award_id
W7203630630,17044,openalex_award_id
W7203826582,10713,openalex_award_id
W7204129773,12911,openalex_award_id
W7204266479,13753,openalex_award_id
W7204461390,17009,openalex_award_id
W7204626198,12601,openalex_award_id
W7204669879,12978,openalex_award_id
W7204874603,16145,openalex_award_id
W7207717835,10084,openalex_award_id
W7207717835,11031,openalex_award_id
W7211888123,12033,openalex_award_id
W7211938766,10510,openalex_award_id
W7211964855,13209,openalex_award_id
W7212037916,14610,openalex_award_id
W7212156565,15036,openalex_award_id
W7213342106,14932,openalex_award_id
W7213353427,13785,openalex_award_id
W7213425222,15461,openalex_award_id
W7213426387,12560,openalex_award_id
W7213450809,11363,openalex_award_id
W7213473122,12567,openalex_award_id
W7213525250,13209,openalex_award_id
W7213527910,14055,openalex_award_id
W7213538168,12522,openalex_award_id
W7213554811,12522,openalex_award_id
W7213611196,11964,openalex_award_id
W7213946043,10956,openalex_award_id
W4220798807,11655,grant_number_fulltext
W4281572532,11292,grant_number_fulltext
W4367369441,11788,grant_number_fulltext
W4283651129,11788,grant_number_fulltext
W4289110780,11788,grant_number_fulltext
W4289912251,11574,grant_number_fulltext
W4307634748,11788,grant_number_fulltext
W4394770735,10174,grant_number_fulltext
W4391279093,11788,grant_number_fulltext
W4413258373,11835,grant_number_fulltext
W3130957192,11363,grant_number_fulltext
W2950340667,11292,grant_number_fulltext
W2980772377,11179,grant_number_fulltext
W4320037440,11179,grant_number_fulltext
W4220807381,11558,grant_number_fulltext
W4311502995,10034,grant_number_fulltext
W4379600218,11788,grant_number_fulltext
W4392301792,11547,grant_number_fulltext
W3179130068,10960,grant_number_fulltext
W4392773673,11788,grant_number_fulltext
W4391729496,11788,grant_number_fulltext
W4392499009,11655,grant_number_fulltext
W4390104032,10902,grant_number_fulltext
W4391315948,10325,grant_number_fulltext
W4391914878,10665,grant_number_fulltext
W4388102516,11655,grant_number_fulltext
W4403536385,11788,grant_number_fulltext
W4412975002,10960,grant_number_fulltext
W4416017501,10212,grant_number_fulltext
W3016059626,10014,grant_number_fulltext
W3077144971,10080,grant_number_fulltext
W3077144971,10083,grant_number_fulltext
W3077144971,10894,grant_number_fulltext
W3077144971,11788,grant_number_fulltext
W3109868290,11558,grant_number_fulltext
W3109868290,12033,grant_number_fulltext
W4200145919,10955,grant_number_fulltext
W3006042660,11044,grant_number_fulltext
W3022936562,10665,grant_number_fulltext
W3215884450,12009,grant_number_fulltext
W4287879033,11788,grant_number_fulltext
W3160220858,11788,grant_number_fulltext
W3199662707,11179,grant_number_fulltext
W4220653025,10755,grant_number_fulltext
W4223418553,10529,grant_number_fulltext
W4223418553,10651,grant_number_fulltext
W4386729815,10813,grant_number_fulltext
W4387392419,11179,grant_number_fulltext
W4281293513,11558,grant_number_fulltext
W4313455076,11179,grant_number_fulltext
W4318586838,10795,grant_number_fulltext
W4306679453,10895,grant_number_fulltext
W4388982242,11788,grant_number_fulltext
W4411369914,11788,grant_number_fulltext
W4361248491,12009,grant_number_fulltext
W4386704840,11788,grant_number_fulltext
W4389484392,11809,grant_number_fulltext
W4390685700,11655,grant_number_fulltext
W4399898718,12009,grant_number_fulltext
W4224249610,10978,grant_number_fulltext
W4386484026,10960,grant_number_fulltext
W4403611126,10813,grant_number_fulltext
W4404499581,11774,grant_number_fulltext
W4407154639,10665,grant_number_fulltext
W4402357267,11867,grant_number_fulltext
W4415958289,11809,grant_number_fulltext
W4318164925,10813,grant_number_fulltext
W4388034242,10325,grant_number_fulltext
W4416024180,10424,grant_number_fulltext
W2914080555,10392,grant_number_fulltext
W4310570156,11774,grant_number_fulltext
W4224232696,10895,grant_number_fulltext
W4404061895,11179,grant_number_fulltext
W4212768090,10895,grant_number_fulltext
W4318934806,12009,grant_number_fulltext
W4385783792,10895,grant_number_fulltext
W4400303697,11641,grant_number_fulltext
W4393231996,11547,grant_number_fulltext
W4412493207,10895,grant_number_fulltext
W4412840838,10325,grant_number_fulltext
W4415897449,11179,grant_number_fulltext
W4367296627,11038,grant_number_fulltext
W4400046616,11574,grant_number_fulltext
W4411282199,11889,grant_number_fulltext
W4411282199,11906,grant_number_fulltext
W4213371434,11179,grant_number_fulltext
W4200014204,10755,grant_number_fulltext
W4284704920,10034,grant_number_fulltext
W4384829667,10902,grant_number_fulltext
W4405710220,11179,grant_number_fulltext
W4380624893,10325,grant_number_fulltext
W4387810458,11788,grant_number_fulltext
W4389781463,11179,grant_number_fulltext
W4389935997,10960,grant_number_fulltext
W4404052167,11179,grant_number_fulltext
W4406824172,11179,grant_number_fulltext
W4416582219,10960,grant_number_fulltext
W4416589337,10758,grant_number_fulltext
W4416753045,11179,grant_number_fulltext
W4416910567,10955,grant_number_fulltext
W7124130892,12033,grant_number_fulltext
W7128427420,10325,grant_number_fulltext
W7154952635,11835,grant_number_fulltext
W7155422196,11179,grant_number_fulltext
W7160290052,11446,grant_number_fulltext
W7160442694,11179,grant_number_fulltext
W7160704421,11446,grant_number_fulltext
W7160704421,12009,grant_number_fulltext
W7167087113,10665,grant_number_fulltext
W7169753824,11558,grant_number_fulltext
W7169798348,11558,grant_number_fulltext
W7169835565,11558,grant_number_fulltext
W7172510319,11179,grant_number_fulltext
W7203949212,11179,grant_number_fulltext
W2793226176,10516,grant_number_fulltext
W3183198896,10212,grant_number_fulltext
W3183198896,10755,grant_number_fulltext
W2790486047,10099,grant_number_fulltext
W2790486047,11065,grant_number_fulltext
W2742971656,10072,grant_number_fulltext
W4365810819,11651,grant_number_fulltext
W4214673864,10034,grant_number_fulltext
W2973763693,10150,grant_number_fulltext
W3082891477,10913,grant_number_fulltext
W3038238188,10504,grant_number_fulltext
W2966312603,11917,grant_number_fulltext
W2989832464,10275,grant_number_fulltext
W2989832464,10948,grant_number_fulltext
W2989832464,11867,grant_number_fulltext
W4229030785,10300,grant_number_fulltext
W4229030785,11037,grant_number_fulltext
W4224294941,10936,grant_number_fulltext
W4224294941,12009,grant_number_fulltext
W3011131797,11562,grant_number_fulltext
W2994973919,11629,grant_number_fulltext
W2917503791,10957,grant_number_fulltext
W2950512766,10438,grant_number_fulltext
W2950512766,12008,grant_number_fulltext
W4386303561,11044,grant_number_fulltext
W4386303561,11080,grant_number_fulltext
W4310769135,10665,grant_number_fulltext
W3124502889,10084,grant_number_fulltext
W3190107426,11965,grant_number_fulltext
W2811471643,11082,grant_number_fulltext
W3130186508,10140,grant_number_fulltext
W2804779932,11044,grant_number_fulltext
W3198677380,10823,grant_number_fulltext
W4287510231,11393,grant_number_fulltext
W3033264701,10650,grant_number_fulltext
W3033264701,11148,grant_number_fulltext
W3033264701,11179,grant_number_fulltext
W3033264701,11349,grant_number_fulltext
W4401514101,10658,grant_number_fulltext
W4401514101,10698,grant_number_fulltext
W3208570770,10212,grant_number_fulltext
W3208570770,11105,grant_number_fulltext
W3176061665,11651,grant_number_fulltext
W2785630001,11026,grant_number_fulltext
W2785630001,11368,grant_number_fulltext
W2911880312,10992,grant_number_fulltext
W3187516960,11457,grant_number_fulltext
W4205367704,10140,grant_number_fulltext
W3023040698,11367,grant_number_fulltext
W2781642641,10150,grant_number_fulltext
W2947905501,10989,grant_number_fulltext
W3093634533,11038,grant_number_fulltext
W3138807170,10955,grant_number_fulltext
W2973830180,10504,grant_number_fulltext
W2973830180,11463,grant_number_fulltext
W2971075672,10504,grant_number_fulltext
W3131787684,10300,grant_number_fulltext
W2911800642,11356,grant_number_fulltext
W4220788111,11957,grant_number_fulltext
W3013701854,11368,grant_number_fulltext
W4221048469,10456,grant_number_fulltext
W3024768286,10504,grant_number_fulltext
W4220818710,11629,grant_number_fulltext
W3194399189,11648,grant_number_fulltext
W4221018567,11037,grant_number_fulltext
W2994237727,11079,grant_number_fulltext
W2972779761,10665,grant_number_fulltext
W4310781882,10034,grant_number_fulltext
W2913660106,10100,grant_number_fulltext
W3137981368,11867,grant_number_fulltext
W4291020412,11835,grant_number_fulltext
W2964330526,11008,grant_number_fulltext
W2964330526,11143,grant_number_fulltext
W4281261991,10140,grant_number_fulltext
W3019051408,10150,grant_number_fulltext
W3019051408,10936,grant_number_fulltext
W3047821845,10425,grant_number_fulltext
W4289836879,10529,grant_number_fulltext
W2898585601,10034,grant_number_fulltext
W3117793992,10835,grant_number_fulltext
W3009407157,11518,grant_number_fulltext
W3166415013,10032,grant_number_fulltext
W3081996764,11537,grant_number_fulltext
W3134602318,10690,grant_number_fulltext
W3005783872,10083,grant_number_fulltext
W3005783872,10123,grant_number_fulltext
W3005783872,10128,grant_number_fulltext
W2902316253,10034,grant_number_fulltext
W2948111790,10099,grant_number_fulltext
W2948111790,11889,grant_number_fulltext
W4315780455,10123,grant_number_fulltext
W4315780455,10128,grant_number_fulltext
W4315780455,11001,grant_number_fulltext
W2806376838,11108,grant_number_fulltext
W2888491849,11704,grant_number_fulltext
W3005445761,10034,grant_number_fulltext
W4206812574,10989,grant_number_fulltext
W4310847620,10140,grant_number_fulltext
W2920915242,10032,grant_number_fulltext
W2920915242,10796,grant_number_fulltext
W4407320219,11031,grant_number_fulltext
W3042055234,10382,grant_number_fulltext
W4383815381,10665,grant_number_fulltext
W3003620669,11082,grant_number_fulltext
W3131631532,11537,grant_number_fulltext
W4200468795,10140,grant_number_fulltext
W2997949009,10034,grant_number_fulltext
W3046176877,11031,grant_number_fulltext
W3111725512,10072,grant_number_fulltext
W2910867684,11079,grant_number_fulltext
W3105474947,11507,grant_number_fulltext
W3108005369,11031,grant_number_fulltext
W3108005369,11037,grant_number_fulltext
W3108005369,11618,grant_number_fulltext
W4310062158,10747,grant_number_fulltext
W3094362710,10317,grant_number_fulltext
W2996204530,11457,grant_number_fulltext
W3159397045,10690,grant_number_fulltext
W3169377525,11008,grant_number_fulltext
W3045756062,10083,grant_number_fulltext
W3045756062,11840,grant_number_fulltext
W3017066700,11924,grant_number_fulltext
W3096377085,11651,grant_number_fulltext
W3033204916,11038,grant_number_fulltext
W3211277774,10034,grant_number_fulltext
W3198975607,11008,grant_number_fulltext
W3205789878,10957,grant_number_fulltext
W3041823250,10150,grant_number_fulltext
W2910959534,10595,grant_number_fulltext
W3019472024,10140,grant_number_fulltext
W3019472024,10212,grant_number_fulltext
W3090919243,10504,grant_number_fulltext
W3135563251,10650,grant_number_fulltext
W3135563251,11251,grant_number_fulltext
W2941481924,10529,grant_number_fulltext
W4205541516,10014,grant_number_fulltext
W4283010781,11665,grant_number_fulltext
W3014696382,10100,grant_number_fulltext
W2955009160,11008,grant_number_fulltext
W2955009160,11013,grant_number_fulltext
W4213360201,10083,grant_number_fulltext
W4386283147,10032,grant_number_fulltext
W2915125554,10034,grant_number_fulltext
W2972291002,10138,grant_number_fulltext
W2972291002,10321,grant_number_fulltext
W2972291002,10658,grant_number_fulltext
W2991525471,11575,grant_number_fulltext
W3090766908,11053,grant_number_fulltext
W3206482003,11148,grant_number_fulltext
W3212854097,10894,grant_number_fulltext
W3212854097,11062,grant_number_fulltext
W3212854097,11086,grant_number_fulltext
W2964619993,10747,grant_number_fulltext
W4300687546,11313,grant_number_fulltext
W4300687546,11518,grant_number_fulltext
W4317951397,11251,grant_number_fulltext
W2897778028,10456,grant_number_fulltext
W3018008368,11547,grant_number_fulltext
W3094451949,11358,grant_number_fulltext
W4361266892,10289,grant_number_fulltext
W4361266892,10300,grant_number_fulltext
W3217239252,10665,grant_number_fulltext
W3004715879,10817,grant_number_fulltext
W3035339434,10504,grant_number_fulltext
W3035339434,11292,grant_number_fulltext
W3121800253,11367,grant_number_fulltext
W2949135464,11001,grant_number_fulltext
W2949135464,11008,grant_number_fulltext
W3165561581,11037,grant_number_fulltext
W2922455135,10529,grant_number_fulltext
W2982490110,10317,grant_number_fulltext
W3001540556,10084,grant_number_fulltext
W3131547871,11367,grant_number_fulltext
W4390393528,10845,grant_number_fulltext
W2972557069,11457,grant_number_fulltext
W3014529083,11368,grant_number_fulltext
W3087455992,11289,grant_number_fulltext
W3102344869,10123,grant_number_fulltext
W3102344869,10128,grant_number_fulltext
W3102344869,10967,grant_number_fulltext
W3102344869,11957,grant_number_fulltext
W3111818309,11944,grant_number_fulltext
W4295159943,11648,grant_number_fulltext
W2914501786,11092,grant_number_fulltext
W4283457414,11105,grant_number_fulltext
W3081246627,10701,grant_number_fulltext
W3087253698,11266,grant_number_fulltext
W4319062905,10140,grant_number_fulltext
W2943354541,10392,grant_number_fulltext
W3135676403,10602,grant_number_fulltext
W4389472558,11916,grant_number_fulltext
W2750179813,10289,grant_number_fulltext
W2988148323,11000,grant_number_fulltext
W3138144085,10471,grant_number_fulltext
W3138144085,11315,grant_number_fulltext
W4391998695,11079,grant_number_fulltext
W3173109309,11079,grant_number_fulltext
W3123252613,10666,grant_number_fulltext
W2944172788,10516,grant_number_fulltext
W3162340133,11671,grant_number_fulltext
W3188496270,10620,grant_number_fulltext
W4399774976,12033,grant_number_fulltext
W3158200825,10504,grant_number_fulltext
W4210621479,10955,grant_number_fulltext
W4378173476,10602,grant_number_fulltext
W3167243536,10321,grant_number_fulltext
W4291012450,11889,grant_number_fulltext
W3201851207,10535,grant_number_fulltext
W3201851207,11597,grant_number_fulltext
W4394952757,11289,grant_number_fulltext
W3092531728,11079,grant_number_fulltext
W3094342525,10755,grant_number_fulltext
W4225425408,10471,grant_number_fulltext
W4225425408,10911,grant_number_fulltext
W4282022851,10100,grant_number_fulltext
W4282022851,10602,grant_number_fulltext
W4282022851,11564,grant_number_fulltext
W4282022851,11867,grant_number_fulltext
W4282022851,11951,grant_number_fulltext
W2885935989,11026,grant_number_fulltext
W2987864978,10815,grant_number_fulltext
W3110625022,10823,grant_number_fulltext
W3110625022,11564,grant_number_fulltext
W3131492022,10438,grant_number_fulltext
W3136095689,10212,grant_number_fulltext
W3135237477,11143,grant_number_fulltext
W4280601090,10317,grant_number_fulltext
W4308294328,10992,grant_number_fulltext
W4392864858,11092,grant_number_fulltext
W4414104868,10902,grant_number_fulltext
W3205389983,10138,grant_number_fulltext
W3206476260,10817,grant_number_fulltext
W4322718524,11651,grant_number_fulltext
W3200832879,11337,grant_number_fulltext
W4280506603,10128,grant_number_fulltext
W4306861370,11092,grant_number_fulltext
W4306861370,11457,grant_number_fulltext
W3159071114,10504,grant_number_fulltext
W3045443021,11013,grant_number_fulltext
W3045443021,11906,grant_number_fulltext
W3118446437,11393,grant_number_fulltext
W3118446437,11979,grant_number_fulltext
W3135164481,10535,grant_number_fulltext
W4224256325,10456,grant_number_fulltext
W4321350158,11710,grant_number_fulltext
W4362696595,11008,grant_number_fulltext
W4311931187,10438,grant_number_fulltext
W4312181335,10989,grant_number_fulltext
W4379536529,11944,grant_number_fulltext
W4306411164,10673,grant_number_fulltext
W4286586720,10666,grant_number_fulltext
W4210325075,10603,grant_number_fulltext
W4313532202,10274,grant_number_fulltext
W3212849843,11044,grant_number_fulltext
W3213141942,11037,grant_number_fulltext
W4387157118,11629,grant_number_fulltext
W4206436657,10080,grant_number_fulltext
W4385783133,11648,grant_number_fulltext
W3166077222,11001,grant_number_fulltext
W3212664292,11457,grant_number_fulltext
W4210618780,11315,grant_number_fulltext
W4210618780,11857,grant_number_fulltext
W4388630880,10956,grant_number_fulltext
W4388630880,11917,grant_number_fulltext
W4295234014,11337,grant_number_fulltext
W2946251640,11957,grant_number_fulltext
W4396520760,11629,grant_number_fulltext
W4285098440,10955,grant_number_fulltext
W4387451326,11062,grant_number_fulltext
W4391775614,10894,grant_number_fulltext
W4391775614,11079,grant_number_fulltext
W4386851502,10382,grant_number_fulltext
W4327724540,11515,grant_number_fulltext
W4388670798,10392,grant_number_fulltext
W4378952948,10602,grant_number_fulltext
W4387293367,11008,grant_number_fulltext
W4387293367,11315,grant_number_fulltext
W4383710595,10014,grant_number_fulltext
W4396778564,10989,grant_number_fulltext
W4402178862,10150,grant_number_fulltext
W4291222654,11367,grant_number_fulltext
W4389515163,10072,grant_number_fulltext
W4389515163,10706,grant_number_fulltext
W4389515163,10815,grant_number_fulltext
W4396929068,10894,grant_number_fulltext
W4396929068,11056,grant_number_fulltext
W4319915926,11105,grant_number_fulltext
W3169259598,10094,grant_number_fulltext
W4398241139,10014,grant_number_fulltext
W4399565785,11367,grant_number_fulltext
W4404625225,10956,grant_number_fulltext
W4379384853,11840,grant_number_fulltext
W4398143322,11367,grant_number_fulltext
W4399858632,10603,grant_number_fulltext
W4393193975,11839,grant_number_fulltext
W4220777419,11000,grant_number_fulltext
W4403837852,11079,grant_number_fulltext
W4404321554,10758,grant_number_fulltext
W4386686744,11518,grant_number_fulltext
W4390728702,10602,grant_number_fulltext
W4399246923,11266,grant_number_fulltext
W4400537040,11044,grant_number_fulltext
W4404905469,10956,grant_number_fulltext
W4408650949,10321,grant_number_fulltext
W4414747578,11457,grant_number_fulltext
W4391756421,10424,grant_number_fulltext
W4391756421,10665,grant_number_fulltext
W2789430139,11651,grant_number_fulltext
W2751739209,10100,grant_number_fulltext
W2757232748,11026,grant_number_fulltext
W2757232748,11407,grant_number_fulltext
W2911515218,10504,grant_number_fulltext
W2944789624,11957,grant_number_fulltext
W2799945527,11393,grant_number_fulltext
W2791010363,10650,grant_number_fulltext
W2889778242,10317,grant_number_fulltext
W3016389491,11515,grant_number_fulltext
W2792466088,11031,grant_number_fulltext
W2888020198,11105,grant_number_fulltext
W2896468068,10291,grant_number_fulltext
W3041824188,11906,grant_number_fulltext
W3044890242,10595,grant_number_fulltext
W3093545339,11056,grant_number_fulltext
W2916024953,10504,grant_number_fulltext
W3081305094,11313,grant_number_fulltext
W3081305094,11518,grant_number_fulltext
W3008806519,10701,grant_number_fulltext
W2786600572,10817,grant_number_fulltext
W2606366720,10004,grant_number_fulltext
W2922766726,11575,grant_number_fulltext
W2980065541,11457,grant_number_fulltext
W3161849226,10151,grant_number_fulltext
W2924955211,11313,grant_number_fulltext
W3000738071,10504,grant_number_fulltext
W2910546986,10726,grant_number_fulltext
W2997592474,10510,grant_number_fulltext
W3009218725,12027,grant_number_fulltext
W3088990159,10613,grant_number_fulltext
W3097587652,10650,grant_number_fulltext
W3097587652,10851,grant_number_fulltext
W3097587652,11867,grant_number_fulltext
W2941809204,11038,grant_number_fulltext
W3014252930,10781,grant_number_fulltext
W3202971428,11350,grant_number_fulltext
W2809053323,10034,grant_number_fulltext
W2906217806,10504,grant_number_fulltext
W2989315457,11618,grant_number_fulltext
W3095960162,10300,grant_number_fulltext
W3165217413,10034,grant_number_fulltext
W2610117031,11108,grant_number_fulltext
W2685525666,10099,grant_number_fulltext
W3114992041,11368,grant_number_fulltext
W2884067628,10781,grant_number_fulltext
W2902324947,11313,grant_number_fulltext
W3035917854,10456,grant_number_fulltext
W3127776993,10504,grant_number_fulltext
W3216870740,11393,grant_number_fulltext
W3216870740,11979,grant_number_fulltext
W2792195475,10224,grant_number_fulltext
W2803150897,11313,grant_number_fulltext
W2930784030,11266,grant_number_fulltext
W2995811766,10602,grant_number_fulltext
W3093819513,10392,grant_number_fulltext
W3201004168,10529,grant_number_fulltext
W3201004168,10999,grant_number_fulltext
W3201004168,11540,grant_number_fulltext
W3123202827,11839,grant_number_fulltext
W3137943542,11906,grant_number_fulltext
W3137943542,11965,grant_number_fulltext
W2888902434,10150,grant_number_fulltext
W2888902434,10651,grant_number_fulltext
W2950557809,10665,grant_number_fulltext
W2950557809,11251,grant_number_fulltext
W2982553697,10099,grant_number_fulltext
W3184841442,10438,grant_number_fulltext
W3192785301,11251,grant_number_fulltext
W2897742237,11062,grant_number_fulltext
W3031806370,11957,grant_number_fulltext
W3093663840,10873,grant_number_fulltext
W4220662508,10815,grant_number_fulltext
W4289598317,10034,grant_number_fulltext
W2970739520,11001,grant_number_fulltext
W2970739520,11008,grant_number_fulltext
W2980138052,10956,grant_number_fulltext
W3086894248,11537,grant_number_fulltext
W3106080496,10150,grant_number_fulltext
W3106080496,10948,grant_number_fulltext
W3107782103,11137,grant_number_fulltext
W3107782103,12034,grant_number_fulltext
W3110485539,10504,grant_number_fulltext
W3208910722,11518,grant_number_fulltext
W3213682911,10392,grant_number_fulltext
W4210853692,11008,grant_number_fulltext
W4210853692,11665,grant_number_fulltext
W2983999418,10099,grant_number_fulltext
W3082931165,10212,grant_number_fulltext
W4297253464,11648,grant_number_fulltext
W3045162763,11463,grant_number_fulltext
W3083180399,11597,grant_number_fulltext
W3083180399,11960,grant_number_fulltext
W3083180399,11965,grant_number_fulltext
W3135309465,10034,grant_number_fulltext
W4223449977,10392,grant_number_fulltext
W2900819238,10504,grant_number_fulltext
W2937345108,10289,grant_number_fulltext
W2943578037,10014,grant_number_fulltext
W2964198010,11037,grant_number_fulltext
W3095342412,11337,grant_number_fulltext
W3168534823,10955,grant_number_fulltext
W2612009565,10755,grant_number_fulltext
W2901254607,10099,grant_number_fulltext
W3088973344,11056,grant_number_fulltext
W3108117377,11941,grant_number_fulltext
W4289731019,11648,grant_number_fulltext
W4295339147,10477,grant_number_fulltext
W4295339147,11618,grant_number_fulltext
W2890755971,11251,grant_number_fulltext
W2969934771,11575,grant_number_fulltext
W2970744538,10504,grant_number_fulltext
W3111990475,11236,grant_number_fulltext
W3111990475,11367,grant_number_fulltext
W3119682262,11839,grant_number_fulltext
W3145070742,11906,grant_number_fulltext
W3118874590,10595,grant_number_fulltext
W3160325452,10084,grant_number_fulltext
W4200444273,10815,grant_number_fulltext
W2940869454,10992,grant_number_fulltext
W2944384761,10392,grant_number_fulltext
W2953480299,11957,grant_number_fulltext
W3130651220,10150,grant_number_fulltext
W4205111493,10726,grant_number_fulltext
W4364353313,11457,grant_number_fulltext
W2950114643,10392,grant_number_fulltext
W2954273333,12013,grant_number_fulltext
W3005854820,10504,grant_number_fulltext
W3005854820,11664,grant_number_fulltext
W3082669528,10212,grant_number_fulltext
W3082669528,11957,grant_number_fulltext
W3114556631,10967,grant_number_fulltext
W4281486718,11710,grant_number_fulltext
W4281806149,11597,grant_number_fulltext
W4281806149,11957,grant_number_fulltext
W4309004278,10894,grant_number_fulltext
W4317241207,11001,grant_number_fulltext
W4317241207,11574,grant_number_fulltext
W4317241207,12013,grant_number_fulltext
W2909467191,10666,grant_number_fulltext
W2911664057,10529,grant_number_fulltext
W3152964071,10602,grant_number_fulltext
W3165684709,11292,grant_number_fulltext
W3183068772,12034,grant_number_fulltext
W3198082903,11464,grant_number_fulltext
W4200524586,10382,grant_number_fulltext
W4220682240,10080,grant_number_fulltext
W4220682240,11356,grant_number_fulltext
W4281789523,11269,grant_number_fulltext
W4296624022,11026,grant_number_fulltext
W4362658244,11313,grant_number_fulltext
W4384818837,11092,grant_number_fulltext
W2946134671,10174,grant_number_fulltext
W2987148023,11562,grant_number_fulltext
W3023530971,11575,grant_number_fulltext
W3126837131,10781,grant_number_fulltext
W3199204735,11053,grant_number_fulltext
W2799668862,10948,grant_number_fulltext
W2888305006,10817,grant_number_fulltext
W3118689898,10382,grant_number_fulltext
W3119346025,11518,grant_number_fulltext
W3123284836,10274,grant_number_fulltext
W3123284836,11597,grant_number_fulltext
W4295080866,11905,grant_number_fulltext
W4321787586,10817,grant_number_fulltext
W2789763673,10650,grant_number_fulltext
W2911296807,10032,grant_number_fulltext
W2911296807,10796,grant_number_fulltext
W2981635400,10080,grant_number_fulltext
W3113927149,10212,grant_number_fulltext
W3118104194,10034,grant_number_fulltext
W3147828093,10873,grant_number_fulltext
W3157284142,10032,grant_number_fulltext
W3200665271,10174,grant_number_fulltext
W3200665271,10668,grant_number_fulltext
W4205228703,10140,grant_number_fulltext
W4320490069,10140,grant_number_fulltext
W2925954864,10274,grant_number_fulltext
W2925954864,10504,grant_number_fulltext
W2990602833,11367,grant_number_fulltext
W4229456253,10355,grant_number_fulltext
W2952245918,12027,grant_number_fulltext
W3097714250,10355,grant_number_fulltext
W4292581527,10034,grant_number_fulltext
W4317491957,10174,grant_number_fulltext
W4321613175,11266,grant_number_fulltext
W2902387378,10150,grant_number_fulltext
W2902387378,10164,grant_number_fulltext
W2902387378,11026,grant_number_fulltext
W3194026373,10817,grant_number_fulltext
W4308949457,11463,grant_number_fulltext
W4323031601,10099,grant_number_fulltext
W4379157372,10212,grant_number_fulltext
W3117519620,10034,grant_number_fulltext
W3145249441,10351,grant_number_fulltext
W3145249441,11079,grant_number_fulltext
W3188101283,11711,grant_number_fulltext
W4200230497,11001,grant_number_fulltext
W4225666911,10851,grant_number_fulltext
W4288696944,11648,grant_number_fulltext
W4311469228,11574,grant_number_fulltext
W4388014565,10224,grant_number_fulltext
W4388014565,11008,grant_number_fulltext
W2963995738,10140,grant_number_fulltext
W2994428200,10100,grant_number_fulltext
W3022617364,11518,grant_number_fulltext
W3190727696,11157,grant_number_fulltext
W4206908135,10128,grant_number_fulltext
W4211212669,11174,grant_number_fulltext
W4310480218,10666,grant_number_fulltext
W4310480218,11965,grant_number_fulltext
W4361224605,11690,grant_number_fulltext
W3127831352,10138,grant_number_fulltext
W3168566183,10620,grant_number_fulltext
W3179159625,10529,grant_number_fulltext
W4200377525,10701,grant_number_fulltext
W4391839664,10089,grant_number_fulltext
W2981004493,10317,grant_number_fulltext
W3010897955,10620,grant_number_fulltext
W3038503126,11065,grant_number_fulltext
W3092231234,10140,grant_number_fulltext
W3149645253,11236,grant_number_fulltext
W4226316807,10274,grant_number_fulltext
W4226316807,11941,grant_number_fulltext
W4310639174,10084,grant_number_fulltext
W4317690038,11711,grant_number_fulltext
W4321003742,10835,grant_number_fulltext
W4379600399,11665,grant_number_fulltext
W4387077435,11618,grant_number_fulltext
W2888313113,10456,grant_number_fulltext
W3033584129,11368,grant_number_fulltext
W3164977962,10665,grant_number_fulltext
W3179960158,10595,grant_number_fulltext
W3186276439,11132,grant_number_fulltext
W3206477954,10140,grant_number_fulltext
W4213005425,10706,grant_number_fulltext
W4213005425,12009,grant_number_fulltext
W4283777487,11031,grant_number_fulltext
W4307895009,10471,grant_number_fulltext
W4307895009,11315,grant_number_fulltext
W4323656712,11367,grant_number_fulltext
W4393190515,12018,grant_number_fulltext
W2947867053,10882,grant_number_fulltext
W3090221141,10392,grant_number_fulltext
W3127516179,10666,grant_number_fulltext
W3184729988,12033,grant_number_fulltext
W3207484207,11382,grant_number_fulltext
W3215226986,11137,grant_number_fulltext
W4200037894,11537,grant_number_fulltext
W4280577861,11199,grant_number_fulltext
W4283204573,11957,grant_number_fulltext
W4285806444,11056,grant_number_fulltext
W4311821308,11056,grant_number_fulltext
W4317035641,10504,grant_number_fulltext
W4317035641,11037,grant_number_fulltext
W4317035641,11664,grant_number_fulltext
W4367059992,11337,grant_number_fulltext
W2955103067,11507,grant_number_fulltext
W3105046991,11867,grant_number_fulltext
W3158728933,12027,grant_number_fulltext
W3209046384,11537,grant_number_fulltext
W4283260835,11941,grant_number_fulltext
W4297324402,10392,grant_number_fulltext
W4307493285,11648,grant_number_fulltext
W4380538074,11026,grant_number_fulltext
W4380538074,11038,grant_number_fulltext
W4385532328,10246,grant_number_fulltext
W4399319580,11356,grant_number_fulltext
W3187025498,11515,grant_number_fulltext
W3201034664,10392,grant_number_fulltext
W3201347364,11001,grant_number_fulltext
W3201347364,11008,grant_number_fulltext
W4281987080,11574,grant_number_fulltext
W4308185710,11656,grant_number_fulltext
W4316669854,11001,grant_number_fulltext
W4386898368,10673,grant_number_fulltext
W4229050414,10084,grant_number_fulltext
W4286716981,11349,grant_number_fulltext
W4317567142,11700,grant_number_fulltext
W4323652121,10099,grant_number_fulltext
W4384282371,10504,grant_number_fulltext
W4384925344,10100,grant_number_fulltext
W4384925344,11564,grant_number_fulltext
W4386101809,11857,grant_number_fulltext
W4388563525,11105,grant_number_fulltext
W3163865178,11671,grant_number_fulltext
W4283815217,11944,grant_number_fulltext
W4285078614,11062,grant_number_fulltext
W4376273996,11387,grant_number_fulltext
W4390977789,11148,grant_number_fulltext
W4224235739,10275,grant_number_fulltext
W4225163195,10510,grant_number_fulltext
W4283269889,10300,grant_number_fulltext
W4283269889,11537,grant_number_fulltext
W4284898247,10706,grant_number_fulltext
W4285728627,11313,grant_number_fulltext
W4286488148,10140,grant_number_fulltext
W4360609343,10944,grant_number_fulltext
W4372201904,11350,grant_number_fulltext
W4375955969,11547,grant_number_fulltext
W4386812652,11651,grant_number_fulltext
W4386936475,11464,grant_number_fulltext
W4390974659,11292,grant_number_fulltext
W3210309450,10535,grant_number_fulltext
W3210309450,11867,grant_number_fulltext
W4283762038,11137,grant_number_fulltext
W4318067851,10032,grant_number_fulltext
W4321168560,10474,grant_number_fulltext
W4321168560,11312,grant_number_fulltext
W4386694456,10701,grant_number_fulltext
W4389337363,11537,grant_number_fulltext
W4390814505,10089,grant_number_fulltext
W4392563498,10014,grant_number_fulltext
W4394008739,10658,grant_number_fulltext
W4394008739,11174,grant_number_fulltext
W4401011919,11491,grant_number_fulltext
W2755953336,10815,grant_number_fulltext
W4309470132,11710,grant_number_fulltext
W4315700493,11082,grant_number_fulltext
W4385543335,11651,grant_number_fulltext
W4385543335,12009,grant_number_fulltext
W4394917856,10123,grant_number_fulltext
W4400274471,10674,grant_number_fulltext
W4220998360,10099,grant_number_fulltext
W4313432913,10032,grant_number_fulltext
W4313432913,10796,grant_number_fulltext
W4323567467,11537,grant_number_fulltext
W4365517198,10684,grant_number_fulltext
W4376115846,10747,grant_number_fulltext
W4385320362,10894,grant_number_fulltext
W4386170499,10882,grant_number_fulltext
W4386188267,11110,grant_number_fulltext
W4391565715,10747,grant_number_fulltext
W4391565715,10978,grant_number_fulltext
W4391565715,10999,grant_number_fulltext
W4391565715,11464,grant_number_fulltext
W4392773334,10084,grant_number_fulltext
W4392773334,11110,grant_number_fulltext
W4394824751,11350,grant_number_fulltext
W4399207189,10758,grant_number_fulltext
W4399283768,10645,grant_number_fulltext
W4399283768,10684,grant_number_fulltext
W4401969732,10873,grant_number_fulltext
W3159856914,11941,grant_number_fulltext
W4223655022,10438,grant_number_fulltext
W4385186712,10698,grant_number_fulltext
W4386083893,10602,grant_number_fulltext
W4388453780,10084,grant_number_fulltext
W4388453780,11080,grant_number_fulltext
W4393075252,10382,grant_number_fulltext
W4402228829,11807,grant_number_fulltext
W4224221825,10645,grant_number_fulltext
W4320490352,10613,grant_number_fulltext
W4320490352,11618,grant_number_fulltext
W4389151883,10851,grant_number_fulltext
W4394720232,11491,grant_number_fulltext
W4404519397,10164,grant_number_fulltext
W4408597731,10747,grant_number_fulltext
W4384338565,11132,grant_number_fulltext
W4388915425,10825,grant_number_fulltext
W4388915425,11179,grant_number_fulltext
W4389327237,11507,grant_number_fulltext
W4393094681,11700,grant_number_fulltext
W4395045562,10212,grant_number_fulltext
W4399302062,11575,grant_number_fulltext
W4399910213,10665,grant_number_fulltext
W4400689353,11000,grant_number_fulltext
W4404897676,10602,grant_number_fulltext
W4385186756,12018,grant_number_fulltext
W4386845275,10535,grant_number_fulltext
W4387373164,11979,grant_number_fulltext
W4392291639,11537,grant_number_fulltext
W4400803367,11108,grant_number_fulltext
W4400809049,11266,grant_number_fulltext
W4402882692,10835,grant_number_fulltext
W4406229780,10289,grant_number_fulltext
W4388601833,11026,grant_number_fulltext
W4389380089,11700,grant_number_fulltext
W4403055811,11944,grant_number_fulltext
W4406389367,10392,grant_number_fulltext
W4413141020,11080,grant_number_fulltext
W4416337539,11092,grant_number_fulltext
W4382196084,10424,grant_number_fulltext
W4390876796,11457,grant_number_fulltext
W4396920513,10713,grant_number_fulltext
W4397010626,10992,grant_number_fulltext
W4399569999,11143,grant_number_fulltext
W4399569999,11367,grant_number_fulltext
W4403093356,11863,grant_number_fulltext
W4409423989,10894,grant_number_fulltext
W4409423989,11079,grant_number_fulltext
W4416731177,10100,grant_number_fulltext
W4408089774,10080,grant_number_fulltext
W4408089774,11269,grant_number_fulltext
W4400073455,10684,grant_number_fulltext
W4403972266,11001,grant_number_fulltext
W4410801248,12033,grant_number_fulltext
W4412710061,10084,grant_number_fulltext
W4417347477,10438,grant_number_fulltext
W7122417212,10598,grant_number_fulltext
W7122417212,10603,grant_number_fulltext
W7124708990,10665,grant_number_fulltext
W7124708990,11750,grant_number_fulltext
W4414669824,11038,grant_number_fulltext
W7117539648,10174,grant_number_fulltext
W2586810737,11008,grant_number_fulltext
W3037677313,10504,grant_number_fulltext
W3037677313,10781,grant_number_fulltext
W3014244632,10815,grant_number_fulltext
W3115208266,10726,grant_number_fulltext
W2943607998,10504,grant_number_fulltext
W3091994850,10392,grant_number_fulltext
W2897716918,10873,grant_number_fulltext
W3042479948,10289,grant_number_fulltext
W2810065275,10504,grant_number_fulltext
W3128229218,10894,grant_number_fulltext
W2991028865,10504,grant_number_fulltext
W3002739091,10595,grant_number_fulltext
W2967934792,10140,grant_number_fulltext
W3004832443,10138,grant_number_fulltext
W3004832443,12008,grant_number_fulltext
W3157130467,10666,grant_number_fulltext
W2765673216,10504,grant_number_fulltext
W3090414982,11289,grant_number_fulltext
W3094130593,11137,grant_number_fulltext
W3133773447,11108,grant_number_fulltext
W2950647978,10080,grant_number_fulltext
W3164461275,10944,grant_number_fulltext
W2807622537,10882,grant_number_fulltext
W2893811545,10504,grant_number_fulltext
W3025373602,10510,grant_number_fulltext
W3168003727,12027,grant_number_fulltext
W2618569421,11143,grant_number_fulltext
W2900788192,10140,grant_number_fulltext
W3102299888,10164,grant_number_fulltext
W3129713250,10123,grant_number_fulltext
W3180580933,11174,grant_number_fulltext
W2888304237,10701,grant_number_fulltext
W3149083586,11629,grant_number_fulltext
W3164887061,10913,grant_number_fulltext
W4205285763,11000,grant_number_fulltext
W4283032130,10666,grant_number_fulltext
W2803332784,10474,grant_number_fulltext
W3140228033,11711,grant_number_fulltext
W3176168117,10084,grant_number_fulltext
W4200045998,10674,grant_number_fulltext
W4220894313,10529,grant_number_fulltext
W4285108699,11137,grant_number_fulltext
W4288696347,11457,grant_number_fulltext
W4311888095,10701,grant_number_fulltext
W2889804608,11062,grant_number_fulltext
W3033004399,11910,grant_number_fulltext
W3087007336,11704,grant_number_fulltext
W3173337350,10504,grant_number_fulltext
W3107653229,10595,grant_number_fulltext
W3176794322,10529,grant_number_fulltext
W3207882563,10529,grant_number_fulltext
W4214715882,11044,grant_number_fulltext
W4292263360,10477,grant_number_fulltext
W4297312551,10602,grant_number_fulltext
W4366392928,11056,grant_number_fulltext
W2830245516,10817,grant_number_fulltext
W2965127969,10747,grant_number_fulltext
W3033036185,10150,grant_number_fulltext
W3048527553,10224,grant_number_fulltext
W3173931891,10099,grant_number_fulltext
W3205006499,11916,grant_number_fulltext
W4210940462,10477,grant_number_fulltext
W4281785693,11292,grant_number_fulltext
W4283797752,11044,grant_number_fulltext
W4288074317,10456,grant_number_fulltext
W4366351131,10382,grant_number_fulltext
W2982183242,10083,grant_number_fulltext
W3022882287,10665,grant_number_fulltext
W3048046889,10392,grant_number_fulltext
W3149008048,10504,grant_number_fulltext
W3183395603,11001,grant_number_fulltext
W3183395603,11008,grant_number_fulltext
W3183395603,11010,grant_number_fulltext
W3183395603,11074,grant_number_fulltext
W3207656302,11337,grant_number_fulltext
W4210794608,10504,grant_number_fulltext
W4210794608,11292,grant_number_fulltext
W4293045125,11008,grant_number_fulltext
W4293045125,11013,grant_number_fulltext
W4308523215,10606,grant_number_fulltext
W4323075738,10014,grant_number_fulltext
W4360603534,11711,grant_number_fulltext
W4362633408,10319,grant_number_fulltext
W2783840265,11312,grant_number_fulltext
W3000475819,10504,grant_number_fulltext
W3186044681,11351,grant_number_fulltext
W4206694698,11031,grant_number_fulltext
W4290964328,10164,grant_number_fulltext
W4313260670,11143,grant_number_fulltext
W4318478870,10645,grant_number_fulltext
W2946401254,10246,grant_number_fulltext
W3045090575,10755,grant_number_fulltext
W3090966632,10535,grant_number_fulltext
W3133558448,10706,grant_number_fulltext
W3134104694,10606,grant_number_fulltext
W3170427117,11507,grant_number_fulltext
W3183665883,10529,grant_number_fulltext
W4317532129,11515,grant_number_fulltext
W4378782483,11013,grant_number_fulltext
W4378782483,11266,grant_number_fulltext
W4390729726,10602,grant_number_fulltext
W3134506040,10606,grant_number_fulltext
W3145228664,10150,grant_number_fulltext
W3160816351,11031,grant_number_fulltext
W3163503391,11089,grant_number_fulltext
W4311665926,11092,grant_number_fulltext
W4318481844,10113,grant_number_fulltext
W4318481844,10164,grant_number_fulltext
W4323531852,11013,grant_number_fulltext
W4323531852,11648,grant_number_fulltext
W4365512515,10080,grant_number_fulltext
W4376131395,10758,grant_number_fulltext
W4385798543,10140,grant_number_fulltext
W4385798543,11044,grant_number_fulltext
W4385798543,11811,grant_number_fulltext
W3198240721,11648,grant_number_fulltext
W3203412990,11053,grant_number_fulltext
W3203964995,10354,grant_number_fulltext
W3211615276,11368,grant_number_fulltext
W4214817221,10034,grant_number_fulltext
W4225737862,10813,grant_number_fulltext
W4281711875,10825,grant_number_fulltext
W4281771478,10113,grant_number_fulltext
W4306179861,11137,grant_number_fulltext
W4321329184,10034,grant_number_fulltext
W4384281967,10138,grant_number_fulltext
W4385644808,11137,grant_number_fulltext
W4389924834,10014,grant_number_fulltext
W4389967996,11031,grant_number_fulltext
W4392499293,11148,grant_number_fulltext
W4394681776,11038,grant_number_fulltext
W3204484990,10882,grant_number_fulltext
W3207280959,11351,grant_number_fulltext
W4283747346,10620,grant_number_fulltext
W4289598160,10781,grant_number_fulltext
W4307549508,11143,grant_number_fulltext
W4309506011,10164,grant_number_fulltext
W4323044743,10150,grant_number_fulltext
W4378903463,11463,grant_number_fulltext
W4385268115,11711,grant_number_fulltext
W4388997121,10758,grant_number_fulltext
W4392816932,10948,grant_number_fulltext
W4392816932,11906,grant_number_fulltext
W2899538995,10113,grant_number_fulltext
W3120408667,11515,grant_number_fulltext
W4242926049,10504,grant_number_fulltext
W4242926049,11664,grant_number_fulltext
W4283820324,11651,grant_number_fulltext
W4294733398,10967,grant_number_fulltext
W4306664517,10034,grant_number_fulltext
W4312129768,10882,grant_number_fulltext
W4366464241,11507,grant_number_fulltext
W4367040759,10978,grant_number_fulltext
W4382929905,11368,grant_number_fulltext
W4387326407,11110,grant_number_fulltext
W4389131607,10438,grant_number_fulltext
W4389868155,11575,grant_number_fulltext
W4393265251,11507,grant_number_fulltext
W4393308423,11110,grant_number_fulltext
W4396892963,11867,grant_number_fulltext
W4400664814,10698,grant_number_fulltext
W4406499548,11000,grant_number_fulltext
W4410722736,11564,grant_number_fulltext
W4200611050,10817,grant_number_fulltext
W4221126547,11086,grant_number_fulltext
W4382582400,11174,grant_number_fulltext
W4386944248,10456,grant_number_fulltext
W4390226503,11031,grant_number_fulltext
W4400521125,10913,grant_number_fulltext
W4401055376,11711,grant_number_fulltext
W4402305170,11507,grant_number_fulltext
W4403028483,10014,grant_number_fulltext
W4403974697,11010,grant_number_fulltext
W3037234213,10666,grant_number_fulltext
W4392436193,10913,grant_number_fulltext
W4394742343,10967,grant_number_fulltext
W4410252415,10598,grant_number_fulltext
W4410252415,10603,grant_number_fulltext
W4382195895,11393,grant_number_fulltext
W4382195895,11979,grant_number_fulltext
W4386878113,10300,grant_number_fulltext
W4386878113,10351,grant_number_fulltext
W4400533483,10620,grant_number_fulltext
W4400533483,11840,grant_number_fulltext
W4400618564,10080,grant_number_fulltext
W4400953204,10992,grant_number_fulltext
W4401696467,10613,grant_number_fulltext
W4404203847,11766,grant_number_fulltext
W4405176093,10089,grant_number_fulltext
W4405972116,11289,grant_number_fulltext
W4407680368,11137,grant_number_fulltext
W4411857734,11105,grant_number_fulltext
W4413043040,10665,grant_number_fulltext
W4415924796,11037,grant_number_fulltext
W4415924796,11574,grant_number_fulltext
W4400525681,10032,grant_number_fulltext
W4400525681,10796,grant_number_fulltext
W4403492378,11038,grant_number_fulltext
W4404546717,10275,grant_number_fulltext
W4404546717,11174,grant_number_fulltext
W4408732685,11313,grant_number_fulltext
W4409249881,11507,grant_number_fulltext
W4410740696,10325,grant_number_fulltext
W4411067044,11515,grant_number_fulltext
W4412486979,11407,grant_number_fulltext
W4409147559,11924,grant_number_fulltext
W4412648016,11957,grant_number_fulltext
W4414689979,10014,grant_number_fulltext
W4415049929,11839,grant_number_fulltext
W4416452427,11840,grant_number_fulltext
W4417085634,10602,grant_number_fulltext
W2891660372,11010,grant_number_fulltext
W2916512996,10504,grant_number_fulltext
W2999422078,11026,grant_number_fulltext
W2999422078,11031,grant_number_fulltext
W3027948250,10504,grant_number_fulltext
W3027948250,11082,grant_number_fulltext
W3027948250,11707,grant_number_fulltext
W3027948250,11711,grant_number_fulltext
W3038784600,10392,grant_number_fulltext
W3038784600,10504,grant_number_fulltext
W3045722060,10504,grant_number_fulltext
W4210273635,10873,grant_number_fulltext
W4210343862,11137,grant_number_fulltext
W4210343862,11618,grant_number_fulltext
W2802675516,10504,grant_number_fulltext
W2987336339,11964,grant_number_fulltext
W3008323882,10504,grant_number_fulltext
W3111778356,10932,grant_number_fulltext
W3135333986,11368,grant_number_fulltext
W2964867254,10504,grant_number_fulltext
W3135117950,10535,grant_number_fulltext
W3135117950,11062,grant_number_fulltext
W2889983067,10113,grant_number_fulltext
W3016454533,10713,grant_number_fulltext
W3185500970,11463,grant_number_fulltext
W2897449838,10113,grant_number_fulltext
W3033894010,11089,grant_number_fulltext
W3037481897,10835,grant_number_fulltext
W4292478890,11704,grant_number_fulltext
W4294226005,10072,grant_number_fulltext
W4294226005,11249,grant_number_fulltext
W2915233269,10504,grant_number_fulltext
W2980461738,10755,grant_number_fulltext
W2995917140,11368,grant_number_fulltext
W3092335610,11518,grant_number_fulltext
W3193794758,11000,grant_number_fulltext
W3193794758,11251,grant_number_fulltext
W3201132811,11108,grant_number_fulltext
W4284976039,10713,grant_number_fulltext
W4292084208,10392,grant_number_fulltext
W2967998006,10504,grant_number_fulltext
W2993905188,10936,grant_number_fulltext
W3132229885,11137,grant_number_fulltext
W3203776767,11518,grant_number_fulltext
W3214929184,11839,grant_number_fulltext
W4281568452,11651,grant_number_fulltext
W4310218111,10665,grant_number_fulltext
W4318677124,11137,grant_number_fulltext
W4323348093,10151,grant_number_fulltext
W3206905680,10140,grant_number_fulltext
W3207740699,10099,grant_number_fulltext
W4225568009,11507,grant_number_fulltext
W4281254079,10014,grant_number_fulltext
W4281254079,10781,grant_number_fulltext
W4320719234,10595,grant_number_fulltext
W4362520697,11393,grant_number_fulltext
W4362520697,11979,grant_number_fulltext
W4384694911,11464,grant_number_fulltext
W4388014882,11575,grant_number_fulltext
W3047273379,10504,grant_number_fulltext
W3047273379,10665,grant_number_fulltext
W3118840939,10504,grant_number_fulltext
W3159373676,11082,grant_number_fulltext
W4200607917,11137,grant_number_fulltext
W4200607917,11367,grant_number_fulltext
W4294044333,10665,grant_number_fulltext
W4388228807,11507,grant_number_fulltext
W2994568346,11957,grant_number_fulltext
W3163204928,11352,grant_number_fulltext
W3203652046,10606,grant_number_fulltext
W4281747243,10504,grant_number_fulltext
W4282965909,11917,grant_number_fulltext
W4293277641,11368,grant_number_fulltext
W4307475908,11292,grant_number_fulltext
W4382632089,10603,grant_number_fulltext
W4384298051,11337,grant_number_fulltext
W4387356992,11292,grant_number_fulltext
W4402126990,11000,grant_number_fulltext
W4404197140,10602,grant_number_fulltext
W3017355252,10873,grant_number_fulltext
W4318755086,11044,grant_number_fulltext
W4384199695,10113,grant_number_fulltext
W4404004459,10658,grant_number_fulltext
W4405792432,10150,grant_number_fulltext
W4407380996,10004,grant_number_fulltext
W4407380996,11944,grant_number_fulltext
W4409285012,11774,grant_number_fulltext
W4309176175,11251,grant_number_fulltext
W4394851409,11774,grant_number_fulltext
W4399164551,10382,grant_number_fulltext
W4399164551,10781,grant_number_fulltext
W4401933098,11074,grant_number_fulltext
W4402532007,10978,grant_number_fulltext
W4414810084,10164,grant_number_fulltext
W4409351854,10164,grant_number_fulltext
W4410910539,11774,grant_number_fulltext
W4412521247,10300,grant_number_fulltext
W4416221302,10438,grant_number_fulltext
W4416391672,12013,grant_number_fulltext
W7140101026,11788,grant_number_fulltext
W7140295177,10424,grant_number_fulltext
W7140295177,10665,grant_number_fulltext
W7161253672,11917,grant_number_fulltext
W2885057833,10666,grant_number_fulltext
W2991642291,10504,grant_number_fulltext
W3127724386,10666,grant_number_fulltext
W3048043144,10392,grant_number_fulltext
W3185520143,10913,grant_number_fulltext
W3185520143,10936,grant_number_fulltext
W3011141546,10504,grant_number_fulltext
W3011141546,11292,grant_number_fulltext
W4220660249,11031,grant_number_fulltext
W2755098009,10665,grant_number_fulltext
W3029542422,10620,grant_number_fulltext
W3029542422,10755,grant_number_fulltext
W3097843799,11038,grant_number_fulltext
W3135605107,11313,grant_number_fulltext
W4200269610,10873,grant_number_fulltext
W4200398299,11491,grant_number_fulltext
W2993321255,11957,grant_number_fulltext
W3122297384,11031,grant_number_fulltext
W4296677297,11080,grant_number_fulltext
W4320491242,10911,grant_number_fulltext
W4392287181,10747,grant_number_fulltext
W2808499088,10665,grant_number_fulltext
W2900591693,10504,grant_number_fulltext
W2942819469,10504,grant_number_fulltext
W3090739913,11289,grant_number_fulltext
W3201155956,11313,grant_number_fulltext
W3212772271,10382,grant_number_fulltext
W4298086847,11044,grant_number_fulltext
W4321768974,10882,grant_number_fulltext
W4381599098,10289,grant_number_fulltext
W4392004601,11597,grant_number_fulltext
W2900426420,10128,grant_number_fulltext
W3184430079,11507,grant_number_fulltext
W4214826426,11464,grant_number_fulltext
W4283823917,10595,grant_number_fulltext
W4319058516,10701,grant_number_fulltext
W4384263968,10882,grant_number_fulltext
W4385442392,11351,grant_number_fulltext
W4389397537,10151,grant_number_fulltext
W4391375478,12034,grant_number_fulltext
W4403865451,11889,grant_number_fulltext
W4409190645,11835,grant_number_fulltext
W4382918302,10164,grant_number_fulltext
W4387114800,11648,grant_number_fulltext
W4400100031,10014,grant_number_fulltext
W4403244477,10758,grant_number_fulltext
W4405175326,10713,grant_number_fulltext
W4407174659,10955,grant_number_fulltext
W4408475746,11108,grant_number_fulltext
W4409771621,11944,grant_number_fulltext
W4399768393,10032,grant_number_fulltext
W4399768393,10796,grant_number_fulltext
W4399768393,11082,grant_number_fulltext
W4405122285,10713,grant_number_fulltext
W4405722694,11350,grant_number_fulltext
W4405949767,10032,grant_number_fulltext
W4405949767,10796,grant_number_fulltext
W4409328176,10529,grant_number_fulltext
W4409328176,11965,grant_number_fulltext
W4412457171,11807,grant_number_fulltext
W4412658943,10382,grant_number_fulltext
W4413835597,10665,grant_number_fulltext
W4416818522,10351,grant_number_fulltext
W4417134501,11618,grant_number_fulltext
W7123637339,10094,grant_number_fulltext
W7130350579,11962,grant_number_fulltext
W7132834669,10894,grant_number_fulltext
W7132834669,11079,grant_number_fulltext
W7134913931,10014,grant_number_fulltext
W7138864895,10726,grant_number_fulltext
W7138864895,11251,grant_number_fulltext
W7152736398,11463,grant_number_fulltext
W7164741923,11179,grant_number_fulltext
W7165680710,10246,grant_number_fulltext
W3007646255,10595,grant_number_fulltext
W2919292495,10606,grant_number_fulltext
W3204672846,10913,grant_number_fulltext
W2993039426,10099,grant_number_fulltext
W2993039426,11889,grant_number_fulltext
W3159354630,10673,grant_number_fulltext
W3203307361,11026,grant_number_fulltext
W4280545583,11044,grant_number_fulltext
W3131965740,11044,grant_number_fulltext
W3131942941,10873,grant_number_fulltext
W3131942941,10882,grant_number_fulltext
W3168563026,11082,grant_number_fulltext
W4315490832,10032,grant_number_fulltext
W4315490832,10796,grant_number_fulltext
W3093176103,10014,grant_number_fulltext
W4309194322,10456,grant_number_fulltext
W4309194322,10957,grant_number_fulltext
W3208346095,10755,grant_number_fulltext
W4286262650,11031,grant_number_fulltext
W4293101780,10034,grant_number_fulltext
W4293773747,11457,grant_number_fulltext
W4382046244,11001,grant_number_fulltext
W4387744433,10456,grant_number_fulltext
W4306743594,11368,grant_number_fulltext
W4319336165,10992,grant_number_fulltext
W4387212977,11575,grant_number_fulltext
W4388486678,11038,grant_number_fulltext
W4390927781,10706,grant_number_fulltext
W4391228038,10709,grant_number_fulltext
W4391685682,10882,grant_number_fulltext
W4394870994,10477,grant_number_fulltext
W4400429707,10709,grant_number_fulltext
W4400760882,11044,grant_number_fulltext
W4406964992,11889,grant_number_fulltext
W4407238839,10212,grant_number_fulltext
W3210296250,11393,grant_number_fulltext
W3210296250,11979,grant_number_fulltext
W2899618971,10873,grant_number_fulltext
W3106861133,11750,grant_number_fulltext
W3199777956,11491,grant_number_fulltext
W3206103503,10150,grant_number_fulltext
W2615010141,10456,grant_number_fulltext
W3179127273,11457,grant_number_fulltext
W4223579703,11774,grant_number_fulltext
W2950638478,10620,grant_number_fulltext
W3168034676,11292,grant_number_fulltext
W3208869463,10620,grant_number_fulltext
W3208869463,10673,grant_number_fulltext
W4404131076,11143,grant_number_fulltext
W2969990466,11457,grant_number_fulltext
W3177374476,11082,grant_number_fulltext
W3177374476,11793,grant_number_fulltext
W2895971850,11289,grant_number_fulltext
W2981394621,11597,grant_number_fulltext
W3008597106,10894,grant_number_fulltext
W3008597106,11062,grant_number_fulltext
W3008597106,11086,grant_number_fulltext
W4312212756,11491,grant_number_fulltext
W3099326880,11857,grant_number_fulltext
W3108809794,11393,grant_number_fulltext
W3108809794,11979,grant_number_fulltext
W4284988757,11574,grant_number_fulltext
W2956861864,10701,grant_number_fulltext
W3010731730,11941,grant_number_fulltext
W3106459783,10620,grant_number_fulltext
W4224221412,11457,grant_number_fulltext
W4280495024,11618,grant_number_fulltext
W4283365587,11367,grant_number_fulltext
W4312112685,10701,grant_number_fulltext
W4323924807,10758,grant_number_fulltext
W4367059129,10084,grant_number_fulltext
W4367059129,11080,grant_number_fulltext
W2898035341,10758,grant_number_fulltext
W2903243493,10529,grant_number_fulltext
W3041166680,10174,grant_number_fulltext
W3158137197,10665,grant_number_fulltext
W3193145520,11026,grant_number_fulltext
W4211167191,10516,grant_number_fulltext
W4293103626,11148,grant_number_fulltext
W4362694205,11648,grant_number_fulltext
W4383065715,10456,grant_number_fulltext
W4411168095,10032,grant_number_fulltext
W4411168095,11540,grant_number_fulltext
W5360380,10668,grant_number_fulltext
W5360380,11086,grant_number_fulltext
W5360380,11089,grant_number_fulltext
W3000571831,10535,grant_number_fulltext
W3023898558,10620,grant_number_fulltext
W3039342720,10123,grant_number_fulltext
W3102087129,11026,grant_number_fulltext
W3102087129,11031,grant_number_fulltext
W3113065622,10603,grant_number_fulltext
W3168999399,10274,grant_number_fulltext
W3168999399,11941,grant_number_fulltext
W4206369529,10164,grant_number_fulltext
W4206369529,10504,grant_number_fulltext
W4297520319,10123,grant_number_fulltext
W4297520319,10128,grant_number_fulltext
W4297683063,11000,grant_number_fulltext
W4302757635,10602,grant_number_fulltext
W4376105613,11148,grant_number_fulltext
W2884048805,10882,grant_number_fulltext
W2884298225,10620,grant_number_fulltext
W2900150137,10873,grant_number_fulltext
W2949074282,10620,grant_number_fulltext
W2981154000,10150,grant_number_fulltext
W2981154000,10164,grant_number_fulltext
W3041834976,10100,grant_number_fulltext
W3041834976,10516,grant_number_fulltext
W3091295893,10913,grant_number_fulltext
W3095508069,10817,grant_number_fulltext
W3096478729,10620,grant_number_fulltext
W3102871852,10354,grant_number_fulltext
W3125258466,11457,grant_number_fulltext
W3157810866,11044,grant_number_fulltext
W3158760068,10913,grant_number_fulltext
W3162417405,11053,grant_number_fulltext
W3168420715,10034,grant_number_fulltext
W3199274570,10620,grant_number_fulltext
W3210120712,10955,grant_number_fulltext
W3216716741,12033,grant_number_fulltext
W4214838495,10113,grant_number_fulltext
W4223560304,11367,grant_number_fulltext
W4223619721,11367,grant_number_fulltext
W4229984099,11957,grant_number_fulltext
W4231195614,10706,grant_number_fulltext
W4234833040,10034,grant_number_fulltext
W4242276418,10034,grant_number_fulltext
W4245667110,11457,grant_number_fulltext
W4248700625,10845,grant_number_fulltext
W4254828419,10529,grant_number_fulltext
W4254828419,10999,grant_number_fulltext
W4288424915,10425,grant_number_fulltext
W4289132003,10620,grant_number_fulltext
W4301205211,11044,grant_number_fulltext
W4306750470,11038,grant_number_fulltext
W4307030408,11038,grant_number_fulltext
W4308595650,10504,grant_number_fulltext
W4308844538,10956,grant_number_fulltext
W4308844538,11917,grant_number_fulltext
W4310844859,10665,grant_number_fulltext
W4311316401,11518,grant_number_fulltext
W4311539187,10684,grant_number_fulltext
W4313445742,10665,grant_number_fulltext
W4313953689,10623,grant_number_fulltext
W4362659719,10817,grant_number_fulltext
W4376958964,10477,grant_number_fulltext
W4378085608,10698,grant_number_fulltext
W4378085608,11575,grant_number_fulltext
W4379260007,11037,grant_number_fulltext
W4383956404,11648,grant_number_fulltext
W4385575828,10815,grant_number_fulltext
W4386135753,10032,grant_number_fulltext
W4386135753,10796,grant_number_fulltext
W4386187965,11941,grant_number_fulltext
W4386530096,10164,grant_number_fulltext
W4387723599,10713,grant_number_fulltext
W4392180677,11916,grant_number_fulltext
W4393264801,11941,grant_number_fulltext
W4395697089,10758,grant_number_fulltext
W4397021898,11038,grant_number_fulltext
W4406227361,10606,grant_number_fulltext
W4406620005,11491,grant_number_fulltext
W4407412661,10382,grant_number_fulltext
W4410239275,10425,grant_number_fulltext
W4410587008,10781,grant_number_fulltext
W4411330960,11457,grant_number_fulltext
W4411597328,10094,grant_number_fulltext
W4413074719,11793,grant_number_fulltext
W4413074719,11809,grant_number_fulltext
W4413272786,11648,grant_number_fulltext
W4414300406,10992,grant_number_fulltext
W4414861621,10099,grant_number_fulltext
W4416787810,11648,grant_number_fulltext
W4417115304,10992,grant_number_fulltext
W4417513097,11910,grant_number_fulltext
W4417524689,10094,grant_number_fulltext
W7119681317,11367,grant_number_fulltext
W7120252168,11148,grant_number_fulltext
W7122519781,11110,grant_number_fulltext
W7122522395,10317,grant_number_fulltext
W7124470423,11289,grant_number_fulltext
W7124910238,11507,grant_number_fulltext
W7125522524,10382,grant_number_fulltext
W7125640302,10212,grant_number_fulltext
W7128547513,11507,grant_number_fulltext
W7128903075,10758,grant_number_fulltext
W7128927104,11648,grant_number_fulltext
W7128964054,10795,grant_number_fulltext
W7128964054,11236,grant_number_fulltext
W7128964054,11349,grant_number_fulltext
W7132169347,11910,grant_number_fulltext
W7133853145,10100,grant_number_fulltext
W7134267855,10658,grant_number_fulltext
W7134267855,11053,grant_number_fulltext
W7134949553,11575,grant_number_fulltext
W7135395964,11062,grant_number_fulltext
W7136053956,11446,grant_number_fulltext
W7138964217,12008,grant_number_fulltext
W7147655285,10933,grant_number_fulltext
W7148630309,11266,grant_number_fulltext
W7154191939,11356,grant_number_fulltext
W7160948856,11507,grant_number_fulltext
W7161632794,10690,grant_number_fulltext
W7161705954,11651,grant_number_fulltext
W7163543105,11793,grant_number_fulltext
W7163543105,11809,grant_number_fulltext
W7165122957,11044,grant_number_fulltext
W7167695809,11839,grant_number_fulltext
W7168679148,10902,grant_number_fulltext
W7172294955,10034,grant_number_fulltext
W7202180564,10623,grant_number_fulltext
W7203826582,10713,grant_number_fulltext
W7204129773,10623,grant_number_fulltext
W7204243257,10956,grant_number_fulltext
W7207717835,10084,grant_number_fulltext
W7207717835,11031,grant_number_fulltext
W7211938766,10510,grant_number_fulltext
W7212156565,10089,grant_number_fulltext
W7213473122,11671,grant_number_fulltext
W7213536299,10902,grant_number_fulltext
W7214089238,11671,grant_number_fulltext
W7214110514,10861,grant_number_fulltext
W4318916937,10004,grant_number_fulltext
W4318916937,10424,grant_number_fulltext
W4318916937,10665,grant_number_fulltext
W4226038160,10004,grant_number_fulltext
W4378746184,10004,grant_number_fulltext
W3148747881,10004,grant_number_fulltext
W7119130212,10004,grant_number_fulltext
W2941875479,10004,grant_number_fulltext
W2941875479,10150,grant_number_fulltext
W2941875479,10651,grant_number_fulltext
W3034057206,10004,grant_number_fulltext
W3198662397,10014,grant_number_fulltext
W3198662397,11867,grant_number_fulltext
W4282977105,10014,grant_number_fulltext
W7154511645,10014,grant_number_fulltext
W4406120390,10014,grant_number_fulltext
W4396929680,10014,grant_number_fulltext
W4394876540,10014,grant_number_fulltext
W4396700333,10014,grant_number_fulltext
W7214153142,10014,grant_number_fulltext
W3154580449,10032,grant_number_fulltext
W2796493687,10032,grant_number_fulltext
W4285077079,10032,grant_number_fulltext
W4285077079,10796,grant_number_fulltext
W3095271856,10032,grant_number_fulltext
W4383368508,10032,grant_number_fulltext
W4383368508,10325,grant_number_fulltext
W4383368508,10796,grant_number_fulltext
W4388500756,10032,grant_number_fulltext
W4380738504,10032,grant_number_fulltext
W4380738504,10325,grant_number_fulltext
W4380738504,10796,grant_number_fulltext
W4387575002,10032,grant_number_fulltext
W4387575002,10796,grant_number_fulltext
W3143674029,10032,grant_number_fulltext
W2998789541,10034,grant_number_fulltext
W2901272595,10034,grant_number_fulltext
W4321003925,10034,grant_number_fulltext
W4391883183,10034,grant_number_fulltext
W2969118048,10034,grant_number_fulltext
W2969118048,11044,grant_number_fulltext
W2753826066,10034,grant_number_fulltext
W2902110214,10034,grant_number_fulltext
W2785204150,10034,grant_number_fulltext
W4301179401,10034,grant_number_fulltext
W4327684383,10034,grant_number_fulltext
W4327684383,10128,grant_number_fulltext
W4402860159,10034,grant_number_fulltext
W4411993438,10034,grant_number_fulltext
W4393433014,10034,grant_number_fulltext
W3003922482,10034,grant_number_fulltext
W3186993723,10072,grant_number_fulltext
W3186993723,11249,grant_number_fulltext
W4403647847,10072,grant_number_fulltext
W4403647847,10140,grant_number_fulltext
W4401605590,10080,grant_number_fulltext
W4386984784,10080,grant_number_fulltext
W4386984784,11269,grant_number_fulltext
W58662414,10080,grant_number_fulltext
W58662414,11037,grant_number_fulltext
W58662414,11074,grant_number_fulltext
W58662414,11507,grant_number_fulltext
W58662414,11515,grant_number_fulltext
W58662414,11690,grant_number_fulltext
W2900864487,10084,grant_number_fulltext
W2915054464,10084,grant_number_fulltext
W4283656267,10084,grant_number_fulltext
W4379113620,10084,grant_number_fulltext
W2993725686,10084,grant_number_fulltext
W2921273649,10084,grant_number_fulltext
W4386591788,10084,grant_number_fulltext
W2890448483,10084,grant_number_fulltext
W4205170475,10084,grant_number_fulltext
W4322217012,10084,grant_number_fulltext
W4293227673,10084,grant_number_fulltext
W3208564133,10084,grant_number_fulltext
W4414142216,10084,grant_number_fulltext
W4224099798,10084,grant_number_fulltext
W4224099798,10246,grant_number_fulltext
W4404524889,10084,grant_number_fulltext
W4288479980,10084,grant_number_fulltext
W7128478752,10094,grant_number_fulltext
W4229016735,10099,grant_number_fulltext
W4376115882,10099,grant_number_fulltext
W4318947896,10099,grant_number_fulltext
W4210474398,10099,grant_number_fulltext
W4389976284,10100,grant_number_fulltext
W4389976284,11564,grant_number_fulltext
W2793224900,10100,grant_number_fulltext
W4405775195,10100,grant_number_fulltext
W3012607050,10100,grant_number_fulltext
W3126861566,10100,grant_number_fulltext
W2783660704,10100,grant_number_fulltext
W4416947609,10100,grant_number_fulltext
W4416947609,11960,grant_number_fulltext
W7108697821,10100,grant_number_fulltext
W7108697821,11960,grant_number_fulltext
W4379093961,10113,grant_number_fulltext
W4379093961,11597,grant_number_fulltext
W4379093961,12027,grant_number_fulltext
W4417347184,10113,grant_number_fulltext
W2790000715,10123,grant_number_fulltext
W4409380235,10123,grant_number_fulltext
W4387095476,10123,grant_number_fulltext
W4387095476,11618,grant_number_fulltext
W3004179479,10128,grant_number_fulltext
W4406918244,10128,grant_number_fulltext
W4414915385,10128,grant_number_fulltext
W4360603379,10138,grant_number_fulltext
W4360603379,10665,grant_number_fulltext
W4401356319,10138,grant_number_fulltext
W4232129843,10140,grant_number_fulltext
W3015523904,10140,grant_number_fulltext
W2998134588,10140,grant_number_fulltext
W2924485884,10140,grant_number_fulltext
W3089526913,10140,grant_number_fulltext
W4401763523,10140,grant_number_fulltext
W4210258613,10140,grant_number_fulltext
W2785724976,10140,grant_number_fulltext
W2988795573,10140,grant_number_fulltext
W2890452652,10140,grant_number_fulltext
W4283791707,10140,grant_number_fulltext
W4205438306,10140,grant_number_fulltext
W3194895625,10150,grant_number_fulltext
W3166580483,10150,grant_number_fulltext
W4213342009,10150,grant_number_fulltext
W4415725001,10150,grant_number_fulltext
W4393194831,10150,grant_number_fulltext
W3199222309,10150,grant_number_fulltext
W3199222309,10845,grant_number_fulltext
W3199222309,11026,grant_number_fulltext
W3199222309,11031,grant_number_fulltext
W3199222309,11924,grant_number_fulltext
W2734625121,10150,grant_number_fulltext
W2734625121,10665,grant_number_fulltext
W3121517866,10151,grant_number_fulltext
W3121517866,11251,grant_number_fulltext
W3092709444,10151,grant_number_fulltext
W3171899240,10164,grant_number_fulltext
W7160845845,10164,grant_number_fulltext
W3040788249,10174,grant_number_fulltext
W7162498375,10174,grant_number_fulltext
W2944200456,10212,grant_number_fulltext
W4415461736,10212,grant_number_fulltext
W4415461736,12027,grant_number_fulltext
W3178841812,10212,grant_number_fulltext
W3039163883,10212,grant_number_fulltext
W3187648951,10212,grant_number_fulltext
W3106452301,10224,grant_number_fulltext
W3096647274,10224,grant_number_fulltext
W3200120773,10224,grant_number_fulltext
W3126519657,10224,grant_number_fulltext
W3163225447,10274,grant_number_fulltext
W3099617703,10274,grant_number_fulltext
W4405664268,10289,grant_number_fulltext
W4405664268,11031,grant_number_fulltext
W4220930914,10291,grant_number_fulltext
W4220930914,11356,grant_number_fulltext
W2904570590,10300,grant_number_fulltext
W3011178919,10300,grant_number_fulltext
W4286203169,10317,grant_number_fulltext
W4246042854,10317,grant_number_fulltext
W2797949645,10317,grant_number_fulltext
W2797949645,10882,grant_number_fulltext
W2797949645,10894,grant_number_fulltext
W3008219847,10317,grant_number_fulltext
W3008219847,11597,grant_number_fulltext
W4410454231,10317,grant_number_fulltext
W4399537020,10321,grant_number_fulltext
W4392639809,10325,grant_number_fulltext
W3197556710,10325,grant_number_fulltext
W4401323268,10325,grant_number_fulltext
W4312584985,10328,grant_number_fulltext
W4313167289,10328,grant_number_fulltext
W4312375575,10328,grant_number_fulltext
W4312375575,11037,grant_number_fulltext
W4412473199,10354,grant_number_fulltext
W4401251856,10355,grant_number_fulltext
W4388637734,10355,grant_number_fulltext
W3041315966,10355,grant_number_fulltext
W7138109208,10355,grant_number_fulltext
W4416192024,10382,grant_number_fulltext
W3094112592,10382,grant_number_fulltext
W4313570169,10392,grant_number_fulltext
W4386564173,10392,grant_number_fulltext
W2805750075,10392,grant_number_fulltext
W4412931453,10424,grant_number_fulltext
W4391838659,10424,grant_number_fulltext
W4205286799,10438,grant_number_fulltext
W4403609535,10438,grant_number_fulltext
W3212975451,10438,grant_number_fulltext
W4220671579,10438,grant_number_fulltext
W4394875921,10456,grant_number_fulltext
W4389209213,10456,grant_number_fulltext
W4389209213,10957,grant_number_fulltext
W4389209213,11457,grant_number_fulltext
W4226467406,10471,grant_number_fulltext
W4226467406,11315,grant_number_fulltext
W4393973986,10474,grant_number_fulltext
W4388221723,10474,grant_number_fulltext
W2740931940,10504,grant_number_fulltext
W2753716909,10504,grant_number_fulltext
W2885434623,10504,grant_number_fulltext
W2884675680,10504,grant_number_fulltext
W2953683751,10504,grant_number_fulltext
W4214808626,10504,grant_number_fulltext
W3093870121,10504,grant_number_fulltext
W4381333871,10504,grant_number_fulltext
W3156865261,10504,grant_number_fulltext
W3195984495,10510,grant_number_fulltext
W3122544311,10510,grant_number_fulltext
W4210562980,10510,grant_number_fulltext
W4406901025,10510,grant_number_fulltext
W7155191085,10510,grant_number_fulltext
W7155191085,10894,grant_number_fulltext
W7155191085,11089,grant_number_fulltext
W7155191085,11515,grant_number_fulltext
W2900323561,10516,grant_number_fulltext
W3165521652,10529,grant_number_fulltext
W2888063818,10529,grant_number_fulltext
W2768911594,10529,grant_number_fulltext
W4408521095,10529,grant_number_fulltext
W4408521095,11651,grant_number_fulltext
W2968796062,10529,grant_number_fulltext
W2968796062,11000,grant_number_fulltext
W4415951594,10529,grant_number_fulltext
W4281624786,10535,grant_number_fulltext
W4289518763,10535,grant_number_fulltext
W4289518763,11491,grant_number_fulltext
W4306953233,10595,grant_number_fulltext
W4391605821,10595,grant_number_fulltext
W4391605821,10665,grant_number_fulltext
W4407574888,10595,grant_number_fulltext
W4407574888,10665,grant_number_fulltext
W3122196036,10595,grant_number_fulltext
W4384465851,10595,grant_number_fulltext
W4385383611,10602,grant_number_fulltext
W4385383611,11671,grant_number_fulltext
W4385383611,11957,grant_number_fulltext
W3202390785,10602,grant_number_fulltext
W4320165347,10602,grant_number_fulltext
W3199855051,10602,grant_number_fulltext
W7171926147,10602,grant_number_fulltext
W4409513372,10603,grant_number_fulltext
W3162073576,10603,grant_number_fulltext
W4387338539,10606,grant_number_fulltext
W4392366812,10613,grant_number_fulltext
W4392366812,10666,grant_number_fulltext
W4392366812,11877,grant_number_fulltext
W4402788638,10613,grant_number_fulltext
W4402788638,11387,grant_number_fulltext
W3131826007,10620,grant_number_fulltext
W3135476507,10620,grant_number_fulltext
W2902358856,10620,grant_number_fulltext
W4280619754,10620,grant_number_fulltext
W4280619754,10673,grant_number_fulltext
W4283780230,10620,grant_number_fulltext
W4405622726,10620,grant_number_fulltext
W4405622726,10673,grant_number_fulltext
W3004720228,10623,grant_number_fulltext
W3041785466,10623,grant_number_fulltext
W4387420106,10645,grant_number_fulltext
W4387420106,10684,grant_number_fulltext
W4404105274,10645,grant_number_fulltext
W4415707414,10645,grant_number_fulltext
W3156534898,10650,grant_number_fulltext
W4399914680,10651,grant_number_fulltext
W4387496721,10658,grant_number_fulltext
W3196648022,10665,grant_number_fulltext
W4281773780,10665,grant_number_fulltext
W4404136512,10665,grant_number_fulltext
W2973862861,10665,grant_number_fulltext
W3081007154,10665,grant_number_fulltext
W4318993299,10665,grant_number_fulltext
W4318993299,11148,grant_number_fulltext
W4385732023,10665,grant_number_fulltext
W4415442297,10665,grant_number_fulltext
W4412845111,10665,grant_number_fulltext
W7165364529,10665,grant_number_fulltext
W7155068706,10665,grant_number_fulltext
W4414995572,10665,grant_number_fulltext
W4404113725,10665,grant_number_fulltext
W4409582717,10665,grant_number_fulltext
W7164254548,10665,grant_number_fulltext
W4402093689,10665,grant_number_fulltext
W3107533236,10665,grant_number_fulltext
W4319879389,10665,grant_number_fulltext
W4413684248,10665,grant_number_fulltext
W3121167439,10665,grant_number_fulltext
W4234515081,10665,grant_number_fulltext
W4213233295,10666,grant_number_fulltext
W4387578776,10666,grant_number_fulltext
W4286111055,10666,grant_number_fulltext
W3110278551,10666,grant_number_fulltext
W4405355897,10666,grant_number_fulltext
W4200440855,10666,grant_number_fulltext
W4404280194,10666,grant_number_fulltext
W4312631868,10666,grant_number_fulltext
W3171405423,10666,grant_number_fulltext
W3171644775,10666,grant_number_fulltext
W4391239134,10668,grant_number_fulltext
W4391239134,11026,grant_number_fulltext
W2724454065,10673,grant_number_fulltext
W4385970631,10673,grant_number_fulltext
W4385972617,10673,grant_number_fulltext
W4392631780,10674,grant_number_fulltext
W4414611551,10674,grant_number_fulltext
W4415313033,10674,grant_number_fulltext
W4405356150,10674,grant_number_fulltext
W3198461147,10684,grant_number_fulltext
W3198461147,11082,grant_number_fulltext
W7202272454,10684,grant_number_fulltext
W4416295413,10690,grant_number_fulltext
W4377291506,10690,grant_number_fulltext
W4377291506,10967,grant_number_fulltext
W4297891619,10690,grant_number_fulltext
W4297891619,11917,grant_number_fulltext
W4395001770,10698,grant_number_fulltext
W7165621549,10698,grant_number_fulltext
W3082933974,10698,grant_number_fulltext
W4205997721,10701,grant_number_fulltext
W3129554855,10701,grant_number_fulltext
W4220704663,10701,grant_number_fulltext
W7212083137,10701,grant_number_fulltext
W4220782256,10706,grant_number_fulltext
W4220782256,11143,grant_number_fulltext
W4413140495,10713,grant_number_fulltext
W4392361024,10713,grant_number_fulltext
W4405418885,10713,grant_number_fulltext
W4414045772,10726,grant_number_fulltext
W4414045772,11251,grant_number_fulltext
W2922170708,10747,grant_number_fulltext
W2807839871,10747,grant_number_fulltext
W4206652425,10747,grant_number_fulltext
W2901679466,10755,grant_number_fulltext
W3125132572,10758,grant_number_fulltext
W7132483123,10781,grant_number_fulltext
W2980194015,10795,grant_number_fulltext
W7115892702,10796,grant_number_fulltext
W7115892702,11358,grant_number_fulltext
W4406038744,10813,grant_number_fulltext
W4289526165,10817,grant_number_fulltext
W3043259383,10817,grant_number_fulltext
W4391691407,10817,grant_number_fulltext
W3126821819,10817,grant_number_fulltext
W2785854249,10817,grant_number_fulltext
W4367835089,10825,grant_number_fulltext
W7161994095,10825,grant_number_fulltext
W3140065362,10835,grant_number_fulltext
W4412351240,10851,grant_number_fulltext
W4416113370,10861,grant_number_fulltext
W4281727883,10873,grant_number_fulltext
W2902360115,10873,grant_number_fulltext
W3040982033,10873,grant_number_fulltext
W4399721832,10873,grant_number_fulltext
W4313887232,10882,grant_number_fulltext
W4377221486,10882,grant_number_fulltext
W7132014724,10882,grant_number_fulltext
W7135810266,10882,grant_number_fulltext
W2904670676,10882,grant_number_fulltext
W4412433759,10882,grant_number_fulltext
W7124949087,10882,grant_number_fulltext
W3138300011,10894,grant_number_fulltext
W3015577169,10895,grant_number_fulltext
W3015577169,11199,grant_number_fulltext
W4210909515,10895,grant_number_fulltext
W4389195644,10902,grant_number_fulltext
W4389246315,10902,grant_number_fulltext
W4244386180,10902,grant_number_fulltext
W4407867970,10902,grant_number_fulltext
W2891112081,10902,grant_number_fulltext
W3196590718,10911,grant_number_fulltext
W4406408002,10911,grant_number_fulltext
W4391722765,10913,grant_number_fulltext
W4210446279,10913,grant_number_fulltext
W4380422051,10933,grant_number_fulltext
W4401009797,10944,grant_number_fulltext
W4400317156,10944,grant_number_fulltext
W3210763613,10948,grant_number_fulltext
W3132371426,10948,grant_number_fulltext
W4368362598,10955,grant_number_fulltext
W7134092210,10955,grant_number_fulltext
W7128041056,10955,grant_number_fulltext
W4413108180,10955,grant_number_fulltext
W7126045749,10955,grant_number_fulltext
W4409086605,10955,grant_number_fulltext
W4407405900,10955,grant_number_fulltext
W4402969484,10956,grant_number_fulltext
W4413046918,10960,grant_number_fulltext
W3122799077,10967,grant_number_fulltext
W2894585709,10978,grant_number_fulltext
W2894585709,10999,grant_number_fulltext
W4327546422,10989,grant_number_fulltext
W4417034689,10989,grant_number_fulltext
W2969435548,11000,grant_number_fulltext
W2990330996,11000,grant_number_fulltext
W4404217560,11000,grant_number_fulltext
W2751450140,11001,grant_number_fulltext
W3129144969,11001,grant_number_fulltext
W4312082899,11001,grant_number_fulltext
W4387853703,11001,grant_number_fulltext
W4416822096,11001,grant_number_fulltext
W4416822096,11618,grant_number_fulltext
W4406586876,11001,grant_number_fulltext
W4406586876,11618,grant_number_fulltext
W7212058919,11001,grant_number_fulltext
W7212058919,11618,grant_number_fulltext
W4411988566,11001,grant_number_fulltext
W4411988566,11008,grant_number_fulltext
W3159130483,11008,grant_number_fulltext
W2768558590,11008,grant_number_fulltext
W4229021535,11008,grant_number_fulltext
W4327862301,11008,grant_number_fulltext
W4387460637,11008,grant_number_fulltext
W4387460637,11074,grant_number_fulltext
W3090373702,11008,grant_number_fulltext
W7212024820,11008,grant_number_fulltext
W7212024820,11315,grant_number_fulltext
W2980666442,11008,grant_number_fulltext
W3126918818,11008,grant_number_fulltext
W3138942180,11008,grant_number_fulltext
W7213522269,11010,grant_number_fulltext
W4288067243,11013,grant_number_fulltext
W4306983395,11013,grant_number_fulltext
W3040690877,11026,grant_number_fulltext
W4389992531,11026,grant_number_fulltext
W4367301199,11026,grant_number_fulltext
W3181978967,11026,grant_number_fulltext
W4392593842,11026,grant_number_fulltext
W7203549520,11026,grant_number_fulltext
W7203549520,11038,grant_number_fulltext
W4285785497,11026,grant_number_fulltext
W4286584268,11026,grant_number_fulltext
W3181435917,11031,grant_number_fulltext
W4362649616,11031,grant_number_fulltext
W3110962967,11037,grant_number_fulltext
W3110962967,11574,grant_number_fulltext
W3121795734,11037,grant_number_fulltext
W3121795734,11574,grant_number_fulltext
W3007013198,11044,grant_number_fulltext
W4317951337,11044,grant_number_fulltext
W4317951337,11080,grant_number_fulltext
W4403788769,11044,grant_number_fulltext
W2952861720,11053,grant_number_fulltext
W2952861720,11269,grant_number_fulltext
W3161181952,11053,grant_number_fulltext
W4391825066,11053,grant_number_fulltext
W4403257415,11053,grant_number_fulltext
W3088363315,11053,grant_number_fulltext
W4386929318,11056,grant_number_fulltext
W4386929318,11062,grant_number_fulltext
W4408832697,11056,grant_number_fulltext
W4233405150,11056,grant_number_fulltext
W7151098382,11062,grant_number_fulltext
W4315880982,11079,grant_number_fulltext
W4283724945,11080,grant_number_fulltext
W2891397263,11080,grant_number_fulltext
W4200237746,11089,grant_number_fulltext
W4413786475,11089,grant_number_fulltext
W3136778372,11089,grant_number_fulltext
W4405745964,11092,grant_number_fulltext
W4375864148,11092,grant_number_fulltext
W4392111591,11105,grant_number_fulltext
W4392095179,11105,grant_number_fulltext
W2996593053,11108,grant_number_fulltext
W4200083514,11108,grant_number_fulltext
W4310598099,11108,grant_number_fulltext
W4386538242,11110,grant_number_fulltext
W4386537682,11110,grant_number_fulltext
W4386223926,11110,grant_number_fulltext
W4386537646,11110,grant_number_fulltext
W7160853265,11110,grant_number_fulltext
W7160853265,11648,grant_number_fulltext
W4386537691,11110,grant_number_fulltext
W4386537878,11110,grant_number_fulltext
W4386538585,11110,grant_number_fulltext
W4386538031,11110,grant_number_fulltext
W4386538579,11110,grant_number_fulltext
W4387520304,11132,grant_number_fulltext
W4387520304,11877,grant_number_fulltext
W4388140511,11137,grant_number_fulltext
W2970688443,11137,grant_number_fulltext
W4390347247,11143,grant_number_fulltext
W4392136756,11148,grant_number_fulltext
W7205708513,11148,grant_number_fulltext
W3130184744,11148,grant_number_fulltext
W4405946342,11148,grant_number_fulltext
W4212937212,11157,grant_number_fulltext
W4412347968,11174,grant_number_fulltext
W7113532743,11174,grant_number_fulltext
W2999499927,11174,grant_number_fulltext
W2999499927,11358,grant_number_fulltext
W4212892874,11179,grant_number_fulltext
W4388049884,11199,grant_number_fulltext
W4317481021,11199,grant_number_fulltext
W4389775482,11199,grant_number_fulltext
W7123557092,11199,grant_number_fulltext
W4394889701,11249,grant_number_fulltext
W4409778144,11249,grant_number_fulltext
W4200425397,11266,grant_number_fulltext
W2913153613,11266,grant_number_fulltext
W2805327516,11269,grant_number_fulltext
W3157943370,11269,grant_number_fulltext
W4282923436,11269,grant_number_fulltext
W3196520667,11289,grant_number_fulltext
W4312140719,11289,grant_number_fulltext
W4407920429,11289,grant_number_fulltext
W4379522418,11292,grant_number_fulltext
W4414598768,11292,grant_number_fulltext
W4393863854,11312,grant_number_fulltext
W4224938986,11312,grant_number_fulltext
W3159889412,11312,grant_number_fulltext
W4293809711,11313,grant_number_fulltext
W4293809711,11518,grant_number_fulltext
W3012174461,11313,grant_number_fulltext
W4281553494,11313,grant_number_fulltext
W4405480076,11337,grant_number_fulltext
W4399043444,11337,grant_number_fulltext
W3196206168,11350,grant_number_fulltext
W4297257115,11350,grant_number_fulltext
W4283658141,11350,grant_number_fulltext
W4220783688,11350,grant_number_fulltext
W3126032942,11351,grant_number_fulltext
W4306639137,11351,grant_number_fulltext
W3208797738,11352,grant_number_fulltext
W4388966075,11356,grant_number_fulltext
W4401864121,11358,grant_number_fulltext
W3205717247,11363,grant_number_fulltext
W4385489066,11367,grant_number_fulltext
W4315767584,11367,grant_number_fulltext
W2996867875,11367,grant_number_fulltext
W4391839251,11367,grant_number_fulltext
W4200479098,11368,grant_number_fulltext
W4200032792,11368,grant_number_fulltext
W3046762088,11368,grant_number_fulltext
W4323976634,11368,grant_number_fulltext
W3115655717,11368,grant_number_fulltext
W3203065722,11368,grant_number_fulltext
W4395662113,11368,grant_number_fulltext
W3169277244,11388,grant_number_fulltext
W4388728165,11388,grant_number_fulltext
W3094885135,11388,grant_number_fulltext
W2980085827,11388,grant_number_fulltext
W4386274073,11393,grant_number_fulltext
W2978889795,11393,grant_number_fulltext
W4284707802,11393,grant_number_fulltext
W4284707802,11906,grant_number_fulltext
W4284707802,11979,grant_number_fulltext
W4380723222,11393,grant_number_fulltext
W4313559817,11393,grant_number_fulltext
W4313559817,11979,grant_number_fulltext
W3157891471,11393,grant_number_fulltext
W2947157569,11393,grant_number_fulltext
W3162537918,11393,grant_number_fulltext
W3119389174,11393,grant_number_fulltext
W4317438946,11407,grant_number_fulltext
W4320895621,11457,grant_number_fulltext
W4200457895,11457,grant_number_fulltext
W4410051485,11457,grant_number_fulltext
W4389947051,11457,grant_number_fulltext
W4224298818,11457,grant_number_fulltext
W4281940279,11463,grant_number_fulltext
W4281940279,11540,grant_number_fulltext
W4388671919,11464,grant_number_fulltext
W3171598447,11464,grant_number_fulltext
W7128709898,11464,grant_number_fulltext
W3105653302,11491,grant_number_fulltext
W4386816025,11491,grant_number_fulltext
W3183594013,11491,grant_number_fulltext
W2883831719,11507,grant_number_fulltext
W4214913062,11507,grant_number_fulltext
W4405530331,11507,grant_number_fulltext
W4405530331,11957,grant_number_fulltext
W4206473222,11507,grant_number_fulltext
W4407898196,11507,grant_number_fulltext
W3034417639,11515,grant_number_fulltext
W7117398048,11515,grant_number_fulltext
W4417090403,11515,grant_number_fulltext
W4315620678,11518,grant_number_fulltext
W3161862264,11518,grant_number_fulltext
W2995896341,11537,grant_number_fulltext
W4200028755,11537,grant_number_fulltext
W4387825678,11540,grant_number_fulltext
W4413753010,11540,grant_number_fulltext
W4393396908,11547,grant_number_fulltext
W4303513414,11547,grant_number_fulltext
W4294251912,11547,grant_number_fulltext
W4386473635,11558,grant_number_fulltext
W3203625688,11574,grant_number_fulltext
W4400683472,11575,grant_number_fulltext
W4308053318,11597,grant_number_fulltext
W4399851041,11597,grant_number_fulltext
W4213000275,11597,grant_number_fulltext
W7124239508,11629,grant_number_fulltext
W7168414162,11629,grant_number_fulltext
W4398239071,11629,grant_number_fulltext
W4385249510,11641,grant_number_fulltext
W4220891004,11648,grant_number_fulltext
W4367183582,11648,grant_number_fulltext
W3134549394,11648,grant_number_fulltext
W3199011255,11648,grant_number_fulltext
W4362459020,11648,grant_number_fulltext
W4403090167,11648,grant_number_fulltext
W7118173585,11648,grant_number_fulltext
W4293421567,11648,grant_number_fulltext
W4412839953,11648,grant_number_fulltext
W3097770322,11651,grant_number_fulltext
W4281288373,11651,grant_number_fulltext
W4213096625,11651,grant_number_fulltext
W3131058423,11651,grant_number_fulltext
W4400663671,11651,grant_number_fulltext
W4404452046,11651,grant_number_fulltext
W4240522845,11655,grant_number_fulltext
W4240522845,11671,grant_number_fulltext
W4393410416,11655,grant_number_fulltext
W4389312602,11664,grant_number_fulltext
W4408245445,11664,grant_number_fulltext
W7128922973,11671,grant_number_fulltext
W7118307393,11671,grant_number_fulltext
W4392400128,11700,grant_number_fulltext
W4285286628,11700,grant_number_fulltext
W2947227562,11704,grant_number_fulltext
W2939627968,11704,grant_number_fulltext
W4298455852,11704,grant_number_fulltext
W4298455852,11711,grant_number_fulltext
W4382931269,11707,grant_number_fulltext
W2967747570,11708,grant_number_fulltext
W2967747570,12034,grant_number_fulltext
W3138755644,11708,grant_number_fulltext
W4410399322,11708,grant_number_fulltext
W4409772413,11708,grant_number_fulltext
W4392131808,11710,grant_number_fulltext
W4319160999,11710,grant_number_fulltext
W2990987891,11711,grant_number_fulltext
W4379928176,11711,grant_number_fulltext
W2916045157,11711,grant_number_fulltext
W3197468996,11711,grant_number_fulltext
W4286982334,11711,grant_number_fulltext
W4221154805,11711,grant_number_fulltext
W3034551344,11711,grant_number_fulltext
W4296566790,11711,grant_number_fulltext
W4296596332,11711,grant_number_fulltext
W4386609366,11774,grant_number_fulltext
W2993312881,11774,grant_number_fulltext
W4396226002,11774,grant_number_fulltext
W4200505571,11774,grant_number_fulltext
W4220688332,11788,grant_number_fulltext
W4387810778,11788,grant_number_fulltext
W4387810466,11788,grant_number_fulltext
W4401056333,11793,grant_number_fulltext
W4401056333,11809,grant_number_fulltext
W4387811821,11809,grant_number_fulltext
W4387811820,11809,grant_number_fulltext
W4387811979,11809,grant_number_fulltext
W4399835411,11811,grant_number_fulltext
W7130641137,11811,grant_number_fulltext
W4392201606,11811,grant_number_fulltext
W4400520491,11835,grant_number_fulltext
W4386272882,11835,grant_number_fulltext
W3024207895,11839,grant_number_fulltext
W4393229475,11839,grant_number_fulltext
W4414127408,11840,grant_number_fulltext
W4406294011,11852,grant_number_fulltext
W4308771947,11863,grant_number_fulltext
W4404582083,11863,grant_number_fulltext
W7142545804,11863,grant_number_fulltext
W4417264165,11867,grant_number_fulltext
W4401333442,11889,grant_number_fulltext
W4386036092,11905,grant_number_fulltext
W4225093777,11906,grant_number_fulltext
W7129019974,11906,grant_number_fulltext
W4413787870,11916,grant_number_fulltext
W4392911523,11916,grant_number_fulltext
W4295137659,11957,grant_number_fulltext
W4280562150,11957,grant_number_fulltext
W3096987129,11957,grant_number_fulltext
W2954237796,11957,grant_number_fulltext
W3100471401,11957,grant_number_fulltext
W3083351807,11957,grant_number_fulltext
W3002367339,11957,grant_number_fulltext
W3047279511,11957,grant_number_fulltext
W4294843068,11957,grant_number_fulltext
W4411299243,11957,grant_number_fulltext
W4317435895,11957,grant_number_fulltext
W2954397692,11957,grant_number_fulltext
W4384829232,11957,grant_number_fulltext
W4293659713,11957,grant_number_fulltext
W4293659713,12033,grant_number_fulltext
W4387736653,11957,grant_number_fulltext
W4404500450,11957,grant_number_fulltext
W4402173140,11957,grant_number_fulltext
W3157377433,11957,grant_number_fulltext
W4388081505,11957,grant_number_fulltext
W4412177698,11957,grant_number_fulltext
W4378832443,11957,grant_number_fulltext
W4416436587,11960,grant_number_fulltext
W4404856649,11964,grant_number_fulltext
W3204178245,11964,grant_number_fulltext
W4398767829,11964,grant_number_fulltext
W4391232261,11979,grant_number_fulltext
W4412040380,11979,grant_number_fulltext
W3203978263,12008,grant_number_fulltext
W3014356739,12009,grant_number_fulltext
W4385170666,12009,grant_number_fulltext
W3156978075,12013,grant_number_fulltext
W4200089358,12013,grant_number_fulltext
W3137718127,12013,grant_number_fulltext
W4416391683,12013,grant_number_fulltext
W3180669755,12018,grant_number_fulltext
W4403540306,12018,grant_number_fulltext
W7124472464,12027,grant_number_fulltext
W3007785890,12027,grant_number_fulltext
W7125259289,12027,grant_number_fulltext
W7172425552,12027,grant_number_fulltext
W4401869047,12027,grant_number_fulltext
W4206091676,12027,grant_number_fulltext
W4362673887,12033,grant_number_fulltext
W3038724065,12034,grant_number_fulltext
