openalex_id,goal_id,confidence,weight,is_primary,goal_source
W2787553551,G08,0.393,1.0,True,keywords
W4294189863,G08,0.393,1.0,True,keywords
W2885738414,G08,0.393,1.0,True,keywords
W3008190574,G10,0.961,1.0,True,keywords
W4224228275,G02,0.393,1.0,True,keywords
W4210426142,G10,0.97,1.0,True,keywords
W3183035192,G02,0.97,1.0,True,keywords
W2211631799,G10,0.393,1.0,True,keywords
W2887629794,G10,0.393,1.0,True,keywords
W2560222145,G06,0.632,0.4444444444444444,False,keywords
W2560222145,G15,0.713,0.5555555555555556,True,keywords
W2154323253,G10,0.713,1.0,True,keywords
W2601822003,G07,0.393,1.0,True,keywords
W2729284305,G12,0.528,1.0,True,keywords
W2021411036,G08,0.393,1.0,True,keywords
W3165544985,G08,0.865,1.0,True,keywords
W2088303301,G12,0.528,1.0,True,keywords
W2467949803,G10,0.777,1.0,True,keywords
W4317436309,G15,0.528,1.0,True,keywords
W2780667489,G06,0.713,1.0,True,keywords
W4281783912,G10,0.976,1.0,True,keywords
W2920713811,G11,0.393,0.2222222222222222,False,keywords
W2920713811,G14,0.713,0.5555555555555556,True,keywords
W2920713811,G15,0.393,0.2222222222222222,False,keywords
W2098575047,G10,0.826,1.0,True,keywords
W4387881611,G09,0.865,1.0,True,keywords
W2978933206,G06,0.982,1.0,True,keywords
W2887683450,G08,0.528,0.375,False,keywords
W2887683450,G10,0.713,0.625,True,keywords
W2593186461,G10,0.826,1.0,True,keywords
W3123367719,G09,0.393,0.16666666666666666,False,keywords
W3123367719,G10,0.918,0.8333333333333334,True,keywords
W3033943032,G15,0.528,1.0,True,keywords
W2979404832,G15,0.826,1.0,True,keywords
W2584614071,G10,0.393,0.3333333333333333,False,keywords
W2584614071,G15,0.632,0.6666666666666666,True,keywords
W2977377907,G06,0.865,1.0,True,keywords
W1595262291,G06,0.713,0.3125,False,keywords
W1595262291,G10,0.393,0.125,False,keywords
W1595262291,G14,0.777,0.375,True,keywords
W1595262291,G15,0.528,0.1875,False,keywords
W3159964039,G12,0.777,1.0,True,keywords
W2221524813,G06,0.528,0.1875,False,keywords
W2221524813,G10,0.528,0.1875,False,keywords
W2221524813,G15,0.826,0.4375,True,keywords
W2221524813,G20,0.528,0.1875,False,keywords
W2770675262,G10,0.632,1.0,True,keywords
W4297102192,G10,0.632,1.0,True,keywords
W4291396120,G15,0.826,1.0,True,keywords
W2995196726,G15,0.961,1.0,True,keywords
W3082081404,G15,0.895,0.4090909090909091,True,keywords
W3082081404,G17,0.777,0.2727272727272727,False,keywords
W3082081404,G18,0.826,0.3181818181818182,False,keywords
W1912107433,G10,0.632,1.0,True,keywords
W2891793107,G08,0.865,1.0,True,keywords
W2994863639,G10,0.528,1.0,True,keywords
W2795654187,G08,0.393,0.10526315789473684,False,keywords
W2795654187,G15,0.986,0.8947368421052632,True,keywords
W4307906178,G15,0.826,1.0,True,keywords
W1732947965,G10,0.713,1.0,True,keywords
W2898244509,G15,0.777,0.5,True,keywords
W2898244509,G17,0.528,0.25,False,keywords
W2898244509,G18,0.528,0.25,False,keywords
W2296355999,G08,0.777,1.0,True,keywords
W2978303804,G06,0.826,1.0,True,keywords
W2753124942,G10,0.713,1.0,True,keywords
W4322719113,G03,0.777,0.75,True,keywords
W4322719113,G11,0.393,0.25,False,keywords
W2591381279,G08,0.393,1.0,True,keywords
W2761190519,G10,0.777,1.0,True,keywords
W2294867706,G10,0.826,1.0,True,keywords
W3153822274,G08,0.528,0.6,True,keywords
W3153822274,G10,0.393,0.4,False,keywords
W3211856196,G10,0.865,1.0,True,keywords
W2528857721,G10,0.528,1.0,True,keywords
W2237702026,G06,0.713,0.2631578947368421,True,keywords
W2237702026,G10,0.713,0.2631578947368421,True,keywords
W2237702026,G14,0.713,0.2631578947368421,True,keywords
W2237702026,G15,0.632,0.21052631578947367,False,keywords
W2977525334,G06,0.826,1.0,True,keywords
W1997441321,G10,0.528,0.14285714285714285,False,keywords
W1997441321,G15,0.989,0.8571428571428571,True,keywords
W4220798807,G10,0.918,1.0,True,keywords
W3095558972,G08,0.895,1.0,True,keywords
W2168313164,G12,0.632,1.0,True,keywords
W2886446819,G10,0.632,1.0,True,keywords
W3092715059,G13,0.865,1.0,True,keywords
W3197269503,G15,0.826,1.0,True,keywords
W1925560926,G10,0.632,1.0,True,keywords
W2890261792,G19,0.865,0.7272727272727273,True,keywords
W2890261792,G20,0.528,0.2727272727272727,False,keywords
W2588219859,G10,0.865,1.0,True,keywords
W3018807143,G15,0.777,1.0,True,keywords
W2977534636,G06,0.777,1.0,True,keywords
W1654900416,G10,0.826,1.0,True,keywords
W2282183033,G10,0.936,1.0,True,keywords
W2767168393,G10,0.528,1.0,True,keywords
W2506104246,G10,0.528,1.0,True,keywords
W2946533580,G01,0.393,0.3333333333333333,False,keywords
W2946533580,G10,0.632,0.6666666666666666,True,keywords
W2130931035,G06,0.713,1.0,True,keywords
W2143415901,G15,0.895,1.0,True,keywords
W2802486935,G09,0.528,1.0,True,keywords
W2924830676,G10,0.393,0.3333333333333333,False,keywords
W2924830676,G12,0.632,0.6666666666666666,True,keywords
W3034839319,G10,0.777,1.0,True,keywords
W2906333729,G10,0.895,1.0,True,keywords
W2075188110,G12,0.826,1.0,True,keywords
W2529660657,G15,0.632,1.0,True,keywords
W4281572532,G06,0.632,0.3076923076923077,True,keywords
W4281572532,G10,0.632,0.3076923076923077,True,keywords
W4281572532,G14,0.393,0.15384615384615385,False,keywords
W4281572532,G15,0.528,0.23076923076923078,False,keywords
W2941885434,G10,0.936,0.8461538461538461,True,keywords
W2941885434,G15,0.393,0.15384615384615385,False,keywords
W2989822042,G10,0.393,1.0,True,keywords
W2891196398,G06,0.632,0.6666666666666666,True,keywords
W2891196398,G14,0.393,0.3333333333333333,False,keywords
W4309340100,G08,0.393,1.0,True,keywords
W3217578193,G08,0.936,1.0,True,keywords
W2510622673,G10,0.393,0.2857142857142857,False,keywords
W2510622673,G11,0.528,0.42857142857142855,True,keywords
W2510622673,G15,0.393,0.2857142857142857,False,keywords
W2896229709,G06,0.632,0.5714285714285714,True,keywords
W2896229709,G15,0.528,0.42857142857142855,False,keywords
W2998890161,G10,0.528,0.5,True,keywords
W2998890161,G15,0.528,0.5,True,keywords
W3117296813,G10,0.393,0.5,True,keywords
W3117296813,G15,0.393,0.5,True,keywords
W4281935793,G10,0.528,1.0,True,keywords
W2888052116,G10,0.713,1.0,True,keywords
W2796969854,G15,0.777,1.0,True,keywords
W4225673975,G09,0.528,0.21428571428571427,False,keywords
W4225673975,G10,0.936,0.7857142857142857,True,keywords
W2096050463,G06,0.632,0.17391304347826086,False,keywords
W2096050463,G15,0.991,0.8260869565217391,True,keywords
W4200376377,G08,0.393,1.0,True,keywords
W2360400769,G10,0.632,0.4444444444444444,False,keywords
W2360400769,G12,0.713,0.5555555555555556,True,keywords
W3016829871,G09,0.895,0.6923076923076923,True,keywords
W3016829871,G10,0.632,0.3076923076923077,False,keywords
W2407786422,G10,0.632,0.2857142857142857,False,keywords
W2407786422,G15,0.918,0.7142857142857143,True,keywords
W1549788499,G15,0.895,1.0,True,keywords
W3187456071,G15,0.95,1.0,True,keywords
W2599941031,G10,0.713,1.0,True,keywords
W2558632861,G10,0.528,1.0,True,keywords
W2972807452,G06,0.632,0.3076923076923077,False,keywords
W2972807452,G15,0.895,0.6923076923076923,True,keywords
W3099450060,G15,0.528,1.0,True,keywords
W4285489693,G08,0.777,1.0,True,keywords
W2973049984,G15,0.986,1.0,True,keywords
W4281656673,G10,0.528,1.0,True,keywords
W1733892693,G01,0.777,1.0,True,keywords
W2284968387,G15,0.989,1.0,True,keywords
W3158302787,G10,0.713,1.0,True,keywords
W2712241689,G10,0.528,0.5,True,keywords
W2712241689,G15,0.528,0.5,True,keywords
W2803514270,G10,0.393,1.0,True,keywords
W2902560094,G08,0.393,1.0,True,keywords
W2961878824,G10,0.632,0.23529411764705882,False,keywords
W2961878824,G15,0.961,0.7647058823529411,True,keywords
W3037389741,G10,0.713,0.3333333333333333,False,keywords
W3037389741,G11,0.393,0.13333333333333333,False,keywords
W3037389741,G15,0.865,0.5333333333333333,True,keywords
W3147546722,G10,0.713,1.0,True,keywords
W2793065143,G10,0.895,1.0,True,keywords
W2009643131,G09,0.777,1.0,True,keywords
W2507785546,G10,0.777,1.0,True,keywords
W3194886204,G15,0.97,1.0,True,keywords
W2930930235,G10,0.895,1.0,True,keywords
W2802864458,G12,0.713,1.0,True,keywords
W2306874502,G09,0.393,1.0,True,keywords
W2914244619,G10,0.777,1.0,True,keywords
W3109510743,G10,0.393,1.0,True,keywords
W4205359462,G11,0.393,0.2,False,keywords
W4205359462,G13,0.865,0.8,True,keywords
W4293861017,G10,0.895,1.0,True,keywords
W2889474794,G15,0.989,1.0,True,keywords
W3188857677,G10,0.826,1.0,True,keywords
W2978630711,G06,0.393,1.0,True,keywords
W2984548265,G10,0.393,1.0,True,keywords
W3134633054,G10,0.393,0.2222222222222222,False,keywords
W3134633054,G12,0.713,0.5555555555555556,True,keywords
W3134633054,G13,0.393,0.2222222222222222,False,keywords
W2415093419,G10,0.95,1.0,True,keywords
W2993962988,G09,0.865,0.42105263157894735,False,keywords
W2993962988,G10,0.936,0.5789473684210527,True,keywords
W4377100807,G01,0.393,0.5,True,keywords
W4377100807,G08,0.393,0.5,True,keywords
W4205756350,G07,0.393,1.0,True,keywords
W2580640093,G09,0.632,0.6666666666666666,True,keywords
W2580640093,G10,0.393,0.3333333333333333,False,keywords
W2767342699,G15,0.632,1.0,True,keywords
W3006160604,G10,0.713,1.0,True,keywords
W3110426648,G10,0.393,0.3333333333333333,False,keywords
W3110426648,G15,0.632,0.6666666666666666,True,keywords
W4323307211,G10,0.393,1.0,True,keywords
W2766788633,G15,0.632,1.0,True,keywords
W3116990679,G13,0.982,1.0,True,keywords
W3199965611,G15,0.826,1.0,True,keywords
W2610540587,G08,0.393,1.0,True,keywords
W2991153814,G15,0.777,1.0,True,keywords
W3173384632,G08,0.936,1.0,True,keywords
W4385619892,G02,0.528,1.0,True,keywords
W2511621904,G01,0.393,0.1111111111111111,False,keywords
W2511621904,G06,0.393,0.1111111111111111,False,keywords
W2511621904,G14,0.393,0.1111111111111111,False,keywords
W2511621904,G15,0.95,0.6666666666666666,True,keywords
W2985357104,G10,0.632,1.0,True,keywords
W3135357115,G01,0.713,1.0,True,keywords
W2807512440,G08,0.393,1.0,True,keywords
W4200446586,G15,0.632,1.0,True,keywords
W2107077378,G10,0.632,0.4,False,keywords
W2107077378,G15,0.777,0.6,True,keywords
W2977543658,G15,0.865,1.0,True,keywords
W4283590524,G08,0.393,1.0,True,keywords
W3175376921,G19,0.895,1.0,True,keywords
W4283012881,G13,0.393,0.1111111111111111,False,keywords
W4283012881,G15,0.982,0.8888888888888888,True,keywords
W4312019396,G06,0.713,0.7142857142857143,True,keywords
W4312019396,G15,0.393,0.2857142857142857,False,keywords
W2954226707,G10,0.713,0.29411764705882354,False,keywords
W2954226707,G13,0.713,0.29411764705882354,False,keywords
W2954226707,G15,0.826,0.4117647058823529,True,keywords
W3209003644,G10,0.918,0.8333333333333334,True,keywords
W3209003644,G15,0.393,0.16666666666666666,False,keywords
W4200267402,G10,0.713,1.0,True,keywords
W4387611472,G13,0.865,0.5,True,keywords
W4387611472,G15,0.865,0.5,True,keywords
W3087394253,G15,0.865,0.8,True,keywords
W3087394253,G20,0.393,0.2,False,keywords
W3104849482,G15,0.976,1.0,True,keywords
W3136617263,G10,0.865,1.0,True,keywords
W4388625738,G10,0.528,1.0,True,keywords
W7116956343,G10,0.528,1.0,True,keywords
W3080832806,G09,0.393,1.0,True,keywords
W3202442063,G10,0.713,1.0,True,keywords
W3205971743,G15,0.961,1.0,True,keywords
W2889582462,G15,0.991,1.0,True,keywords
W2944072352,G08,0.393,0.3333333333333333,False,keywords
W2944072352,G09,0.632,0.6666666666666666,True,keywords
W3194715346,G12,0.713,1.0,True,keywords
W4361303354,G12,0.393,1.0,True,keywords
W3118702334,G06,0.393,0.3333333333333333,True,keywords
W3118702334,G08,0.393,0.3333333333333333,True,keywords
W3118702334,G13,0.393,0.3333333333333333,True,keywords
W3217655754,G10,0.528,1.0,True,keywords
W4214681554,G15,0.632,1.0,True,keywords
W4386154542,G09,0.865,0.6666666666666666,True,keywords
W4386154542,G10,0.632,0.3333333333333333,False,keywords
W3035900404,G10,0.632,0.6666666666666666,True,keywords
W3035900404,G15,0.393,0.3333333333333333,False,keywords
W4367369441,G10,0.393,0.14285714285714285,False,keywords
W4367369441,G13,0.393,0.14285714285714285,False,keywords
W4367369441,G15,0.918,0.7142857142857143,True,keywords
W4400080220,G09,0.713,0.4166666666666667,False,keywords
W4400080220,G10,0.826,0.5833333333333334,True,keywords
W3034501693,G15,0.826,1.0,True,keywords
W4283119420,G13,0.393,1.0,True,keywords
W3216880031,G09,0.713,1.0,True,keywords
W3165362621,G10,0.393,0.5,True,keywords
W3165362621,G13,0.393,0.5,True,keywords
W4289985856,G10,0.528,1.0,True,keywords
W4308896191,G15,0.918,0.7142857142857143,True,keywords
W4308896191,G17,0.632,0.2857142857142857,False,keywords
W4280518110,G08,0.713,1.0,True,keywords
W4283651129,G10,0.528,0.3,False,keywords
W4283651129,G15,0.528,0.3,False,keywords
W4283651129,G17,0.632,0.4,True,keywords
W4289110780,G15,0.936,1.0,True,keywords
W4289912251,G10,0.632,1.0,True,keywords
W4391744365,G10,0.632,1.0,True,keywords
W3029882438,G15,0.982,1.0,True,keywords
W3208032197,G15,0.528,1.0,True,keywords
W2769711389,G09,0.393,0.3333333333333333,False,keywords
W2769711389,G10,0.632,0.6666666666666666,True,keywords
W2790940464,G08,0.961,1.0,True,keywords
W3131184129,G08,0.393,0.5,True,keywords
W3131184129,G15,0.393,0.5,True,keywords
W3134743274,G10,0.777,1.0,True,keywords
W4296194978,G08,0.865,1.0,True,keywords
W4391188513,G15,0.528,1.0,True,keywords
W4391481140,G10,0.393,1.0,True,keywords
W2947910247,G09,0.632,1.0,True,keywords
W4402441558,G08,0.393,0.2857142857142857,False,keywords
W4402441558,G13,0.393,0.2857142857142857,False,keywords
W4402441558,G15,0.528,0.42857142857142855,True,keywords
W2594312312,G15,0.918,1.0,True,keywords
W2883806551,G10,0.777,1.0,True,keywords
W4200305498,G06,0.393,0.15384615384615385,False,keywords
W4200305498,G10,0.713,0.38461538461538464,False,keywords
W4200305498,G14,0.777,0.46153846153846156,True,keywords
W3012434065,G10,0.393,0.1,False,keywords
W3012434065,G15,0.989,0.9,True,keywords
W3198857831,G10,0.393,1.0,True,keywords
W4320485380,G08,0.393,1.0,True,keywords
W4385999810,G09,0.393,0.5,True,keywords
W4385999810,G10,0.393,0.5,True,keywords
W4392365663,G10,0.528,1.0,True,keywords
W4307634748,G15,0.961,1.0,True,keywords
W3197860143,G15,0.777,1.0,True,keywords
W4221002169,G15,0.826,1.0,True,keywords
W4391823433,G10,0.632,1.0,True,keywords
W4404587515,G10,0.528,1.0,True,keywords
W4389083762,G10,0.393,1.0,True,keywords
W4394909267,G09,0.632,0.3076923076923077,False,keywords
W4394909267,G10,0.895,0.6923076923076923,True,keywords
W4319729412,G08,0.393,1.0,True,keywords
W7116066808,G02,0.528,0.42857142857142855,False,keywords
W7116066808,G04,0.632,0.5714285714285714,True,keywords
W4382056481,G15,0.895,1.0,True,keywords
W4391656572,G09,0.982,1.0,True,keywords
W4391884675,G10,0.713,1.0,True,keywords
W4308314282,G10,0.393,1.0,True,keywords
W4385334470,G08,0.393,1.0,True,keywords
W4394770735,G09,0.393,0.3333333333333333,False,keywords
W4394770735,G10,0.632,0.6666666666666666,True,keywords
W4401725579,G09,0.865,0.32,False,keywords
W4401725579,G10,0.895,0.36,True,keywords
W4401725579,G11,0.865,0.32,False,keywords
W4406695644,G10,0.777,1.0,True,keywords
W4379598625,G10,0.95,1.0,True,keywords
W4404761470,G15,0.393,1.0,True,keywords
W4407727769,G08,0.393,0.4,False,keywords
W4407727769,G09,0.528,0.6,True,keywords
W4377234388,G10,0.528,0.25,False,keywords
W4377234388,G15,0.895,0.75,True,keywords
W4387364912,G10,0.713,1.0,True,keywords
W4391279093,G10,0.528,0.16666666666666666,False,keywords
W4391279093,G15,0.976,0.8333333333333334,True,keywords
W4401888488,G15,0.95,1.0,True,keywords
W4407159803,G11,0.528,0.5,True,keywords
W4407159803,G15,0.528,0.5,True,keywords
W4399422624,G10,0.777,1.0,True,keywords
W4413258373,G08,0.97,1.0,True,keywords
W4405185899,G15,0.918,1.0,True,keywords
W4405618181,G08,0.393,0.08,False,keywords
W4405618181,G12,0.713,0.2,False,keywords
W4405618181,G15,0.895,0.36,True,keywords
W4405618181,G20,0.895,0.36,True,keywords
W4410641243,G10,0.632,1.0,True,keywords
W4407551718,G13,0.393,1.0,True,keywords
W4417286414,G09,0.777,1.0,True,keywords
W4299985533,G10,0.393,1.0,True,keywords
W4405836580,G06,0.826,0.7,True,keywords
W4405836580,G14,0.528,0.3,False,keywords
W4415447820,G08,0.393,0.25,False,keywords
W4415447820,G09,0.528,0.375,True,keywords
W4415447820,G10,0.528,0.375,True,keywords
W4406674430,G10,0.393,0.16666666666666666,False,keywords
W4406674430,G15,0.918,0.8333333333333334,True,keywords
W2103551820,G08,0.777,1.0,True,keywords
W2134158216,G12,0.632,1.0,True,keywords
W2000627558,G08,0.393,1.0,True,keywords
W2095915999,G15,0.982,1.0,True,keywords
W2138474390,G10,0.393,0.11764705882352941,False,keywords
W2138474390,G15,0.976,0.8823529411764706,True,keywords
W2144179235,G06,0.632,1.0,True,keywords
W2147472500,G15,0.961,1.0,True,keywords
W2234422543,G10,0.393,0.3333333333333333,False,keywords
W2234422543,G17,0.632,0.6666666666666666,True,keywords
W2526895401,G10,0.865,1.0,True,keywords
W2594380685,G07,0.918,1.0,True,keywords
W2805804470,G06,0.865,0.42105263157894735,True,keywords
W2805804470,G10,0.393,0.10526315789473684,False,keywords
W2805804470,G14,0.393,0.10526315789473684,False,keywords
W2805804470,G15,0.826,0.3684210526315789,False,keywords
W2145825278,G10,0.528,1.0,True,keywords
W2204530481,G10,0.528,0.5,True,keywords
W2204530481,G13,0.528,0.5,True,keywords
W2273029502,G10,0.528,1.0,True,keywords
W2832471027,G10,0.895,1.0,True,keywords
W2080025024,G15,0.777,1.0,True,keywords
W2937285782,G10,0.528,1.0,True,keywords
W1576629621,G10,0.97,1.0,True,keywords
W2099189269,G08,0.97,0.7777777777777778,True,keywords
W2099189269,G09,0.632,0.2222222222222222,False,keywords
W2592929481,G15,0.632,1.0,True,keywords
W2151222245,G12,0.528,1.0,True,keywords
W1897892221,G10,0.528,1.0,True,keywords
W1600222087,G10,0.632,1.0,True,keywords
W2029065958,G15,0.528,1.0,True,keywords
W2576148171,G15,0.993,0.9090909090909091,True,keywords
W2576148171,G20,0.393,0.09090909090909091,False,keywords
W2463486437,G10,0.777,0.4,False,keywords
W2463486437,G13,0.895,0.6,True,keywords
W2515851180,G09,0.632,1.0,True,keywords
W2160597381,G08,0.393,0.25,False,keywords
W2160597381,G10,0.777,0.75,True,keywords
W2165200673,G15,0.918,1.0,True,keywords
W2913113859,G10,0.632,1.0,True,keywords
W2048999998,G15,0.777,1.0,True,keywords
W2508536179,G10,0.777,1.0,True,keywords
W2575460124,G11,0.393,0.125,False,keywords
W2575460124,G15,0.97,0.875,True,keywords
W2766946858,G10,0.632,1.0,True,keywords
W2086395084,G10,0.777,1.0,True,keywords
W2186804713,G10,0.528,0.3333333333333333,False,keywords
W2186804713,G15,0.777,0.6666666666666666,True,keywords
W2291000136,G10,0.936,1.0,True,keywords
W2588960355,G10,0.865,1.0,True,keywords
W2594643477,G06,0.713,0.16666666666666666,False,keywords
W2594643477,G10,0.865,0.26666666666666666,True,keywords
W2594643477,G11,0.865,0.26666666666666666,True,keywords
W2594643477,G14,0.777,0.2,False,keywords
W2594643477,G15,0.528,0.1,False,keywords
W2142771052,G10,0.777,1.0,True,keywords
W2807825160,G15,0.918,0.7142857142857143,True,keywords
W2807825160,G20,0.632,0.2857142857142857,False,keywords
W2944390263,G06,0.632,0.3076923076923077,True,keywords
W2944390263,G10,0.528,0.23076923076923078,False,keywords
W2944390263,G14,0.632,0.3076923076923077,True,keywords
W2944390263,G15,0.393,0.15384615384615385,False,keywords
W2759280883,G15,0.865,1.0,True,keywords
W2904637409,G15,0.528,1.0,True,keywords
W2765762403,G06,0.528,0.2,False,keywords
W2765762403,G10,0.777,0.4,True,keywords
W2765762403,G11,0.777,0.4,True,keywords
W2143203571,G01,0.528,0.3333333333333333,False,keywords
W2143203571,G02,0.777,0.6666666666666666,True,keywords
W2745685056,G09,0.393,0.18181818181818182,False,keywords
W2745685056,G10,0.895,0.8181818181818182,True,keywords
W3083225270,G10,0.393,1.0,True,keywords
W2470634419,G08,0.95,1.0,True,keywords
W2604465317,G10,0.713,1.0,True,keywords
W2605630208,G10,0.528,1.0,True,keywords
W2135669047,G13,0.95,0.8571428571428571,True,keywords
W2135669047,G19,0.393,0.14285714285714285,False,keywords
W2789420020,G15,0.895,1.0,True,keywords
W2801895497,G07,0.826,0.7,True,keywords
W2801895497,G10,0.528,0.3,False,keywords
W2344284845,G15,0.826,1.0,True,keywords
W2889984398,G15,0.895,1.0,True,keywords
W1915528710,G15,0.961,1.0,True,keywords
W2765248901,G08,0.865,1.0,True,keywords
W2914751056,G10,0.393,0.1,False,keywords
W2914751056,G15,0.989,0.9,True,keywords
W1979578489,G15,0.895,1.0,True,keywords
W2941616792,G11,0.393,0.3333333333333333,False,keywords
W2941616792,G15,0.632,0.6666666666666666,True,keywords
W2941617606,G10,0.865,1.0,True,keywords
W2971934329,G15,0.996,1.0,True,keywords
W2156320345,G02,0.528,0.6,True,keywords
W2156320345,G10,0.393,0.4,False,keywords
W2968070205,G09,0.632,1.0,True,keywords
W3113898352,G15,0.989,1.0,True,keywords
W2518226578,G15,0.632,1.0,True,keywords
W2549800620,G10,0.826,1.0,True,keywords
W2595493677,G06,0.393,0.13333333333333333,False,keywords
W2595493677,G10,0.632,0.26666666666666666,False,keywords
W2595493677,G14,0.632,0.26666666666666666,False,keywords
W2595493677,G15,0.713,0.3333333333333333,True,keywords
W2809566105,G15,0.713,1.0,True,keywords
W2982530995,G10,0.95,1.0,True,keywords
W3032245296,G08,0.393,1.0,True,keywords
W2309290604,G10,0.528,1.0,True,keywords
W2929019815,G06,0.632,0.18181818181818182,False,keywords
W2929019815,G15,0.989,0.8181818181818182,True,keywords
W2937019089,G10,0.632,1.0,True,keywords
W2982235563,G08,0.393,1.0,True,keywords
W3217189381,G08,0.895,1.0,True,keywords
W2040410208,G15,0.895,1.0,True,keywords
W2761919937,G10,0.632,1.0,True,keywords
W2794596468,G10,0.528,0.25,False,keywords
W2794596468,G15,0.895,0.75,True,keywords
W1513648289,G06,0.713,0.2631578947368421,False,keywords
W1513648289,G15,0.97,0.7368421052631579,True,keywords
W1999241635,G10,0.777,1.0,True,keywords
W2128113360,G12,0.528,1.0,True,keywords
W2157483882,G09,0.528,0.3333333333333333,False,keywords
W2157483882,G10,0.777,0.6666666666666666,True,keywords
W2187790655,G10,0.632,1.0,True,keywords
W2407048296,G15,0.632,1.0,True,keywords
W2086644123,G15,0.826,1.0,True,keywords
W2539504178,G10,0.528,1.0,True,keywords
W2737489788,G10,0.632,0.3076923076923077,False,keywords
W2737489788,G12,0.895,0.6923076923076923,True,keywords
W2989645003,G10,0.528,1.0,True,keywords
W3034694606,G08,0.393,1.0,True,keywords
W2012320548,G10,0.528,1.0,True,keywords
W2474319219,G06,0.528,0.15,False,keywords
W2474319219,G14,0.713,0.25,False,keywords
W2474319219,G15,0.95,0.6,True,keywords
W2523525791,G13,0.918,1.0,True,keywords
W2592744839,G10,0.528,1.0,True,keywords
W2769979032,G10,0.895,1.0,True,keywords
W2801462092,G13,0.528,0.23076923076923078,False,keywords
W2801462092,G15,0.918,0.7692307692307693,True,keywords
W2804670289,G15,0.986,1.0,True,keywords
W2897036123,G09,0.777,1.0,True,keywords
W2963336846,G10,0.393,1.0,True,keywords
W1449268767,G09,0.528,1.0,True,keywords
W2117951087,G15,0.777,1.0,True,keywords
W2118684974,G15,0.918,1.0,True,keywords
W2336907809,G10,0.632,1.0,True,keywords
W2751249009,G06,0.393,0.125,False,keywords
W2751249009,G15,0.97,0.875,True,keywords
W2895025517,G10,0.632,1.0,True,keywords
W2098131509,G09,0.393,0.5,True,keywords
W2098131509,G10,0.393,0.5,True,keywords
W2622371535,G10,0.936,1.0,True,keywords
W2748462946,G10,0.826,1.0,True,keywords
W2752247951,G08,0.393,1.0,True,keywords
W2766911622,G08,0.393,1.0,True,keywords
W2905268155,G09,0.528,1.0,True,keywords
W2116517908,G10,0.777,1.0,True,keywords
W2531532489,G15,0.528,1.0,True,keywords
W2803093576,G10,0.528,1.0,True,keywords
W2916102952,G10,0.777,0.6,True,keywords
W2916102952,G12,0.632,0.4,False,keywords
W2962724790,G10,0.393,0.3333333333333333,False,keywords
W2962724790,G13,0.632,0.6666666666666666,True,keywords
W2033381976,G10,0.895,1.0,True,keywords
W2135345063,G08,0.777,1.0,True,keywords
W2266910664,G10,0.528,1.0,True,keywords
W2903230932,G06,0.713,1.0,True,keywords
W2947921665,G06,0.713,1.0,True,keywords
W3191145853,G10,0.393,1.0,True,keywords
W2141845704,G09,0.528,1.0,True,keywords
W2217151515,G09,0.528,1.0,True,keywords
W2306945286,G10,0.393,1.0,True,keywords
W2542447061,G10,0.528,1.0,True,keywords
W2603094864,G10,0.528,1.0,True,keywords
W3012484416,G10,0.961,1.0,True,keywords
W1724671603,G08,0.393,1.0,True,keywords
W2239540593,G10,0.528,0.5,True,keywords
W2239540593,G13,0.528,0.5,True,keywords
W2580525033,G10,0.528,1.0,True,keywords
W2620304623,G15,0.936,1.0,True,keywords
W2763263360,G10,0.777,0.6,True,keywords
W2763263360,G12,0.632,0.4,False,keywords
W2792467732,G01,0.826,1.0,True,keywords
W2953524596,G10,0.918,1.0,True,keywords
W3026033158,G09,0.393,1.0,True,keywords
W3026422528,G15,0.713,1.0,True,keywords
W3143733020,G02,0.393,1.0,True,keywords
W2081222452,G13,0.528,1.0,True,keywords
W2770005666,G10,0.826,1.0,True,keywords
W2891056223,G15,0.95,0.7058823529411765,True,keywords
W2891056223,G19,0.713,0.29411764705882354,False,keywords
W2949766837,G06,0.528,1.0,True,keywords
W2974200404,G01,0.936,1.0,True,keywords
W3043058966,G10,0.97,1.0,True,keywords
W3122258020,G10,0.936,1.0,True,keywords
W2614791733,G10,0.777,1.0,True,keywords
W2720477701,G10,0.393,0.3333333333333333,False,keywords
W2720477701,G15,0.632,0.6666666666666666,True,keywords
W2797703427,G10,0.393,1.0,True,keywords
W2809231726,G10,0.393,1.0,True,keywords
W2911904911,G10,0.528,0.42857142857142855,False,keywords
W2911904911,G12,0.632,0.5714285714285714,True,keywords
W3094325447,G06,0.393,0.3333333333333333,True,keywords
W3094325447,G10,0.393,0.3333333333333333,True,keywords
W3094325447,G13,0.393,0.3333333333333333,True,keywords
W3137001280,G10,0.713,1.0,True,keywords
W2133308623,G15,0.826,1.0,True,keywords
W2774434691,G06,0.528,0.3333333333333333,False,keywords
W2774434691,G10,0.777,0.6666666666666666,True,keywords
W2889397974,G10,0.865,1.0,True,keywords
W2995992672,G07,0.528,0.6,True,keywords
W2995992672,G15,0.393,0.4,False,keywords
W3016265982,G10,0.632,0.16666666666666666,False,keywords
W3016265982,G15,0.993,0.8333333333333334,True,keywords
W3080759774,G08,0.918,1.0,True,keywords
W3128619662,G10,0.528,1.0,True,keywords
W1760515918,G08,0.393,1.0,True,keywords
W2121744252,G15,0.936,1.0,True,keywords
W2587074836,G10,0.632,1.0,True,keywords
W2771237351,G10,0.393,1.0,True,keywords
W2872767293,G10,0.528,0.42857142857142855,False,keywords
W2872767293,G13,0.632,0.5714285714285714,True,keywords
W2884567955,G12,0.528,1.0,True,keywords
W1983236139,G11,0.393,1.0,True,keywords
W2548793506,G10,0.632,1.0,True,keywords
W2902960964,G15,0.918,1.0,True,keywords
W3156059153,G13,0.777,1.0,True,keywords
W3191379511,G10,0.777,1.0,True,keywords
W2006664549,G10,0.528,1.0,True,keywords
W2028547119,G10,0.777,0.6666666666666666,True,keywords
W2028547119,G12,0.528,0.3333333333333333,False,keywords
W3016586731,G10,0.528,1.0,True,keywords
W3028400898,G10,0.826,1.0,True,keywords
W3041949147,G15,0.961,1.0,True,keywords
W3091071103,G12,0.632,0.4444444444444444,False,keywords
W3091071103,G15,0.713,0.5555555555555556,True,keywords
W4210274327,G15,0.95,1.0,True,keywords
W2131215874,G10,0.632,1.0,True,keywords
W2589012875,G12,0.632,1.0,True,keywords
W2785994793,G08,0.97,1.0,True,keywords
W2883357280,G08,0.895,0.75,True,keywords
W2883357280,G09,0.528,0.25,False,keywords
W2908082109,G20,0.393,1.0,True,keywords
W2921255655,G15,0.895,1.0,True,keywords
W2941531043,G15,0.989,1.0,True,keywords
W2988345755,G10,0.393,1.0,True,keywords
W3046384148,G08,0.393,0.3333333333333333,False,keywords
W3046384148,G12,0.632,0.6666666666666666,True,keywords
W3085759007,G13,0.713,1.0,True,keywords
W1559731801,G15,0.777,1.0,True,keywords
W1889391893,G09,0.632,0.4,False,keywords
W1889391893,G10,0.777,0.6,True,keywords
W2264684890,G20,0.632,1.0,True,keywords
W2790414709,G10,0.777,1.0,True,keywords
W2797413460,G10,0.393,1.0,True,keywords
W2944162800,G15,0.528,1.0,True,keywords
W3016468253,G10,0.777,1.0,True,keywords
W3028239665,G15,0.393,1.0,True,keywords
W3113250490,G08,0.393,0.2857142857142857,False,keywords
W3113250490,G12,0.713,0.7142857142857143,True,keywords
W4211056036,G09,0.918,1.0,True,keywords
W2791263178,G10,0.777,1.0,True,keywords
W2913616208,G10,0.528,1.0,True,keywords
W3014244998,G01,0.393,0.2,False,keywords
W3014244998,G06,0.865,0.8,True,keywords
W4212818385,G10,0.777,1.0,True,keywords
W1584035688,G07,0.865,1.0,True,keywords
W2568791142,G15,0.986,1.0,True,keywords
W2746986135,G15,0.97,1.0,True,keywords
W3092040199,G15,0.713,1.0,True,keywords
W3108533068,G10,0.393,1.0,True,keywords
W1974572556,G09,0.528,1.0,True,keywords
W2039866926,G15,0.777,1.0,True,keywords
W2069882721,G08,0.777,1.0,True,keywords
W2409748667,G10,0.826,1.0,True,keywords
W245328708,G10,0.528,1.0,True,keywords
W2754067297,G10,0.777,1.0,True,keywords
W3097785811,G19,0.777,0.6666666666666666,True,keywords
W3097785811,G20,0.528,0.3333333333333333,False,keywords
W4284710556,G12,0.632,1.0,True,keywords
W2518915521,G10,0.528,1.0,True,keywords
W2617910537,G10,0.713,1.0,True,keywords
W2790177905,G10,0.777,1.0,True,keywords
W2962490452,G12,0.632,1.0,True,keywords
W2971353581,G08,0.777,1.0,True,keywords
W3186736675,G15,0.936,1.0,True,keywords
W3197733623,G02,0.528,0.3,False,keywords
W3197733623,G06,0.393,0.2,False,keywords
W3197733623,G20,0.713,0.5,True,keywords
W4207080955,G10,0.632,1.0,True,keywords
W2177203589,G10,0.393,1.0,True,keywords
W2591030917,G11,0.777,1.0,True,keywords
W2759454441,G10,0.632,1.0,True,keywords
W2806730171,G10,0.528,1.0,True,keywords
W2950340667,G06,0.713,0.2777777777777778,False,keywords
W2950340667,G10,0.632,0.2222222222222222,False,keywords
W2950340667,G14,0.393,0.1111111111111111,False,keywords
W2950340667,G15,0.826,0.3888888888888889,True,keywords
W3010763425,G11,0.393,1.0,True,keywords
W3112964456,G10,0.393,1.0,True,keywords
W4224308608,G09,0.713,0.7142857142857143,True,keywords
W4224308608,G11,0.393,0.2857142857142857,False,keywords
W4225151349,G09,0.713,0.4166666666666667,False,keywords
W4225151349,G10,0.826,0.5833333333333334,True,keywords
W1978558464,G10,0.777,1.0,True,keywords
W2581876974,G10,0.393,1.0,True,keywords
W3081282528,G15,0.97,1.0,True,keywords
W3087758700,G09,0.918,1.0,True,keywords
W3114147615,G09,0.632,0.4444444444444444,False,keywords
W3114147615,G10,0.713,0.5555555555555556,True,keywords
W3213785881,G13,0.918,1.0,True,keywords
W4205557771,G09,0.632,0.6666666666666666,True,keywords
W4205557771,G10,0.393,0.3333333333333333,False,keywords
W4221101036,G13,0.918,1.0,True,keywords
W2738747010,G08,0.528,1.0,True,keywords
W2767572949,G15,0.918,1.0,True,keywords
W2800960617,G15,0.936,0.8461538461538461,True,keywords
W2800960617,G20,0.393,0.15384615384615385,False,keywords
W2910063336,G08,0.393,1.0,True,keywords
W3005690685,G10,0.895,1.0,True,keywords
W3040689219,G08,0.991,1.0,True,keywords
W3108816814,G08,0.393,1.0,True,keywords
W3158390782,G15,0.528,0.375,False,keywords
W3158390782,G20,0.713,0.625,True,keywords
W4200283516,G08,0.393,1.0,True,keywords
W4310018769,G12,0.777,1.0,True,keywords
W2966972429,G10,0.393,1.0,True,keywords
W2980772377,G09,0.393,0.13333333333333333,False,keywords
W2980772377,G14,0.632,0.26666666666666666,False,keywords
W2980772377,G15,0.895,0.6,True,keywords
W2999189664,G10,0.713,1.0,True,keywords
W3047126785,G10,0.865,1.0,True,keywords
W3121690122,G12,0.713,0.29411764705882354,False,keywords
W3121690122,G15,0.95,0.7058823529411765,True,keywords
W3216067631,G12,0.632,1.0,True,keywords
W4224718952,G10,0.826,1.0,True,keywords
W4317566891,G15,0.918,1.0,True,keywords
W4320858027,G10,0.393,1.0,True,keywords
W2789008355,G06,0.632,1.0,True,keywords
W2794564687,G10,0.632,1.0,True,keywords
W2996981373,G13,0.918,1.0,True,keywords
W3091929989,G10,0.632,1.0,True,keywords
W3097694797,G10,0.393,0.2857142857142857,False,keywords
W3097694797,G15,0.713,0.7142857142857143,True,keywords
W3189341432,G10,0.528,1.0,True,keywords
W3202477129,G10,0.777,0.5,True,keywords
W3202477129,G15,0.777,0.5,True,keywords
W3202865171,G11,0.393,1.0,True,keywords
W4210547682,G08,0.393,1.0,True,keywords
W4213273874,G15,0.976,1.0,True,keywords
W4214847269,G10,0.528,1.0,True,keywords
W4319602397,G08,0.393,1.0,True,keywords
W4384563749,G10,0.393,0.25,False,keywords
W4384563749,G12,0.632,0.5,True,keywords
W4384563749,G13,0.393,0.25,False,keywords
W4386025900,G15,0.918,1.0,True,keywords
W2286950196,G07,0.632,1.0,True,keywords
W2949228069,G09,0.632,1.0,True,keywords
W3003609196,G15,0.95,1.0,True,keywords
W3013707539,G06,0.393,1.0,True,keywords
W3037864687,G09,0.713,1.0,True,keywords
W3092412212,G01,0.936,0.3333333333333333,False,keywords
W3092412212,G02,0.97,0.42424242424242425,True,keywords
W3092412212,G12,0.865,0.24242424242424243,False,keywords
W3095829049,G15,0.895,1.0,True,keywords
W3156279706,G15,0.961,0.8666666666666667,True,keywords
W3156279706,G20,0.393,0.13333333333333333,False,keywords
W3157348531,G08,0.393,1.0,True,keywords
W3163307119,G09,0.393,1.0,True,keywords
W3195871423,G10,0.528,0.42857142857142855,False,keywords
W3195871423,G13,0.632,0.5714285714285714,True,keywords
W3197115792,G09,0.632,0.2857142857142857,False,keywords
W3197115792,G15,0.918,0.7142857142857143,True,keywords
W4200047173,G10,0.393,1.0,True,keywords
W4221120105,G08,0.393,1.0,True,keywords
W4223457563,G13,0.895,1.0,True,keywords
W4225163395,G10,0.393,1.0,True,keywords
W4283580409,G08,0.393,1.0,True,keywords
W4307021426,G08,0.393,0.25,False,keywords
W4307021426,G09,0.632,0.5,True,keywords
W4307021426,G10,0.393,0.25,False,keywords
W4376272296,G13,0.865,1.0,True,keywords
W4386020170,G10,0.528,1.0,True,keywords
W2889977508,G10,0.777,1.0,True,keywords
W2909240020,G15,0.528,1.0,True,keywords
W2926866747,G10,0.528,1.0,True,keywords
W3024945444,G15,0.97,1.0,True,keywords
W3088194126,G09,0.393,0.3333333333333333,False,keywords
W3088194126,G10,0.632,0.6666666666666666,True,keywords
W3136663800,G15,0.961,1.0,True,keywords
W3178003007,G15,0.826,1.0,True,keywords
W4280579829,G10,0.528,1.0,True,keywords
W4385252626,G13,0.632,1.0,True,keywords
W4391361553,G02,0.528,0.3,False,keywords
W4391361553,G06,0.393,0.2,False,keywords
W4391361553,G20,0.713,0.5,True,keywords
W2913731333,G15,0.393,1.0,True,keywords
W3199217162,G02,0.961,0.43333333333333335,False,keywords
W3199217162,G15,0.986,0.5666666666666667,True,keywords
W3199980997,G10,0.393,0.125,False,keywords
W3199980997,G11,0.393,0.125,False,keywords
W3199980997,G15,0.95,0.75,True,keywords
W4318464645,G09,0.918,0.8333333333333334,True,keywords
W4318464645,G10,0.393,0.16666666666666666,False,keywords
W4320037440,G02,0.393,0.2,False,keywords
W4320037440,G06,0.393,0.2,False,keywords
W4320037440,G14,0.632,0.4,True,keywords
W4320037440,G15,0.393,0.2,False,keywords
W4386133555,G08,0.393,1.0,True,keywords
W3084289036,G09,0.865,0.7272727272727273,True,keywords
W3084289036,G10,0.528,0.2727272727272727,False,keywords
W3131732691,G10,0.393,1.0,True,keywords
W4200462869,G15,0.713,1.0,True,keywords
W4220713945,G10,0.393,1.0,True,keywords
W4280501013,G15,0.393,1.0,True,keywords
W4308155900,G08,0.393,1.0,True,keywords
W4401021899,G10,0.632,1.0,True,keywords
W2049936479,G15,0.528,1.0,True,keywords
W3014225989,G13,0.528,1.0,True,keywords
W3114474772,G15,0.993,1.0,True,keywords
W3169995727,G15,0.528,0.375,False,keywords
W3169995727,G17,0.713,0.625,True,keywords
W3184580716,G09,0.393,1.0,True,keywords
W4220807381,G15,0.895,0.5294117647058824,True,keywords
W4220807381,G17,0.865,0.47058823529411764,False,keywords
W4221069596,G09,0.393,1.0,True,keywords
W4289793248,G10,0.713,1.0,True,keywords
W4294663564,G15,0.528,1.0,True,keywords
W4307048188,G07,0.528,1.0,True,keywords
W2624892666,G15,0.393,1.0,True,keywords
W3164093658,G10,0.713,1.0,True,keywords
W3187787967,G13,0.528,1.0,True,keywords
W3196849833,G10,0.777,1.0,True,keywords
W4205445462,G10,0.393,1.0,True,keywords
W4281780500,G10,0.713,1.0,True,keywords
W4285097856,G10,0.713,1.0,True,keywords
W4377157324,G09,0.632,0.25,False,keywords
W4377157324,G10,0.95,0.75,True,keywords
W2942904350,G09,0.713,0.7142857142857143,True,keywords
W2942904350,G10,0.393,0.2857142857142857,False,keywords
W2948144099,G10,0.393,0.3333333333333333,False,keywords
W2948144099,G13,0.632,0.6666666666666666,True,keywords
W3133401364,G10,0.393,1.0,True,keywords
W3134026739,G10,0.393,1.0,True,keywords
W3156261312,G08,0.393,1.0,True,keywords
W3179418077,G15,0.961,1.0,True,keywords
W3195485874,G10,0.865,1.0,True,keywords
W3211668362,G10,0.826,1.0,True,keywords
W4200365154,G15,0.528,1.0,True,keywords
W4225699314,G10,0.393,0.1,False,keywords
W4225699314,G15,0.989,0.9,True,keywords
W4288802250,G10,0.393,0.13333333333333333,False,keywords
W4288802250,G15,0.961,0.8666666666666667,True,keywords
W4296895012,G15,0.393,1.0,True,keywords
W4301398671,G08,0.393,1.0,True,keywords
W4362705108,G07,0.393,0.2,False,keywords
W4362705108,G08,0.865,0.8,True,keywords
W4390745638,G09,0.393,0.4,False,keywords
W4390745638,G10,0.528,0.6,True,keywords
W3124636969,G08,0.393,1.0,True,keywords
W3130076210,G06,0.528,0.11538461538461539,False,keywords
W3130076210,G14,0.826,0.2692307692307692,False,keywords
W3130076210,G15,0.95,0.46153846153846156,True,keywords
W3130076210,G20,0.632,0.15384615384615385,False,keywords
W4200075016,G15,0.528,1.0,True,keywords
W4293161993,G07,0.918,1.0,True,keywords
W4311502995,G07,0.393,1.0,True,keywords
W4379600218,G15,0.918,1.0,True,keywords
W4392301792,G13,0.918,1.0,True,keywords
W4396223162,G01,0.393,0.4,False,keywords
W4396223162,G02,0.528,0.6,True,keywords
W4396691037,G08,0.393,1.0,True,keywords
W3185648523,G10,0.632,1.0,True,keywords
W4210481348,G10,0.632,1.0,True,keywords
W4210503047,G10,0.393,1.0,True,keywords
W4229059608,G08,0.393,1.0,True,keywords
W4285587421,G15,0.393,0.25,False,keywords
W4285587421,G19,0.777,0.75,True,keywords
W4285801888,G12,0.632,0.4,False,keywords
W4285801888,G17,0.777,0.6,True,keywords
W4311489118,G06,0.632,0.4444444444444444,True,keywords
W4311489118,G14,0.393,0.2222222222222222,False,keywords
W4311489118,G15,0.528,0.3333333333333333,False,keywords
W4378905278,G10,0.895,1.0,True,keywords
W4390494901,G15,0.895,1.0,True,keywords
W4392579740,G15,0.528,1.0,True,keywords
W4394675167,G09,0.528,0.375,False,keywords
W4394675167,G10,0.713,0.625,True,keywords
W4396888760,G10,0.528,1.0,True,keywords
W4402182344,G15,0.865,0.5333333333333333,True,keywords
W4402182344,G18,0.826,0.4666666666666667,False,keywords
W3091346710,G09,0.632,0.6666666666666666,True,keywords
W3091346710,G10,0.393,0.3333333333333333,False,keywords
W3179130068,G14,0.713,0.3333333333333333,False,keywords
W3179130068,G15,0.918,0.6666666666666666,True,keywords
W4220959947,G15,0.632,1.0,True,keywords
W4220997741,G08,0.895,0.47368421052631576,True,keywords
W4220997741,G11,0.393,0.10526315789473684,False,keywords
W4220997741,G15,0.865,0.42105263157894735,False,keywords
W4280600589,G10,0.528,1.0,True,keywords
W4283210643,G15,0.918,1.0,True,keywords
W4303628733,G10,0.393,0.1,False,keywords
W4303628733,G15,0.989,0.9,True,keywords
W4318683733,G09,0.393,0.3333333333333333,False,keywords
W4318683733,G10,0.632,0.6666666666666666,True,keywords
W4327905422,G10,0.865,1.0,True,keywords
W4388573129,G12,0.632,1.0,True,keywords
W4389225877,G13,0.918,1.0,True,keywords
W4403935293,G15,0.393,1.0,True,keywords
W2497157447,G15,0.918,1.0,True,keywords
W2983353987,G10,0.528,1.0,True,keywords
W3154721173,G20,0.528,1.0,True,keywords
W3204189699,G10,0.777,1.0,True,keywords
W4206372590,G10,0.528,1.0,True,keywords
W4220873795,G10,0.632,1.0,True,keywords
W4362506492,G08,0.393,0.1111111111111111,False,keywords
W4362506492,G15,0.918,0.5555555555555556,True,keywords
W4362506492,G17,0.777,0.3333333333333333,False,keywords
W4368366371,G10,0.632,0.5714285714285714,True,keywords
W4368366371,G15,0.528,0.42857142857142855,False,keywords
W4380423049,G13,0.918,1.0,True,keywords
W4384944782,G08,0.393,0.2222222222222222,False,keywords
W4384944782,G13,0.826,0.7777777777777778,True,keywords
W4387993930,G08,0.528,1.0,True,keywords
W4389918444,G13,0.826,1.0,True,keywords
W3080257083,G10,0.393,1.0,True,keywords
W3156507498,G13,0.895,0.75,True,keywords
W3156507498,G15,0.528,0.25,False,keywords
W3162720980,G15,0.393,1.0,True,keywords
W3199840272,G15,0.97,1.0,True,keywords
W4213437506,G10,0.632,1.0,True,keywords
W4302017668,G04,0.393,0.4,False,keywords
W4302017668,G10,0.528,0.6,True,keywords
W4310027198,G13,0.632,0.3333333333333333,False,keywords
W4310027198,G19,0.865,0.6666666666666666,True,keywords
W4321004148,G11,0.777,1.0,True,keywords
W4386375450,G10,0.393,1.0,True,keywords
W4388516493,G04,0.777,0.6666666666666666,True,keywords
W4388516493,G10,0.528,0.3333333333333333,False,keywords
W4390584680,G15,0.918,1.0,True,keywords
W4390685620,G10,0.632,1.0,True,keywords
W4391065856,G10,0.393,0.5,True,keywords
W4391065856,G15,0.393,0.5,True,keywords
W4392773673,G15,0.895,0.6923076923076923,True,keywords
W4392773673,G17,0.632,0.3076923076923077,False,keywords
W4200526621,G08,0.95,0.7058823529411765,True,keywords
W4200526621,G10,0.713,0.29411764705882354,False,keywords
W4286007534,G10,0.393,1.0,True,keywords
W4289130219,G09,0.632,1.0,True,keywords
W4290633156,G12,0.713,0.5,True,keywords
W4290633156,G15,0.393,0.2,False,keywords
W4290633156,G20,0.528,0.3,False,keywords
W4378619090,G09,0.777,1.0,True,keywords
W4385658646,G08,0.393,1.0,True,keywords
W4391729496,G11,0.393,0.2857142857142857,False,keywords
W4391729496,G15,0.713,0.7142857142857143,True,keywords
W4392564353,G10,0.865,1.0,True,keywords
W4398238551,G08,0.632,0.5,True,keywords
W4398238551,G15,0.632,0.5,True,keywords
W4400421932,G13,0.961,1.0,True,keywords
W2571562135,G09,0.713,1.0,True,keywords
W3134634046,G15,0.713,1.0,True,keywords
W3204679501,G10,0.393,0.25,False,keywords
W3204679501,G15,0.777,0.75,True,keywords
W3207549154,G15,0.895,0.6428571428571429,True,keywords
W3207549154,G17,0.713,0.35714285714285715,False,keywords
W4362636222,G02,0.528,0.2727272727272727,False,keywords
W4362636222,G12,0.865,0.7272727272727273,True,keywords
W4367369415,G13,0.632,0.4,False,keywords
W4367369415,G15,0.777,0.6,True,keywords
W4376226754,G10,0.632,0.5,True,keywords
W4376226754,G16,0.632,0.5,True,keywords
W4377939901,G10,0.713,0.2631578947368421,False,keywords
W4377939901,G15,0.918,0.5263157894736842,True,keywords
W4377939901,G20,0.632,0.21052631578947367,False,keywords
W4385405974,G10,0.528,0.3333333333333333,False,keywords
W4385405974,G15,0.777,0.6666666666666666,True,keywords
W4387241550,G15,0.528,0.42857142857142855,False,keywords
W4387241550,G17,0.632,0.5714285714285714,True,keywords
W4392499009,G09,0.393,0.25,False,keywords
W4392499009,G10,0.777,0.75,True,keywords
W4393187953,G10,0.865,1.0,True,keywords
W4396851538,G15,0.936,1.0,True,keywords
W3202138005,G13,0.713,1.0,True,keywords
W4283656770,G09,0.632,1.0,True,keywords
W4320709290,G08,0.393,1.0,True,keywords
W4377157613,G10,0.713,0.5555555555555556,True,keywords
W4377157613,G13,0.632,0.4444444444444444,False,keywords
W4381884095,G08,0.895,1.0,True,keywords
W4383681578,G08,0.393,0.2857142857142857,False,keywords
W4383681578,G15,0.713,0.7142857142857143,True,keywords
W4388655750,G11,0.393,0.18181818181818182,False,keywords
W4388655750,G15,0.895,0.8181818181818182,True,keywords
W4391722694,G06,0.632,0.2857142857142857,False,keywords
W4391722694,G15,0.918,0.7142857142857143,True,keywords
W4400391300,G12,0.632,1.0,True,keywords
W4403079367,G08,0.528,0.2,False,keywords
W4403079367,G10,0.713,0.3333333333333333,False,keywords
W4403079367,G15,0.826,0.4666666666666667,True,keywords
W3198422742,G10,0.713,1.0,True,keywords
W4316814334,G15,0.777,1.0,True,keywords
W4377093345,G15,0.865,1.0,True,keywords
W4382918178,G09,0.528,0.23076923076923078,False,keywords
W4382918178,G10,0.918,0.7692307692307693,True,keywords
W4390104032,G10,0.777,1.0,True,keywords
W4390990663,G08,0.393,1.0,True,keywords
W4391315948,G06,0.713,0.3125,False,keywords
W4391315948,G10,0.865,0.5,True,keywords
W4391315948,G15,0.528,0.1875,False,keywords
W4391683614,G13,0.982,1.0,True,keywords
W4395660269,G10,0.528,1.0,True,keywords
W4397009031,G09,0.393,1.0,True,keywords
W4400348253,G15,0.777,1.0,True,keywords
W4406209647,G15,0.936,0.7857142857142857,True,keywords
W4406209647,G20,0.528,0.21428571428571427,False,keywords
W4220871638,G12,0.632,0.21052631578947367,False,keywords
W4220871638,G15,0.976,0.7894736842105263,True,keywords
W4313232950,G15,0.826,1.0,True,keywords
W4385075893,G14,0.777,1.0,True,keywords
W4385349369,G09,0.393,1.0,True,keywords
W4387077973,G15,0.826,1.0,True,keywords
W4391260445,G15,0.936,1.0,True,keywords
W4404944949,G10,0.865,0.5,True,keywords
W4404944949,G15,0.865,0.5,True,keywords
W4408080072,G15,0.528,1.0,True,keywords
W4409353720,G10,0.777,1.0,True,keywords
W4409829296,G10,0.528,1.0,True,keywords
W4411491238,G08,0.528,1.0,True,keywords
W3193813787,G10,0.393,1.0,True,keywords
W4313800366,G10,0.393,1.0,True,keywords
W4393943135,G15,0.528,1.0,True,keywords
W4400496454,G10,0.826,0.4117647058823529,False,keywords
W4400496454,G15,0.918,0.5882352941176471,True,keywords
W4400964472,G01,0.393,0.09523809523809523,False,keywords
W4400964472,G02,0.528,0.14285714285714285,False,keywords
W4400964472,G06,0.528,0.14285714285714285,False,keywords
W4400964472,G15,0.961,0.6190476190476191,True,keywords
W4403904915,G10,0.936,1.0,True,keywords
W4406063822,G06,0.713,0.2777777777777778,False,keywords
W4406063822,G10,0.713,0.2777777777777778,False,keywords
W4406063822,G14,0.865,0.4444444444444444,True,keywords
W4391914878,G08,0.393,1.0,True,keywords
W4400982953,G08,0.393,1.0,True,keywords
W4403524539,G12,0.713,0.35714285714285715,False,keywords
W4403524539,G15,0.895,0.6428571428571429,True,keywords
W4406108460,G06,0.393,0.15384615384615385,False,keywords
W4406108460,G10,0.713,0.38461538461538464,False,keywords
W4406108460,G15,0.777,0.46153846153846156,True,keywords
W4410166951,G10,0.393,0.13333333333333333,False,keywords
W4410166951,G15,0.895,0.6,True,keywords
W4410166951,G17,0.632,0.26666666666666666,False,keywords
W4412203911,G09,0.632,0.6666666666666666,True,keywords
W4412203911,G10,0.393,0.3333333333333333,False,keywords
W4412376311,G07,0.895,1.0,True,keywords
W4386510520,G10,0.865,0.6153846153846154,True,keywords
W4386510520,G11,0.393,0.15384615384615385,False,keywords
W4386510520,G15,0.528,0.23076923076923078,False,keywords
W4388102516,G10,0.393,1.0,True,keywords
W4390274963,G15,0.528,0.15789473684210525,False,keywords
W4390274963,G19,0.982,0.8421052631578947,True,keywords
W4403536385,G15,0.895,1.0,True,keywords
W4404170050,G15,0.713,1.0,True,keywords
W4405002305,G13,0.865,1.0,True,keywords
W4407831412,G15,0.991,1.0,True,keywords
W4408176202,G09,0.632,1.0,True,keywords
W4412975002,G02,0.528,0.16666666666666666,False,keywords
W4412975002,G06,0.393,0.1111111111111111,False,keywords
W4412975002,G14,0.632,0.2222222222222222,False,keywords
W4412975002,G15,0.895,0.5,True,keywords
W4415233715,G12,0.632,1.0,True,keywords
W7121048509,G09,0.777,0.6,True,keywords
W7121048509,G10,0.632,0.4,False,keywords
W7123957431,G10,0.713,1.0,True,keywords
W4402535167,G10,0.713,1.0,True,keywords
W4412110400,G09,0.528,1.0,True,keywords
W4412488562,G15,0.713,1.0,True,keywords
W4415950903,G10,0.632,1.0,True,keywords
W4417065254,G10,0.918,1.0,True,keywords
W7133499620,G15,0.895,0.6428571428571429,True,keywords
W7133499620,G17,0.713,0.35714285714285715,False,keywords
W4404374500,G10,0.632,1.0,True,keywords
W4414449071,G10,0.961,1.0,True,keywords
W4414490680,G15,0.95,0.8571428571428571,True,keywords
W4414490680,G18,0.393,0.14285714285714285,False,keywords
W4416017501,G10,0.777,0.6,True,keywords
W4416017501,G12,0.632,0.4,False,keywords
W4416257015,G12,0.632,1.0,True,keywords
W4416441144,G08,0.393,1.0,True,keywords
W4416822357,G10,0.632,1.0,True,keywords
W7128367785,G09,0.528,1.0,True,keywords
W2153232325,G10,0.632,0.5,True,keywords
W2153232325,G12,0.632,0.5,True,keywords
W2024926014,G10,0.528,1.0,True,keywords
W2343113204,G09,0.528,1.0,True,keywords
W2495087940,G10,0.528,1.0,True,keywords
W2626121036,G06,0.895,0.6,True,keywords
W2626121036,G15,0.777,0.4,False,keywords
W2792950990,G15,0.986,1.0,True,keywords
W2916660154,G10,0.777,1.0,True,keywords
W2461201386,G10,0.528,1.0,True,keywords
W2513461151,G10,0.393,1.0,True,keywords
W2937633338,G15,0.895,1.0,True,keywords
W2519842819,G06,0.632,0.25,False,keywords
W2519842819,G10,0.95,0.75,True,keywords
W2304293782,G15,0.961,1.0,True,keywords
W2341346817,G10,0.777,1.0,True,keywords
W2564393065,G08,0.777,0.6666666666666666,True,keywords
W2564393065,G10,0.528,0.3333333333333333,False,keywords
W2794330541,G09,0.777,0.75,True,keywords
W2794330541,G10,0.393,0.25,False,keywords
W2226268139,G15,0.826,1.0,True,keywords
W2805817729,G10,0.713,0.5555555555555556,True,keywords
W2805817729,G15,0.632,0.4444444444444444,False,keywords
W2892033277,G10,0.393,1.0,True,keywords
W2930270312,G10,0.826,1.0,True,keywords
W2084097739,G08,0.393,0.16666666666666666,False,keywords
W2084097739,G15,0.918,0.8333333333333334,True,keywords
W2122640821,G08,0.982,0.7272727272727273,True,keywords
W2122640821,G15,0.777,0.2727272727272727,False,keywords
W2291201407,G10,0.528,1.0,True,keywords
W2769013033,G15,0.991,1.0,True,keywords
W2773730007,G15,0.826,1.0,True,keywords
W2925093673,G12,0.632,1.0,True,keywords
W3015643346,G10,0.393,1.0,True,keywords
W1998426103,G10,0.632,1.0,True,keywords
W2606869471,G13,0.528,1.0,True,keywords
W2608076177,G08,0.393,0.2222222222222222,False,keywords
W2608076177,G15,0.826,0.7777777777777778,True,keywords
W2946856592,G09,0.528,1.0,True,keywords
W1940107389,G16,0.777,1.0,True,keywords
W2341762146,G10,0.528,1.0,True,keywords
W2490421289,G15,0.918,1.0,True,keywords
W2500118976,G08,0.996,1.0,True,keywords
W2767747825,G10,0.528,1.0,True,keywords
W2776133292,G10,0.528,1.0,True,keywords
W2883672481,G15,0.895,1.0,True,keywords
W3016433233,G10,0.393,1.0,True,keywords
W1883565402,G10,0.777,1.0,True,keywords
W2592936262,G14,0.528,1.0,True,keywords
W2795376318,G08,0.991,1.0,True,keywords
W2981177819,G10,0.632,0.5,True,keywords
W2981177819,G12,0.632,0.5,True,keywords
W1500345885,G09,0.632,0.6666666666666666,True,keywords
W1500345885,G10,0.393,0.3333333333333333,False,keywords
W2089037932,G08,0.393,0.4,False,keywords
W2089037932,G10,0.528,0.6,True,keywords
W2766053671,G10,0.895,1.0,True,keywords
W2899996638,G10,0.393,1.0,True,keywords
W2920996287,G08,0.865,1.0,True,keywords
W3091769666,G09,0.393,0.3333333333333333,False,keywords
W3091769666,G10,0.632,0.6666666666666666,True,keywords
W2532046597,G10,0.393,1.0,True,keywords
W2562511882,G10,0.777,0.2222222222222222,False,keywords
W2562511882,G15,0.995,0.7777777777777778,True,keywords
W2592857805,G13,0.826,1.0,True,keywords
W2791102236,G09,0.713,1.0,True,keywords
W2792143922,G02,0.528,0.2,False,keywords
W2792143922,G06,0.918,0.6666666666666666,True,keywords
W2792143922,G15,0.393,0.13333333333333333,False,keywords
W2894790483,G10,0.393,1.0,True,keywords
W2941344748,G10,0.528,1.0,True,keywords
W2966590993,G09,0.713,0.45454545454545453,False,keywords
W2966590993,G10,0.777,0.5454545454545454,True,keywords
W2998914340,G10,0.393,1.0,True,keywords
W2999611663,G10,0.393,0.18181818181818182,False,keywords
W2999611663,G15,0.895,0.8181818181818182,True,keywords
W2032861413,G08,0.393,1.0,True,keywords
W2206536107,G10,0.528,1.0,True,keywords
W2562707023,G10,0.528,1.0,True,keywords
W2792846111,G12,0.632,1.0,True,keywords
W2891444654,G08,0.895,1.0,True,keywords
W3012830777,G15,0.895,0.8181818181818182,True,keywords
W3012830777,G17,0.393,0.18181818181818182,False,keywords
W3092207334,G15,0.895,1.0,True,keywords
W3111932786,G14,0.632,0.4,False,keywords
W3111932786,G15,0.777,0.6,True,keywords
W3139756493,G10,0.777,1.0,True,keywords
W1201153697,G09,0.528,1.0,True,keywords
W2019548069,G10,0.528,1.0,True,keywords
W2061172846,G10,0.393,1.0,True,keywords
W2529954419,G10,0.777,1.0,True,keywords
W2549487595,G15,0.632,1.0,True,keywords
W2609091132,G10,0.777,1.0,True,keywords
W2779574295,G06,0.777,0.35294117647058826,False,keywords
W2779574295,G14,0.528,0.17647058823529413,False,keywords
W2779574295,G15,0.865,0.47058823529411764,True,keywords
W2811500407,G15,0.777,1.0,True,keywords
W2910314654,G15,0.826,1.0,True,keywords
W2794315407,G10,0.528,0.6,True,keywords
W2794315407,G15,0.393,0.4,False,keywords
W2801639133,G15,0.95,1.0,True,keywords
W2808947928,G08,0.865,1.0,True,keywords
W3004432136,G10,0.393,1.0,True,keywords
W3077144971,G09,0.393,0.2857142857142857,False,keywords
W3077144971,G10,0.713,0.7142857142857143,True,keywords
W94154386,G10,0.528,1.0,True,keywords
W1773271542,G15,0.393,1.0,True,keywords
W1863798367,G10,0.393,1.0,True,keywords
W2000037683,G10,0.528,1.0,True,keywords
W2751618552,G15,0.826,1.0,True,keywords
W2758119903,G15,0.777,1.0,True,keywords
W2995196225,G10,0.826,1.0,True,keywords
W2995497898,G10,0.632,1.0,True,keywords
W2999342427,G10,0.528,1.0,True,keywords
W3021312292,G08,0.961,0.8125,True,keywords
W3021312292,G10,0.528,0.1875,False,keywords
W3033675765,G15,0.632,1.0,True,keywords
W3109868290,G15,0.895,0.6428571428571429,True,keywords
W3109868290,G17,0.713,0.35714285714285715,False,keywords
W3139506356,G09,0.528,1.0,True,keywords
W3179946841,G09,0.393,0.11764705882352941,False,keywords
W3179946841,G14,0.528,0.17647058823529413,False,keywords
W3179946841,G15,0.918,0.5882352941176471,True,keywords
W3179946841,G20,0.393,0.11764705882352941,False,keywords
W2000210825,G13,0.632,1.0,True,keywords
W2297295459,G13,0.865,0.5714285714285714,True,keywords
W2297295459,G19,0.777,0.42857142857142855,False,keywords
W2620044845,G10,0.528,1.0,True,keywords
W2788724508,G06,0.632,1.0,True,keywords
W2804072935,G10,0.777,1.0,True,keywords
W2913093676,G12,0.528,1.0,True,keywords
W2954395515,G06,0.632,0.16666666666666666,False,keywords
W2954395515,G15,0.993,0.8333333333333334,True,keywords
W2954642722,G10,0.713,1.0,True,keywords
W3043329351,G15,0.936,1.0,True,keywords
W3161269218,G15,0.393,1.0,True,keywords
W4200145919,G10,0.777,1.0,True,keywords
W2044872043,G08,0.777,1.0,True,keywords
W2128786199,G10,0.528,1.0,True,keywords
W2593604283,G08,0.713,1.0,True,keywords
W2884003714,G09,0.528,1.0,True,keywords
W2922433834,G09,0.528,1.0,True,keywords
W2948272765,G10,0.528,1.0,True,keywords
W3015053533,G10,0.393,1.0,True,keywords
W3015084103,G10,0.777,1.0,True,keywords
W3080600298,G15,0.393,1.0,True,keywords
W3089332602,G10,0.713,1.0,True,keywords
W3093304275,G15,0.865,1.0,True,keywords
W2068261733,G10,0.528,1.0,True,keywords
W2154191802,G08,0.936,1.0,True,keywords
W2164601840,G10,0.713,1.0,True,keywords
W2778766384,G10,0.713,1.0,True,keywords
W2891718979,G15,0.826,1.0,True,keywords
W2904885194,G08,0.393,1.0,True,keywords
W2952622061,G06,0.865,0.5333333333333333,True,keywords
W2952622061,G15,0.826,0.4666666666666667,False,keywords
W2969992222,G10,0.632,1.0,True,keywords
W2981045823,G10,0.528,0.3333333333333333,True,keywords
W2981045823,G12,0.528,0.3333333333333333,True,keywords
W2981045823,G13,0.528,0.3333333333333333,True,keywords
W2995032373,G10,0.865,1.0,True,keywords
W3016368391,G10,0.528,1.0,True,keywords
W3028760421,G12,0.393,0.1111111111111111,False,keywords
W3028760421,G13,0.632,0.2222222222222222,False,keywords
W3028760421,G15,0.95,0.6666666666666666,True,keywords
W3029200424,G09,0.632,0.5714285714285714,True,keywords
W3029200424,G10,0.528,0.42857142857142855,False,keywords
W3055760424,G09,0.393,0.3333333333333333,False,keywords
W3055760424,G10,0.632,0.6666666666666666,True,keywords
W3192033963,G12,0.713,0.35714285714285715,True,keywords
W3192033963,G19,0.632,0.2857142857142857,False,keywords
W3192033963,G20,0.713,0.35714285714285715,True,keywords
W3213252357,G15,0.826,1.0,True,keywords
W4200625185,G10,0.393,1.0,True,keywords
W2152142888,G09,0.528,0.3333333333333333,False,keywords
W2152142888,G10,0.777,0.6666666666666666,True,keywords
W2518649063,G11,0.865,1.0,True,keywords
W2667636078,G04,0.393,1.0,True,keywords
W2913006794,G15,0.982,1.0,True,keywords
W3089140498,G13,0.632,1.0,True,keywords
W3094782899,G08,0.528,0.6,True,keywords
W3094782899,G10,0.393,0.4,False,keywords
W3183363096,G15,0.777,1.0,True,keywords
W3193526397,G15,0.393,1.0,True,keywords
W2096148874,G10,0.528,1.0,True,keywords
W2169241270,G10,0.632,1.0,True,keywords
W2224647851,G10,0.528,1.0,True,keywords
W2254043651,G10,0.777,1.0,True,keywords
W2567743670,G10,0.632,1.0,True,keywords
W2581507471,G15,0.528,1.0,True,keywords
W2730980552,G10,0.393,1.0,True,keywords
W2885859258,G10,0.826,1.0,True,keywords
W2912371658,G02,0.393,0.2,False,keywords
W2912371658,G06,0.777,0.6,True,keywords
W2912371658,G19,0.393,0.2,False,keywords
W2934214496,G10,0.393,1.0,True,keywords
W2976837306,G10,0.632,1.0,True,keywords
W3006042660,G10,0.632,1.0,True,keywords
W3022936562,G10,0.632,1.0,True,keywords
W3120916710,G20,0.528,1.0,True,keywords
W3215884450,G10,0.632,0.36363636363636365,False,keywords
W3215884450,G15,0.826,0.6363636363636364,True,keywords
W4281743868,G10,0.528,1.0,True,keywords
W4287879033,G15,0.528,1.0,True,keywords
W4302009329,G15,0.936,1.0,True,keywords
W4385406026,G10,0.632,0.6666666666666666,True,keywords
W4385406026,G13,0.393,0.3333333333333333,False,keywords
W2129749252,G10,0.528,1.0,True,keywords
W2479875840,G16,0.632,1.0,True,keywords
W2749173281,G10,0.777,1.0,True,keywords
W2804488908,G10,0.393,0.08695652173913043,False,keywords
W2804488908,G11,0.865,0.34782608695652173,False,keywords
W2804488908,G15,0.961,0.5652173913043478,True,keywords
W2804654371,G04,0.528,1.0,True,keywords
W2891997097,G12,0.632,1.0,True,keywords
W2897468211,G10,0.393,1.0,True,keywords
W2938944670,G08,0.95,0.75,True,keywords
W2938944670,G09,0.632,0.25,False,keywords
W3008558294,G10,0.528,0.5,True,keywords
W3008558294,G13,0.528,0.5,True,keywords
W3045688152,G09,0.713,0.20833333333333334,False,keywords
W3045688152,G12,0.632,0.16666666666666666,False,keywords
W3045688152,G15,0.976,0.625,True,keywords
W3089061248,G10,0.777,1.0,True,keywords
W3128628171,G10,0.393,1.0,True,keywords
W3137315263,G15,0.632,1.0,True,keywords
W3152520626,G15,0.895,1.0,True,keywords
W3160220858,G15,0.632,0.5,True,keywords
W3160220858,G20,0.632,0.5,True,keywords
W3175733763,G17,0.528,1.0,True,keywords
W3184729095,G15,0.632,0.4,False,keywords
W3184729095,G19,0.777,0.6,True,keywords
W3194888263,G10,0.393,1.0,True,keywords
W3216688949,G08,0.961,0.7222222222222222,True,keywords
W3216688949,G09,0.713,0.2777777777777778,False,keywords
W4220703413,G15,0.961,1.0,True,keywords
W4224292199,G15,0.777,1.0,True,keywords
W4306843030,G10,0.632,0.6666666666666666,True,keywords
W4306843030,G13,0.393,0.3333333333333333,False,keywords
W4380872014,G07,0.632,0.6666666666666666,True,keywords
W4380872014,G09,0.393,0.3333333333333333,False,keywords
W2028262256,G10,0.393,1.0,True,keywords
W2167662494,G08,0.865,1.0,True,keywords
W2888860795,G10,0.393,1.0,True,keywords
W3004156344,G08,0.995,1.0,True,keywords
W3015102773,G10,0.632,1.0,True,keywords
W3039730724,G09,0.393,1.0,True,keywords
W3120277475,G10,0.393,1.0,True,keywords
W3126396261,G13,0.632,0.2857142857142857,False,keywords
W3126396261,G19,0.918,0.7142857142857143,True,keywords
W3131222295,G10,0.393,1.0,True,keywords
W3165219127,G10,0.777,1.0,True,keywords
W3176344772,G10,0.632,1.0,True,keywords
W3209797466,G10,0.777,1.0,True,keywords
W3214374152,G15,0.632,1.0,True,keywords
W4206434444,G10,0.528,0.42857142857142855,False,keywords
W4206434444,G12,0.632,0.5714285714285714,True,keywords
W4213336883,G15,0.528,1.0,True,keywords
W4214506505,G02,0.961,0.4642857142857143,True,keywords
W4214506505,G15,0.936,0.39285714285714285,False,keywords
W4214506505,G20,0.632,0.14285714285714285,False,keywords
W4292829911,G10,0.713,1.0,True,keywords
W4304118598,G07,0.528,1.0,True,keywords
W4309198325,G10,0.528,1.0,True,keywords
W4377030358,G09,0.393,1.0,True,keywords
W2566427299,G10,0.632,0.6666666666666666,True,keywords
W2566427299,G15,0.393,0.3333333333333333,False,keywords
W2805651301,G10,0.528,1.0,True,keywords
W2906876737,G10,0.713,1.0,True,keywords
W2958595932,G09,0.528,1.0,True,keywords
W3044512846,G15,0.895,1.0,True,keywords
W3049153092,G10,0.528,1.0,True,keywords
W3119449666,G10,0.632,0.3333333333333333,False,keywords
W3119449666,G13,0.865,0.6666666666666666,True,keywords
W3126492414,G10,0.528,1.0,True,keywords
W3135734748,G09,0.918,1.0,True,keywords
W3199662707,G15,0.393,1.0,True,keywords
W3211528296,G10,0.713,0.35714285714285715,False,keywords
W3211528296,G15,0.895,0.6428571428571429,True,keywords
W4220653025,G10,0.918,1.0,True,keywords
W4223418553,G09,0.393,1.0,True,keywords
W4283769699,G15,0.826,1.0,True,keywords
W4284968282,G15,0.528,1.0,True,keywords
W4291209170,G15,0.777,1.0,True,keywords
W4316034943,G09,0.632,1.0,True,keywords
W4319454243,G10,0.918,0.5263157894736842,True,keywords
W4319454243,G15,0.895,0.47368421052631576,False,keywords
W4323031937,G15,0.713,1.0,True,keywords
W4385276462,G08,0.393,1.0,True,keywords
W4385558439,G15,0.713,1.0,True,keywords
W2767791692,G10,0.528,1.0,True,keywords
W2782477146,G08,0.895,1.0,True,keywords
W2797674412,G10,0.528,1.0,True,keywords
W2988271218,G10,0.95,1.0,True,keywords
W3020752315,G10,0.528,1.0,True,keywords
W3023903681,G08,0.393,0.15384615384615385,False,keywords
W3023903681,G13,0.632,0.3076923076923077,False,keywords
W3023903681,G15,0.826,0.5384615384615384,True,keywords
W3104171588,G15,0.528,1.0,True,keywords
W3115398193,G09,0.393,0.4,False,keywords
W3115398193,G10,0.528,0.6,True,keywords
W3124067368,G10,0.713,1.0,True,keywords
W3127975149,G06,0.777,0.25,False,keywords
W3127975149,G14,0.393,0.08333333333333333,False,keywords
W3127975149,G15,0.982,0.6666666666666666,True,keywords
W3177170760,G08,0.393,1.0,True,keywords
W3177961258,G10,0.393,1.0,True,keywords
W3195949342,G15,0.895,1.0,True,keywords
W4220821326,G15,0.895,0.6923076923076923,True,keywords
W4220821326,G17,0.632,0.3076923076923077,False,keywords
W4292369009,G10,0.713,1.0,True,keywords
W4292373328,G13,0.918,1.0,True,keywords
W4309997106,G10,0.865,1.0,True,keywords
W4311762760,G08,0.97,0.7777777777777778,True,keywords
W4311762760,G15,0.632,0.2222222222222222,False,keywords
W4318200239,G06,0.528,0.3333333333333333,False,keywords
W4318200239,G15,0.777,0.6666666666666666,True,keywords
W4366082667,G08,0.393,0.5,True,keywords
W4366082667,G09,0.393,0.5,True,keywords
W4372194347,G10,0.632,1.0,True,keywords
W4377981956,G10,0.528,1.0,True,keywords
W4386729815,G08,0.393,0.5,True,keywords
W4386729815,G09,0.393,0.5,True,keywords
W2783513233,G04,0.777,1.0,True,keywords
W2792322494,G15,0.826,1.0,True,keywords
W3022731530,G15,0.777,1.0,True,keywords
W3133899484,G10,0.393,1.0,True,keywords
W3157832630,G10,0.713,1.0,True,keywords
W3184965218,G10,0.826,1.0,True,keywords
W3185993391,G10,0.777,0.6,True,keywords
W3185993391,G12,0.632,0.4,False,keywords
W3196207171,G15,0.528,1.0,True,keywords
W4281633307,G10,0.777,1.0,True,keywords
W4291021044,G10,0.632,0.21052631578947367,False,keywords
W4291021044,G15,0.976,0.7894736842105263,True,keywords
W4298132613,G09,0.713,1.0,True,keywords
W4376121435,G06,0.713,1.0,True,keywords
W4385576351,G09,0.632,1.0,True,keywords
W4387392419,G06,0.393,1.0,True,keywords
W4388486958,G08,0.632,1.0,True,keywords
W4389108691,G15,0.961,1.0,True,keywords
W4394742844,G10,0.528,1.0,True,keywords
W3014165834,G12,0.632,0.2857142857142857,False,keywords
W3014165834,G15,0.918,0.7142857142857143,True,keywords
W3149981771,G15,0.826,1.0,True,keywords
W3198013747,G08,0.777,1.0,True,keywords
W4205713095,G06,0.826,1.0,True,keywords
W4206433622,G01,0.393,0.11764705882352941,False,keywords
W4206433622,G02,0.393,0.11764705882352941,False,keywords
W4206433622,G06,0.393,0.11764705882352941,False,keywords
W4206433622,G12,0.865,0.47058823529411764,True,keywords
W4206433622,G14,0.528,0.17647058823529413,False,keywords
W4214688638,G10,0.528,1.0,True,keywords
W4224279532,G10,0.393,1.0,True,keywords
W4281293513,G19,0.713,1.0,True,keywords
W4301395011,G10,0.632,1.0,True,keywords
W4307899823,G10,0.632,1.0,True,keywords
W4313340139,G12,0.528,0.5,True,keywords
W4313340139,G15,0.528,0.5,True,keywords
W4313455076,G02,0.393,0.125,False,keywords
W4313455076,G06,0.528,0.1875,False,keywords
W4313455076,G14,0.632,0.25,False,keywords
W4313455076,G15,0.826,0.4375,True,keywords
W4318486546,G10,0.95,1.0,True,keywords
W4322491387,G10,0.777,1.0,True,keywords
W4382358152,G10,0.632,1.0,True,keywords
W4384694107,G09,0.393,1.0,True,keywords
W4386095325,G11,0.393,1.0,True,keywords
W4389428132,G15,0.989,1.0,True,keywords
W4390892500,G12,0.632,0.6666666666666666,True,keywords
W4390892500,G15,0.393,0.3333333333333333,False,keywords
W2473487932,G15,0.918,1.0,True,keywords
W2621135001,G15,0.989,1.0,True,keywords
W3124664069,G10,0.865,0.5714285714285714,True,keywords
W3124664069,G15,0.777,0.42857142857142855,False,keywords
W3210617980,G10,0.393,1.0,True,keywords
W4292265561,G12,0.777,1.0,True,keywords
W4313278755,G15,0.393,1.0,True,keywords
W4318586838,G10,0.895,0.5,True,keywords
W4318586838,G15,0.895,0.5,True,keywords
W4362716726,G09,0.826,1.0,True,keywords
W4383876176,G15,0.777,1.0,True,keywords
W4386624419,G20,0.528,1.0,True,keywords
W4386946269,G10,0.632,0.2222222222222222,False,keywords
W4386946269,G15,0.95,0.6666666666666666,True,keywords
W4386946269,G20,0.393,0.1111111111111111,False,keywords
W4388098365,G10,0.393,1.0,True,keywords
W4388893308,G06,0.393,0.5,True,keywords
W4388893308,G10,0.393,0.5,True,keywords
W4390882648,G01,0.393,0.125,False,keywords
W4390882648,G02,0.528,0.1875,False,keywords
W4390882648,G14,0.393,0.125,False,keywords
W4390882648,G15,0.895,0.5625,True,keywords
W4392510245,G13,0.632,0.5714285714285714,True,keywords
W4392510245,G19,0.528,0.42857142857142855,False,keywords
W4392744427,G08,0.393,0.4,False,keywords
W4392744427,G15,0.528,0.6,True,keywords
W4399359300,G10,0.777,1.0,True,keywords
W4400370272,G06,0.777,1.0,True,keywords
W4402581993,G10,0.865,0.4,True,keywords
W4402581993,G13,0.632,0.2,False,keywords
W4402581993,G15,0.865,0.4,True,keywords
W4406214569,G09,0.632,1.0,True,keywords
W2758724109,G06,0.632,0.5714285714285714,True,keywords
W2758724109,G13,0.528,0.42857142857142855,False,keywords
W2887371197,G11,0.393,1.0,True,keywords
W3014546737,G15,0.528,1.0,True,keywords
W3020096064,G10,0.713,1.0,True,keywords
W3197362923,G10,0.393,1.0,True,keywords
W4283831701,G11,0.393,0.25,False,keywords
W4283831701,G15,0.777,0.75,True,keywords
W4297875005,G10,0.632,1.0,True,keywords
W4312066497,G09,0.777,1.0,True,keywords
W4313453678,G12,0.528,0.42857142857142855,False,keywords
W4313453678,G15,0.632,0.5714285714285714,True,keywords
W4387115118,G13,0.632,1.0,True,keywords
W4387950711,G13,0.632,1.0,True,keywords
W4388304868,G10,0.826,0.7777777777777778,True,keywords
W4388304868,G15,0.393,0.2222222222222222,False,keywords
W4388479148,G08,0.961,0.8666666666666667,True,keywords
W4388479148,G10,0.393,0.13333333333333333,False,keywords
W4389899901,G15,0.918,1.0,True,keywords
W4392169886,G10,0.393,1.0,True,keywords
W4392752493,G13,0.918,0.7142857142857143,True,keywords
W4392752493,G15,0.632,0.2857142857142857,False,keywords
W4397032846,G10,0.528,1.0,True,keywords
W4399498847,G10,0.528,1.0,True,keywords
W4407349352,G15,0.528,1.0,True,keywords
W3163103310,G10,0.528,1.0,True,keywords
W4306679453,G08,0.393,1.0,True,keywords
W4311020933,G10,0.713,0.5,True,keywords
W4311020933,G13,0.713,0.5,True,keywords
W4385619808,G10,0.632,1.0,True,keywords
W4387009930,G10,0.918,1.0,True,keywords
W4388982242,G15,0.989,1.0,True,keywords
W4389609526,G09,0.632,1.0,True,keywords
W4390167857,G13,0.865,1.0,True,keywords
W4390946155,G10,0.777,1.0,True,keywords
W4393045719,G09,0.393,1.0,True,keywords
W4396599116,G15,0.777,1.0,True,keywords
W4399709994,G10,0.632,1.0,True,keywords
W4400479151,G10,0.713,0.38461538461538464,False,keywords
W4400479151,G15,0.865,0.6153846153846154,True,keywords
W4400859126,G10,0.632,1.0,True,keywords
W4401022759,G09,0.393,0.3333333333333333,False,keywords
W4401022759,G10,0.632,0.6666666666666666,True,keywords
W4401423201,G09,0.393,0.18181818181818182,False,keywords
W4401423201,G10,0.895,0.8181818181818182,True,keywords
W4401482965,G06,0.632,0.5714285714285714,True,keywords
W4401482965,G10,0.528,0.42857142857142855,False,keywords
W4402683300,G15,0.632,1.0,True,keywords
W4404912664,G15,0.865,1.0,True,keywords
W4406292070,G08,0.393,1.0,True,keywords
W4409574949,G10,0.393,1.0,True,keywords
W4411369914,G10,0.393,0.09523809523809523,False,keywords
W4411369914,G15,0.991,0.9047619047619048,True,keywords
W4413111353,G09,0.393,1.0,True,keywords
W4283386750,G15,0.936,1.0,True,keywords
W4304163519,G09,0.865,0.8,True,keywords
W4304163519,G10,0.393,0.2,False,keywords
W4324135583,G10,0.528,1.0,True,keywords
W4361248491,G10,0.632,1.0,True,keywords
W4382631123,G10,0.393,0.25,False,keywords
W4382631123,G15,0.777,0.75,True,keywords
W4385450248,G10,0.632,1.0,True,keywords
W4386704840,G15,0.993,1.0,True,keywords
W4387357495,G10,0.393,1.0,True,keywords
W4389484392,G09,0.865,1.0,True,keywords
W4390685700,G07,0.713,0.4166666666666667,True,keywords
W4390685700,G09,0.393,0.16666666666666666,False,keywords
W4390685700,G10,0.713,0.4166666666666667,True,keywords
W4390694964,G08,0.528,0.42857142857142855,False,keywords
W4390694964,G09,0.632,0.5714285714285714,True,keywords
W4392126501,G15,0.713,1.0,True,keywords
W4394687850,G10,0.713,0.625,True,keywords
W4394687850,G15,0.528,0.375,False,keywords
W4394783548,G10,0.528,1.0,True,keywords
W4394853309,G14,0.865,0.6153846153846154,True,keywords
W4394853309,G15,0.713,0.38461538461538464,False,keywords
W4398208302,G10,0.632,0.6666666666666666,True,keywords
W4398208302,G15,0.393,0.3333333333333333,False,keywords
W4399898718,G10,0.713,1.0,True,keywords
W4401732550,G10,0.528,1.0,True,keywords
W4403051689,G19,0.895,1.0,True,keywords
W4404859660,G10,0.393,1.0,True,keywords
W4406776300,G13,0.918,1.0,True,keywords
W4407086149,G10,0.713,0.35714285714285715,False,keywords
W4407086149,G15,0.895,0.6428571428571429,True,keywords
W4407194001,G09,0.632,0.36363636363636365,False,keywords
W4407194001,G10,0.826,0.6363636363636364,True,keywords
W4410910867,G10,0.777,1.0,True,keywords
W4411900450,G06,0.632,0.3076923076923077,False,keywords
W4411900450,G15,0.895,0.6923076923076923,True,keywords
W4295441686,G19,0.777,1.0,True,keywords
W4327896545,G10,0.632,0.23529411764705882,False,keywords
W4327896545,G15,0.961,0.7647058823529411,True,keywords
W4386484026,G14,0.713,0.38461538461538464,False,keywords
W4386484026,G15,0.865,0.6153846153846154,True,keywords
W4387567794,G15,0.528,0.25,False,keywords
W4387567794,G17,0.895,0.75,True,keywords
W4391644285,G09,0.713,0.625,True,keywords
W4391644285,G10,0.528,0.375,False,keywords
W4394964725,G17,0.777,0.75,True,keywords
W4394964725,G18,0.393,0.25,False,keywords
W4396619488,G13,0.961,1.0,True,keywords
W4401269541,G09,0.528,1.0,True,keywords
W4402561902,G10,0.777,1.0,True,keywords
W4402824980,G15,0.895,1.0,True,keywords
W4403240419,G15,0.993,1.0,True,keywords
W4404243319,G08,0.528,1.0,True,keywords
W4404499581,G10,0.393,1.0,True,keywords
W4408164968,G06,0.632,1.0,True,keywords
W4411201777,G15,0.528,1.0,True,keywords
W4411992188,G15,0.895,1.0,True,keywords
W4375855554,G10,0.777,1.0,True,keywords
W4389317159,G06,0.632,0.6666666666666666,True,keywords
W4389317159,G15,0.393,0.3333333333333333,False,keywords
W4389893681,G08,0.393,1.0,True,keywords
W4391787579,G15,0.777,1.0,True,keywords
W4401557385,G15,0.936,0.5789473684210527,True,keywords
W4401557385,G17,0.865,0.42105263157894735,False,keywords
W4402357267,G11,0.865,0.26666666666666666,False,keywords
W4402357267,G15,0.918,0.3333333333333333,False,keywords
W4402357267,G17,0.95,0.4,True,keywords
W4404515141,G12,0.528,1.0,True,keywords
W4407713093,G08,0.936,1.0,True,keywords
W4407753524,G15,0.393,0.3333333333333333,False,keywords
W4407753524,G20,0.632,0.6666666666666666,True,keywords
W4408890415,G10,0.528,1.0,True,keywords
W4409196910,G15,0.918,1.0,True,keywords
W4409556233,G10,0.528,0.3333333333333333,False,keywords
W4409556233,G15,0.777,0.6666666666666666,True,keywords
W4411836788,G06,0.632,1.0,True,keywords
W4412110886,G13,0.97,1.0,True,keywords
W4413825670,G08,0.918,0.5555555555555556,True,keywords
W4413825670,G11,0.865,0.4444444444444444,False,keywords
W4415316926,G09,0.393,1.0,True,keywords
W4415541859,G11,0.865,1.0,True,keywords
W4415544349,G08,0.393,1.0,True,keywords
W4415549808,G10,0.528,1.0,True,keywords
W4415587872,G20,0.777,1.0,True,keywords
W4416786031,G15,0.865,1.0,True,keywords
W4416893283,G10,0.95,0.631578947368421,True,keywords
W4416893283,G15,0.826,0.3684210526315789,False,keywords
W7117472194,G08,0.95,1.0,True,keywords
W4391822932,G10,0.393,0.2857142857142857,False,keywords
W4391822932,G12,0.713,0.7142857142857143,True,keywords
W4402500555,G15,0.632,0.4444444444444444,False,keywords
W4402500555,G19,0.713,0.5555555555555556,True,keywords
W4403402794,G10,0.528,1.0,True,keywords
W4407314453,G10,0.777,1.0,True,keywords
W4408392438,G09,0.393,1.0,True,keywords
W4409640010,G10,0.632,1.0,True,keywords
W4412490655,G13,0.918,1.0,True,keywords
W4412772411,G10,0.393,1.0,True,keywords
W4414522779,G10,0.777,1.0,True,keywords
W4414742853,G15,0.918,1.0,True,keywords
W4415958289,G09,0.865,0.27586206896551724,False,keywords
W4415958289,G10,0.961,0.4482758620689655,True,keywords
W4415958289,G11,0.865,0.27586206896551724,False,keywords
W4416345143,G09,0.632,0.5,True,keywords
W4416345143,G10,0.632,0.5,True,keywords
W4416554315,G15,0.895,1.0,True,keywords
W7124549782,G09,0.393,1.0,True,keywords
W7125598553,G09,0.865,1.0,True,keywords
W7140277526,G10,0.713,1.0,True,keywords
W2525877203,G10,0.632,1.0,True,keywords
W2342769794,G10,0.777,1.0,True,keywords
W2614033828,G15,0.976,1.0,True,keywords
W2048993099,G10,0.528,1.0,True,keywords
W1926790939,G15,0.777,1.0,True,keywords
W2799987460,G08,0.393,0.125,False,keywords
W2799987460,G15,0.97,0.875,True,keywords
W2113501623,G08,0.936,0.8461538461538461,True,keywords
W2113501623,G09,0.393,0.15384615384615385,False,keywords
W2802643659,G09,0.632,0.5714285714285714,True,keywords
W2802643659,G10,0.528,0.42857142857142855,False,keywords
W1991021744,G08,0.393,0.4,False,keywords
W1991021744,G10,0.528,0.6,True,keywords
W2065935669,G10,0.528,0.3333333333333333,False,keywords
W2065935669,G15,0.777,0.6666666666666666,True,keywords
W2124468717,G10,0.632,1.0,True,keywords
W2150973381,G08,0.936,1.0,True,keywords
W2203511860,G02,0.528,0.15789473684210525,False,keywords
W2203511860,G14,0.632,0.21052631578947367,False,keywords
W2203511860,G15,0.95,0.631578947368421,True,keywords
W2227004407,G10,0.393,1.0,True,keywords
W2944752767,G10,0.528,0.3333333333333333,False,keywords
W2944752767,G15,0.777,0.6666666666666666,True,keywords
W2128852089,G10,0.393,1.0,True,keywords
W2509912247,G08,0.865,1.0,True,keywords
W2767362322,G12,0.528,1.0,True,keywords
W2900000250,G09,0.528,1.0,True,keywords
W2154388630,G10,0.713,1.0,True,keywords
W2891404279,G13,0.777,0.75,True,keywords
W2891404279,G15,0.393,0.25,False,keywords
W2911694632,G08,0.528,1.0,True,keywords
W2918558715,G10,0.528,1.0,True,keywords
W2969567836,G08,0.393,0.2857142857142857,False,keywords
W2969567836,G10,0.713,0.7142857142857143,True,keywords
W3192024062,G15,0.976,1.0,True,keywords
W2116287823,G06,0.713,0.7142857142857143,True,keywords
W2116287823,G15,0.393,0.2857142857142857,False,keywords
W2513942803,G10,0.777,1.0,True,keywords
W2734399587,G15,0.865,1.0,True,keywords
W2935848520,G08,0.393,0.4,False,keywords
W2935848520,G10,0.528,0.6,True,keywords
W2959243026,G10,0.393,0.2222222222222222,False,keywords
W2959243026,G12,0.632,0.4444444444444444,True,keywords
W2959243026,G15,0.528,0.3333333333333333,False,keywords
W2970164388,G10,0.895,1.0,True,keywords
W2980706467,G15,0.993,1.0,True,keywords
W3038823577,G10,0.393,1.0,True,keywords
W3102206155,G10,0.632,0.36363636363636365,False,keywords
W3102206155,G15,0.826,0.6363636363636364,True,keywords
W3162829360,G10,0.528,1.0,True,keywords
W1941407685,G10,0.713,1.0,True,keywords
W2254468239,G07,0.713,1.0,True,keywords
W2769781213,G10,0.632,1.0,True,keywords
W2883297810,G11,0.528,0.25,False,keywords
W2883297810,G14,0.528,0.25,False,keywords
W2883297810,G15,0.777,0.5,True,keywords
W2975403263,G10,0.393,0.11764705882352941,False,keywords
W2975403263,G15,0.976,0.8823529411764706,True,keywords
W2253297654,G09,0.528,0.3333333333333333,False,keywords
W2253297654,G10,0.777,0.6666666666666666,True,keywords
W2255656715,G15,0.826,1.0,True,keywords
W2744617110,G10,0.895,0.6923076923076923,True,keywords
W2744617110,G13,0.632,0.3076923076923077,False,keywords
W2752274797,G09,0.528,0.5,True,keywords
W2752274797,G10,0.528,0.5,True,keywords
W2772768045,G09,0.528,1.0,True,keywords
W2899437399,G06,0.528,0.3333333333333333,True,keywords
W2899437399,G10,0.528,0.3333333333333333,True,keywords
W2899437399,G15,0.528,0.3333333333333333,True,keywords
W2920544839,G10,0.393,1.0,True,keywords
W2922222592,G10,0.393,1.0,True,keywords
W2944644146,G01,0.528,0.3333333333333333,False,keywords
W2944644146,G14,0.777,0.6666666666666666,True,keywords
W2981275854,G09,0.393,0.2222222222222222,False,keywords
W2981275854,G10,0.713,0.5555555555555556,True,keywords
W2981275854,G11,0.393,0.2222222222222222,False,keywords
W3003970602,G10,0.865,1.0,True,keywords
W3136950290,G13,0.826,1.0,True,keywords
W3203540938,G10,0.895,1.0,True,keywords
W4309170418,G15,0.826,1.0,True,keywords
W2157252666,G14,0.777,1.0,True,keywords
W2320829863,G12,0.777,1.0,True,keywords
W2586691701,G10,0.777,1.0,True,keywords
W2789897347,G10,0.528,1.0,True,keywords
W2895919213,G15,0.95,1.0,True,keywords
W2965755711,G10,0.632,1.0,True,keywords
W3041538120,G11,0.393,0.10526315789473684,False,keywords
W3041538120,G15,0.986,0.8947368421052632,True,keywords
W3047793105,G08,0.632,0.3076923076923077,False,keywords
W3047793105,G09,0.895,0.6923076923076923,True,keywords
W3120646580,G08,0.961,0.8666666666666667,True,keywords
W3120646580,G09,0.393,0.13333333333333333,False,keywords
W3157590859,G10,0.895,1.0,True,keywords
W3174454631,G08,0.393,1.0,True,keywords
W4200595618,G10,0.632,1.0,True,keywords
W4212910866,G10,0.393,0.18181818181818182,False,keywords
W4212910866,G13,0.713,0.45454545454545453,True,keywords
W4212910866,G15,0.632,0.36363636363636365,False,keywords
W4281949835,G10,0.393,1.0,True,keywords
W1516189528,G10,0.826,1.0,True,keywords
W2300944462,G07,0.713,1.0,True,keywords
W2315506978,G10,0.865,1.0,True,keywords
W2480699282,G12,0.528,1.0,True,keywords
W2760275688,G13,0.632,1.0,True,keywords
W2811328754,G10,0.393,0.25,False,keywords
W2811328754,G12,0.777,0.75,True,keywords
W2900662708,G10,0.528,1.0,True,keywords
W2931623644,G10,0.777,1.0,True,keywords
W2952346270,G10,0.826,1.0,True,keywords
W2968968444,G15,0.632,1.0,True,keywords
W3006183369,G10,0.826,1.0,True,keywords
W3014676952,G09,0.713,1.0,True,keywords
W3016921724,G06,0.865,0.36363636363636365,False,keywords
W3016921724,G14,0.632,0.18181818181818182,False,keywords
W3016921724,G15,0.918,0.45454545454545453,True,keywords
W3033985764,G08,0.393,1.0,True,keywords
W3162566006,G09,0.528,0.5,True,keywords
W3162566006,G10,0.528,0.5,True,keywords
W3164547845,G09,0.632,1.0,True,keywords
W3177966759,G15,0.777,1.0,True,keywords
W3181274501,G06,0.528,0.25,False,keywords
W3181274501,G15,0.895,0.75,True,keywords
W3197339421,G08,0.777,0.46153846153846156,False,keywords
W3197339421,G15,0.826,0.5384615384615384,True,keywords
W4225981819,G02,0.632,0.5714285714285714,True,keywords
W4225981819,G04,0.528,0.42857142857142855,False,keywords
W1556931370,G13,0.936,1.0,True,keywords
W2167555979,G15,0.528,1.0,True,keywords
W2611222646,G08,0.393,0.4,False,keywords
W2611222646,G10,0.528,0.6,True,keywords
W2903199048,G13,0.918,1.0,True,keywords
W3031810912,G09,0.393,0.2222222222222222,False,keywords
W3031810912,G10,0.713,0.5555555555555556,True,keywords
W3031810912,G11,0.393,0.2222222222222222,False,keywords
W3173338862,G06,0.826,0.4666666666666667,False,keywords
W3173338862,G12,0.865,0.5333333333333333,True,keywords
W3185171601,G10,0.393,1.0,True,keywords
W4200022140,G09,0.393,1.0,True,keywords
W4224213743,G15,0.895,1.0,True,keywords
W4297964731,G13,0.895,1.0,True,keywords
W4307180561,G15,0.528,1.0,True,keywords
W4311769704,G12,0.713,1.0,True,keywords
W4361190608,G09,0.632,1.0,True,keywords
W4376122137,G06,0.632,0.2857142857142857,False,keywords
W4376122137,G15,0.918,0.7142857142857143,True,keywords
W2306525299,G10,0.528,1.0,True,keywords
W2884673058,G10,0.777,1.0,True,keywords
W3093831423,G06,0.632,0.3333333333333333,False,keywords
W3093831423,G12,0.865,0.6666666666666666,True,keywords
W3124092276,G10,0.826,1.0,True,keywords
W3159295557,G09,0.393,0.2857142857142857,False,keywords
W3159295557,G12,0.713,0.7142857142857143,True,keywords
W3161980703,G15,0.918,0.7692307692307693,True,keywords
W3161980703,G17,0.528,0.23076923076923078,False,keywords
W3163711563,G12,0.393,1.0,True,keywords
W3164004350,G15,0.918,1.0,True,keywords
W3209640811,G10,0.95,1.0,True,keywords
W4207034503,G15,0.632,1.0,True,keywords
W4281953511,G09,0.713,1.0,True,keywords
W4312129102,G20,0.393,1.0,True,keywords
W4320482412,G13,0.632,0.4,False,keywords
W4320482412,G15,0.777,0.6,True,keywords
W4378594373,G10,0.777,0.42857142857142855,False,keywords
W4378594373,G11,0.865,0.5714285714285714,True,keywords
W4385798919,G10,0.632,0.26666666666666666,False,keywords
W4385798919,G15,0.936,0.7333333333333333,True,keywords
W4388034242,G06,0.713,0.4166666666666667,True,keywords
W4388034242,G10,0.632,0.3333333333333333,False,keywords
W4388034242,G15,0.528,0.25,False,keywords
W2806398257,G01,0.713,1.0,True,keywords
W2920990320,G09,0.918,1.0,True,keywords
W3012239642,G10,0.865,1.0,True,keywords
W3086103464,G09,0.632,1.0,True,keywords
W3097933558,G12,0.777,0.46153846153846156,False,keywords
W3097933558,G15,0.826,0.5384615384615384,True,keywords
W3195973889,G13,0.936,1.0,True,keywords
W3212489407,G10,0.528,0.2727272727272727,False,keywords
W3212489407,G15,0.528,0.2727272727272727,False,keywords
W3212489407,G17,0.713,0.45454545454545453,True,keywords
W4220974602,G10,0.632,1.0,True,keywords
W4281671012,G10,0.528,0.23076923076923078,False,keywords
W4281671012,G13,0.918,0.7692307692307693,True,keywords
W4307772329,G15,0.393,1.0,True,keywords
W4311114307,G08,0.393,0.25,False,keywords
W4311114307,G09,0.777,0.75,True,keywords
W4323050020,G10,0.777,1.0,True,keywords
W4377288026,G08,0.393,1.0,True,keywords
W2808448749,G08,0.865,1.0,True,keywords
W2952861730,G10,0.632,0.5,True,keywords
W2952861730,G13,0.632,0.5,True,keywords
W3019357451,G10,0.865,1.0,True,keywords
W3026540582,G10,0.713,1.0,True,keywords
W3087285671,G10,0.895,0.6923076923076923,True,keywords
W3087285671,G11,0.632,0.3076923076923077,False,keywords
W3182009176,G07,0.632,0.3333333333333333,False,keywords
W3182009176,G12,0.865,0.6666666666666666,True,keywords
W3186223628,G15,0.528,1.0,True,keywords
W3197906553,G10,0.895,1.0,True,keywords
W4214612554,G10,0.632,1.0,True,keywords
W4221094512,G12,0.865,1.0,True,keywords
W4225007647,G10,0.777,1.0,True,keywords
W4226368189,G10,0.528,1.0,True,keywords
W4228997686,G10,0.826,1.0,True,keywords
W4229366118,G06,0.713,0.45454545454545453,False,keywords
W4229366118,G15,0.777,0.5454545454545454,True,keywords
W4293796863,G15,0.97,1.0,True,keywords
W4360942062,G10,0.918,0.625,True,keywords
W4360942062,G15,0.777,0.375,False,keywords
W4366082892,G10,0.528,1.0,True,keywords
W4366462968,G11,0.393,0.25,False,keywords
W4366462968,G15,0.777,0.75,True,keywords
W4381250908,G09,0.393,0.2857142857142857,False,keywords
W4381250908,G10,0.713,0.7142857142857143,True,keywords
W4387392095,G06,0.713,0.3125,True,keywords
W4387392095,G09,0.528,0.1875,False,keywords
W4387392095,G10,0.632,0.25,False,keywords
W4387392095,G14,0.393,0.125,False,keywords
W4387392095,G15,0.393,0.125,False,keywords
W4389397689,G13,0.918,1.0,True,keywords
W4390061111,G10,0.528,1.0,True,keywords
W2912096296,G08,0.393,0.2222222222222222,False,keywords
W2912096296,G10,0.713,0.5555555555555556,True,keywords
W2912096296,G15,0.393,0.2222222222222222,False,keywords
W4223451166,G06,0.632,0.3333333333333333,False,keywords
W4223451166,G12,0.865,0.6666666666666666,True,keywords
W4280495949,G15,0.826,1.0,True,keywords
W4296010047,G10,0.777,1.0,True,keywords
W4318200613,G08,0.393,1.0,True,keywords
W4376134767,G08,0.393,1.0,True,keywords
W4386084627,G15,0.936,1.0,True,keywords
W4386945095,G15,0.918,1.0,True,keywords
W4389225758,G13,0.895,0.5625,True,keywords
W4389225758,G15,0.528,0.1875,False,keywords
W4389225758,G19,0.393,0.125,False,keywords
W4389225758,G20,0.393,0.125,False,keywords
W4390628040,G10,0.632,0.2857142857142857,False,keywords
W4390628040,G15,0.918,0.7142857142857143,True,keywords
W4400127116,G10,0.632,1.0,True,keywords
W4404565386,G10,0.528,1.0,True,keywords
W4405637483,G10,0.713,1.0,True,keywords
W4407132722,G10,0.777,1.0,True,keywords
W3036552411,G10,0.528,1.0,True,keywords
W3165063259,G06,0.632,1.0,True,keywords
W3176099243,G10,0.777,0.42857142857142855,False,keywords
W3176099243,G11,0.865,0.5714285714285714,True,keywords
W4212819775,G15,0.865,0.6666666666666666,True,keywords
W4212819775,G17,0.632,0.3333333333333333,False,keywords
W4386950809,G15,0.895,1.0,True,keywords
W4387520664,G08,0.918,1.0,True,keywords
W4388968532,G10,0.632,1.0,True,keywords
W4389032149,G15,0.777,1.0,True,keywords
W4391432120,G10,0.976,1.0,True,keywords
W4391592764,G08,0.826,1.0,True,keywords
W4402724764,G09,0.393,0.5,True,keywords
W4402724764,G10,0.393,0.5,True,keywords
W4405249480,G06,0.865,0.5714285714285714,True,keywords
W4405249480,G08,0.393,0.14285714285714285,False,keywords
W4405249480,G15,0.632,0.2857142857142857,False,keywords
W3195726672,G10,0.918,1.0,True,keywords
W4324363952,G08,0.95,1.0,True,keywords
W4402404395,G06,0.632,0.25,False,keywords
W4402404395,G10,0.95,0.75,True,keywords
W4403387361,G10,0.826,1.0,True,keywords
W4404726297,G10,0.961,1.0,True,keywords
W4405312030,G09,0.393,0.5,True,keywords
W4405312030,G10,0.393,0.5,True,keywords
W4411239825,G10,0.632,1.0,True,keywords
W4404633722,G15,0.777,1.0,True,keywords
W4405105344,G10,0.713,1.0,True,keywords
W4409463905,G10,0.632,1.0,True,keywords
W4411165737,G10,0.632,0.2857142857142857,False,keywords
W4411165737,G13,0.865,0.5714285714285714,True,keywords
W4411165737,G19,0.393,0.14285714285714285,False,keywords
W4414061718,G04,0.528,0.42857142857142855,False,keywords
W4414061718,G08,0.632,0.5714285714285714,True,keywords
W4414070258,G02,0.528,0.09375,False,keywords
W4414070258,G06,0.393,0.0625,False,keywords
W4414070258,G14,0.632,0.125,False,keywords
W4414070258,G15,0.997,0.71875,True,keywords
W4414540196,G09,0.865,0.6666666666666666,True,keywords
W4414540196,G15,0.632,0.3333333333333333,False,keywords
W4416024180,G15,0.993,1.0,True,keywords
W4416815559,G10,0.528,1.0,True,keywords
W7117544853,G10,0.393,1.0,True,keywords
W7118019830,G09,0.865,0.42105263157894735,False,keywords
W7118019830,G10,0.936,0.5789473684210527,True,keywords
W7122586579,G07,0.632,1.0,True,keywords
W7125371296,G13,0.826,1.0,True,keywords
W7125610858,G10,0.713,1.0,True,keywords
W7165656602,G02,0.393,0.5,True,keywords
W7165656602,G04,0.393,0.5,True,keywords
W2273346363,G13,0.95,1.0,True,keywords
W2937438234,G10,0.528,1.0,True,keywords
W2610261616,G08,0.97,0.875,True,keywords
W2610261616,G09,0.393,0.125,False,keywords
W2076462622,G09,0.528,1.0,True,keywords
W2394853251,G10,0.528,1.0,True,keywords
W2051546486,G08,0.393,1.0,True,keywords
W3021127293,G08,0.97,1.0,True,keywords
W2102695097,G08,0.393,1.0,True,keywords
W2130081643,G08,0.393,0.2857142857142857,False,keywords
W2130081643,G10,0.713,0.7142857142857143,True,keywords
W2137237426,G10,0.528,1.0,True,keywords
W2605460153,G08,0.393,1.0,True,keywords
W2625889154,G09,0.528,0.3333333333333333,False,keywords
W2625889154,G10,0.777,0.6666666666666666,True,keywords
W2766434921,G10,0.528,1.0,True,keywords
W2914080555,G13,0.713,1.0,True,keywords
W2973243834,G10,0.865,1.0,True,keywords
W3168413124,G10,0.865,1.0,True,keywords
W2519948705,G10,0.777,1.0,True,keywords
W2897796721,G09,0.393,0.2857142857142857,False,keywords
W2897796721,G10,0.713,0.7142857142857143,True,keywords
W3047580344,G06,0.528,1.0,True,keywords
W2313484590,G08,0.393,1.0,True,keywords
W2787151448,G13,0.632,1.0,True,keywords
W2907521774,G08,0.393,1.0,True,keywords
W3000109728,G08,0.936,1.0,True,keywords
W3125968632,G12,0.528,1.0,True,keywords
W2219368294,G10,0.528,1.0,True,keywords
W2321128731,G10,0.393,1.0,True,keywords
W2591544827,G10,0.528,1.0,True,keywords
W2791337778,G10,0.895,1.0,True,keywords
W2947275256,G08,0.895,1.0,True,keywords
W2998867958,G10,0.777,1.0,True,keywords
W3092599547,G10,0.393,1.0,True,keywords
W3126368826,G10,0.936,1.0,True,keywords
W3137742485,G09,0.393,0.10526315789473684,False,keywords
W3137742485,G10,0.895,0.47368421052631576,True,keywords
W3137742485,G11,0.865,0.42105263157894735,False,keywords
W3163215845,G09,0.528,1.0,True,keywords
W3170235559,G06,0.961,0.38235294117647056,False,keywords
W3170235559,G15,0.995,0.6176470588235294,True,keywords
W2123362002,G10,0.713,1.0,True,keywords
W2523267869,G10,0.528,1.0,True,keywords
W2565775995,G08,0.393,1.0,True,keywords
W2899403251,G10,0.528,1.0,True,keywords
W2964737698,G15,0.918,1.0,True,keywords
W2966576043,G10,0.95,1.0,True,keywords
W2999013197,G06,0.632,1.0,True,keywords
W3131680033,G10,0.918,1.0,True,keywords
W3132984656,G15,0.713,1.0,True,keywords
W3192086138,G08,0.393,1.0,True,keywords
W3212908156,G08,0.528,0.07692307692307693,False,keywords
W3212908156,G12,0.991,0.48717948717948717,True,keywords
W3212908156,G13,0.528,0.07692307692307693,False,keywords
W3212908156,G15,0.713,0.1282051282051282,False,keywords
W3212908156,G17,0.528,0.07692307692307693,False,keywords
W3212908156,G19,0.393,0.05128205128205128,False,keywords
W3212908156,G20,0.632,0.10256410256410256,False,keywords
W4294384455,G10,0.961,0.6842105263157895,True,keywords
W4294384455,G15,0.777,0.3157894736842105,False,keywords
W1178045981,G08,0.936,1.0,True,keywords
W1797161870,G10,0.826,1.0,True,keywords
W2800344932,G08,0.961,0.8666666666666667,True,keywords
W2800344932,G09,0.393,0.13333333333333333,False,keywords
W2808475912,G15,0.713,1.0,True,keywords
W3080878064,G09,0.393,1.0,True,keywords
W3159601386,G10,0.777,1.0,True,keywords
W3167091054,G10,0.632,1.0,True,keywords
W3197115159,G12,0.632,0.5,True,keywords
W3197115159,G13,0.393,0.25,False,keywords
W3197115159,G20,0.393,0.25,False,keywords
W3208916686,G10,0.393,0.2,False,keywords
W3208916686,G15,0.865,0.8,True,keywords
W4205218054,G10,0.777,1.0,True,keywords
W4221067766,G15,0.632,1.0,True,keywords
W4285237460,G09,0.713,0.625,True,keywords
W4285237460,G15,0.528,0.375,False,keywords
W4297250100,G17,0.777,1.0,True,keywords
W4321996871,G10,0.528,1.0,True,keywords
W4386545170,G10,0.528,1.0,True,keywords
W2475769337,G10,0.393,1.0,True,keywords
W2883774442,G10,0.632,1.0,True,keywords
W2970402995,G10,0.777,1.0,True,keywords
W3007561022,G08,0.865,0.6666666666666666,True,keywords
W3007561022,G10,0.393,0.16666666666666666,False,keywords
W3007561022,G11,0.393,0.16666666666666666,False,keywords
W3046473363,G10,0.918,1.0,True,keywords
W3135242028,G15,0.918,1.0,True,keywords
W4205785132,G10,0.393,1.0,True,keywords
W4306868134,G09,0.713,1.0,True,keywords
W4396976634,G10,0.865,1.0,True,keywords
W2894410713,G08,0.976,1.0,True,keywords
W2990049050,G08,0.865,0.4444444444444444,False,keywords
W2990049050,G15,0.918,0.5555555555555556,True,keywords
W3094473694,G10,0.777,1.0,True,keywords
W3109402688,G08,0.393,1.0,True,keywords
W3136923068,G02,0.95,0.5217391304347826,True,keywords
W3136923068,G14,0.632,0.17391304347826086,False,keywords
W3136923068,G15,0.826,0.30434782608695654,False,keywords
W3168263879,G15,0.865,1.0,True,keywords
W3207661199,G09,0.713,0.5,True,keywords
W3207661199,G10,0.713,0.5,True,keywords
W4220832628,G10,0.713,1.0,True,keywords
W4221031937,G02,0.393,0.09090909090909091,False,keywords
W4221031937,G10,0.393,0.09090909090909091,False,keywords
W4221031937,G14,0.632,0.18181818181818182,False,keywords
W4221031937,G15,0.97,0.6363636363636364,True,keywords
W4282936296,G15,0.895,1.0,True,keywords
W4306412110,G10,0.632,1.0,True,keywords
W4310570156,G09,0.393,1.0,True,keywords
W4311284834,G15,0.826,1.0,True,keywords
W4313378952,G10,0.393,1.0,True,keywords
W4323036954,G10,0.528,1.0,True,keywords
W4360999738,G02,0.528,0.17647058823529413,False,keywords
W4360999738,G06,0.393,0.11764705882352941,False,keywords
W4360999738,G09,0.393,0.11764705882352941,False,keywords
W4360999738,G14,0.713,0.29411764705882354,True,keywords
W4360999738,G15,0.713,0.29411764705882354,True,keywords
W4367320821,G13,0.865,0.6666666666666666,True,keywords
W4367320821,G15,0.393,0.16666666666666666,False,keywords
W4367320821,G20,0.393,0.16666666666666666,False,keywords
W4381943597,G09,0.393,0.3333333333333333,False,keywords
W4381943597,G10,0.632,0.6666666666666666,True,keywords
W4387671677,G06,0.393,1.0,True,keywords
W4388904766,G10,0.865,1.0,True,keywords
W4389572245,G09,0.393,0.2,False,keywords
W4389572245,G10,0.713,0.5,True,keywords
W4389572245,G13,0.528,0.3,False,keywords
W4391046270,G10,0.632,1.0,True,keywords
W4395050636,G08,0.393,0.4,False,keywords
W4395050636,G10,0.528,0.6,True,keywords
W4400956450,G10,0.393,0.16666666666666666,False,keywords
W4400956450,G15,0.918,0.8333333333333334,True,keywords
W1983648001,G08,0.393,1.0,True,keywords
W2087597613,G09,0.528,1.0,True,keywords
W2142050130,G10,0.865,1.0,True,keywords
W2346148719,G08,0.393,0.5,True,keywords
W2346148719,G10,0.393,0.5,True,keywords
W2526887702,G10,0.528,1.0,True,keywords
W2534633434,G15,0.713,1.0,True,keywords
W3215410106,G08,0.528,0.5,True,keywords
W3215410106,G09,0.528,0.5,True,keywords
W4224232696,G10,0.393,1.0,True,keywords
W4308834915,G10,0.393,1.0,True,keywords
W4381549582,G10,0.393,1.0,True,keywords
W4384701419,G06,0.632,1.0,True,keywords
W4386084157,G15,0.826,1.0,True,keywords
W4386950014,G09,0.393,1.0,True,keywords
W4387026488,G11,0.713,1.0,True,keywords
W4388609244,G08,0.936,1.0,True,keywords
W4389987743,G10,0.393,1.0,True,keywords
W4390839309,G15,0.991,1.0,True,keywords
W4393939927,G10,0.393,1.0,True,keywords
W4398763096,G15,0.982,1.0,True,keywords
W4399464855,G10,0.528,1.0,True,keywords
W4400746900,G09,0.632,0.6666666666666666,True,keywords
W4400746900,G10,0.393,0.3333333333333333,False,keywords
W4402448726,G10,0.826,1.0,True,keywords
W4404061895,G01,0.826,1.0,True,keywords
W4405894505,G10,0.528,1.0,True,keywords
W4407695236,G09,0.528,0.21428571428571427,False,keywords
W4407695236,G10,0.936,0.7857142857142857,True,keywords
W4407939681,G12,0.632,0.4444444444444444,False,keywords
W4407939681,G20,0.713,0.5555555555555556,True,keywords
W4408954120,G10,0.528,0.5,True,keywords
W4408954120,G13,0.528,0.5,True,keywords
W4410871643,G15,0.95,1.0,True,keywords
W2358701901,G08,0.97,1.0,True,keywords
W3159379519,G10,0.713,1.0,True,keywords
W4210929161,G13,0.632,0.3076923076923077,False,keywords
W4210929161,G15,0.895,0.6923076923076923,True,keywords
W4212768090,G08,0.393,1.0,True,keywords
W4223437307,G10,0.632,0.25,False,keywords
W4223437307,G15,0.95,0.75,True,keywords
W4225772864,G15,0.918,1.0,True,keywords
W4226244402,G10,0.528,1.0,True,keywords
W4280555533,G10,0.95,1.0,True,keywords
W4310055003,G13,0.936,1.0,True,keywords
W4318934806,G10,0.632,0.4,False,keywords
W4318934806,G15,0.777,0.6,True,keywords
W4377104596,G08,0.393,1.0,True,keywords
W4379768913,G09,0.393,0.5,True,keywords
W4379768913,G10,0.393,0.5,True,keywords
W4384664166,G15,0.865,1.0,True,keywords
W4385783792,G10,0.713,0.35714285714285715,False,keywords
W4385783792,G15,0.895,0.6428571428571429,True,keywords
W4387339967,G10,0.528,1.0,True,keywords
W4388575804,G06,0.632,0.4444444444444444,True,keywords
W4388575804,G14,0.393,0.2222222222222222,False,keywords
W4388575804,G15,0.528,0.3333333333333333,False,keywords
W4389265613,G09,0.393,0.15384615384615385,False,keywords
W4389265613,G10,0.936,0.8461538461538461,True,keywords
W4389542676,G06,0.632,1.0,True,keywords
W4391141574,G13,0.393,1.0,True,keywords
W4392643989,G08,0.976,1.0,True,keywords
W4393095215,G13,0.865,0.8,True,keywords
W4393095215,G15,0.393,0.2,False,keywords
W4399361052,G10,0.982,1.0,True,keywords
W4399818727,G13,0.632,1.0,True,keywords
W4400303697,G09,0.632,0.3333333333333333,False,keywords
W4400303697,G10,0.865,0.6666666666666666,True,keywords
W4401252550,G15,0.95,1.0,True,keywords
W4402554774,G15,0.895,1.0,True,keywords
W4402561682,G11,0.777,1.0,True,keywords
W4403609165,G10,0.528,1.0,True,keywords
W4404989606,G10,0.826,1.0,True,keywords
W4405485861,G15,0.95,1.0,True,keywords
W4406087846,G06,0.393,1.0,True,keywords
W4406855606,G10,0.777,0.46153846153846156,True,keywords
W4406855606,G11,0.528,0.23076923076923078,False,keywords
W4406855606,G15,0.632,0.3076923076923077,False,keywords
W4406881524,G10,0.393,1.0,True,keywords
W4407375350,G13,0.632,1.0,True,keywords
W4407645889,G10,0.777,1.0,True,keywords
W4408026329,G10,0.393,1.0,True,keywords
W4408301349,G10,0.936,1.0,True,keywords
W4408554352,G15,0.713,1.0,True,keywords
W4408957626,G19,0.97,1.0,True,keywords
W4412028110,G15,0.865,1.0,True,keywords
W4412722956,G10,0.826,1.0,True,keywords
W4413047077,G15,0.632,0.5714285714285714,True,keywords
W4413047077,G18,0.528,0.42857142857142855,False,keywords
W4414385790,G15,0.632,1.0,True,keywords
W4415824153,G15,0.528,1.0,True,keywords
W3162321755,G10,0.713,1.0,True,keywords
W4387811763,G15,0.777,1.0,True,keywords
W4388044216,G15,0.528,1.0,True,keywords
W4391232957,G08,0.393,0.4,False,keywords
W4391232957,G09,0.528,0.6,True,keywords
W4401711731,G15,0.95,1.0,True,keywords
W4402787796,G08,0.777,1.0,True,keywords
W4402981930,G10,0.713,1.0,True,keywords
W4405731212,G09,0.528,1.0,True,keywords
W4406346445,G15,0.895,1.0,True,keywords
W4409685278,G10,0.632,1.0,True,keywords
W4409799351,G10,0.632,1.0,True,keywords
W4409855405,G10,0.393,1.0,True,keywords
W4411401572,G10,0.961,1.0,True,keywords
W4412034776,G08,0.528,0.6,True,keywords
W4412034776,G09,0.393,0.4,False,keywords
W4412203995,G15,0.895,1.0,True,keywords
W4412493207,G10,0.528,0.2727272727272727,False,keywords
W4412493207,G11,0.865,0.7272727272727273,True,keywords
W4412530310,G10,0.865,1.0,True,keywords
W4412840838,G09,0.393,0.5,True,keywords
W4412840838,G10,0.393,0.5,True,keywords
W4414050147,G10,0.777,0.75,True,keywords
W4414050147,G13,0.393,0.25,False,keywords
W4414431108,G10,0.632,1.0,True,keywords
W4414537780,G10,0.632,0.25,False,keywords
W4414537780,G15,0.95,0.75,True,keywords
W4414670613,G08,0.393,0.2857142857142857,False,keywords
W4414670613,G15,0.528,0.42857142857142855,True,keywords
W4414670613,G17,0.393,0.2857142857142857,False,keywords
W4414701897,G15,0.713,1.0,True,keywords
W4414802964,G10,0.528,0.5,True,keywords
W4414802964,G15,0.528,0.5,True,keywords
W4416227412,G13,0.632,0.6666666666666666,True,keywords
W4416227412,G15,0.393,0.3333333333333333,False,keywords
W4416958226,G10,0.528,1.0,True,keywords
W4417151106,G06,0.528,0.11538461538461539,False,keywords
W4417151106,G14,0.632,0.15384615384615385,False,keywords
W4417151106,G15,0.991,0.7307692307692307,True,keywords
W4417152915,G08,0.393,0.4,False,keywords
W4417152915,G10,0.528,0.6,True,keywords
W7114914831,G15,0.393,1.0,True,keywords
W7117233332,G09,0.393,0.5,True,keywords
W7117233332,G10,0.393,0.5,True,keywords
W7117325090,G13,0.632,0.6666666666666666,True,keywords
W7117325090,G19,0.393,0.3333333333333333,False,keywords
W7117325683,G10,0.713,1.0,True,keywords
W7122488852,G06,0.777,0.35294117647058826,True,keywords
W7122488852,G10,0.632,0.23529411764705882,False,keywords
W7122488852,G14,0.713,0.29411764705882354,False,keywords
W7122488852,G15,0.393,0.11764705882352941,False,keywords
W7124838829,G15,0.528,1.0,True,keywords
W7126022282,G10,0.713,0.45454545454545453,True,keywords
W7126022282,G13,0.393,0.18181818181818182,False,keywords
W7126022282,G15,0.632,0.36363636363636365,False,keywords
W7127588447,G13,0.632,0.5714285714285714,True,keywords
W7127588447,G15,0.528,0.42857142857142855,False,keywords
W7127606065,G10,0.826,1.0,True,keywords
W7127653440,G15,0.865,1.0,True,keywords
W7128483896,G10,0.777,0.35294117647058826,False,keywords
W7128483896,G15,0.936,0.6470588235294118,True,keywords
W7128647001,G10,0.713,1.0,True,keywords
W7128694617,G15,0.95,1.0,True,keywords
W7128909739,G15,0.632,0.5714285714285714,True,keywords
W7128909739,G20,0.528,0.42857142857142855,False,keywords
W7129094861,G10,0.777,1.0,True,keywords
W7129729314,G10,0.528,1.0,True,keywords
W7133191447,G08,0.895,1.0,True,keywords
W7133232033,G10,0.393,0.3333333333333333,False,keywords
W7133232033,G12,0.632,0.6666666666666666,True,keywords
W7137974805,G13,0.826,0.7777777777777778,True,keywords
W7137974805,G20,0.393,0.2222222222222222,False,keywords
W7140079758,G01,0.393,0.2222222222222222,False,keywords
W7140079758,G02,0.393,0.2222222222222222,False,keywords
W7140079758,G20,0.713,0.5555555555555556,True,keywords
W7140134149,G10,0.713,1.0,True,keywords
W7140850316,G15,0.826,1.0,True,keywords
W7141299837,G10,0.393,0.3333333333333333,False,keywords
W7141299837,G12,0.632,0.6666666666666666,True,keywords
W7147017457,G07,0.826,1.0,True,keywords
W7147289514,G10,0.632,1.0,True,keywords
W7147637958,G15,0.826,1.0,True,keywords
W7151074302,G08,0.393,1.0,True,keywords
W7154577020,G15,0.918,0.5263157894736842,True,keywords
W7154577020,G17,0.895,0.47368421052631576,False,keywords
W7155562642,G10,0.393,0.2,False,keywords
W7155562642,G15,0.865,0.8,True,keywords
W7156796151,G12,0.632,0.5,True,keywords
W7156796151,G15,0.632,0.5,True,keywords
W7160912527,G10,0.632,1.0,True,keywords
W7161987564,G10,0.632,0.6666666666666666,True,keywords
W7161987564,G15,0.393,0.3333333333333333,False,keywords
W7164921910,G08,0.393,1.0,True,keywords
W2118934235,G15,0.777,1.0,True,keywords
W2583145397,G10,0.895,1.0,True,keywords
W3088276499,G15,0.528,1.0,True,keywords
W2911749347,G01,0.393,0.13333333333333333,False,keywords
W2911749347,G06,0.713,0.3333333333333333,False,keywords
W2911749347,G09,0.865,0.5333333333333333,True,keywords
W2512437991,G10,0.528,1.0,True,keywords
W2779375817,G09,0.393,1.0,True,keywords
W2803342817,G09,0.632,1.0,True,keywords
W2810482431,G08,0.95,1.0,True,keywords
W3003841258,G09,0.632,0.5,True,keywords
W3003841258,G12,0.632,0.5,True,keywords
W2799967419,G09,0.632,1.0,True,keywords
W2945999930,G08,0.393,1.0,True,keywords
W3110412149,G15,0.528,1.0,True,keywords
W3179757010,G02,0.632,0.5714285714285714,True,keywords
W3179757010,G04,0.528,0.42857142857142855,False,keywords
W4206928210,G11,0.632,0.5,True,keywords
W4206928210,G15,0.632,0.5,True,keywords
W2889553015,G10,0.528,1.0,True,keywords
W3003721629,G15,0.393,1.0,True,keywords
W3129804620,G06,0.393,0.3333333333333333,False,keywords
W3129804620,G10,0.632,0.6666666666666666,True,keywords
W3161601704,G15,0.713,1.0,True,keywords
W4224287498,G10,0.777,0.6666666666666666,True,keywords
W4224287498,G13,0.528,0.3333333333333333,False,keywords
W4283264865,G12,0.393,1.0,True,keywords
W3088113448,G10,0.528,0.5,True,keywords
W3088113448,G13,0.528,0.5,True,keywords
W3161115878,G12,0.777,1.0,True,keywords
W4285591141,G13,0.865,1.0,True,keywords
W2911337087,G09,0.918,1.0,True,keywords
W3092388420,G10,0.632,1.0,True,keywords
W4207024564,G10,0.528,1.0,True,keywords
W2123358873,G13,0.826,1.0,True,keywords
W2574105469,G10,0.528,1.0,True,keywords
W4246888834,G10,0.528,1.0,True,keywords
W2067587933,G08,0.936,1.0,True,keywords
W2414287939,G08,0.528,1.0,True,keywords
W2802804950,G08,0.895,1.0,True,keywords
W2933326838,G08,0.777,0.5,True,keywords
W2933326838,G09,0.777,0.5,True,keywords
W2056141132,G10,0.528,1.0,True,keywords
W2586805347,G13,0.528,0.5,True,keywords
W2586805347,G15,0.528,0.5,True,keywords
W3011660913,G08,0.393,1.0,True,keywords
W3094819407,G10,0.826,1.0,True,keywords
W3211317303,G10,0.528,1.0,True,keywords
W4307434683,G15,0.632,1.0,True,keywords
W4313236956,G15,0.777,1.0,True,keywords
W4388626390,G10,0.632,0.6666666666666666,True,keywords
W4388626390,G15,0.393,0.3333333333333333,False,keywords
W114286149,G10,0.713,1.0,True,keywords
W2129525434,G10,0.632,1.0,True,keywords
W2278555395,G10,0.393,1.0,True,keywords
W2339627443,G10,0.865,1.0,True,keywords
W2461162977,G08,0.986,0.85,True,keywords
W2461162977,G10,0.528,0.15,False,keywords
W2480741732,G13,0.826,1.0,True,keywords
W2516129259,G09,0.528,0.3333333333333333,False,keywords
W2516129259,G10,0.777,0.6666666666666666,True,keywords
W2518912235,G11,0.895,0.75,True,keywords
W2518912235,G15,0.528,0.25,False,keywords
W2552332988,G15,0.393,1.0,True,keywords
W2761705167,G10,0.528,0.5,True,keywords
W2761705167,G15,0.528,0.5,True,keywords
W2763653833,G06,0.632,1.0,True,keywords
W2796020932,G10,0.393,0.3333333333333333,False,keywords
W2796020932,G12,0.632,0.6666666666666666,True,keywords
W3210244054,G10,0.895,1.0,True,keywords
W3212858945,G10,0.632,1.0,True,keywords
W4281967379,G15,0.393,1.0,True,keywords
W4283312063,G10,0.632,1.0,True,keywords
W4313898287,G10,0.393,1.0,True,keywords
W4388640069,G10,0.632,0.36363636363636365,False,keywords
W4388640069,G15,0.826,0.6363636363636364,True,keywords
W4392160805,G10,0.393,1.0,True,keywords
W4396939844,G10,0.713,1.0,True,keywords
W2014031098,G15,0.632,1.0,True,keywords
W2098982985,G09,0.777,1.0,True,keywords
W2298391337,G10,0.528,1.0,True,keywords
W2340561403,G10,0.777,1.0,True,keywords
W2507726271,G10,0.528,1.0,True,keywords
W2511965871,G10,0.528,1.0,True,keywords
W2564244219,G10,0.713,1.0,True,keywords
W2896733715,G08,0.393,1.0,True,keywords
W2945319182,G10,0.777,1.0,True,keywords
W2954708019,G20,0.632,1.0,True,keywords
W2978371418,G08,0.393,1.0,True,keywords
W3022314060,G13,0.918,1.0,True,keywords
W3175013934,G10,0.528,1.0,True,keywords
W3194820064,G13,0.918,1.0,True,keywords
W3206509565,G15,0.528,1.0,True,keywords
W4224320541,G10,0.713,1.0,True,keywords
W4231047660,G06,0.528,1.0,True,keywords
W4242394534,G06,0.713,1.0,True,keywords
W4256232556,G06,0.713,1.0,True,keywords
W4281735787,G10,0.632,0.6666666666666666,True,keywords
W4281735787,G13,0.393,0.3333333333333333,False,keywords
W4295471511,G08,0.865,1.0,True,keywords
W4309483053,G10,0.777,1.0,True,keywords
W4309486509,G08,0.393,0.4,False,keywords
W4309486509,G15,0.528,0.6,True,keywords
W4311023470,G10,0.393,1.0,True,keywords
W4322217376,G06,0.632,0.5714285714285714,True,keywords
W4322217376,G15,0.528,0.42857142857142855,False,keywords
W4323038640,G15,0.777,1.0,True,keywords
W4376130467,G12,0.528,1.0,True,keywords
W4385186975,G10,0.528,1.0,True,keywords
W4385751465,G09,0.528,1.0,True,keywords
W4386617528,G10,0.528,1.0,True,keywords
W4387356870,G09,0.632,0.6666666666666666,True,keywords
W4387356870,G10,0.393,0.3333333333333333,False,keywords
W4387901169,G08,0.393,1.0,True,keywords
W4388763883,G13,0.918,1.0,True,keywords
W4391229002,G10,0.777,1.0,True,keywords
W4391739177,G08,0.393,0.5,True,keywords
W4391739177,G15,0.393,0.5,True,keywords
W4392128604,G13,0.777,1.0,True,keywords
W4392880571,G12,0.713,1.0,True,keywords
W4400046616,G10,0.393,1.0,True,keywords
W4400151437,G10,0.95,1.0,True,keywords
W4400352597,G10,0.632,1.0,True,keywords
W4400453514,G08,0.393,0.5,True,keywords
W4400453514,G15,0.393,0.5,True,keywords
W4401998260,G10,0.826,1.0,True,keywords
W4402422536,G10,0.393,1.0,True,keywords
W4404468478,G06,0.865,0.42105263157894735,False,keywords
W4404468478,G15,0.936,0.5789473684210527,True,keywords
W4405491846,G10,0.528,1.0,True,keywords
W4406849318,G10,0.713,1.0,True,keywords
W4407134208,G09,0.393,0.3333333333333333,False,keywords
W4407134208,G10,0.632,0.6666666666666666,True,keywords
W4408347748,G08,0.777,0.6,True,keywords
W4408347748,G15,0.632,0.4,False,keywords
W4408469532,G11,0.632,0.5,True,keywords
W4408469532,G15,0.632,0.5,True,keywords
W4409200966,G10,0.528,1.0,True,keywords
W4411282199,G15,0.528,0.3333333333333333,False,keywords
W4411282199,G20,0.777,0.6666666666666666,True,keywords
W4412048416,G15,0.632,1.0,True,keywords
W4413801540,G10,0.895,1.0,True,keywords
W4414424590,G10,0.632,1.0,True,keywords
W4414662472,G13,0.961,1.0,True,keywords
W3012060137,G10,0.528,0.3333333333333333,False,keywords
W3012060137,G13,0.777,0.6666666666666666,True,keywords
W2889117707,G08,0.936,1.0,True,keywords
W2947679350,G15,0.961,1.0,True,keywords
W3088403021,G15,0.528,1.0,True,keywords
W3130299334,G09,0.865,0.5333333333333333,True,keywords
W3130299334,G10,0.826,0.4666666666666667,False,keywords
W2086225772,G10,0.393,1.0,True,keywords
W2795815350,G10,0.632,1.0,True,keywords
W2801279833,G08,0.713,0.38461538461538464,False,keywords
W2801279833,G11,0.865,0.6153846153846154,True,keywords
W2804465990,G10,0.632,0.5714285714285714,True,keywords
W2804465990,G14,0.528,0.42857142857142855,False,keywords
W2885934244,G09,0.393,0.3333333333333333,False,keywords
W2885934244,G10,0.632,0.6666666666666666,True,keywords
W2889719691,G08,0.393,0.5,True,keywords
W2889719691,G20,0.393,0.5,True,keywords
W2898458751,G15,0.895,1.0,True,keywords
W2903444058,G13,0.918,0.7692307692307693,True,keywords
W2903444058,G15,0.528,0.23076923076923078,False,keywords
W2911099514,G15,0.918,0.7692307692307693,True,keywords
W2911099514,G19,0.528,0.23076923076923078,False,keywords
W2945087618,G10,0.777,1.0,True,keywords
W2969354338,G12,0.632,1.0,True,keywords
W2979278829,G13,0.528,1.0,True,keywords
W2981967439,G09,0.528,1.0,True,keywords
W3003452953,G10,0.895,1.0,True,keywords
W3039612505,G08,0.95,0.8,True,keywords
W3039612505,G09,0.528,0.2,False,keywords
W3087909361,G15,0.777,1.0,True,keywords
W3088513035,G15,0.528,1.0,True,keywords
W3091960732,G08,0.393,1.0,True,keywords
W3128036749,G12,0.528,1.0,True,keywords
W3161097942,G13,0.528,0.23076923076923078,False,keywords
W3161097942,G15,0.918,0.7692307692307693,True,keywords
W3185969626,G10,0.632,1.0,True,keywords
W3216121685,G10,0.777,1.0,True,keywords
W4214495932,G10,0.528,1.0,True,keywords
W4292631856,G13,0.918,1.0,True,keywords
W4295818057,G09,0.393,0.2222222222222222,False,keywords
W4295818057,G10,0.826,0.7777777777777778,True,keywords
W4311670582,G11,0.713,1.0,True,keywords
W4312851851,G12,0.632,1.0,True,keywords
W4312956565,G09,0.528,1.0,True,keywords
W4327896721,G15,0.393,1.0,True,keywords
W4386154150,G10,0.528,0.3333333333333333,False,keywords
W4386154150,G15,0.777,0.6666666666666666,True,keywords
W2805624157,G10,0.95,1.0,True,keywords
W4379646084,G10,0.393,0.5,True,keywords
W4379646084,G11,0.393,0.5,True,keywords
W1979932133,G10,0.528,1.0,True,keywords
W2267150746,G10,0.713,1.0,True,keywords
W3169253960,G10,0.826,1.0,True,keywords
W2594470360,G10,0.528,1.0,True,keywords
W2100168263,G15,0.528,1.0,True,keywords
W4252652087,G10,0.528,1.0,True,keywords
W2794153231,G06,0.632,1.0,True,keywords
W2415061960,G10,0.528,1.0,True,keywords
W2948021622,G09,0.632,1.0,True,keywords
W3152301198,G10,0.632,1.0,True,keywords
W4239490150,G06,0.528,1.0,True,keywords
W2962165257,G06,0.528,1.0,True,keywords
W2805655926,G15,0.918,0.6666666666666666,True,keywords
W2805655926,G19,0.713,0.3333333333333333,False,keywords
W2947924709,G10,0.393,1.0,True,keywords
W3125378870,G10,0.777,1.0,True,keywords
W2405182038,G10,0.393,1.0,True,keywords
W3125305320,G10,0.777,1.0,True,keywords
W4379281566,G10,0.918,0.8333333333333334,True,keywords
W4379281566,G15,0.393,0.16666666666666666,False,keywords
W4379984338,G10,0.777,0.6,True,keywords
W4379984338,G13,0.632,0.4,False,keywords
W7129686455,G09,0.713,0.3333333333333333,False,keywords
W7129686455,G10,0.918,0.6666666666666666,True,keywords
W3085545453,G09,0.528,1.0,True,keywords
W4410819970,G09,0.826,1.0,True,keywords
W2891089214,G15,0.865,1.0,True,keywords
W2907861119,G10,0.632,1.0,True,keywords
W2947271725,G10,0.826,1.0,True,keywords
W3110214443,G07,0.393,1.0,True,keywords
W3173692073,G13,0.918,1.0,True,keywords
W3201578316,G13,0.632,1.0,True,keywords
W4200014204,G10,0.918,1.0,True,keywords
W4237382528,G12,0.713,1.0,True,keywords
W4248349905,G02,0.97,0.875,True,keywords
W4248349905,G09,0.393,0.125,False,keywords
W4379331596,G10,0.713,1.0,True,keywords
W4384829667,G10,0.777,1.0,True,keywords
W4403273891,G08,0.393,1.0,True,keywords
W4410821118,G09,0.826,0.3333333333333333,False,keywords
W4410821118,G10,0.97,0.6666666666666666,True,keywords
W2408346171,G10,0.393,1.0,True,keywords
W2530413812,G01,0.393,0.11764705882352941,False,keywords
W2530413812,G06,0.393,0.11764705882352941,False,keywords
W2530413812,G14,0.393,0.11764705882352941,False,keywords
W2530413812,G15,0.936,0.6470588235294118,True,keywords
W2591180728,G10,0.865,1.0,True,keywords
W2600101650,G10,0.632,0.6666666666666666,True,keywords
W2600101650,G15,0.393,0.3333333333333333,False,keywords
W2623943659,G10,0.713,1.0,True,keywords
W2770135149,G15,0.632,0.5,True,keywords
W2770135149,G16,0.632,0.5,True,keywords
W2890937542,G10,0.393,0.3333333333333333,False,keywords
W2890937542,G13,0.632,0.6666666666666666,True,keywords
W3004639210,G08,0.393,0.5,True,keywords
W3004639210,G15,0.393,0.5,True,keywords
W3031710294,G10,0.528,1.0,True,keywords
W3171185682,G08,0.936,1.0,True,keywords
W4225427647,G10,0.713,1.0,True,keywords
W4237986212,G06,0.777,1.0,True,keywords
W4283660701,G07,0.528,1.0,True,keywords
W4285126184,G15,0.961,1.0,True,keywords
W4289535294,G08,0.393,1.0,True,keywords
W4379282784,G15,0.777,1.0,True,keywords
W4387982164,G10,0.632,1.0,True,keywords
W4393073251,G09,0.632,0.26666666666666666,False,keywords
W4393073251,G10,0.936,0.7333333333333333,True,keywords
W4396828083,G10,0.777,1.0,True,keywords
W4413803905,G02,0.528,0.09375,False,keywords
W4413803905,G06,0.393,0.0625,False,keywords
W4413803905,G14,0.632,0.125,False,keywords
W4413803905,G15,0.997,0.71875,True,keywords
W2001151965,G15,0.777,1.0,True,keywords
W2335013162,G06,0.632,0.3333333333333333,True,keywords
W2335013162,G10,0.632,0.3333333333333333,True,keywords
W2335013162,G15,0.632,0.3333333333333333,True,keywords
W2398160817,G10,0.777,1.0,True,keywords
W2407642363,G08,0.998,1.0,True,keywords
W2494876404,G08,0.393,0.5,True,keywords
W2494876404,G15,0.393,0.5,True,keywords
W2512308380,G10,0.528,1.0,True,keywords
W2591107346,G10,0.632,1.0,True,keywords
W2594169005,G10,0.865,1.0,True,keywords
W2735545892,G12,0.393,1.0,True,keywords
W2806470293,G08,0.986,1.0,True,keywords
W2811448199,G08,0.895,1.0,True,keywords
W2891601360,G09,0.865,0.7272727272727273,True,keywords
W2891601360,G10,0.528,0.2727272727272727,False,keywords
W2951144409,G10,0.393,1.0,True,keywords
W2953904624,G10,0.632,1.0,True,keywords
W2970536849,G10,0.393,1.0,True,keywords
W3040854740,G10,0.528,1.0,True,keywords
W3130476451,G10,0.632,1.0,True,keywords
W3137254708,G10,0.528,1.0,True,keywords
W3138651831,G10,0.528,1.0,True,keywords
W3170151874,G10,0.393,0.3333333333333333,True,keywords
W3170151874,G13,0.393,0.3333333333333333,True,keywords
W3170151874,G15,0.393,0.3333333333333333,True,keywords
W3182512244,G09,0.393,0.3333333333333333,False,keywords
W3182512244,G12,0.632,0.6666666666666666,True,keywords
W4240792456,G06,0.528,1.0,True,keywords
W4242547734,G06,0.528,0.12,False,keywords
W4242547734,G14,0.777,0.24,False,keywords
W4242547734,G15,0.95,0.48,True,keywords
W4242547734,G20,0.632,0.16,False,keywords
W4244998371,G09,0.632,0.4444444444444444,False,keywords
W4244998371,G10,0.713,0.5555555555555556,True,keywords
W4248621281,G15,0.777,1.0,True,keywords
W4282941477,G08,0.393,1.0,True,keywords
W4285049411,G12,0.777,1.0,True,keywords
W4285230632,G08,0.895,0.75,True,keywords
W4285230632,G15,0.528,0.25,False,keywords
W4286297771,G10,0.713,0.5555555555555556,True,keywords
W4286297771,G13,0.632,0.4444444444444444,False,keywords
W4287379311,G10,0.528,1.0,True,keywords
W4293233199,G15,0.918,1.0,True,keywords
W4294944562,G10,0.528,1.0,True,keywords
W4308528209,G12,0.713,0.3333333333333333,False,keywords
W4308528209,G13,0.632,0.26666666666666666,False,keywords
W4308528209,G15,0.777,0.4,True,keywords
W4313457539,G10,0.713,0.5555555555555556,True,keywords
W4313457539,G12,0.632,0.4444444444444444,False,keywords
W4317863091,G10,0.632,0.4444444444444444,False,keywords
W4317863091,G15,0.713,0.5555555555555556,True,keywords
W4327681323,G15,0.713,1.0,True,keywords
W4380446452,G13,0.936,0.7333333333333333,True,keywords
W4380446452,G19,0.393,0.13333333333333333,False,keywords
W4380446452,G20,0.393,0.13333333333333333,False,keywords
W4380624893,G06,0.713,0.3125,False,keywords
W4380624893,G10,0.865,0.5,True,keywords
W4380624893,G15,0.528,0.1875,False,keywords
W4382811649,G10,0.528,1.0,True,keywords
W4390458075,G10,0.393,1.0,True,keywords
W4393095728,G09,0.713,1.0,True,keywords
W4396590460,G10,0.713,1.0,True,keywords
W4399736890,G10,0.826,0.3684210526315789,False,keywords
W4399736890,G15,0.95,0.631578947368421,True,keywords
W4401160346,G10,0.393,0.4,False,keywords
W4401160346,G15,0.528,0.6,True,keywords
W4405107183,G10,0.777,1.0,True,keywords
W4410804278,G09,0.986,0.5483870967741935,True,keywords
W4410804278,G10,0.97,0.45161290322580644,False,keywords
W4411370184,G10,0.777,1.0,True,keywords
W4411987439,G13,0.826,1.0,True,keywords
W4412713854,G10,0.528,0.5,True,keywords
W4412713854,G13,0.528,0.5,True,keywords
W4412866859,G13,0.936,1.0,True,keywords
W4413495462,G15,0.826,1.0,True,keywords
W7108458450,G09,0.777,1.0,True,keywords
W1548296530,G10,0.632,1.0,True,keywords
W1600018305,G08,0.528,1.0,True,keywords
W1603522317,G10,0.713,1.0,True,keywords
W1882873748,G10,0.826,1.0,True,keywords
W195605867,G13,0.528,1.0,True,keywords
W1968522815,G10,0.528,1.0,True,keywords
W1976521453,G08,0.865,0.7272727272727273,True,keywords
W1976521453,G10,0.528,0.2727272727272727,False,keywords
W1993924984,G13,0.632,1.0,True,keywords
W2016351223,G10,0.528,1.0,True,keywords
W2024164903,G10,0.528,1.0,True,keywords
W2069081925,G13,0.393,1.0,True,keywords
W2077258204,G06,0.632,1.0,True,keywords
W2084628226,G11,0.777,1.0,True,keywords
W2086649671,G08,0.393,1.0,True,keywords
W2119188030,G10,0.528,1.0,True,keywords
W2141522028,G08,0.393,1.0,True,keywords
W2261278720,G13,0.632,1.0,True,keywords
W2284948853,G13,0.918,1.0,True,keywords
W2322749417,G10,0.826,1.0,True,keywords
W2328429830,G10,0.528,1.0,True,keywords
W2331653835,G10,0.528,1.0,True,keywords
W2335774848,G10,0.777,1.0,True,keywords
W2339464139,G10,0.777,1.0,True,keywords
W2339504777,G10,0.528,1.0,True,keywords
W2343244440,G10,0.528,1.0,True,keywords
W2344096376,G10,0.528,1.0,True,keywords
W2344345653,G10,0.528,1.0,True,keywords
W2365904043,G10,0.826,0.7,True,keywords
W2365904043,G15,0.528,0.3,False,keywords
W2384384,G13,0.632,1.0,True,keywords
W2400551725,G08,0.393,1.0,True,keywords
W2401329852,G09,0.713,0.45454545454545453,False,keywords
W2401329852,G10,0.777,0.5454545454545454,True,keywords
W2406832479,G10,0.936,1.0,True,keywords
W2409774474,G13,0.865,1.0,True,keywords
W2413835715,G10,0.777,1.0,True,keywords
W2418388260,G08,0.97,0.6363636363636364,True,keywords
W2418388260,G11,0.865,0.36363636363636365,False,keywords
W2419131114,G10,0.632,1.0,True,keywords
W24239333,G08,0.393,1.0,True,keywords
W2442009042,G10,0.528,1.0,True,keywords
W244521096,G10,0.895,1.0,True,keywords
W2476930302,G08,0.865,1.0,True,keywords
W2500269730,G13,0.632,1.0,True,keywords
W2507800986,G10,0.528,1.0,True,keywords
W2510281165,G13,0.826,1.0,True,keywords
W2516934451,G10,0.393,1.0,True,keywords
W2519331983,G15,0.961,1.0,True,keywords
W2523728506,G10,0.528,1.0,True,keywords
W2537722445,G06,0.632,1.0,True,keywords
W2541037228,G19,0.528,1.0,True,keywords
W2542122422,G15,0.632,1.0,True,keywords
W2562326603,G13,0.632,1.0,True,keywords
W2565347862,G13,0.528,1.0,True,keywords
W2566134516,G13,0.632,0.4,True,keywords
W2566134516,G15,0.632,0.4,True,keywords
W2566134516,G20,0.393,0.2,False,keywords
W2568320300,G09,0.528,1.0,True,keywords
W2571177250,G10,0.528,1.0,True,keywords
W2580734495,G10,0.528,1.0,True,keywords
W2587130320,G10,0.528,1.0,True,keywords
W2587255120,G10,0.777,1.0,True,keywords
W2587931552,G09,0.393,0.3333333333333333,True,keywords
W2587931552,G19,0.393,0.3333333333333333,True,keywords
W2587931552,G20,0.393,0.3333333333333333,True,keywords
W2589200589,G10,0.865,1.0,True,keywords
W2591867760,G10,0.777,1.0,True,keywords
W2592971485,G10,0.528,1.0,True,keywords
W2594371041,G10,0.895,1.0,True,keywords
W2594372121,G10,0.713,1.0,True,keywords
W2594827577,G10,0.95,1.0,True,keywords
W260875648,G10,0.826,1.0,True,keywords
W2742124252,G09,0.393,0.5,True,keywords
W2742124252,G15,0.393,0.5,True,keywords
W2750917781,G06,0.632,1.0,True,keywords
W2751795310,G08,0.393,0.2,False,keywords
W2751795310,G10,0.865,0.8,True,keywords
W2778849635,G13,0.865,1.0,True,keywords
W2790279336,G10,0.918,1.0,True,keywords
W2791916891,G10,0.393,1.0,True,keywords
W2792598000,G10,0.713,1.0,True,keywords
W2805866562,G08,0.393,0.1111111111111111,False,keywords
W2805866562,G15,0.97,0.7777777777777778,True,keywords
W2805866562,G20,0.393,0.1111111111111111,False,keywords
W2807277847,G12,0.632,1.0,True,keywords
W2807327397,G10,0.632,1.0,True,keywords
W2889919552,G10,0.865,1.0,True,keywords
W2895385537,G12,0.632,1.0,True,keywords
W2898585019,G10,0.528,1.0,True,keywords
W2900159964,G10,0.895,1.0,True,keywords
W2900311317,G08,0.393,1.0,True,keywords
W2905685462,G15,0.528,1.0,True,keywords
W2911544694,G09,0.393,0.3333333333333333,False,keywords
W2911544694,G10,0.632,0.6666666666666666,True,keywords
W2914212961,G12,0.528,1.0,True,keywords
W2914701546,G15,0.528,1.0,True,keywords
W2914987509,G10,0.713,1.0,True,keywords
W2922695638,G10,0.393,1.0,True,keywords
W2928693532,G10,0.528,1.0,True,keywords
W2938324811,G09,0.632,1.0,True,keywords
W2944580224,G10,0.713,0.45454545454545453,True,keywords
W2944580224,G11,0.393,0.18181818181818182,False,keywords
W2944580224,G15,0.632,0.36363636363636365,False,keywords
W2946893102,G13,0.895,1.0,True,keywords
W2949974791,G10,0.393,1.0,True,keywords
W2950460530,G10,0.528,1.0,True,keywords
W2951998891,G15,0.865,1.0,True,keywords
W2952184300,G10,0.393,1.0,True,keywords
W2953266787,G10,0.632,1.0,True,keywords
W2969548048,G15,0.777,1.0,True,keywords
W2970862713,G07,0.632,1.0,True,keywords
W2971368631,G10,0.393,1.0,True,keywords
W2977880397,G10,0.528,1.0,True,keywords
W2978538699,G09,0.777,0.5,True,keywords
W2978538699,G10,0.777,0.5,True,keywords
W2978633224,G12,0.528,0.3333333333333333,False,keywords
W2978633224,G15,0.777,0.6666666666666666,True,keywords
W2979208362,G08,0.393,1.0,True,keywords
W2980982511,G08,0.865,0.6666666666666666,True,keywords
W2980982511,G15,0.393,0.16666666666666666,False,keywords
W2980982511,G20,0.393,0.16666666666666666,False,keywords
W2981843190,G09,0.777,1.0,True,keywords
W2987916351,G15,0.393,1.0,True,keywords
W2988100164,G10,0.528,1.0,True,keywords
W2989345412,G10,0.528,1.0,True,keywords
W2989807072,G10,0.528,1.0,True,keywords
W2990278614,G10,0.918,0.8333333333333334,True,keywords
W2990278614,G13,0.393,0.16666666666666666,False,keywords
W2991648257,G13,0.632,1.0,True,keywords
W2998639982,G10,0.777,1.0,True,keywords
W3003939376,G12,0.528,1.0,True,keywords
W3004050745,G10,0.528,1.0,True,keywords
W3004280624,G15,0.777,1.0,True,keywords
W3005782357,G10,0.528,1.0,True,keywords
W3005841825,G10,0.713,1.0,True,keywords
W3006651424,G10,0.632,1.0,True,keywords
W3007232272,G10,0.777,1.0,True,keywords
W3007668011,G15,0.826,1.0,True,keywords
W3009904947,G10,0.961,1.0,True,keywords
W3010071120,G15,0.528,1.0,True,keywords
W3012460767,G10,0.528,1.0,True,keywords
W3013553592,G15,0.713,1.0,True,keywords
W3013813824,G08,0.393,0.3333333333333333,True,keywords
W3013813824,G10,0.393,0.3333333333333333,True,keywords
W3013813824,G11,0.393,0.3333333333333333,True,keywords
W3014149243,G15,0.976,1.0,True,keywords
W3018642870,G15,0.528,1.0,True,keywords
W3021645379,G06,0.95,1.0,True,keywords
W3025076815,G10,0.895,1.0,True,keywords
W3028897156,G12,0.713,0.5,True,keywords
W3028897156,G15,0.713,0.5,True,keywords
W3041528284,G10,0.895,1.0,True,keywords
W3083176305,G09,0.713,0.7142857142857143,True,keywords
W3083176305,G10,0.393,0.2857142857142857,False,keywords
W3085615753,G10,0.528,1.0,True,keywords
W3086769406,G10,0.528,1.0,True,keywords
W3088073933,G13,0.632,1.0,True,keywords
W3088428328,G10,0.528,1.0,True,keywords
W3089051324,G13,0.528,1.0,True,keywords
W3091769425,G09,0.777,1.0,True,keywords
W3091804323,G08,0.393,1.0,True,keywords
W3092017685,G08,0.393,1.0,True,keywords
W3092280193,G09,0.528,0.5,True,keywords
W3092280193,G10,0.528,0.5,True,keywords
W3092355390,G09,0.528,1.0,True,keywords
W3092394745,G10,0.528,1.0,True,keywords
W3096882311,G08,0.393,0.25,False,keywords
W3096882311,G15,0.777,0.75,True,keywords
W3106696613,G09,0.777,0.5454545454545454,True,keywords
W3106696613,G10,0.713,0.45454545454545453,False,keywords
W3118243593,G08,0.393,0.3333333333333333,False,keywords
W3118243593,G10,0.632,0.6666666666666666,True,keywords
W3130092116,G08,0.393,0.4,False,keywords
W3130092116,G10,0.528,0.6,True,keywords
W3130584790,G10,0.393,1.0,True,keywords
W3134084249,G10,0.393,0.13333333333333333,False,keywords
W3134084249,G15,0.961,0.8666666666666667,True,keywords
W3139325257,G08,0.97,1.0,True,keywords
W3146202101,G08,0.982,1.0,True,keywords
W3151825011,G15,0.528,1.0,True,keywords
W3154117628,G15,0.632,1.0,True,keywords
W3161418770,G07,0.632,1.0,True,keywords
W3194883203,G13,0.918,1.0,True,keywords
W3199153081,G09,0.393,1.0,True,keywords
W3200554387,G10,0.865,1.0,True,keywords
W3200992144,G10,0.713,1.0,True,keywords
W3201051611,G10,0.393,1.0,True,keywords
W3201056103,G10,0.393,1.0,True,keywords
W3203686035,G10,0.528,1.0,True,keywords
W3205907209,G10,0.528,1.0,True,keywords
W3206546973,G10,0.528,0.5,True,keywords
W3206546973,G15,0.528,0.5,True,keywords
W3206630617,G09,0.713,1.0,True,keywords
W3207211733,G09,0.393,1.0,True,keywords
W3208031868,G10,0.528,0.5,True,keywords
W3208031868,G15,0.528,0.5,True,keywords
W3209953286,G12,0.632,1.0,True,keywords
W3210694173,G09,0.528,0.5,True,keywords
W3210694173,G10,0.528,0.5,True,keywords
W3213419359,G10,0.393,1.0,True,keywords
W3215792013,G06,0.632,1.0,True,keywords
W331156297,G15,0.777,1.0,True,keywords
W4205278034,G15,0.632,1.0,True,keywords
W4206387850,G10,0.632,0.6666666666666666,True,keywords
W4206387850,G13,0.393,0.3333333333333333,False,keywords
W4206789264,G10,0.713,1.0,True,keywords
W4214480636,G10,0.528,0.3333333333333333,False,keywords
W4214480636,G15,0.777,0.6666666666666666,True,keywords
W4214571031,G10,0.528,1.0,True,keywords
W4214688331,G09,0.528,1.0,True,keywords
W4214754534,G10,0.777,1.0,True,keywords
W4214763351,G10,0.777,1.0,True,keywords
W4214848457,G09,0.528,1.0,True,keywords
W4220652535,G08,0.918,1.0,True,keywords
W4220713429,G09,0.393,0.18181818181818182,False,keywords
W4220713429,G10,0.895,0.8181818181818182,True,keywords
W4220755605,G10,0.713,1.0,True,keywords
W4220803620,G11,0.528,1.0,True,keywords
W4220863284,G08,0.528,0.6,True,keywords
W4220863284,G15,0.393,0.4,False,keywords
W4220911142,G10,0.393,1.0,True,keywords
W4221001973,G09,0.713,0.5,True,keywords
W4221001973,G10,0.713,0.5,True,keywords
W4221033717,G09,0.713,1.0,True,keywords
W4224087178,G10,0.528,1.0,True,keywords
W4225500686,G10,0.895,1.0,True,keywords
W4231575972,G15,0.528,1.0,True,keywords
W4236521790,G06,0.632,1.0,True,keywords
W4238505558,G10,0.528,1.0,True,keywords
W4238928236,G10,0.777,1.0,True,keywords
W4239495303,G10,0.393,1.0,True,keywords
W4246448779,G15,0.528,1.0,True,keywords
W4247700356,G10,0.777,1.0,True,keywords
W4249551870,G15,0.632,1.0,True,keywords
W4250780053,G20,0.393,1.0,True,keywords
W4254087501,G11,0.777,1.0,True,keywords
W4254654147,G10,0.632,1.0,True,keywords
W4281400728,G15,0.777,1.0,True,keywords
W4281694657,G09,0.632,1.0,True,keywords
W4281746642,G10,0.393,1.0,True,keywords
W4281989188,G10,0.528,0.23076923076923078,False,keywords
W4281989188,G13,0.918,0.7692307692307693,True,keywords
W4282831159,G02,0.393,0.3333333333333333,True,keywords
W4282831159,G06,0.393,0.3333333333333333,True,keywords
W4282831159,G15,0.393,0.3333333333333333,True,keywords
W4282943697,G09,0.982,0.7272727272727273,True,keywords
W4282943697,G10,0.777,0.2727272727272727,False,keywords
W4284967510,G12,0.826,0.7777777777777778,True,keywords
W4284967510,G13,0.393,0.2222222222222222,False,keywords
W4286296480,G15,0.936,1.0,True,keywords
W4286297420,G15,0.528,1.0,True,keywords
W4293043404,G15,0.632,1.0,True,keywords
W4293204258,G10,0.528,1.0,True,keywords
W4293204746,G09,0.528,0.5,True,keywords
W4293204746,G10,0.528,0.5,True,keywords
W4294684872,G17,0.777,1.0,True,keywords
W4294684997,G08,0.393,0.5,True,keywords
W4294684997,G20,0.393,0.5,True,keywords
W4294944333,G10,0.528,1.0,True,keywords
W4296007555,G15,0.777,1.0,True,keywords
W4297216468,G10,0.713,1.0,True,keywords
W4306638045,G08,0.936,1.0,True,keywords
W4309271529,G15,0.826,1.0,True,keywords
W4309482683,G15,0.826,1.0,True,keywords
W4309482944,G08,0.528,1.0,True,keywords
W4309486331,G15,0.826,1.0,True,keywords
W4309486521,G09,0.528,0.3333333333333333,False,keywords
W4309486521,G15,0.777,0.6666666666666666,True,keywords
W4309486527,G10,0.777,1.0,True,keywords
W4310105126,G08,0.393,0.4,False,keywords
W4310105126,G09,0.528,0.6,True,keywords
W4310126141,G10,0.393,0.07142857142857142,False,keywords
W4310126141,G15,0.998,0.9285714285714286,True,keywords
W4312139644,G19,0.528,1.0,True,keywords
W4312139690,G09,0.777,1.0,True,keywords
W4312256856,G09,0.528,1.0,True,keywords
W4312415930,G10,0.777,1.0,True,keywords
W4317862937,G10,0.393,1.0,True,keywords
W4317863082,G10,0.713,0.4166666666666667,False,keywords
W4317863082,G15,0.826,0.5833333333333334,True,keywords
W4317877681,G10,0.632,0.5,True,keywords
W4317877681,G15,0.632,0.5,True,keywords
W4317941635,G09,0.632,1.0,True,keywords
W4320559472,G08,0.393,0.4,False,keywords
W4320559472,G15,0.528,0.6,True,keywords
W4321457070,G09,0.528,0.3333333333333333,False,keywords
W4321457070,G10,0.777,0.6666666666666666,True,keywords
W4321457112,G10,0.777,0.6666666666666666,True,keywords
W4321457112,G13,0.528,0.3333333333333333,False,keywords
W4322769657,G08,0.528,1.0,True,keywords
W4322771983,G08,0.632,0.4,False,keywords
W4322771983,G09,0.777,0.6,True,keywords
W4322774876,G15,0.393,1.0,True,keywords
W4322775046,G09,0.528,0.23076923076923078,False,keywords
W4322775046,G10,0.918,0.7692307692307693,True,keywords
W4322775047,G10,0.393,1.0,True,keywords
W4322775211,G06,0.393,0.18181818181818182,False,keywords
W4322775211,G10,0.895,0.8181818181818182,True,keywords
W4361955240,G09,0.393,0.16666666666666666,False,keywords
W4361955240,G10,0.918,0.8333333333333334,True,keywords
W4362472149,G10,0.393,1.0,True,keywords
W4362587538,G10,0.528,1.0,True,keywords
W4362640912,G12,0.632,1.0,True,keywords
W4367835348,G10,0.895,0.6,True,keywords
W4367835348,G15,0.777,0.4,False,keywords
W4375866930,G10,0.632,0.6666666666666666,True,keywords
W4375866930,G15,0.393,0.3333333333333333,False,keywords
W4376613942,G10,0.632,1.0,True,keywords
W4377088255,G09,0.528,0.25,False,keywords
W4377088255,G10,0.895,0.75,True,keywords
W4379332770,G10,0.528,1.0,True,keywords
W4379981782,G10,0.528,1.0,True,keywords
W4380085237,G10,0.713,1.0,True,keywords
W4382049482,G13,0.982,1.0,True,keywords
W4384826482,G15,0.936,1.0,True,keywords
W4385706404,G13,0.528,0.21428571428571427,False,keywords
W4385706404,G15,0.936,0.7857142857142857,True,keywords
W4385819578,G10,0.632,1.0,True,keywords
W4386096564,G08,0.528,0.6,True,keywords
W4386096564,G10,0.393,0.4,False,keywords
W4386318095,G10,0.865,1.0,True,keywords
W4386361935,G10,0.528,0.3333333333333333,False,keywords
W4386361935,G15,0.777,0.6666666666666666,True,keywords
W4386656980,G02,0.97,1.0,True,keywords
W4387134863,G09,0.528,1.0,True,keywords
W4387135363,G09,0.528,1.0,True,keywords
W4387808034,G13,0.777,1.0,True,keywords
W4387810219,G08,0.393,1.0,True,keywords
W4387810458,G15,0.895,1.0,True,keywords
W4387825135,G10,0.528,1.0,True,keywords
W4388188333,G09,0.393,1.0,True,keywords
W4388843689,G10,0.393,1.0,True,keywords
W4389109447,G08,0.95,1.0,True,keywords
W4389935997,G06,0.632,0.3333333333333333,False,keywords
W4389935997,G15,0.865,0.6666666666666666,True,keywords
W4390126998,G08,0.528,1.0,True,keywords
W4390339953,G13,0.632,0.5714285714285714,True,keywords
W4390339953,G19,0.528,0.42857142857142855,False,keywords
W4390458135,G10,0.393,1.0,True,keywords
W4390608779,G17,0.713,1.0,True,keywords
W4391028663,G10,0.528,1.0,True,keywords
W4392092049,G08,0.528,1.0,True,keywords
W4392112537,G09,0.528,0.5,True,keywords
W4392112537,G10,0.528,0.5,True,keywords
W4392124528,G10,0.95,1.0,True,keywords
W4392128565,G10,0.528,1.0,True,keywords
W4392128568,G10,0.528,1.0,True,keywords
W4392128588,G08,0.895,1.0,True,keywords
W4392128715,G15,0.632,1.0,True,keywords
W4392128914,G10,0.777,1.0,True,keywords
W4392379847,G07,0.393,0.25,False,keywords
W4392379847,G09,0.632,0.5,True,keywords
W4392379847,G10,0.393,0.25,False,keywords
W4392546632,G10,0.528,1.0,True,keywords
W4392631954,G12,0.528,0.3333333333333333,False,keywords
W4392631954,G15,0.777,0.6666666666666666,True,keywords
W4392632413,G10,0.528,1.0,True,keywords
W4392632885,G09,0.528,1.0,True,keywords
W4392639508,G10,0.528,1.0,True,keywords
W4392700544,G09,0.393,0.5,True,keywords
W4392700544,G10,0.393,0.5,True,keywords
W4392752100,G17,0.713,1.0,True,keywords
W4392912836,G10,0.777,1.0,True,keywords
W4393066120,G10,0.777,1.0,True,keywords
W4393079237,G10,0.777,1.0,True,keywords
W4393079316,G10,0.95,1.0,True,keywords
W4393095359,G09,0.918,0.38461538461538464,False,keywords
W4393095359,G10,0.961,0.5,True,keywords
W4393095359,G11,0.528,0.11538461538461539,False,keywords
W4393098420,G08,0.393,0.25,False,keywords
W4393098420,G15,0.777,0.75,True,keywords
W4393216342,G12,0.528,1.0,True,keywords
W4395034590,G10,0.393,1.0,True,keywords
W4395068417,G10,0.777,1.0,True,keywords
W4395479778,G10,0.632,1.0,True,keywords
W4396596635,G09,0.393,1.0,True,keywords
W4396632991,G09,0.632,0.5,True,keywords
W4396632991,G10,0.393,0.25,False,keywords
W4396632991,G13,0.393,0.25,False,keywords
W4396746576,G10,0.528,1.0,True,keywords
W4396960018,G06,0.632,0.5714285714285714,True,keywords
W4396960018,G10,0.528,0.42857142857142855,False,keywords
W4396995167,G10,0.528,0.3333333333333333,False,keywords
W4396995167,G15,0.777,0.6666666666666666,True,keywords
W4397007322,G10,0.393,1.0,True,keywords
W4399088631,G06,0.393,0.07692307692307693,False,keywords
W4399088631,G14,0.713,0.19230769230769232,False,keywords
W4399088631,G15,0.991,0.7307692307692307,True,keywords
W4399128145,G10,0.528,0.42857142857142855,False,keywords
W4399128145,G12,0.632,0.5714285714285714,True,keywords
W4399357948,G12,0.632,1.0,True,keywords
W4399557761,G08,0.393,1.0,True,keywords
W4400453211,G15,0.528,1.0,True,keywords
W4400850101,G20,0.528,1.0,True,keywords
W4401690216,G10,0.632,1.0,True,keywords
W4401821033,G13,0.95,1.0,True,keywords
W4401847188,G15,0.713,1.0,True,keywords
W4402140444,G10,0.777,0.5454545454545454,True,keywords
W4402140444,G13,0.713,0.45454545454545453,False,keywords
W4402292414,G10,0.865,1.0,True,keywords
W4402560234,G10,0.528,1.0,True,keywords
W4402561236,G10,0.528,1.0,True,keywords
W4402561643,G09,0.528,1.0,True,keywords
W4402633626,G06,0.632,0.5714285714285714,True,keywords
W4402633626,G14,0.528,0.42857142857142855,False,keywords
W4403474032,G09,0.777,1.0,True,keywords
W4403777372,G08,0.528,1.0,True,keywords
W4403924501,G08,0.393,1.0,True,keywords
W4404028451,G10,0.632,1.0,True,keywords
W4404052167,G01,0.393,0.13333333333333333,False,keywords
W4404052167,G02,0.528,0.2,False,keywords
W4404052167,G06,0.393,0.13333333333333333,False,keywords
W4404052167,G14,0.865,0.5333333333333333,True,keywords
W4404096080,G15,0.918,1.0,True,keywords
W4404370935,G13,0.826,0.4666666666666667,False,keywords
W4404370935,G19,0.865,0.5333333333333333,True,keywords
W4404408758,G12,0.528,1.0,True,keywords
W4404863179,G15,0.713,1.0,True,keywords
W4405444710,G10,0.95,1.0,True,keywords
W4405525531,G10,0.777,1.0,True,keywords
W4405526329,G08,0.895,1.0,True,keywords
W4405597684,G10,0.528,0.42857142857142855,False,keywords
W4405597684,G15,0.632,0.5714285714285714,True,keywords
W4405748198,G11,0.777,1.0,True,keywords
W4405748846,G15,0.528,1.0,True,keywords
W4405748847,G15,0.826,1.0,True,keywords
W4405749530,G11,0.528,1.0,True,keywords
W4406079637,G10,0.528,1.0,True,keywords
W4406106480,G17,0.528,1.0,True,keywords
W4406144970,G09,0.632,1.0,True,keywords
W4406239165,G15,0.895,1.0,True,keywords
W4406333550,G06,0.632,0.4,True,keywords
W4406333550,G10,0.632,0.4,True,keywords
W4406333550,G14,0.393,0.2,False,keywords
W4406492269,G09,0.528,1.0,True,keywords
W4406869812,G09,0.777,0.6,True,keywords
W4406869812,G10,0.632,0.4,False,keywords
W4406869863,G10,0.393,1.0,True,keywords
W4406980326,G10,0.632,1.0,True,keywords
W4407136141,G10,0.528,1.0,True,keywords
W4407402122,G10,0.777,1.0,True,keywords
W4407622532,G10,0.528,1.0,True,keywords
W4407622743,G10,0.528,1.0,True,keywords
W4407928011,G04,0.826,1.0,True,keywords
W4408073081,G10,0.777,1.0,True,keywords
W4408309760,G08,0.528,0.6,True,keywords
W4408309760,G11,0.393,0.4,False,keywords
W4408313098,G13,0.865,0.47058823529411764,False,keywords
W4408313098,G15,0.895,0.5294117647058824,True,keywords
W4408599267,G08,0.393,1.0,True,keywords
W4408736622,G11,0.528,0.42857142857142855,False,keywords
W4408736622,G12,0.632,0.5714285714285714,True,keywords
W4408895135,G10,0.632,0.5,True,keywords
W4408895135,G12,0.632,0.5,True,keywords
W4409144621,G09,0.528,1.0,True,keywords
W4409531798,G08,0.393,1.0,True,keywords
W4410015376,G10,0.393,1.0,True,keywords
W4410406003,G10,0.936,1.0,True,keywords
W4410447772,G09,0.865,1.0,True,keywords
W4410523517,G11,0.393,0.5,True,keywords
W4410523517,G13,0.393,0.5,True,keywords
W4410575997,G10,0.528,1.0,True,keywords
W4410590658,G10,0.632,1.0,True,keywords
W4410717234,G15,0.632,1.0,True,keywords
W4410841027,G08,0.528,0.23076923076923078,False,keywords
W4410841027,G11,0.393,0.15384615384615385,False,keywords
W4410841027,G15,0.865,0.6153846153846154,True,keywords
W4411068411,G10,0.865,1.0,True,keywords
W4411334238,G09,0.632,1.0,True,keywords
W4411451844,G10,0.986,1.0,True,keywords
W4411527677,G13,0.632,1.0,True,keywords
W4412084138,G13,0.936,1.0,True,keywords
W4412109309,G10,0.528,1.0,True,keywords
W4412480054,G10,0.528,1.0,True,keywords
W4412980352,G10,0.632,1.0,True,keywords
W4413012557,G02,0.393,0.2857142857142857,False,keywords
W4413012557,G04,0.713,0.7142857142857143,True,keywords
W4413150698,G15,0.528,1.0,True,keywords
W4413581196,G10,0.528,1.0,True,keywords
W4413758388,G10,0.895,0.6923076923076923,True,keywords
W4413758388,G12,0.632,0.3076923076923077,False,keywords
W4413857695,G09,0.632,0.5714285714285714,True,keywords
W4413857695,G10,0.528,0.42857142857142855,False,keywords
W4414050101,G10,0.777,1.0,True,keywords
W4414163554,G15,0.528,1.0,True,keywords
W4414258547,G09,0.865,1.0,True,keywords
W4414365222,G12,0.713,0.38461538461538464,False,keywords
W4414365222,G15,0.865,0.6153846153846154,True,keywords
W4414445843,G07,0.826,1.0,True,keywords
W4414557396,G10,0.777,1.0,True,keywords
W4414760621,G08,0.393,0.5,True,keywords
W4414760621,G10,0.393,0.5,True,keywords
W4414799446,G07,0.528,1.0,True,keywords
W4414802278,G10,0.777,0.6,True,keywords
W4414802278,G12,0.632,0.4,False,keywords
W4415079178,G10,0.895,0.75,True,keywords
W4415079178,G15,0.528,0.25,False,keywords
W4415275089,G14,0.393,0.18181818181818182,False,keywords
W4415275089,G15,0.895,0.8181818181818182,True,keywords
W4415354723,G09,0.528,1.0,True,keywords
W4415923187,G15,0.777,1.0,True,keywords
W4415940422,G09,0.393,0.3333333333333333,False,keywords
W4415940422,G10,0.632,0.6666666666666666,True,keywords
W4415940674,G10,0.528,0.5,True,keywords
W4415940674,G13,0.528,0.5,True,keywords
W4415942387,G15,0.528,1.0,True,keywords
W4415942498,G15,0.528,1.0,True,keywords
W4415942526,G09,0.393,1.0,True,keywords
W4416019062,G10,0.528,0.3333333333333333,False,keywords
W4416019062,G15,0.777,0.6666666666666666,True,keywords
W4416152110,G08,0.865,1.0,True,keywords
W4416224190,G06,0.528,1.0,True,keywords
W4416563359,G10,0.632,1.0,True,keywords
W4416582219,G14,0.713,0.38461538461538464,False,keywords
W4416582219,G15,0.865,0.6153846153846154,True,keywords
W4416589337,G07,0.632,1.0,True,keywords
W4416702158,G15,0.528,1.0,True,keywords
W4416713462,G10,0.895,1.0,True,keywords
W4416753045,G09,0.393,1.0,True,keywords
W4416780819,G08,0.528,0.375,False,keywords
W4416780819,G15,0.713,0.625,True,keywords
W4416780992,G10,0.632,1.0,True,keywords
W4416910567,G10,0.936,1.0,True,keywords
W4416944446,G15,0.865,0.8,True,keywords
W4416944446,G17,0.393,0.2,False,keywords
W4417078246,G09,0.528,1.0,True,keywords
W4417103827,G08,0.393,1.0,True,keywords
W4417177623,G10,0.632,1.0,True,keywords
W4417485643,G13,0.528,1.0,True,keywords
W4417512021,G08,0.393,1.0,True,keywords
W4417535548,G06,0.393,0.2857142857142857,False,keywords
W4417535548,G14,0.713,0.7142857142857143,True,keywords
W7027253339,G10,0.393,1.0,True,keywords
W7107962998,G15,0.777,1.0,True,keywords
W7107963243,G15,0.826,1.0,True,keywords
W7107965283,G15,0.777,1.0,True,keywords
W7107967026,G15,0.826,1.0,True,keywords
W7111001776,G13,0.918,1.0,True,keywords
W7114993202,G09,0.632,0.5714285714285714,True,keywords
W7114993202,G10,0.528,0.42857142857142855,False,keywords
W7116790396,G06,0.393,0.2222222222222222,False,keywords
W7116790396,G10,0.528,0.3333333333333333,False,keywords
W7116790396,G14,0.632,0.4444444444444444,True,keywords
W7116846192,G09,0.632,0.2857142857142857,False,keywords
W7116846192,G10,0.918,0.7142857142857143,True,keywords
W7117101123,G08,0.936,1.0,True,keywords
W7117123274,G10,0.528,1.0,True,keywords
W7117143290,G15,0.393,1.0,True,keywords
W7117145309,G10,0.528,1.0,True,keywords
W7117150313,G10,0.777,0.6,True,keywords
W7117150313,G12,0.632,0.4,False,keywords
W7117320046,G15,0.393,1.0,True,keywords
W7117321256,G15,0.393,1.0,True,keywords
W7117678892,G06,0.393,0.2857142857142857,False,keywords
W7117678892,G14,0.713,0.7142857142857143,True,keywords
W7117698195,G06,0.393,0.2857142857142857,False,keywords
W7117698195,G14,0.713,0.7142857142857143,True,keywords
W7117765007,G14,0.528,1.0,True,keywords
W7117838099,G14,0.528,1.0,True,keywords
W7117999876,G13,0.865,0.4444444444444444,True,keywords
W7117999876,G19,0.713,0.2777777777777778,False,keywords
W7117999876,G20,0.713,0.2777777777777778,False,keywords
W7118126571,G09,0.777,0.6,True,keywords
W7118126571,G15,0.632,0.4,False,keywords
W7118250287,G10,0.528,1.0,True,keywords
W7118546349,G04,0.826,1.0,True,keywords
W7119495902,G10,0.393,1.0,True,keywords
W7119539172,G10,0.632,0.5,True,keywords
W7119539172,G12,0.632,0.5,True,keywords
W7119541980,G10,0.393,1.0,True,keywords
W7122565560,G10,0.393,1.0,True,keywords
W7122579248,G10,0.528,0.23076923076923078,False,keywords
W7122579248,G15,0.918,0.7692307692307693,True,keywords
W7124130892,G15,0.632,0.6666666666666666,True,keywords
W7124130892,G17,0.393,0.3333333333333333,False,keywords
W7125395656,G11,0.393,1.0,True,keywords
W7125434416,G10,0.528,1.0,True,keywords
W7125474599,G15,0.936,1.0,True,keywords
W7125987548,G10,0.777,1.0,True,keywords
W7126370387,G09,0.393,0.15384615384615385,False,keywords
W7126370387,G10,0.936,0.8461538461538461,True,keywords
W7127143715,G10,0.713,1.0,True,keywords
W7127334826,G15,0.918,1.0,True,keywords
W7128064201,G13,0.393,0.14285714285714285,False,keywords
W7128064201,G19,0.95,0.8571428571428571,True,keywords
W7128427938,G13,0.918,0.625,True,keywords
W7128427938,G19,0.777,0.375,False,keywords
W7128520418,G10,0.393,1.0,True,keywords
W7130662258,G10,0.826,1.0,True,keywords
W7130736027,G13,0.918,1.0,True,keywords
W7131656316,G13,0.632,0.26666666666666666,False,keywords
W7131656316,G15,0.936,0.7333333333333333,True,keywords
W7131863822,G15,0.713,1.0,True,keywords
W7132282618,G08,0.713,1.0,True,keywords
W7134186927,G01,0.528,0.125,False,keywords
W7134186927,G02,0.528,0.125,False,keywords
W7134186927,G06,0.393,0.08333333333333333,False,keywords
W7134186927,G12,0.393,0.08333333333333333,False,keywords
W7134186927,G14,0.713,0.20833333333333334,False,keywords
W7134186927,G15,0.895,0.375,True,keywords
W7134262456,G15,0.826,1.0,True,keywords
W7134279879,G09,0.632,0.4444444444444444,False,keywords
W7134279879,G12,0.713,0.5555555555555556,True,keywords
W7134842522,G10,0.713,0.3125,False,keywords
W7134842522,G15,0.936,0.6875,True,keywords
W7134931788,G10,0.632,1.0,True,keywords
W7135183607,G06,0.393,0.16666666666666666,False,keywords
W7135183607,G15,0.918,0.8333333333333334,True,keywords
W7137671083,G13,0.393,0.1111111111111111,False,keywords
W7137671083,G15,0.982,0.8888888888888888,True,keywords
W7138848109,G10,0.528,1.0,True,keywords
W7140119383,G11,0.713,1.0,True,keywords
W7140764210,G10,0.393,1.0,True,keywords
W7140798418,G10,0.528,1.0,True,keywords
W7141076523,G15,0.918,1.0,True,keywords
W7141108876,G09,0.528,1.0,True,keywords
W7141234372,G10,0.528,0.5,True,keywords
W7141234372,G11,0.528,0.5,True,keywords
W7141448291,G10,0.528,1.0,True,keywords
W7141483836,G10,0.895,1.0,True,keywords
W7141525040,G10,0.895,1.0,True,keywords
W7143023355,G10,0.777,1.0,True,keywords
W7147667676,G09,0.632,0.4,False,keywords
W7147667676,G10,0.777,0.6,True,keywords
W7148968958,G07,0.393,0.25,False,keywords
W7148968958,G09,0.777,0.75,True,keywords
W7151431010,G12,0.528,1.0,True,keywords
W7152590970,G10,0.632,1.0,True,keywords
W7153334554,G09,0.713,1.0,True,keywords
W7153529363,G10,0.777,1.0,True,keywords
W7153766991,G10,0.393,0.3333333333333333,False,keywords
W7153766991,G12,0.632,0.6666666666666666,True,keywords
W7154325794,G12,0.632,1.0,True,keywords
W7154388227,G10,0.777,1.0,True,keywords
W7154404044,G10,0.777,1.0,True,keywords
W7154952635,G08,0.976,0.8823529411764706,True,keywords
W7154952635,G10,0.393,0.11764705882352941,False,keywords
W7155079647,G20,0.632,1.0,True,keywords
W7155422196,G09,0.393,1.0,True,keywords
W7159158256,G10,0.528,1.0,True,keywords
W7159596615,G13,0.632,1.0,True,keywords
W7160170182,G15,0.393,1.0,True,keywords
W7160290052,G10,0.895,1.0,True,keywords
W7161972209,G13,0.865,1.0,True,keywords
W7162068052,G10,0.632,0.26666666666666666,False,keywords
W7162068052,G13,0.936,0.7333333333333333,True,keywords
W7162243645,G10,0.936,0.6111111111111112,True,keywords
W7162243645,G15,0.826,0.3888888888888889,False,keywords
W7162542393,G15,0.895,1.0,True,keywords
W7162626876,G13,0.632,1.0,True,keywords
W7162650411,G09,0.865,1.0,True,keywords
W7162717310,G08,0.393,0.25,False,keywords
W7162717310,G13,0.393,0.25,False,keywords
W7162717310,G15,0.632,0.5,True,keywords
W7163075619,G08,0.393,1.0,True,keywords
W7163582246,G13,0.632,0.26666666666666666,False,keywords
W7163582246,G15,0.936,0.7333333333333333,True,keywords
W7163699408,G10,0.632,0.5,True,keywords
W7163699408,G11,0.632,0.5,True,keywords
W7163991412,G10,0.865,1.0,True,keywords
W7164301474,G10,0.632,1.0,True,keywords
W7164560205,G10,0.393,0.18181818181818182,False,keywords
W7164560205,G15,0.895,0.8181818181818182,True,keywords
W7164863494,G08,0.393,0.25,False,keywords
W7164863494,G10,0.777,0.75,True,keywords
W7164901559,G09,0.528,0.42857142857142855,False,keywords
W7164901559,G12,0.632,0.5714285714285714,True,keywords
W7165036420,G10,0.393,1.0,True,keywords
W7165171536,G09,0.528,1.0,True,keywords
W7165384018,G09,0.393,0.2,False,keywords
W7165384018,G15,0.865,0.8,True,keywords
W7165475068,G10,0.713,0.38461538461538464,False,keywords
W7165475068,G15,0.865,0.6153846153846154,True,keywords
W7165645161,G09,0.393,0.5,True,keywords
W7165645161,G10,0.393,0.5,True,keywords
W7165645697,G10,0.632,1.0,True,keywords
W7166181646,G15,0.713,1.0,True,keywords
W7166532960,G10,0.777,1.0,True,keywords
W7166533071,G10,0.777,1.0,True,keywords
W7166646808,G02,0.528,0.6,True,keywords
W7166646808,G08,0.393,0.4,False,keywords
W7166661079,G10,0.393,1.0,True,keywords
W7166666139,G09,0.632,0.23529411764705882,False,keywords
W7166666139,G14,0.632,0.23529411764705882,False,keywords
W7166666139,G15,0.895,0.5294117647058824,True,keywords
W7167087113,G15,0.961,1.0,True,keywords
W7167353573,G13,0.713,0.5555555555555556,True,keywords
W7167353573,G19,0.632,0.4444444444444444,False,keywords
W7167514518,G13,0.528,1.0,True,keywords
W7167599975,G15,0.528,1.0,True,keywords
W7167786008,G02,0.632,0.21052631578947367,False,keywords
W7167786008,G06,0.528,0.15789473684210525,False,keywords
W7167786008,G09,0.393,0.10526315789473684,False,keywords
W7167786008,G14,0.713,0.2631578947368421,True,keywords
W7167786008,G15,0.713,0.2631578947368421,True,keywords
W7168127086,G10,0.528,1.0,True,keywords
W7168127244,G13,0.95,0.8571428571428571,True,keywords
W7168127244,G15,0.393,0.14285714285714285,False,keywords
W7168202527,G12,0.528,1.0,True,keywords
W7168410129,G08,0.393,0.5,True,keywords
W7168410129,G10,0.393,0.5,True,keywords
W7169224152,G10,0.528,0.5,True,keywords
W7169224152,G13,0.528,0.5,True,keywords
W7169601258,G10,0.865,1.0,True,keywords
W7169621203,G10,0.97,1.0,True,keywords
W7169670253,G15,0.777,1.0,True,keywords
W7169753824,G15,0.528,0.375,False,keywords
W7169753824,G17,0.713,0.625,True,keywords
W7169781058,G10,0.826,0.7777777777777778,True,keywords
W7169781058,G13,0.393,0.2222222222222222,False,keywords
W7169798348,G11,0.865,0.36363636363636365,False,keywords
W7169798348,G15,0.895,0.4090909090909091,True,keywords
W7169798348,G17,0.713,0.22727272727272727,False,keywords
W7169819525,G15,0.777,1.0,True,keywords
W7169835565,G15,0.95,0.631578947368421,True,keywords
W7169835565,G17,0.528,0.15789473684210525,False,keywords
W7169835565,G19,0.632,0.21052631578947367,False,keywords
W7169863475,G08,0.393,1.0,True,keywords
W7169864628,G09,0.393,0.2222222222222222,False,keywords
W7169864628,G10,0.826,0.7777777777777778,True,keywords
W7170091881,G15,0.95,1.0,True,keywords
W7170352527,G10,0.528,1.0,True,keywords
W7171739020,G06,0.632,0.3076923076923077,False,keywords
W7171739020,G15,0.895,0.6923076923076923,True,keywords
W7171838789,G10,0.528,1.0,True,keywords
W7171975000,G10,0.713,1.0,True,keywords
W7172284645,G15,0.528,1.0,True,keywords
W7172316610,G08,0.393,1.0,True,keywords
W7172510319,G06,0.713,0.4166666666666667,True,keywords
W7172510319,G09,0.393,0.16666666666666666,False,keywords
W7172510319,G14,0.713,0.4166666666666667,True,keywords
W7172524431,G10,0.528,1.0,True,keywords
W7172532072,G10,0.918,1.0,True,keywords
W7196952013,G09,0.393,1.0,True,keywords
W7201987935,G01,0.713,1.0,True,keywords
W7203868767,G10,0.528,1.0,True,keywords
W7203870218,G09,0.865,0.42105263157894735,False,keywords
W7203870218,G10,0.936,0.5789473684210527,True,keywords
W7203905782,G15,0.393,1.0,True,keywords
W7203949212,G06,0.713,1.0,True,keywords
W7204129511,G10,0.713,1.0,True,keywords
W7204625812,G10,0.393,1.0,True,keywords
W7207649646,G09,0.95,0.6,True,keywords
W7207649646,G12,0.865,0.4,False,keywords
W7207721323,G06,0.393,0.3333333333333333,False,keywords
W7207721323,G15,0.632,0.6666666666666666,True,keywords
W7207744302,G08,0.393,1.0,True,keywords
W7208736806,G09,0.393,0.5,True,keywords
W7208736806,G15,0.393,0.5,True,keywords
W7208806713,G10,0.713,1.0,True,keywords
W7211911235,G10,0.826,1.0,True,keywords
W7212045638,G15,0.895,0.6,True,keywords
W7212045638,G17,0.777,0.4,False,keywords
W7212052173,G10,0.528,1.0,True,keywords
W7212506808,G10,0.632,1.0,True,keywords
W7212578237,G10,0.632,1.0,True,keywords
W7213460943,G08,0.632,0.6666666666666666,True,keywords
W7213460943,G15,0.393,0.3333333333333333,False,keywords
W7213507095,G08,0.393,1.0,True,keywords
W7213631866,G10,0.632,0.23529411764705882,False,keywords
W7213631866,G15,0.961,0.7647058823529411,True,keywords
W7214027535,G08,0.393,1.0,True,keywords
W7214323997,G10,0.777,0.6666666666666666,True,keywords
W7214323997,G13,0.528,0.3333333333333333,False,keywords
W896665859,G10,0.528,1.0,True,keywords
W3130957192,G07,0.826,1.0,True,keywords
W2103004421,G09,0.632,1.0,True,keywords
W2011458181,G09,0.632,0.5,True,keywords
W2011458181,G10,0.632,0.5,True,keywords
W3003415550,G08,0.865,1.0,True,keywords
W2106014206,G10,0.632,1.0,True,keywords
W3111308000,G10,0.961,1.0,True,keywords
W2784597821,G10,0.777,1.0,True,keywords
W2981548686,G09,0.393,1.0,True,keywords
W2907549567,G09,0.393,1.0,True,keywords
W2082326948,G10,0.393,1.0,True,keywords
W2003601710,G10,0.632,1.0,True,keywords
W2799736418,G08,0.393,1.0,True,keywords
W2493683088,G08,0.528,1.0,True,keywords
W3047152751,G10,0.826,1.0,True,keywords
W2980113327,G09,0.393,0.3333333333333333,False,keywords
W2980113327,G10,0.632,0.6666666666666666,True,keywords
W2106033751,G09,0.528,1.0,True,keywords
W3154482193,G10,0.961,1.0,True,keywords
W2122767481,G09,0.632,1.0,True,keywords
W2103876938,G09,0.393,1.0,True,keywords
W2597795073,G10,0.528,1.0,True,keywords
W2969278648,G09,0.528,1.0,True,keywords
W2790362775,G09,0.393,1.0,True,keywords
W1980438635,G10,0.528,1.0,True,keywords
W2285621780,G10,0.632,1.0,True,keywords
W2806116757,G10,0.632,1.0,True,keywords
W2797145364,G10,0.895,1.0,True,keywords
W2056893663,G07,0.393,0.5,True,keywords
W2056893663,G08,0.393,0.5,True,keywords
W2132279603,G01,0.918,1.0,True,keywords
W4205900565,G09,0.393,1.0,True,keywords
W2768510334,G09,0.713,0.5555555555555556,True,keywords
W2768510334,G10,0.632,0.4444444444444444,False,keywords
W2799575632,G10,0.895,1.0,True,keywords
W2015360671,G07,0.632,1.0,True,keywords
W2955213391,G10,0.528,1.0,True,keywords
W4214673864,G09,0.393,0.3333333333333333,False,keywords
W4214673864,G10,0.632,0.6666666666666666,True,keywords
W2173784372,G10,0.393,0.25,False,keywords
W2173784372,G15,0.777,0.75,True,keywords
W2585769337,G09,0.865,1.0,True,keywords
W2963015093,G10,0.961,1.0,True,keywords
W2152987231,G06,0.632,0.2,False,keywords
W2152987231,G15,0.95,0.6,True,keywords
W2152987231,G20,0.632,0.2,False,keywords
W2253150690,G09,0.528,1.0,True,keywords
W2902489593,G09,0.393,0.4,False,keywords
W2902489593,G10,0.528,0.6,True,keywords
W2943439515,G08,0.393,1.0,True,keywords
W2573612572,G06,0.632,1.0,True,keywords
W2146787063,G09,0.528,1.0,True,keywords
W2767624281,G09,0.393,1.0,True,keywords
W2125931430,G06,0.713,0.3125,False,keywords
W2125931430,G15,0.936,0.6875,True,keywords
W2231056033,G09,0.826,1.0,True,keywords
W3091905208,G15,0.632,1.0,True,keywords
W3082891477,G09,0.393,0.5,True,keywords
W3082891477,G10,0.393,0.5,True,keywords
W2072044537,G15,0.826,1.0,True,keywords
W2122262640,G10,0.918,1.0,True,keywords
W2966312603,G09,0.393,1.0,True,keywords
W2084414513,G08,0.393,1.0,True,keywords
W4310852955,G12,0.528,1.0,True,keywords
W4207066074,G09,0.528,1.0,True,keywords
W2737453412,G09,0.528,1.0,True,keywords
W2142831070,G10,0.632,0.16666666666666666,False,keywords
W2142831070,G15,0.993,0.8333333333333334,True,keywords
W2149581871,G15,0.826,0.6363636363636364,True,keywords
W2149581871,G20,0.632,0.36363636363636365,False,keywords
W2990181696,G04,0.777,0.75,True,keywords
W2990181696,G08,0.393,0.25,False,keywords
W2593642799,G07,0.895,1.0,True,keywords
W2033708244,G09,0.393,1.0,True,keywords
W2110037976,G09,0.632,1.0,True,keywords
W2749264889,G09,0.713,1.0,True,keywords
W2957751887,G08,0.393,0.5,True,keywords
W2957751887,G10,0.393,0.5,True,keywords
W3043725858,G10,0.632,1.0,True,keywords
W3161800158,G10,0.777,1.0,True,keywords
W2151645052,G07,0.528,1.0,True,keywords
W2964855288,G10,0.777,1.0,True,keywords
W2810112280,G10,0.713,1.0,True,keywords
W4224294941,G15,0.961,1.0,True,keywords
W2789006266,G07,0.936,1.0,True,keywords
W2412214305,G05,0.713,1.0,True,keywords
W2033942571,G10,0.528,0.5,True,keywords
W2033942571,G15,0.528,0.5,True,keywords
W3011131797,G08,0.393,0.5,True,keywords
W3011131797,G09,0.393,0.5,True,keywords
W3036048749,G08,0.393,0.5,True,keywords
W3036048749,G10,0.393,0.5,True,keywords
W2036776638,G10,0.826,0.7777777777777778,True,keywords
W2036776638,G15,0.393,0.2222222222222222,False,keywords
W2126680401,G15,0.393,1.0,True,keywords
W2804079537,G09,0.393,0.3333333333333333,False,keywords
W2804079537,G10,0.632,0.6666666666666666,True,keywords
W1537947026,G10,0.713,1.0,True,keywords
W2062099500,G09,0.393,1.0,True,keywords
W2318880831,G09,0.393,1.0,True,keywords
W2149094071,G10,0.393,0.5,True,keywords
W2149094071,G15,0.393,0.5,True,keywords
W2946040614,G10,0.713,1.0,True,keywords
W2464177244,G04,0.393,1.0,True,keywords
W2145861585,G09,0.393,0.1111111111111111,False,keywords
W2145861585,G10,0.982,0.8888888888888888,True,keywords
W2897596953,G10,0.713,1.0,True,keywords
W2950512766,G08,0.777,0.35294117647058826,False,keywords
W2950512766,G09,0.936,0.6470588235294118,True,keywords
W3138429678,G09,0.528,0.5,True,keywords
W3138429678,G10,0.528,0.5,True,keywords
W2736544909,G08,0.393,1.0,True,keywords
W2154932340,G10,0.713,1.0,True,keywords
W2921210767,G09,0.393,1.0,True,keywords
W2065686227,G10,0.632,1.0,True,keywords
W4386303561,G08,0.393,0.125,False,keywords
W4386303561,G09,0.95,0.75,True,keywords
W4386303561,G10,0.393,0.125,False,keywords
W3202723367,G09,0.393,1.0,True,keywords
W3032938107,G11,0.393,1.0,True,keywords
W2551658846,G08,0.777,1.0,True,keywords
W2976161620,G12,0.528,1.0,True,keywords
W4310769135,G09,0.393,1.0,True,keywords
W2956987968,G09,0.393,0.3333333333333333,False,keywords
W2956987968,G10,0.632,0.6666666666666666,True,keywords
W2125597344,G08,0.393,1.0,True,keywords
W2539910027,G10,0.632,1.0,True,keywords
W3022265443,G09,0.713,0.7142857142857143,True,keywords
W3022265443,G10,0.393,0.2857142857142857,False,keywords
W2900118953,G09,0.632,1.0,True,keywords
W2805392107,G09,0.393,0.3333333333333333,False,keywords
W2805392107,G10,0.632,0.6666666666666666,True,keywords
W3092284014,G10,0.777,0.75,True,keywords
W3092284014,G15,0.393,0.25,False,keywords
W3130186508,G06,0.632,1.0,True,keywords
W3003142943,G09,0.632,0.5714285714285714,True,keywords
W3003142943,G10,0.528,0.42857142857142855,False,keywords
W2788485956,G10,0.961,0.8666666666666667,True,keywords
W2788485956,G11,0.393,0.13333333333333333,False,keywords
W2133774999,G10,0.865,0.6153846153846154,True,keywords
W2133774999,G15,0.713,0.38461538461538464,False,keywords
W2143944233,G09,0.393,1.0,True,keywords
W2108856453,G08,0.918,1.0,True,keywords
W1486884945,G10,0.961,0.7222222222222222,True,keywords
W1486884945,G12,0.713,0.2777777777777778,False,keywords
W2946478090,G09,0.632,1.0,True,keywords
W2909216703,G10,0.632,1.0,True,keywords
W1898081212,G08,0.393,1.0,True,keywords
W2921197938,G10,0.865,1.0,True,keywords
W3094977690,G09,0.528,1.0,True,keywords
W2200903217,G10,0.632,1.0,True,keywords
W3033264701,G10,0.632,0.4444444444444444,False,keywords
W3033264701,G15,0.713,0.5555555555555556,True,keywords
W2170926972,G06,0.632,0.5714285714285714,True,keywords
W2170926972,G15,0.528,0.42857142857142855,False,keywords
W2904968070,G10,0.393,1.0,True,keywords
W3111488816,G10,0.826,1.0,True,keywords
W2012012103,G10,0.713,1.0,True,keywords
W2523312410,G10,0.528,1.0,True,keywords
W2889473065,G07,0.632,0.6666666666666666,True,keywords
W2889473065,G08,0.393,0.3333333333333333,False,keywords
W2338563218,G04,0.528,0.42857142857142855,False,keywords
W2338563218,G10,0.632,0.5714285714285714,True,keywords
W2900109386,G07,0.393,1.0,True,keywords
W2133258471,G07,0.713,0.5,True,keywords
W2133258471,G10,0.713,0.5,True,keywords
W2089297819,G10,0.528,1.0,True,keywords
W3208570770,G10,0.393,1.0,True,keywords
W4313447346,G10,0.895,1.0,True,keywords
W2921050500,G07,0.826,1.0,True,keywords
W2145179793,G08,0.393,1.0,True,keywords
W2165946747,G09,0.528,1.0,True,keywords
W2973445191,G09,0.393,0.3333333333333333,False,keywords
W2973445191,G10,0.632,0.6666666666666666,True,keywords
W2141026265,G06,0.713,0.3125,False,keywords
W2141026265,G15,0.936,0.6875,True,keywords
W3094436941,G10,0.918,0.8333333333333334,True,keywords
W3094436941,G15,0.393,0.16666666666666666,False,keywords
W2100265880,G09,0.632,1.0,True,keywords
W2150654835,G04,0.777,0.6666666666666666,True,keywords
W2150654835,G10,0.528,0.3333333333333333,False,keywords
W3187516960,G10,0.632,1.0,True,keywords
W2047265596,G09,0.393,0.3333333333333333,False,keywords
W2047265596,G10,0.632,0.6666666666666666,True,keywords
W4210689349,G07,0.865,0.5714285714285714,True,keywords
W4210689349,G08,0.393,0.14285714285714285,False,keywords
W4210689349,G09,0.632,0.2857142857142857,False,keywords
W1900000927,G10,0.713,1.0,True,keywords
W1921819744,G10,0.393,1.0,True,keywords
W2250568502,G07,0.777,0.6666666666666666,True,keywords
W2250568502,G08,0.528,0.3333333333333333,False,keywords
W2396084555,G09,0.528,1.0,True,keywords
W2337334728,G08,0.393,1.0,True,keywords
W2152517822,G10,0.393,1.0,True,keywords
W2918755080,G09,0.713,1.0,True,keywords
W2039789253,G06,0.528,1.0,True,keywords
W2727636535,G11,0.393,1.0,True,keywords
W2612126367,G09,0.528,1.0,True,keywords
W2947234859,G09,0.528,1.0,True,keywords
W2164900875,G10,0.632,1.0,True,keywords
W2608082925,G07,0.895,1.0,True,keywords
W4225103162,G10,0.528,1.0,True,keywords
W4317718278,G10,0.393,1.0,True,keywords
W1843155031,G06,0.713,0.1724137931034483,False,keywords
W1843155031,G10,0.632,0.13793103448275862,False,keywords
W1843155031,G14,0.713,0.1724137931034483,False,keywords
W1843155031,G15,0.976,0.5172413793103449,True,keywords
W2107578540,G07,0.895,1.0,True,keywords
W2293166549,G10,0.528,1.0,True,keywords
W2400927555,G08,0.393,1.0,True,keywords
W2468311487,G10,0.961,0.6842105263157895,True,keywords
W2468311487,G15,0.777,0.3157894736842105,False,keywords
W2792739052,G09,0.393,0.4,False,keywords
W2792739052,G10,0.528,0.6,True,keywords
W2949999402,G08,0.895,0.75,True,keywords
W2949999402,G09,0.528,0.25,False,keywords
W2089371662,G09,0.528,1.0,True,keywords
W3036515335,G15,0.713,1.0,True,keywords
W2101126238,G10,0.393,1.0,True,keywords
W2521882103,G08,0.393,0.3333333333333333,False,keywords
W2521882103,G10,0.632,0.6666666666666666,True,keywords
W2885205220,G08,0.393,0.2,False,keywords
W2885205220,G10,0.865,0.8,True,keywords
W2338507061,G08,0.393,0.3333333333333333,False,keywords
W2338507061,G09,0.632,0.6666666666666666,True,keywords
W2218955305,G07,0.393,1.0,True,keywords
W3138807170,G10,0.982,1.0,True,keywords
W2762087959,G04,0.528,0.6,True,keywords
W2762087959,G09,0.393,0.4,False,keywords
W2125571879,G10,0.632,0.4444444444444444,False,keywords
W2125571879,G15,0.713,0.5555555555555556,True,keywords
W2572628969,G09,0.393,1.0,True,keywords
W2606892115,G10,0.632,1.0,True,keywords
W2059619755,G09,0.777,1.0,True,keywords
W2939342954,G09,0.528,1.0,True,keywords
W2137478903,G09,0.632,1.0,True,keywords
W2222784674,G10,0.528,0.42857142857142855,False,keywords
W2222784674,G12,0.632,0.5714285714285714,True,keywords
W2235539081,G04,0.713,1.0,True,keywords
W2281367559,G09,0.777,1.0,True,keywords
W2567186731,G08,0.986,0.8947368421052632,True,keywords
W2567186731,G09,0.393,0.10526315789473684,False,keywords
W2803450780,G07,0.632,1.0,True,keywords
W2995004677,G09,0.528,1.0,True,keywords
W4220781430,G09,0.713,1.0,True,keywords
W3021600405,G09,0.393,1.0,True,keywords
W2043311748,G09,0.777,1.0,True,keywords
W2947728671,G09,0.961,1.0,True,keywords
W2112031532,G06,0.528,1.0,True,keywords
W2141977699,G07,0.528,1.0,True,keywords
W2170668276,G04,0.895,0.75,True,keywords
W2170668276,G08,0.528,0.25,False,keywords
W2802356018,G09,0.393,0.3333333333333333,True,keywords
W2802356018,G10,0.393,0.3333333333333333,True,keywords
W2802356018,G12,0.393,0.3333333333333333,True,keywords
W2029764427,G01,0.393,1.0,True,keywords
W2131617435,G07,0.826,1.0,True,keywords
W3083705298,G10,0.393,0.4,False,keywords
W3083705298,G15,0.528,0.6,True,keywords
W4220788111,G09,0.393,1.0,True,keywords
W4307845247,G09,0.632,1.0,True,keywords
W2411962548,G09,0.713,1.0,True,keywords
W2908156069,G09,0.713,1.0,True,keywords
W3013701854,G10,0.528,1.0,True,keywords
W3153963788,G08,0.393,0.5,True,keywords
W3153963788,G11,0.393,0.5,True,keywords
W2609284380,G06,0.632,1.0,True,keywords
W2898556496,G09,0.393,1.0,True,keywords
W3089296184,G10,0.632,1.0,True,keywords
W4220818710,G09,0.393,1.0,True,keywords
W1570518064,G09,0.713,1.0,True,keywords
W1973935950,G10,0.393,1.0,True,keywords
W2891146116,G09,0.393,0.10526315789473684,False,keywords
W2891146116,G10,0.986,0.8947368421052632,True,keywords
W3047138337,G09,0.393,1.0,True,keywords
W2125963399,G09,0.713,1.0,True,keywords
W2135823227,G08,0.393,0.2857142857142857,False,keywords
W2135823227,G09,0.393,0.2857142857142857,False,keywords
W2135823227,G10,0.528,0.42857142857142855,True,keywords
W2044088008,G10,0.528,1.0,True,keywords
W2073917039,G09,0.528,1.0,True,keywords
W3088606085,G10,0.528,1.0,True,keywords
W1987477455,G10,0.713,1.0,True,keywords
W2956638290,G01,0.528,1.0,True,keywords
W2741922755,G15,0.895,0.4090909090909091,False,keywords
W2741922755,G17,0.961,0.5909090909090909,True,keywords
W2901617596,G10,0.865,0.47058823529411764,False,keywords
W2901617596,G15,0.895,0.5294117647058824,True,keywords
W2103707167,G09,0.393,0.2857142857142857,False,keywords
W2103707167,G10,0.713,0.7142857142857143,True,keywords
W2295259979,G15,0.991,1.0,True,keywords
W2550255907,G10,0.393,1.0,True,keywords
W2738938634,G10,0.528,1.0,True,keywords
W2504554482,G07,0.713,1.0,True,keywords
W2549056955,G09,0.393,1.0,True,keywords
W2911100007,G07,0.713,1.0,True,keywords
W3127642106,G10,0.528,1.0,True,keywords
W2136781476,G11,0.865,0.47058823529411764,False,keywords
W2136781476,G15,0.895,0.5294117647058824,True,keywords
W2036502020,G13,0.632,1.0,True,keywords
W2972779761,G15,0.632,1.0,True,keywords
W4310781882,G09,0.713,0.5555555555555556,True,keywords
W4310781882,G10,0.632,0.4444444444444444,False,keywords
W1995777454,G07,0.895,0.8181818181818182,True,keywords
W1995777454,G10,0.393,0.18181818181818182,False,keywords
W2913811067,G10,0.632,1.0,True,keywords
W2972021116,G10,0.632,1.0,True,keywords
W3087632931,G04,0.632,0.5714285714285714,True,keywords
W3087632931,G12,0.528,0.42857142857142855,False,keywords
W2587082420,G04,0.632,1.0,True,keywords
W4294011741,G08,0.393,1.0,True,keywords
W2769738013,G15,0.777,1.0,True,keywords
W2789936040,G09,0.393,1.0,True,keywords
W4386595817,G10,0.895,1.0,True,keywords
W2114175757,G09,0.713,0.2631578947368421,False,keywords
W2114175757,G10,0.713,0.2631578947368421,False,keywords
W2114175757,G15,0.895,0.47368421052631576,True,keywords
W2166538412,G02,0.393,0.25,False,keywords
W2166538412,G06,0.777,0.75,True,keywords
W2965988302,G09,0.528,0.6,True,keywords
W2965988302,G10,0.393,0.4,False,keywords
W3012160408,G10,0.713,1.0,True,keywords
W3137981368,G08,0.393,1.0,True,keywords
W2059795285,G10,0.393,1.0,True,keywords
W2899321973,G06,0.632,0.3333333333333333,False,keywords
W2899321973,G15,0.865,0.6666666666666666,True,keywords
W2999817131,G06,0.528,0.42857142857142855,False,keywords
W2999817131,G15,0.632,0.5714285714285714,True,keywords
W4291020412,G08,0.393,1.0,True,keywords
W2127873596,G08,0.528,0.6,True,keywords
W2127873596,G09,0.393,0.4,False,keywords
W2172554347,G15,0.936,1.0,True,keywords
W2295340876,G09,0.393,0.15384615384615385,False,keywords
W2295340876,G10,0.936,0.8461538461538461,True,keywords
W2410775444,G09,0.632,0.5714285714285714,True,keywords
W2410775444,G10,0.528,0.42857142857142855,False,keywords
W3183750386,G09,0.528,1.0,True,keywords
W2511150937,G15,0.961,1.0,True,keywords
W3135364967,G08,0.393,1.0,True,keywords
W2103638552,G15,0.918,1.0,True,keywords
W2472461999,G09,0.777,1.0,True,keywords
W4281261991,G04,0.632,1.0,True,keywords
W2102283130,G09,0.895,1.0,True,keywords
W2131786456,G07,0.895,1.0,True,keywords
W2195689440,G07,0.713,1.0,True,keywords
W2794258426,G09,0.393,1.0,True,keywords
W2916758913,G09,0.632,0.6666666666666666,True,keywords
W2916758913,G10,0.393,0.3333333333333333,False,keywords
W2920118524,G09,0.393,1.0,True,keywords
W2626255963,G09,0.936,1.0,True,keywords
W3084157821,G09,0.393,1.0,True,keywords
W2155899260,G15,0.936,1.0,True,keywords
W2783618800,G10,0.713,1.0,True,keywords
W2970619714,G09,0.528,1.0,True,keywords
W2052175722,G02,0.393,0.15384615384615385,False,keywords
W2052175722,G06,0.528,0.23076923076923078,False,keywords
W2052175722,G14,0.865,0.6153846153846154,True,keywords
W2077109689,G07,0.528,1.0,True,keywords
W2145046071,G08,0.393,1.0,True,keywords
W2320605421,G04,0.393,1.0,True,keywords
W1995061416,G10,0.528,1.0,True,keywords
W2113865865,G07,0.826,0.7777777777777778,True,keywords
W2113865865,G09,0.393,0.2222222222222222,False,keywords
W2286951424,G15,0.826,1.0,True,keywords
W2954674882,G09,0.393,1.0,True,keywords
W2979910474,G09,0.528,1.0,True,keywords
W4327957106,G07,0.632,0.6666666666666666,True,keywords
W4327957106,G08,0.393,0.3333333333333333,False,keywords
W3166415013,G07,0.632,1.0,True,keywords
W1913128553,G01,0.528,0.15789473684210525,False,keywords
W1913128553,G15,0.961,0.6842105263157895,True,keywords
W1913128553,G20,0.528,0.15789473684210525,False,keywords
W2142624390,G10,0.713,1.0,True,keywords
W2509829299,G01,0.393,0.2,False,keywords
W2509829299,G06,0.632,0.4,True,keywords
W2509829299,G15,0.632,0.4,True,keywords
W2999319234,G10,0.777,1.0,True,keywords
W2020766330,G09,0.895,1.0,True,keywords
W2587489772,G06,0.632,0.16666666666666666,False,keywords
W2587489772,G14,0.393,0.08333333333333333,False,keywords
W2587489772,G15,0.989,0.75,True,keywords
W2791673123,G09,0.393,1.0,True,keywords
W2969945405,G10,0.895,1.0,True,keywords
W2621339296,G10,0.632,0.5,True,keywords
W2621339296,G12,0.632,0.5,True,keywords
W2911784962,G04,0.632,0.5714285714285714,True,keywords
W2911784962,G08,0.528,0.42857142857142855,False,keywords
W2139169524,G08,0.528,1.0,True,keywords
W2761653381,G09,0.777,1.0,True,keywords
W2902316253,G09,0.528,1.0,True,keywords
W2948111790,G09,0.393,1.0,True,keywords
W2152395868,G07,0.895,1.0,True,keywords
W2168987885,G08,0.865,0.6666666666666666,True,keywords
W2168987885,G09,0.632,0.3333333333333333,False,keywords
W2264885989,G07,0.865,0.6666666666666666,True,keywords
W2264885989,G09,0.632,0.3333333333333333,False,keywords
W2485439683,G08,0.393,0.125,False,keywords
W2485439683,G10,0.97,0.875,True,keywords
W2781651514,G02,0.528,1.0,True,keywords
W2785228096,G15,0.713,0.5555555555555556,True,keywords
W2785228096,G20,0.632,0.4444444444444444,False,keywords
W2888491849,G08,0.393,1.0,True,keywords
W1976025367,G07,0.632,1.0,True,keywords
W2299505286,G04,0.632,1.0,True,keywords
W2501025135,G09,0.528,1.0,True,keywords
W4310847620,G02,0.393,1.0,True,keywords
W2082630274,G10,0.528,0.3333333333333333,False,keywords
W2082630274,G15,0.777,0.6666666666666666,True,keywords
W2962726154,G09,0.865,1.0,True,keywords
W1984715437,G09,0.393,0.3333333333333333,False,keywords
W1984715437,G10,0.632,0.6666666666666666,True,keywords
W2159227882,G07,0.777,1.0,True,keywords
W2596366279,G02,0.393,0.18181818181818182,False,keywords
W2596366279,G06,0.713,0.45454545454545453,True,keywords
W2596366279,G10,0.632,0.36363636363636365,False,keywords
W1967438857,G09,0.393,1.0,True,keywords
W3020160908,G10,0.632,1.0,True,keywords
W3137208756,G09,0.393,0.3333333333333333,False,keywords
W3137208756,G10,0.632,0.6666666666666666,True,keywords
W4408511506,G10,0.895,1.0,True,keywords
W2135532162,G06,0.713,1.0,True,keywords
W2148519890,G10,0.528,1.0,True,keywords
W2153484747,G08,0.777,0.6,True,keywords
W2153484747,G09,0.632,0.4,False,keywords
W2572853190,G15,0.991,0.8636363636363636,True,keywords
W2572853190,G17,0.528,0.13636363636363635,False,keywords
W2751696055,G08,0.97,1.0,True,keywords
W2807573638,G07,0.918,1.0,True,keywords
W1970571551,G09,0.713,1.0,True,keywords
W2082379755,G08,0.393,0.4,False,keywords
W2082379755,G10,0.528,0.6,True,keywords
W2149207987,G07,0.895,0.6428571428571429,True,keywords
W2149207987,G10,0.713,0.35714285714285715,False,keywords
W2252509994,G08,0.393,1.0,True,keywords
W2951196366,G10,0.777,1.0,True,keywords
W3177508076,G10,0.528,0.42857142857142855,False,keywords
W3177508076,G12,0.632,0.5714285714285714,True,keywords
W2037810590,G12,0.632,1.0,True,keywords
W2948579877,G09,0.713,1.0,True,keywords
W2053492818,G06,0.632,1.0,True,keywords
W2606483456,G09,0.528,0.3333333333333333,False,keywords
W2606483456,G10,0.777,0.6666666666666666,True,keywords
W2944706951,G10,0.393,1.0,True,keywords
W2997949009,G09,0.95,0.75,True,keywords
W2997949009,G10,0.632,0.25,False,keywords
W4207047483,G10,0.713,1.0,True,keywords
W2910867684,G10,0.865,1.0,True,keywords
W3099722764,G02,0.528,1.0,True,keywords
W3105474947,G15,0.632,0.6666666666666666,True,keywords
W3105474947,G20,0.393,0.3333333333333333,False,keywords
W4366590730,G09,0.528,0.375,False,keywords
W4366590730,G10,0.713,0.625,True,keywords
W4384926498,G09,0.393,1.0,True,keywords
W1949412677,G07,0.826,0.5384615384615384,True,keywords
W1949412677,G11,0.393,0.15384615384615385,False,keywords
W1949412677,G15,0.632,0.3076923076923077,False,keywords
W2975013431,G09,0.895,0.8181818181818182,True,keywords
W2975013431,G10,0.393,0.18181818181818182,False,keywords
W2148530248,G15,0.777,1.0,True,keywords
W2944352966,G10,0.895,1.0,True,keywords
W3012758354,G10,0.777,1.0,True,keywords
W3135908780,G07,0.713,0.7142857142857143,True,keywords
W3135908780,G08,0.393,0.2857142857142857,False,keywords
W2167018672,G09,0.528,0.5,True,keywords
W2167018672,G10,0.528,0.5,True,keywords
W2785124974,G09,0.393,0.4,False,keywords
W2785124974,G10,0.528,0.6,True,keywords
W2794478976,G09,0.393,1.0,True,keywords
W2969824480,G06,0.713,0.35714285714285715,False,keywords
W2969824480,G15,0.895,0.6428571428571429,True,keywords
W2996481446,G08,0.393,0.1111111111111111,False,keywords
W2996481446,G09,0.982,0.8888888888888888,True,keywords
W4224879845,G09,0.632,1.0,True,keywords
W2027821331,G07,0.918,1.0,True,keywords
W2092075841,G07,0.528,1.0,True,keywords
W2284470477,G09,0.393,1.0,True,keywords
W2737584748,G06,0.632,0.3333333333333333,False,keywords
W2737584748,G14,0.777,0.5,True,keywords
W2737584748,G15,0.393,0.16666666666666666,False,keywords
W3045756062,G10,0.528,1.0,True,keywords
W2074685734,G09,0.777,1.0,True,keywords
W2301947157,G01,0.393,0.08695652173913043,False,keywords
W2301947157,G14,0.632,0.17391304347826086,False,keywords
W2301947157,G15,0.986,0.7391304347826086,True,keywords
W2466435896,G06,0.632,0.19047619047619047,False,keywords
W2466435896,G15,0.986,0.8095238095238095,True,keywords
W2991347757,G08,0.918,1.0,True,keywords
W3017066700,G10,0.632,1.0,True,keywords
W2052785177,G01,0.961,1.0,True,keywords
W2088371455,G01,0.895,0.5294117647058824,True,keywords
W2088371455,G11,0.865,0.47058823529411764,False,keywords
W2178226908,G15,0.961,1.0,True,keywords
W2945731413,G09,0.393,1.0,True,keywords
W3033934604,G09,0.393,1.0,True,keywords
W2005906703,G10,0.632,1.0,True,keywords
W2020439157,G09,0.713,1.0,True,keywords
W2572512422,G08,0.826,1.0,True,keywords
W3211277774,G09,0.777,1.0,True,keywords
W4295034863,G06,0.865,1.0,True,keywords
W4385874418,G09,0.632,0.6666666666666666,True,keywords
W4385874418,G10,0.393,0.3333333333333333,False,keywords
W2922067070,G08,0.865,0.8,True,keywords
W2922067070,G20,0.393,0.2,False,keywords
W3133959868,G07,0.961,1.0,True,keywords
W2143764466,G10,0.393,0.16666666666666666,False,keywords
W2143764466,G15,0.918,0.8333333333333334,True,keywords
W2174994900,G06,0.777,0.6,True,keywords
W2174994900,G15,0.632,0.4,False,keywords
W2293327002,G09,0.826,1.0,True,keywords
W2602043455,G15,0.632,1.0,True,keywords
W2611279919,G10,0.528,1.0,True,keywords
W2725295224,G12,0.713,1.0,True,keywords
W3198975607,G07,0.528,1.0,True,keywords
W2960253622,G09,0.528,0.42857142857142855,False,keywords
W2960253622,G10,0.632,0.5714285714285714,True,keywords
W4281747864,G09,0.528,1.0,True,keywords
W2290023583,G04,0.528,0.2727272727272727,False,keywords
W2290023583,G09,0.865,0.7272727272727273,True,keywords
W2853204334,G07,0.777,1.0,True,keywords
W2950347989,G06,0.632,0.4,True,keywords
W2950347989,G10,0.632,0.4,True,keywords
W2950347989,G15,0.393,0.2,False,keywords
W2517551685,G10,0.632,1.0,True,keywords
W2790934354,G09,0.528,1.0,True,keywords
W2794024065,G09,0.393,0.2222222222222222,False,keywords
W2794024065,G10,0.826,0.7777777777777778,True,keywords
W2024050233,G15,0.989,1.0,True,keywords
W2975798645,G09,0.528,1.0,True,keywords
W3160210194,G10,0.95,1.0,True,keywords
W3193763885,G09,0.393,1.0,True,keywords
W1980755558,G09,0.713,1.0,True,keywords
W2169191907,G06,0.826,0.2916666666666667,False,keywords
W2169191907,G14,0.393,0.08333333333333333,False,keywords
W2169191907,G15,0.976,0.625,True,keywords
W2556864421,G15,0.713,1.0,True,keywords
W3170112624,G08,0.393,1.0,True,keywords
W4390661725,G09,0.393,1.0,True,keywords
W2045750237,G08,0.393,1.0,True,keywords
W2910959534,G10,0.713,1.0,True,keywords
W2945794873,G08,0.393,1.0,True,keywords
W2969840533,G15,0.632,1.0,True,keywords
W4224032811,G09,0.393,1.0,True,keywords
W4224441431,G09,0.632,1.0,True,keywords
W2914393875,G04,0.528,0.42857142857142855,False,keywords
W2914393875,G10,0.632,0.5714285714285714,True,keywords
W3040276841,G08,0.393,1.0,True,keywords
W3107966757,G09,0.393,0.16666666666666666,False,keywords
W3107966757,G10,0.918,0.8333333333333334,True,keywords
W3128454048,G15,0.393,1.0,True,keywords
W3204721588,G08,0.936,0.4583333333333333,True,keywords
W3204721588,G09,0.713,0.20833333333333334,False,keywords
W3204721588,G11,0.865,0.3333333333333333,False,keywords
W4224220584,G10,0.976,0.625,True,keywords
W4224220584,G15,0.895,0.375,False,keywords
W4310439030,G02,0.393,1.0,True,keywords
W2738194540,G06,0.528,1.0,True,keywords
W4205541516,G09,0.528,0.21428571428571427,False,keywords
W4205541516,G10,0.393,0.14285714285714285,False,keywords
W4205541516,G11,0.632,0.2857142857142857,False,keywords
W4205541516,G12,0.713,0.35714285714285715,True,keywords
W4389552516,G09,0.393,0.3333333333333333,False,keywords
W4389552516,G12,0.632,0.6666666666666666,True,keywords
W2320280903,G07,0.393,0.3333333333333333,False,keywords
W2320280903,G10,0.632,0.6666666666666666,True,keywords
W2959498863,G10,0.528,1.0,True,keywords
W2106619772,G10,0.528,0.5,True,keywords
W2106619772,G12,0.528,0.5,True,keywords
W2943972251,G09,0.393,1.0,True,keywords
W3081173912,G09,0.713,1.0,True,keywords
W2735148619,G15,0.976,1.0,True,keywords
W2883962331,G08,0.393,0.3333333333333333,False,keywords
W2883962331,G10,0.632,0.6666666666666666,True,keywords
W2974169603,G07,0.713,1.0,True,keywords
W3157048030,G09,0.936,1.0,True,keywords
W3165458352,G09,0.393,1.0,True,keywords
W1960571207,G09,0.393,0.5,True,keywords
W1960571207,G10,0.393,0.5,True,keywords
W2033710188,G10,0.632,1.0,True,keywords
W3096324736,G04,0.777,1.0,True,keywords
W2045181039,G10,0.528,1.0,True,keywords
W2915125554,G09,0.528,1.0,True,keywords
W3000558611,G09,0.528,1.0,True,keywords
W1967309416,G04,0.777,1.0,True,keywords
W2045073889,G15,0.528,1.0,True,keywords
W2123907916,G08,0.632,1.0,True,keywords
W2914048721,G08,0.393,1.0,True,keywords
W2974849899,G15,0.918,1.0,True,keywords
W3038583161,G09,0.713,0.45454545454545453,False,keywords
W3038583161,G10,0.777,0.5454545454545454,True,keywords
W2621721411,G09,0.393,1.0,True,keywords
W3011720109,G04,0.632,1.0,True,keywords
W4224271851,G07,0.918,1.0,True,keywords
W2151495122,G10,0.528,1.0,True,keywords
W2618125731,G10,0.777,1.0,True,keywords
W2788340667,G08,0.528,1.0,True,keywords
W2793968499,G10,0.632,1.0,True,keywords
W2976080940,G15,0.632,1.0,True,keywords
W4212925304,G07,0.895,1.0,True,keywords
W3173819558,G09,0.528,1.0,True,keywords
W4210326474,G09,0.393,0.09523809523809523,False,keywords
W4210326474,G10,0.982,0.7619047619047619,True,keywords
W4210326474,G15,0.528,0.14285714285714285,False,keywords
W2511498241,G10,0.632,1.0,True,keywords
W2795556240,G09,0.713,1.0,True,keywords
W2964619993,G09,0.632,0.6666666666666666,True,keywords
W2964619993,G10,0.393,0.3333333333333333,False,keywords
W3143426971,G10,0.528,0.3333333333333333,False,keywords
W3143426971,G15,0.777,0.6666666666666666,True,keywords
W4300687546,G10,0.713,1.0,True,keywords
W1826217735,G09,0.632,1.0,True,keywords
W2885871434,G08,0.393,1.0,True,keywords
W2956322724,G10,0.632,1.0,True,keywords
W3018008368,G13,0.826,1.0,True,keywords
W3128084945,G10,0.632,1.0,True,keywords
W4224951983,G09,0.393,0.5,True,keywords
W4224951983,G10,0.393,0.5,True,keywords
W4310017893,G09,0.97,1.0,True,keywords
W4361266892,G08,0.393,0.3333333333333333,False,keywords
W4361266892,G11,0.632,0.6666666666666666,True,keywords
W2530011855,G09,0.826,0.7,True,keywords
W2530011855,G10,0.528,0.3,False,keywords
W2734463838,G09,0.632,1.0,True,keywords
W2964216367,G06,0.632,0.5,True,keywords
W2964216367,G15,0.632,0.5,True,keywords
W2993069821,G06,0.632,0.4,False,keywords
W2993069821,G15,0.777,0.6,True,keywords
W3202477521,G08,0.393,0.2857142857142857,False,keywords
W3202477521,G09,0.713,0.7142857142857143,True,keywords
W788047662,G10,0.936,1.0,True,keywords
W2054580590,G10,0.632,1.0,True,keywords
W2465730694,G07,0.393,1.0,True,keywords
W2608818538,G09,0.632,1.0,True,keywords
W2802219516,G10,0.393,1.0,True,keywords
W4306648046,G09,0.713,1.0,True,keywords
W1987175920,G10,0.393,1.0,True,keywords
W2792341439,G15,0.528,1.0,True,keywords
W2887851388,G04,0.777,1.0,True,keywords
W3171053971,G10,0.632,1.0,True,keywords
W4207026585,G09,0.393,1.0,True,keywords
W1901492489,G09,0.632,1.0,True,keywords
W1981784297,G10,0.393,1.0,True,keywords
W2743737941,G09,0.713,1.0,True,keywords
W2808973035,G10,0.393,1.0,True,keywords
W2896212671,G07,0.713,1.0,True,keywords
W2936864777,G08,0.528,1.0,True,keywords
W3004637332,G07,0.895,1.0,True,keywords
W3156688234,G10,0.393,0.2857142857142857,False,keywords
W3156688234,G15,0.713,0.7142857142857143,True,keywords
W4390393528,G10,0.632,1.0,True,keywords
W2981289756,G10,0.777,1.0,True,keywords
W3107256979,G08,0.393,0.5,True,keywords
W3107256979,G09,0.393,0.5,True,keywords
W1600734241,G09,0.713,1.0,True,keywords
W1976987778,G09,0.528,1.0,True,keywords
W2918113141,G07,0.713,1.0,True,keywords
W2923355773,G15,0.895,0.5294117647058824,True,keywords
W2923355773,G17,0.865,0.47058823529411764,False,keywords
W3014529083,G10,0.393,1.0,True,keywords
W3087455992,G10,0.777,1.0,True,keywords
W4225266789,G10,0.393,1.0,True,keywords
W4376504096,G09,0.393,1.0,True,keywords
W2967093625,G09,0.393,1.0,True,keywords
W3042847305,G09,0.393,1.0,True,keywords
W3092103339,G09,0.528,0.5,True,keywords
W3092103339,G10,0.528,0.5,True,keywords
W3114280211,G10,0.393,1.0,True,keywords
W4312129047,G09,0.393,1.0,True,keywords
W1031090263,G10,0.528,1.0,True,keywords
W1995300045,G15,0.713,1.0,True,keywords
W2947299772,G10,0.393,1.0,True,keywords
W4200533807,G10,0.528,1.0,True,keywords
W2029480573,G07,0.895,1.0,True,keywords
W2152014572,G10,0.632,1.0,True,keywords
W3106855517,G10,0.936,1.0,True,keywords
W3134387503,G09,0.632,1.0,True,keywords
W2943354541,G13,0.865,1.0,True,keywords
W2971772978,G15,0.528,1.0,True,keywords
W4283696158,G09,0.632,1.0,True,keywords
W2335811269,G04,0.777,0.75,True,keywords
W2335811269,G09,0.393,0.25,False,keywords
W2939097612,G10,0.393,1.0,True,keywords
W3038926436,G07,0.632,1.0,True,keywords
W4318561873,G17,0.393,1.0,True,keywords
W4323350666,G10,0.95,1.0,True,keywords
W4389472558,G09,0.777,1.0,True,keywords
W2387690073,G09,0.528,1.0,True,keywords
W2902270791,G10,0.393,1.0,True,keywords
W2988148323,G09,0.826,0.5384615384615384,True,keywords
W2988148323,G10,0.777,0.46153846153846156,False,keywords
W2126897065,G09,0.528,1.0,True,keywords
W3194323996,G08,0.865,1.0,True,keywords
W3209008601,G15,0.97,1.0,True,keywords
W4362715661,G10,0.632,1.0,True,keywords
W2022952443,G10,0.632,1.0,True,keywords
W2895255285,G07,0.528,0.3333333333333333,False,keywords
W2895255285,G09,0.393,0.2222222222222222,False,keywords
W2895255285,G10,0.632,0.4444444444444444,True,keywords
W2912851792,G07,0.528,0.6,True,keywords
W2912851792,G08,0.393,0.4,False,keywords
W3012342670,G14,0.393,1.0,True,keywords
W3082489862,G10,0.777,1.0,True,keywords
W3173109309,G09,0.393,0.3333333333333333,False,keywords
W3173109309,G10,0.632,0.6666666666666666,True,keywords
W3021090919,G09,0.865,1.0,True,keywords
W3092520976,G07,0.393,0.18181818181818182,False,keywords
W3092520976,G08,0.895,0.8181818181818182,True,keywords
W3106293713,G10,0.528,1.0,True,keywords
W4285733393,G09,0.865,1.0,True,keywords
W4390579179,G08,0.393,0.5,True,keywords
W4390579179,G09,0.393,0.5,True,keywords
W2292684346,G09,0.713,0.5,True,keywords
W2292684346,G10,0.713,0.5,True,keywords
W2419719361,G09,0.632,0.4444444444444444,False,keywords
W2419719361,G10,0.713,0.5555555555555556,True,keywords
W2572318021,G06,0.777,0.3333333333333333,False,keywords
W2572318021,G14,0.393,0.1111111111111111,False,keywords
W2572318021,G15,0.918,0.5555555555555556,True,keywords
W2944172788,G09,0.393,0.11764705882352941,False,keywords
W2944172788,G10,0.961,0.7647058823529411,True,keywords
W2944172788,G11,0.393,0.11764705882352941,False,keywords
W3047258721,G10,0.528,0.25,False,keywords
W3047258721,G15,0.895,0.75,True,keywords
W4387578542,G09,0.918,1.0,True,keywords
W2095373083,G10,0.528,1.0,True,keywords
W3165016332,G04,0.393,0.18181818181818182,False,keywords
W3165016332,G10,0.632,0.36363636363636365,False,keywords
W3165016332,G15,0.713,0.45454545454545453,True,keywords
W2770826674,G10,0.777,1.0,True,keywords
W4210621479,G10,0.777,1.0,True,keywords
W4289522563,G08,0.393,0.5,True,keywords
W4289522563,G12,0.393,0.5,True,keywords
W4378173476,G08,0.528,0.42857142857142855,False,keywords
W4378173476,G09,0.632,0.5714285714285714,True,keywords
W4390509728,G10,0.393,1.0,True,keywords
W2955528839,G08,0.393,0.3333333333333333,False,keywords
W2955528839,G10,0.632,0.6666666666666666,True,keywords
W3216067490,G09,0.632,1.0,True,keywords
W4200093073,G07,0.393,1.0,True,keywords
W4223442146,G09,0.393,1.0,True,keywords
W4291012450,G15,0.393,0.3333333333333333,False,keywords
W4291012450,G20,0.632,0.6666666666666666,True,keywords
W2615659107,G06,0.777,1.0,True,keywords
W3205460006,G15,0.826,1.0,True,keywords
W4390014594,G09,0.528,1.0,True,keywords
W3137667622,G04,0.777,0.6,True,keywords
W3137667622,G09,0.632,0.4,False,keywords
W4365141280,G07,0.528,1.0,True,keywords
W4394952757,G09,0.632,0.4,False,keywords
W4394952757,G10,0.777,0.6,True,keywords
W3094342525,G09,0.713,1.0,True,keywords
W4225425408,G10,0.713,1.0,True,keywords
W3010754996,G15,0.393,0.13333333333333333,False,keywords
W3010754996,G17,0.632,0.26666666666666666,False,keywords
W3010754996,G19,0.895,0.6,True,keywords
W2013407480,G04,0.777,1.0,True,keywords
W2750817355,G09,0.777,1.0,True,keywords
W3131492022,G09,0.528,1.0,True,keywords
W3134506139,G13,0.393,0.3333333333333333,False,keywords
W3134506139,G15,0.632,0.6666666666666666,True,keywords
W4410858407,G09,0.865,1.0,True,keywords
W4308294328,G10,0.713,1.0,True,keywords
W4395041505,G08,0.777,1.0,True,keywords
W4414104868,G10,0.777,1.0,True,keywords
W2012992309,G07,0.632,1.0,True,keywords
W2948039561,G09,0.393,0.3333333333333333,False,keywords
W2948039561,G10,0.632,0.6666666666666666,True,keywords
W3205389983,G09,0.713,1.0,True,keywords
W3206476260,G09,0.865,1.0,True,keywords
W4221094702,G01,0.393,0.3333333333333333,False,keywords
W4221094702,G06,0.632,0.6666666666666666,True,keywords
W4386609943,G08,0.393,0.2,False,keywords
W4386609943,G10,0.713,0.5,True,keywords
W4386609943,G15,0.528,0.3,False,keywords
W2600041458,G09,0.393,0.5,True,keywords
W2600041458,G16,0.393,0.5,True,keywords
W3200832879,G04,0.777,0.3333333333333333,False,keywords
W3200832879,G08,0.895,0.5,True,keywords
W3200832879,G09,0.528,0.16666666666666666,False,keywords
W4280506603,G09,0.393,0.2857142857142857,False,keywords
W4280506603,G10,0.713,0.7142857142857143,True,keywords
W4388233558,G09,0.632,1.0,True,keywords
W3015091235,G09,0.777,1.0,True,keywords
W3159071114,G08,0.865,1.0,True,keywords
W4225593386,G09,0.918,1.0,True,keywords
W4281257063,G15,0.393,1.0,True,keywords
W4283709643,G09,0.393,1.0,True,keywords
W4386496536,G09,0.393,1.0,True,keywords
W3135164481,G07,0.777,1.0,True,keywords
W3156115445,G10,0.632,1.0,True,keywords
W4200437893,G09,0.713,1.0,True,keywords
W4281617860,G07,0.528,0.42857142857142855,False,keywords
W4281617860,G09,0.632,0.5714285714285714,True,keywords
W4285798811,G09,0.918,1.0,True,keywords
W4296963104,G09,0.713,0.5,True,keywords
W4296963104,G10,0.713,0.5,True,keywords
W1968887639,G07,0.632,1.0,True,keywords
W3016203146,G10,0.895,1.0,True,keywords
W3087667355,G04,0.528,1.0,True,keywords
W3161096424,G09,0.826,1.0,True,keywords
W4281762011,G09,0.393,1.0,True,keywords
W4362696595,G09,0.777,1.0,True,keywords
W4395073836,G10,0.528,1.0,True,keywords
W2987217426,G10,0.393,1.0,True,keywords
W4206538374,G08,0.777,0.75,True,keywords
W4206538374,G10,0.393,0.25,False,keywords
W4380927668,G10,0.713,1.0,True,keywords
W4388033202,G10,0.528,1.0,True,keywords
W4283323360,G09,0.393,1.0,True,keywords
W4311931187,G09,0.713,1.0,True,keywords
W4315607834,G09,0.528,0.42857142857142855,False,keywords
W4315607834,G10,0.632,0.5714285714285714,True,keywords
W4378782750,G01,0.826,0.7777777777777778,True,keywords
W4378782750,G16,0.393,0.2222222222222222,False,keywords
W4306411164,G09,0.528,0.375,False,keywords
W4306411164,G10,0.713,0.625,True,keywords
W4313454538,G08,0.393,1.0,True,keywords
W4394063220,G10,0.95,1.0,True,keywords
W2796160934,G15,0.95,1.0,True,keywords
W4362737426,G09,0.393,1.0,True,keywords
W4366823282,G10,0.713,1.0,True,keywords
W4367179517,G09,0.632,1.0,True,keywords
W4377116115,G07,0.865,1.0,True,keywords
W4385597362,G10,0.393,1.0,True,keywords
W4391147264,G07,0.713,1.0,True,keywords
W4210325075,G09,0.528,0.2727272727272727,False,keywords
W4210325075,G10,0.865,0.7272727272727273,True,keywords
W4313532202,G09,0.393,1.0,True,keywords
W4388109297,G10,0.528,1.0,True,keywords
W4400260814,G09,0.393,0.5,True,keywords
W4400260814,G10,0.393,0.5,True,keywords
W4414005916,G10,0.95,1.0,True,keywords
W2313456313,G06,0.528,0.42857142857142855,False,keywords
W2313456313,G10,0.632,0.5714285714285714,True,keywords
W3213141942,G09,0.393,1.0,True,keywords
W4311633610,G15,0.865,0.3333333333333333,False,keywords
W4311633610,G19,0.982,0.6666666666666666,True,keywords
W4387157118,G09,0.528,1.0,True,keywords
W4390880024,G09,0.713,1.0,True,keywords
W3017087681,G09,0.961,1.0,True,keywords
W3196842034,G09,0.393,0.5,True,keywords
W3196842034,G10,0.393,0.5,True,keywords
W4361195513,G15,0.632,1.0,True,keywords
W4401942562,G09,0.777,1.0,True,keywords
W4407029476,G09,0.632,1.0,True,keywords
W3205831606,G09,0.393,1.0,True,keywords
W4296737453,G07,0.528,0.6,True,keywords
W4296737453,G08,0.393,0.4,False,keywords
W4311024271,G10,0.865,0.7272727272727273,True,keywords
W4311024271,G15,0.528,0.2727272727272727,False,keywords
W4388630880,G09,0.777,0.375,False,keywords
W4388630880,G10,0.918,0.625,True,keywords
W4295234014,G04,0.865,1.0,True,keywords
W4309183674,G09,0.713,1.0,True,keywords
W4391825406,G10,0.632,1.0,True,keywords
W4407100603,G10,0.393,1.0,True,keywords
W2946251640,G09,0.528,1.0,True,keywords
W3113006135,G20,0.528,1.0,True,keywords
W3134211197,G15,0.982,1.0,True,keywords
W4392947572,G09,0.528,1.0,True,keywords
W4200565152,G07,0.895,0.6428571428571429,True,keywords
W4200565152,G10,0.713,0.35714285714285715,False,keywords
W4285098440,G10,0.936,1.0,True,keywords
W4294739303,G10,0.713,1.0,True,keywords
W4391775614,G10,0.632,1.0,True,keywords
W3044938093,G07,0.528,0.42857142857142855,False,keywords
W3044938093,G10,0.632,0.5714285714285714,True,keywords
W4391310626,G09,0.393,1.0,True,keywords
W4393347760,G09,0.393,0.18181818181818182,False,keywords
W4393347760,G10,0.895,0.8181818181818182,True,keywords
W4386851502,G04,0.528,1.0,True,keywords
W4281698806,G08,0.528,0.125,False,keywords
W4281698806,G15,0.995,0.875,True,keywords
W4388670798,G08,0.393,0.2,False,keywords
W4388670798,G19,0.865,0.8,True,keywords
W2989623551,G09,0.632,0.5714285714285714,True,keywords
W2989623551,G11,0.528,0.42857142857142855,False,keywords
W2890466817,G12,0.632,1.0,True,keywords
W4378952948,G09,0.528,1.0,True,keywords
W4387293367,G07,0.713,1.0,True,keywords
W4388564355,G10,0.713,1.0,True,keywords
W4401628808,G10,0.632,1.0,True,keywords
W4402558839,G08,0.393,0.3333333333333333,True,keywords
W4402558839,G09,0.393,0.3333333333333333,True,keywords
W4402558839,G11,0.393,0.3333333333333333,True,keywords
W4383710595,G08,0.393,1.0,True,keywords
W4402178862,G10,0.713,1.0,True,keywords
W4296182871,G10,0.528,0.25,False,keywords
W4296182871,G15,0.895,0.75,True,keywords
W4389515163,G15,0.895,1.0,True,keywords
W4319915926,G09,0.393,1.0,True,keywords
W4410017276,G10,0.895,1.0,True,keywords
W3023861082,G15,0.777,1.0,True,keywords
W3169259598,G09,0.632,1.0,True,keywords
W4321459008,G07,0.632,1.0,True,keywords
W4392976657,G10,0.632,0.5714285714285714,True,keywords
W4392976657,G14,0.528,0.42857142857142855,False,keywords
W4400039194,G09,0.393,1.0,True,keywords
W4414831961,G10,0.528,1.0,True,keywords
W4313880226,G15,0.895,0.5294117647058824,True,keywords
W4313880226,G19,0.865,0.47058823529411764,False,keywords
W4398241139,G10,0.713,0.45454545454545453,False,keywords
W4398241139,G11,0.777,0.5454545454545454,True,keywords
W4400673960,G20,0.393,1.0,True,keywords
W4404625225,G09,0.528,1.0,True,keywords
W4413812868,G09,0.393,1.0,True,keywords
W4379384853,G12,0.632,1.0,True,keywords
W4389219234,G15,0.918,1.0,True,keywords
W4398143322,G07,0.713,1.0,True,keywords
W4399858632,G09,0.918,1.0,True,keywords
W4306754841,G09,0.393,1.0,True,keywords
W4393193975,G15,0.895,1.0,True,keywords
W4396760752,G10,0.632,1.0,True,keywords
W4415240493,G10,0.632,1.0,True,keywords
W4220777419,G15,0.918,1.0,True,keywords
W4406781307,G04,0.528,1.0,True,keywords
W4414625421,G09,0.393,0.2857142857142857,False,keywords
W4414625421,G10,0.713,0.7142857142857143,True,keywords
W4385858094,G09,0.632,1.0,True,keywords
W4386686744,G15,0.895,1.0,True,keywords
W4402979711,G10,0.936,1.0,True,keywords
W4412111205,G08,0.95,1.0,True,keywords
W4412867570,G08,0.393,1.0,True,keywords
W4390728702,G10,0.895,1.0,True,keywords
W4405887970,G10,0.632,1.0,True,keywords
W4406486978,G07,0.777,1.0,True,keywords
W4391741781,G10,0.632,1.0,True,keywords
W4400537040,G09,0.393,1.0,True,keywords
W7116870583,G10,0.528,1.0,True,keywords
W4404893446,G10,0.777,1.0,True,keywords
W4404905469,G09,0.528,0.6,True,keywords
W4404905469,G10,0.393,0.4,False,keywords
W4414241311,G08,0.865,1.0,True,keywords
W4391756421,G10,0.393,0.3333333333333333,False,keywords
W4391756421,G15,0.632,0.6666666666666666,True,keywords
W4404990804,G09,0.713,0.5,True,keywords
W4404990804,G10,0.713,0.5,True,keywords
W4408201467,G09,0.528,0.21428571428571427,False,keywords
W4408201467,G10,0.936,0.7857142857142857,True,keywords
W7131878263,G10,0.528,1.0,True,keywords
W4416913260,G07,0.393,1.0,True,keywords
W7138850338,G09,0.632,1.0,True,keywords
W2104151296,G13,0.865,1.0,True,keywords
W2004945118,G10,0.528,1.0,True,keywords
W2040703771,G09,0.393,1.0,True,keywords
W2054441451,G10,0.713,1.0,True,keywords
W2099904255,G15,0.865,1.0,True,keywords
W2096262742,G10,0.528,1.0,True,keywords
W1967238126,G09,0.713,1.0,True,keywords
W2156074429,G09,0.632,1.0,True,keywords
W2013594566,G15,0.961,1.0,True,keywords
W2032748857,G10,0.632,0.4,False,keywords
W2032748857,G15,0.777,0.6,True,keywords
W2735881421,G07,0.393,1.0,True,keywords
W2154895535,G09,0.632,1.0,True,keywords
W2218994245,G07,0.777,1.0,True,keywords
W1925213512,G10,0.393,1.0,True,keywords
W2142066004,G10,0.713,0.7142857142857143,True,keywords
W2142066004,G15,0.393,0.2857142857142857,False,keywords
W1985369125,G09,0.777,1.0,True,keywords
W2053232624,G09,0.528,0.42857142857142855,False,keywords
W2053232624,G10,0.632,0.5714285714285714,True,keywords
W2255125350,G16,0.393,1.0,True,keywords
W1834367075,G10,0.713,1.0,True,keywords
W2095321723,G09,0.393,1.0,True,keywords
W2110899026,G07,0.777,1.0,True,keywords
W2112484895,G08,0.895,1.0,True,keywords
W2793677489,G09,0.632,0.5714285714285714,True,keywords
W2793677489,G10,0.528,0.42857142857142855,False,keywords
W1990846517,G04,0.777,1.0,True,keywords
W2102934931,G08,0.936,1.0,True,keywords
W2103899324,G06,0.632,0.4444444444444444,False,keywords
W2103899324,G15,0.713,0.5555555555555556,True,keywords
W1970642446,G10,0.632,1.0,True,keywords
W2096665821,G10,0.528,1.0,True,keywords
W2127782982,G09,0.865,1.0,True,keywords
W2409089748,G15,0.95,1.0,True,keywords
W2772809021,G12,0.632,1.0,True,keywords
W2794260504,G10,0.632,0.5,True,keywords
W2794260504,G15,0.632,0.5,True,keywords
W2100962980,G08,0.528,0.6,True,keywords
W2100962980,G11,0.393,0.4,False,keywords
W2107554627,G04,0.777,1.0,True,keywords
W2172901603,G09,0.393,0.2857142857142857,False,keywords
W2172901603,G10,0.713,0.7142857142857143,True,keywords
W2045522920,G15,0.918,0.7692307692307693,True,keywords
W2045522920,G20,0.528,0.23076923076923078,False,keywords
W2766922768,G15,0.895,0.6923076923076923,True,keywords
W2766922768,G17,0.632,0.3076923076923077,False,keywords
W2050108219,G15,0.528,1.0,True,keywords
W2099743859,G09,0.777,0.5,True,keywords
W2099743859,G11,0.777,0.5,True,keywords
W2143916432,G10,0.528,1.0,True,keywords
W2396301916,G07,0.632,1.0,True,keywords
W2061036339,G04,0.777,0.5,True,keywords
W2061036339,G09,0.632,0.3333333333333333,False,keywords
W2061036339,G10,0.393,0.16666666666666666,False,keywords
W2343839738,G06,0.393,0.10526315789473684,False,keywords
W2343839738,G10,0.393,0.10526315789473684,False,keywords
W2343839738,G14,0.393,0.10526315789473684,False,keywords
W2343839738,G15,0.961,0.6842105263157895,True,keywords
W2509155664,G15,0.713,1.0,True,keywords
W2623556910,G08,0.918,1.0,True,keywords
W1976766117,G08,0.393,0.3333333333333333,False,keywords
W1976766117,G09,0.632,0.6666666666666666,True,keywords
W2013999805,G12,0.632,1.0,True,keywords
W2057893200,G09,0.713,1.0,True,keywords
W2218869932,G10,0.632,1.0,True,keywords
W2295468079,G08,0.895,1.0,True,keywords
W2606181915,G15,0.777,1.0,True,keywords
W2910557751,G15,0.528,1.0,True,keywords
W1637631354,G10,0.632,1.0,True,keywords
W2132411814,G09,0.713,1.0,True,keywords
W2896709590,G10,0.528,0.5,True,keywords
W2896709590,G15,0.528,0.5,True,keywords
W2108279984,G10,0.713,0.625,True,keywords
W2108279984,G15,0.528,0.375,False,keywords
W2113193581,G10,0.528,1.0,True,keywords
W2121828618,G07,0.393,1.0,True,keywords
W2159802507,G08,0.95,0.8,True,keywords
W2159802507,G09,0.528,0.2,False,keywords
W2100083515,G07,0.632,1.0,True,keywords
W2149160937,G15,0.961,1.0,True,keywords
W2516870904,G15,0.777,1.0,True,keywords
W2751739209,G10,0.632,1.0,True,keywords
W2032074177,G10,0.632,1.0,True,keywords
W2132805535,G04,0.632,1.0,True,keywords
W2150465988,G10,0.713,1.0,True,keywords
W2167595727,G10,0.895,1.0,True,keywords
W2411069041,G13,0.393,1.0,True,keywords
W2897984913,G15,0.528,1.0,True,keywords
W2912719566,G15,0.777,1.0,True,keywords
W4250944848,G09,0.393,1.0,True,keywords
W2264266890,G10,0.393,1.0,True,keywords
W2568833000,G09,0.961,1.0,True,keywords
W1576614243,G15,0.918,0.5882352941176471,True,keywords
W1576614243,G17,0.713,0.29411764705882354,False,keywords
W1576614243,G20,0.393,0.11764705882352941,False,keywords
W2002795380,G15,0.895,1.0,True,keywords
W2017748853,G10,0.632,1.0,True,keywords
W2134083177,G06,0.713,0.5555555555555556,True,keywords
W2134083177,G17,0.632,0.4444444444444444,False,keywords
W2136418684,G10,0.528,1.0,True,keywords
W2626084238,G09,0.865,1.0,True,keywords
W2024191945,G09,0.777,1.0,True,keywords
W2171776496,G08,0.895,0.6923076923076923,True,keywords
W2171776496,G09,0.632,0.3076923076923077,False,keywords
W2754765807,G15,0.528,0.42857142857142855,False,keywords
W2754765807,G20,0.632,0.5714285714285714,True,keywords
W1990590874,G09,0.528,1.0,True,keywords
W2096055078,G08,0.777,1.0,True,keywords
W2104319503,G10,0.632,1.0,True,keywords
W2169411122,G10,0.632,0.5714285714285714,True,keywords
W2169411122,G15,0.528,0.42857142857142855,False,keywords
W2325473017,G09,0.393,1.0,True,keywords
W2465555849,G09,0.918,1.0,True,keywords
W2537021290,G12,0.632,1.0,True,keywords
W2954494773,G10,0.528,1.0,True,keywords
W1884023183,G06,0.713,0.2631578947368421,False,keywords
W1884023183,G15,0.97,0.7368421052631579,True,keywords
W2114922856,G07,0.936,1.0,True,keywords
W2589907317,G08,0.393,0.2857142857142857,False,keywords
W2589907317,G09,0.713,0.7142857142857143,True,keywords
W2000302807,G07,0.632,0.3333333333333333,False,keywords
W2000302807,G10,0.865,0.6666666666666666,True,keywords
W2051196452,G10,0.632,1.0,True,keywords
W2124986457,G09,0.713,1.0,True,keywords
W2207773426,G09,0.632,1.0,True,keywords
W1975798821,G09,0.632,1.0,True,keywords
W2608624864,G10,0.777,1.0,True,keywords
W2793048289,G07,0.777,1.0,True,keywords
W2099048561,G15,0.528,1.0,True,keywords
W2141257680,G10,0.528,0.5,True,keywords
W2141257680,G13,0.528,0.5,True,keywords
W2150176078,G08,0.528,1.0,True,keywords
W2269069739,G09,0.713,1.0,True,keywords
W2279966954,G07,0.895,1.0,True,keywords
W2554371818,G09,0.393,1.0,True,keywords
W2789454469,G10,0.936,1.0,True,keywords
W2800007702,G06,0.393,0.09090909090909091,False,keywords
W2800007702,G14,0.632,0.18181818181818182,False,keywords
W2800007702,G15,0.982,0.7272727272727273,True,keywords
W2903826135,G10,0.713,1.0,True,keywords
W2030719235,G06,0.528,0.23076923076923078,False,keywords
W2030719235,G15,0.826,0.5384615384615384,True,keywords
W2030719235,G17,0.528,0.23076923076923078,False,keywords
W2122981121,G09,0.393,1.0,True,keywords
W2328880152,G10,0.528,1.0,True,keywords
W2533200380,G10,0.632,0.36363636363636365,False,keywords
W2533200380,G13,0.826,0.6363636363636364,True,keywords
W2897206114,G01,0.936,0.6875,True,keywords
W2897206114,G17,0.713,0.3125,False,keywords
W2051711587,G04,0.777,0.6666666666666666,True,keywords
W2051711587,G08,0.528,0.3333333333333333,False,keywords
W2403819903,G07,0.713,1.0,True,keywords
W2816555100,G15,0.777,1.0,True,keywords
W1965989311,G09,0.713,1.0,True,keywords
W2548291598,G06,0.632,0.6666666666666666,True,keywords
W2548291598,G10,0.393,0.3333333333333333,False,keywords
W2564719186,G10,0.632,1.0,True,keywords
W2905101849,G09,0.632,1.0,True,keywords
W2979675821,G10,0.961,1.0,True,keywords
W3016389491,G10,0.713,1.0,True,keywords
W2059584471,G09,0.393,1.0,True,keywords
W2098197186,G15,0.632,1.0,True,keywords
W2098362338,G07,0.632,1.0,True,keywords
W2104524209,G07,0.393,0.4,False,keywords
W2104524209,G08,0.528,0.6,True,keywords
W2113662366,G10,0.528,0.2727272727272727,False,keywords
W2113662366,G15,0.865,0.7272727272727273,True,keywords
W2222016081,G02,0.528,0.13636363636363635,False,keywords
W2222016081,G14,0.865,0.36363636363636365,False,keywords
W2222016081,G15,0.936,0.5,True,keywords
W2472617754,G04,0.777,1.0,True,keywords
W2762069889,G08,0.393,0.18181818181818182,False,keywords
W2762069889,G15,0.895,0.8181818181818182,True,keywords
W1996479122,G08,0.895,1.0,True,keywords
W2026439858,G15,0.936,1.0,True,keywords
W2157434505,G01,0.865,1.0,True,keywords
W2159363445,G10,0.865,1.0,True,keywords
W2304829353,G06,0.777,0.6,True,keywords
W2304829353,G09,0.393,0.2,False,keywords
W2304829353,G14,0.393,0.2,False,keywords
W2517616992,G10,0.528,1.0,True,keywords
W2600373479,G10,0.777,1.0,True,keywords
W2888205332,G07,0.777,1.0,True,keywords
W2954355396,G07,0.632,1.0,True,keywords
W2990609660,G15,0.528,0.25,False,keywords
W2990609660,G17,0.895,0.75,True,keywords
W1991108941,G10,0.393,1.0,True,keywords
W2021848692,G10,0.393,1.0,True,keywords
W2029491958,G04,0.632,1.0,True,keywords
W2030541057,G10,0.393,1.0,True,keywords
W2069631673,G15,0.826,1.0,True,keywords
W2099710128,G07,0.632,0.6666666666666666,True,keywords
W2099710128,G09,0.393,0.3333333333333333,False,keywords
W2108252961,G06,0.632,0.4,True,keywords
W2108252961,G10,0.393,0.2,False,keywords
W2108252961,G14,0.632,0.4,True,keywords
W2167713624,G15,0.989,1.0,True,keywords
W2736011586,G15,0.528,0.3333333333333333,False,keywords
W2736011586,G17,0.777,0.6666666666666666,True,keywords
W2805835666,G08,0.393,1.0,True,keywords
W2974386811,G09,0.393,0.16666666666666666,False,keywords
W2974386811,G10,0.826,0.5833333333333334,True,keywords
W2974386811,G11,0.528,0.25,False,keywords
W3158444240,G09,0.528,0.6,True,keywords
W3158444240,G10,0.393,0.4,False,keywords
W1925505712,G06,0.393,0.05714285714285714,False,keywords
W1925505712,G08,0.393,0.05714285714285714,False,keywords
W1925505712,G14,0.865,0.22857142857142856,False,keywords
W1925505712,G15,0.991,0.5428571428571428,True,keywords
W1925505712,G20,0.632,0.11428571428571428,False,keywords
W2114813555,G06,0.713,0.15151515151515152,False,keywords
W2114813555,G10,0.865,0.24242424242424243,True,keywords
W2114813555,G11,0.777,0.18181818181818182,False,keywords
W2114813555,G14,0.777,0.18181818181818182,False,keywords
W2114813555,G15,0.865,0.24242424242424243,True,keywords
W2134547003,G15,0.918,1.0,True,keywords
W2548908650,G14,0.713,0.5,True,keywords
W2548908650,G15,0.713,0.5,True,keywords
W2567247377,G09,0.528,1.0,True,keywords
W2594558541,G09,0.632,0.6666666666666666,True,keywords
W2594558541,G10,0.393,0.3333333333333333,False,keywords
W2781514240,G09,0.936,0.8461538461538461,True,keywords
W2781514240,G11,0.393,0.15384615384615385,False,keywords
W2793281911,G09,0.393,1.0,True,keywords
W2808069774,G08,0.895,1.0,True,keywords
W2896468068,G09,0.713,0.3333333333333333,False,keywords
W2896468068,G10,0.918,0.6666666666666666,True,keywords
W2904984681,G09,0.393,0.5,True,keywords
W2904984681,G10,0.393,0.5,True,keywords
W2940937804,G09,0.777,1.0,True,keywords
W2008022518,G10,0.961,1.0,True,keywords
W2138374721,G10,0.777,1.0,True,keywords
W2152052180,G09,0.632,0.36363636363636365,False,keywords
W2152052180,G10,0.826,0.6363636363636364,True,keywords
W2279088838,G07,0.393,1.0,True,keywords
W2564735561,G09,0.95,0.8571428571428571,True,keywords
W2564735561,G16,0.393,0.14285714285714285,False,keywords
W2680717971,G07,0.393,0.4,False,keywords
W2680717971,G10,0.528,0.6,True,keywords
W2891066605,G09,0.528,1.0,True,keywords
W3041824188,G09,0.826,0.7777777777777778,True,keywords
W3041824188,G10,0.393,0.2222222222222222,False,keywords
W3044890242,G10,0.713,1.0,True,keywords
W3093545339,G10,0.632,1.0,True,keywords
W1585744531,G09,0.393,1.0,True,keywords
W1815893500,G10,0.632,1.0,True,keywords
W2026174647,G08,0.826,1.0,True,keywords
W2123950266,G08,0.393,1.0,True,keywords
W2287794423,G07,0.713,1.0,True,keywords
W2518966001,G10,0.528,0.42857142857142855,False,keywords
W2518966001,G15,0.632,0.5714285714285714,True,keywords
W2765226002,G08,0.961,1.0,True,keywords
W2790058413,G15,0.528,1.0,True,keywords
W2800073762,G09,0.393,1.0,True,keywords
W2894174193,G04,0.895,0.5294117647058824,True,keywords
W2894174193,G08,0.865,0.47058823529411764,False,keywords
W2912414418,G08,0.393,0.3333333333333333,False,keywords
W2912414418,G10,0.632,0.6666666666666666,True,keywords
W1625399404,G08,0.393,0.13333333333333333,False,keywords
W1625399404,G15,0.895,0.6,True,keywords
W1625399404,G20,0.632,0.26666666666666666,False,keywords
W2005885224,G10,0.393,1.0,True,keywords
W2015105634,G10,0.393,1.0,True,keywords
W2046875691,G09,0.632,1.0,True,keywords
W2078869446,G10,0.393,1.0,True,keywords
W2105354814,G10,0.632,1.0,True,keywords
W2275765857,G15,0.632,1.0,True,keywords
W2511609569,G04,0.393,1.0,True,keywords
W2540245394,G10,0.632,1.0,True,keywords
W2594710689,G10,0.393,0.5,True,keywords
W2594710689,G15,0.393,0.5,True,keywords
W2599466446,G08,0.393,1.0,True,keywords
W2803812521,G08,0.895,1.0,True,keywords
W2916024953,G11,0.393,1.0,True,keywords
W2956306636,G10,0.528,1.0,True,keywords
W2966245532,G02,0.393,0.1,False,keywords
W2966245532,G06,0.393,0.1,False,keywords
W2966245532,G09,0.632,0.2,False,keywords
W2966245532,G14,0.393,0.1,False,keywords
W2966245532,G15,0.777,0.3,True,keywords
W2966245532,G19,0.393,0.1,False,keywords
W2966245532,G20,0.393,0.1,False,keywords
W1991519769,G10,0.528,1.0,True,keywords
W2003008466,G01,0.528,0.42857142857142855,False,keywords
W2003008466,G06,0.632,0.5714285714285714,True,keywords
W2068351041,G13,0.713,0.625,True,keywords
W2068351041,G15,0.528,0.375,False,keywords
W2130465820,G08,0.528,1.0,True,keywords
W2149992053,G06,0.713,0.35714285714285715,True,keywords
W2149992053,G11,0.393,0.14285714285714285,False,keywords
W2149992053,G14,0.393,0.14285714285714285,False,keywords
W2149992053,G15,0.713,0.35714285714285715,True,keywords
W2332718500,G09,0.393,0.3333333333333333,False,keywords
W2332718500,G10,0.632,0.6666666666666666,True,keywords
W2343026925,G09,0.528,0.5,True,keywords
W2343026925,G10,0.528,0.5,True,keywords
W2567557325,G20,0.393,1.0,True,keywords
W2900319456,G04,0.632,0.36363636363636365,False,keywords
W2900319456,G08,0.393,0.18181818181818182,False,keywords
W2900319456,G09,0.713,0.45454545454545453,True,keywords
W2979222313,G10,0.528,1.0,True,keywords
W3080398436,G10,0.528,1.0,True,keywords
W2099091477,G10,0.713,1.0,True,keywords
W2142123620,G06,0.632,1.0,True,keywords
W2155443748,G15,0.895,0.6923076923076923,True,keywords
W2155443748,G20,0.632,0.3076923076923077,False,keywords
W2168275495,G10,0.632,1.0,True,keywords
W2548642651,G10,0.713,0.5555555555555556,True,keywords
W2548642651,G12,0.632,0.4444444444444444,False,keywords
W2884457322,G07,0.632,0.6666666666666666,True,keywords
W2884457322,G10,0.393,0.3333333333333333,False,keywords
W2912191040,G09,0.632,1.0,True,keywords
W2946792096,G10,0.777,0.5,True,keywords
W2946792096,G15,0.777,0.5,True,keywords
W2138680116,G09,0.713,1.0,True,keywords
W2768050665,G06,0.528,0.3333333333333333,False,keywords
W2768050665,G10,0.777,0.6666666666666666,True,keywords
W2979299950,G09,0.777,0.6,True,keywords
W2979299950,G10,0.632,0.4,False,keywords
W3025978916,G09,0.528,1.0,True,keywords
W1527544276,G09,0.393,1.0,True,keywords
W1858287666,G08,0.393,0.3333333333333333,False,keywords
W1858287666,G10,0.632,0.6666666666666666,True,keywords
W2056325413,G09,0.918,1.0,True,keywords
W2146221154,G10,0.713,1.0,True,keywords
W2418628191,G20,0.632,1.0,True,keywords
W2553455089,G10,0.632,1.0,True,keywords
W2761969486,G08,0.632,1.0,True,keywords
W2788678694,G08,0.777,1.0,True,keywords
W2887490171,G10,0.393,0.4,False,keywords
W2887490171,G15,0.528,0.6,True,keywords
W2892354429,G04,0.528,0.6,True,keywords
W2892354429,G09,0.393,0.4,False,keywords
W2969915605,G15,0.777,1.0,True,keywords
W2040762617,G09,0.632,1.0,True,keywords
W2122471780,G07,0.713,0.5555555555555556,True,keywords
W2122471780,G12,0.632,0.4444444444444444,False,keywords
W2193969951,G09,0.393,1.0,True,keywords
W2323737742,G09,0.528,1.0,True,keywords
W2333479216,G09,0.632,0.5714285714285714,True,keywords
W2333479216,G10,0.528,0.42857142857142855,False,keywords
W2371565037,G09,0.865,1.0,True,keywords
W2618555688,G07,0.393,0.5,True,keywords
W2618555688,G09,0.393,0.5,True,keywords
W2627073392,G10,0.528,1.0,True,keywords
W2766929738,G10,0.713,1.0,True,keywords
W2802674288,G09,0.528,0.5,True,keywords
W2802674288,G10,0.528,0.5,True,keywords
W1519959999,G07,0.777,0.3333333333333333,False,keywords
W1519959999,G08,0.865,0.4444444444444444,True,keywords
W1519959999,G20,0.632,0.2222222222222222,False,keywords
W2134425002,G09,0.632,1.0,True,keywords
W2142629207,G07,0.777,1.0,True,keywords
W2158463590,G06,0.632,0.5714285714285714,True,keywords
W2158463590,G15,0.528,0.42857142857142855,False,keywords
W2293813657,G09,0.632,1.0,True,keywords
W2484562593,G10,0.777,1.0,True,keywords
W2742509279,G09,0.528,1.0,True,keywords
W2947157965,G11,0.865,0.38095238095238093,False,keywords
W2947157965,G15,0.961,0.6190476190476191,True,keywords
W2950017860,G09,0.976,1.0,True,keywords
W1973419281,G08,0.393,0.08695652173913043,False,keywords
W1973419281,G11,0.865,0.34782608695652173,False,keywords
W1973419281,G15,0.918,0.43478260869565216,True,keywords
W1973419281,G20,0.528,0.13043478260869565,False,keywords
W1996306630,G10,0.632,1.0,True,keywords
W2009271207,G08,0.777,1.0,True,keywords
W2101731306,G10,0.393,0.3333333333333333,False,keywords
W2101731306,G12,0.632,0.6666666666666666,True,keywords
W2112060104,G08,0.528,0.23076923076923078,False,keywords
W2112060104,G09,0.918,0.7692307692307693,True,keywords
W2120676441,G15,0.865,0.8,True,keywords
W2120676441,G20,0.393,0.2,False,keywords
W2157937094,G07,0.528,1.0,True,keywords
W2334083877,G04,0.895,1.0,True,keywords
W2594394884,G10,0.528,1.0,True,keywords
W2608990059,G15,0.826,1.0,True,keywords
W2768839347,G08,0.393,0.3333333333333333,False,keywords
W2768839347,G09,0.632,0.6666666666666666,True,keywords
W2773264198,G09,0.393,1.0,True,keywords
W2776066112,G12,0.713,0.5,True,keywords
W2776066112,G15,0.713,0.5,True,keywords
W2792693825,G08,0.777,0.6666666666666666,True,keywords
W2792693825,G10,0.528,0.3333333333333333,False,keywords
W2792893223,G10,0.865,1.0,True,keywords
W2804318759,G08,0.95,1.0,True,keywords
W2808088866,G09,0.895,0.5,True,keywords
W2808088866,G10,0.895,0.5,True,keywords
W2948335898,G04,0.632,1.0,True,keywords
W2995135436,G08,0.528,1.0,True,keywords
W2999336417,G15,0.895,0.42857142857142855,False,keywords
W2999336417,G17,0.95,0.5714285714285714,True,keywords
W3080690697,G09,0.393,0.5,True,keywords
W3080690697,G10,0.393,0.5,True,keywords
W3169524793,G12,0.632,1.0,True,keywords
W1989842917,G01,0.528,0.5,True,keywords
W1989842917,G07,0.528,0.5,True,keywords
W1990863856,G09,0.632,1.0,True,keywords
W2003150956,G10,0.713,1.0,True,keywords
W2014137606,G06,0.632,0.15384615384615385,False,keywords
W2014137606,G10,0.393,0.07692307692307693,False,keywords
W2014137606,G11,0.777,0.23076923076923078,True,keywords
W2014137606,G14,0.632,0.15384615384615385,False,keywords
W2014137606,G15,0.777,0.23076923076923078,True,keywords
W2014137606,G20,0.632,0.15384615384615385,False,keywords
W2061679063,G08,0.393,1.0,True,keywords
W2166778289,G07,0.632,0.5,True,keywords
W2166778289,G20,0.632,0.5,True,keywords
W2317979586,G09,0.393,0.3333333333333333,False,keywords
W2317979586,G10,0.632,0.6666666666666666,True,keywords
W2965294890,G09,0.713,1.0,True,keywords
W3003817977,G06,0.632,0.5714285714285714,True,keywords
W3003817977,G10,0.528,0.42857142857142855,False,keywords
W3134952106,G02,0.393,0.18181818181818182,False,keywords
W3134952106,G06,0.393,0.18181818181818182,False,keywords
W3134952106,G08,0.393,0.18181818181818182,False,keywords
W3134952106,G14,0.713,0.45454545454545453,True,keywords
W3137945281,G15,0.393,1.0,True,keywords
W2044018119,G09,0.777,1.0,True,keywords
W2125870327,G09,0.393,1.0,True,keywords
W2264183293,G09,0.713,0.5555555555555556,True,keywords
W2264183293,G10,0.632,0.4444444444444444,False,keywords
W2313220267,G13,0.895,0.75,True,keywords
W2313220267,G15,0.528,0.25,False,keywords
W2614119029,G10,0.393,0.16666666666666666,False,keywords
W2614119029,G15,0.918,0.8333333333333334,True,keywords
W2748130530,G07,0.777,1.0,True,keywords
W2751163295,G10,0.393,0.15384615384615385,False,keywords
W2751163295,G15,0.936,0.8461538461538461,True,keywords
W2763453725,G10,0.777,1.0,True,keywords
W2800126561,G08,0.95,1.0,True,keywords
W2897220904,G10,0.632,1.0,True,keywords
W2921200898,G02,0.393,0.5,True,keywords
W2921200898,G10,0.393,0.5,True,keywords
W2979840360,G07,0.895,1.0,True,keywords
W2981664949,G02,0.393,0.1,False,keywords
W2981664949,G06,0.528,0.15,False,keywords
W2981664949,G08,0.393,0.1,False,keywords
W2981664949,G14,0.713,0.25,False,keywords
W2981664949,G15,0.865,0.4,True,keywords
W3011900353,G10,0.777,0.6666666666666666,True,keywords
W3011900353,G15,0.528,0.3333333333333333,False,keywords
W3127612022,G09,0.632,1.0,True,keywords
W1992715784,G10,0.528,1.0,True,keywords
W2199177332,G09,0.777,1.0,True,keywords
W2404756173,G10,0.713,0.7142857142857143,True,keywords
W2404756173,G11,0.393,0.2857142857142857,False,keywords
W2947402976,G09,0.393,0.3333333333333333,False,keywords
W2947402976,G10,0.632,0.6666666666666666,True,keywords
W2976982784,G15,0.895,1.0,True,keywords
W3006874662,G09,0.632,1.0,True,keywords
W1577584986,G09,0.632,1.0,True,keywords
W2011515116,G10,0.777,0.6666666666666666,True,keywords
W2011515116,G15,0.528,0.3333333333333333,False,keywords
W2072043025,G10,0.632,1.0,True,keywords
W2096866840,G10,0.632,1.0,True,keywords
W2109069850,G09,0.393,1.0,True,keywords
W2506324951,G10,0.528,0.5,True,keywords
W2506324951,G12,0.528,0.5,True,keywords
W2561921160,G09,0.528,1.0,True,keywords
W2592599871,G08,0.777,1.0,True,keywords
W2758945791,G15,0.632,1.0,True,keywords
W2889907011,G10,0.393,0.3333333333333333,False,keywords
W2889907011,G12,0.632,0.6666666666666666,True,keywords
W2910546986,G09,0.393,1.0,True,keywords
W2963966788,G07,0.528,1.0,True,keywords
W2964411622,G01,0.936,0.5789473684210527,True,keywords
W2964411622,G17,0.632,0.21052631578947367,False,keywords
W2964411622,G20,0.632,0.21052631578947367,False,keywords
W2997592474,G09,0.528,1.0,True,keywords
W3016162437,G12,0.632,1.0,True,keywords
W3097587652,G08,0.777,0.75,True,keywords
W3097587652,G10,0.393,0.25,False,keywords
W2090544374,G10,0.528,1.0,True,keywords
W2106275439,G10,0.632,1.0,True,keywords
W2122124744,G11,0.393,1.0,True,keywords
W2163037142,G07,0.632,1.0,True,keywords
W2164749173,G10,0.528,1.0,True,keywords
W2586068974,G08,0.865,1.0,True,keywords
W2588848103,G10,0.777,0.6,True,keywords
W2588848103,G12,0.632,0.4,False,keywords
W2735150244,G10,0.528,1.0,True,keywords
W2771352487,G10,0.632,1.0,True,keywords
W2886950014,G10,0.632,1.0,True,keywords
W2911493108,G07,0.393,0.5,True,keywords
W2911493108,G08,0.393,0.5,True,keywords
W2981596310,G09,0.528,1.0,True,keywords
W2990047946,G08,0.632,0.25,False,keywords
W2990047946,G09,0.95,0.75,True,keywords
W3014252930,G04,0.393,1.0,True,keywords
W3121663099,G10,0.528,0.5,True,keywords
W3121663099,G12,0.528,0.5,True,keywords
W3154859961,G10,0.393,1.0,True,keywords
W3202971428,G10,0.632,1.0,True,keywords
W1964086465,G09,0.632,0.36363636363636365,True,keywords
W1964086465,G10,0.528,0.2727272727272727,False,keywords
W1964086465,G12,0.632,0.36363636363636365,True,keywords
W2009326712,G10,0.777,1.0,True,keywords
W2117749004,G09,0.713,1.0,True,keywords
W2549458217,G10,0.713,1.0,True,keywords
W2755736278,G08,0.393,1.0,True,keywords
W2906217806,G11,0.393,1.0,True,keywords
W2981888395,G15,0.713,1.0,True,keywords
W3020083757,G09,0.393,0.2222222222222222,False,keywords
W3020083757,G10,0.826,0.7777777777777778,True,keywords
W3097490979,G10,0.895,0.4090909090909091,False,keywords
W3097490979,G15,0.961,0.5909090909090909,True,keywords
W3165217413,G09,0.826,0.5833333333333334,True,keywords
W3165217413,G10,0.713,0.4166666666666667,False,keywords
W2079669427,G09,0.393,0.5,True,keywords
W2079669427,G10,0.393,0.5,True,keywords
W2155461556,G08,0.632,0.3333333333333333,False,keywords
W2155461556,G09,0.865,0.6666666666666666,True,keywords
W2181975079,G07,0.632,0.36363636363636365,False,keywords
W2181975079,G09,0.393,0.18181818181818182,False,keywords
W2181975079,G10,0.713,0.45454545454545453,True,keywords
W2610117031,G15,0.528,0.6,True,keywords
W2610117031,G20,0.393,0.4,False,keywords
W2905792956,G10,0.713,1.0,True,keywords
W2971477415,G07,0.826,1.0,True,keywords
W2999843642,G07,0.632,1.0,True,keywords
W1551308263,G04,0.528,1.0,True,keywords
W1943341485,G09,0.393,1.0,True,keywords
W1946263009,G02,0.528,0.23076923076923078,True,keywords
W1946263009,G06,0.528,0.23076923076923078,True,keywords
W1946263009,G08,0.393,0.15384615384615385,False,keywords
W1946263009,G09,0.393,0.15384615384615385,False,keywords
W1946263009,G15,0.528,0.23076923076923078,True,keywords
W2001330593,G09,0.393,1.0,True,keywords
W2053612986,G10,0.528,1.0,True,keywords
W2078321747,G09,0.393,1.0,True,keywords
W2106086939,G09,0.777,0.5454545454545454,True,keywords
W2106086939,G10,0.713,0.45454545454545453,False,keywords
W2145365463,G10,0.393,1.0,True,keywords
W2199781465,G12,0.528,1.0,True,keywords
W2476408602,G10,0.393,1.0,True,keywords
W2507263137,G09,0.865,1.0,True,keywords
W2585100479,G08,0.961,1.0,True,keywords
W2786618673,G15,0.826,0.6363636363636364,True,keywords
W2786618673,G17,0.632,0.36363636363636365,False,keywords
W2795499450,G10,0.528,1.0,True,keywords
W2796504850,G15,0.918,1.0,True,keywords
W2884067628,G04,0.393,0.25,False,keywords
W2884067628,G08,0.393,0.25,False,keywords
W2884067628,G12,0.632,0.5,True,keywords
W2884921189,G04,0.528,1.0,True,keywords
W2902324947,G09,0.713,0.5555555555555556,True,keywords
W2902324947,G12,0.632,0.4444444444444444,False,keywords
W2902472305,G08,0.393,1.0,True,keywords
W2950202462,G07,0.895,0.8181818181818182,True,keywords
W2950202462,G08,0.393,0.18181818181818182,False,keywords
W2959975511,G06,0.632,0.16666666666666666,False,keywords
W2959975511,G11,0.865,0.3333333333333333,True,keywords
W2959975511,G14,0.777,0.25,False,keywords
W2959975511,G15,0.777,0.25,False,keywords
W2971108495,G06,0.393,1.0,True,keywords
W2989510802,G07,0.632,1.0,True,keywords
W2993947244,G09,0.393,1.0,True,keywords
W2999438225,G09,0.632,0.5,True,keywords
W2999438225,G12,0.632,0.5,True,keywords
W1819223855,G06,0.95,0.631578947368421,True,keywords
W1819223855,G09,0.393,0.10526315789473684,False,keywords
W1819223855,G15,0.713,0.2631578947368421,False,keywords
W1990985007,G04,0.95,1.0,True,keywords
W2131426641,G09,0.632,0.5,True,keywords
W2131426641,G10,0.632,0.5,True,keywords
W2146961464,G04,0.528,1.0,True,keywords
W2152037151,G09,0.713,0.5555555555555556,True,keywords
W2152037151,G10,0.632,0.4444444444444444,False,keywords
W2163507014,G13,0.632,1.0,True,keywords
W2516495475,G04,0.713,1.0,True,keywords
W2613437609,G08,0.393,1.0,True,keywords
W2783562498,G07,0.777,1.0,True,keywords
W2803150897,G09,0.777,0.42857142857142855,True,keywords
W2803150897,G10,0.777,0.42857142857142855,True,keywords
W2803150897,G11,0.393,0.14285714285714285,False,keywords
W2809117438,G08,0.865,0.7272727272727273,True,keywords
W2809117438,G09,0.528,0.2727272727272727,False,keywords
W2811259712,G09,0.393,0.2,False,keywords
W2811259712,G10,0.865,0.8,True,keywords
W282089962,G06,0.632,0.3076923076923077,False,keywords
W282089962,G15,0.895,0.6923076923076923,True,keywords
W2910094802,G09,0.393,0.5,True,keywords
W2910094802,G10,0.393,0.5,True,keywords
W2984297246,G10,0.528,0.5,True,keywords
W2984297246,G15,0.528,0.5,True,keywords
W2995811766,G09,0.393,1.0,True,keywords
W3132522668,G19,0.713,1.0,True,keywords
W3169009230,G09,0.528,1.0,True,keywords
W4206268988,G09,0.632,0.5,True,keywords
W4206268988,G10,0.632,0.5,True,keywords
W1983014355,G15,0.632,1.0,True,keywords
W2026205451,G09,0.713,0.5,True,keywords
W2026205451,G10,0.713,0.5,True,keywords
W2042597662,G02,0.393,0.2222222222222222,False,keywords
W2042597662,G06,0.826,0.7777777777777778,True,keywords
W2114273343,G10,0.632,1.0,True,keywords
W2126369149,G15,0.97,1.0,True,keywords
W2285745198,G06,0.865,0.3076923076923077,False,keywords
W2285745198,G15,0.989,0.6923076923076923,True,keywords
W2316381205,G09,0.632,1.0,True,keywords
W2562735361,G15,0.895,1.0,True,keywords
W2568692367,G08,0.982,1.0,True,keywords
W2751008603,G07,0.865,1.0,True,keywords
W2886541417,G09,0.713,0.5555555555555556,True,keywords
W2886541417,G10,0.632,0.4444444444444444,False,keywords
W3004014454,G09,0.528,0.6,True,keywords
W3004014454,G10,0.393,0.4,False,keywords
W3015389052,G09,0.826,1.0,True,keywords
W3023760440,G08,0.632,0.4444444444444444,False,keywords
W3023760440,G10,0.713,0.5555555555555556,True,keywords
W3107714852,G07,0.632,1.0,True,keywords
W3109901207,G10,0.528,1.0,True,keywords
W3137943542,G09,0.393,0.18181818181818182,False,keywords
W3137943542,G10,0.895,0.8181818181818182,True,keywords
W3183151562,G06,0.632,0.23529411764705882,False,keywords
W3183151562,G15,0.961,0.7647058823529411,True,keywords
W1551096767,G04,0.528,1.0,True,keywords
W1604701809,G01,0.713,1.0,True,keywords
W2009221902,G06,0.528,0.6,True,keywords
W2009221902,G08,0.393,0.4,False,keywords
W2015118037,G04,0.918,0.8333333333333334,True,keywords
W2015118037,G08,0.393,0.16666666666666666,False,keywords
W2040330423,G15,0.895,1.0,True,keywords
W2043077652,G09,0.777,1.0,True,keywords
W2087958851,G07,0.918,1.0,True,keywords
W2101745414,G15,0.895,0.6923076923076923,True,keywords
W2101745414,G20,0.632,0.3076923076923077,False,keywords
W2129337227,G10,0.528,1.0,True,keywords
W2177385554,G10,0.632,1.0,True,keywords
W2530978771,G15,0.918,1.0,True,keywords
W2715424021,G06,0.632,0.4444444444444444,False,keywords
W2715424021,G15,0.713,0.5555555555555556,True,keywords
W2787592367,G15,0.918,1.0,True,keywords
W2802492228,G09,0.393,0.4,False,keywords
W2802492228,G10,0.528,0.6,True,keywords
W2802836810,G09,0.713,1.0,True,keywords
W2805344969,G08,0.865,1.0,True,keywords
W2982553697,G09,0.777,0.75,True,keywords
W2982553697,G10,0.393,0.25,False,keywords
W2998307205,G15,0.936,1.0,True,keywords
W3165603553,G09,0.528,0.2727272727272727,False,keywords
W3165603553,G10,0.865,0.7272727272727273,True,keywords
W3184613988,G07,0.632,1.0,True,keywords
W3184841442,G09,0.632,0.5,True,keywords
W3184841442,G10,0.632,0.5,True,keywords
W4225471564,G10,0.713,1.0,True,keywords
W2030784957,G15,0.865,1.0,True,keywords
W2142535306,G09,0.632,1.0,True,keywords
W2158362293,G06,0.632,0.5,True,keywords
W2158362293,G07,0.632,0.5,True,keywords
W2419290420,G07,0.777,1.0,True,keywords
W2539790561,G07,0.528,0.375,True,keywords
W2539790561,G09,0.528,0.375,True,keywords
W2539790561,G16,0.393,0.25,False,keywords
W2593912478,G19,0.632,1.0,True,keywords
W2741398918,G09,0.393,1.0,True,keywords
W2782912717,G15,0.895,1.0,True,keywords
W2807264822,G09,0.393,0.5,True,keywords
W2807264822,G16,0.393,0.5,True,keywords
W2890613809,G04,0.632,0.4,False,keywords
W2890613809,G08,0.777,0.6,True,keywords
W2921371587,G09,0.393,0.3333333333333333,False,keywords
W2921371587,G10,0.632,0.6666666666666666,True,keywords
W2972043635,G04,0.632,0.5714285714285714,True,keywords
W2972043635,G12,0.528,0.42857142857142855,False,keywords
W3031806370,G12,0.632,1.0,True,keywords
W3080887299,G10,0.777,1.0,True,keywords
W3093663840,G10,0.393,1.0,True,keywords
W3156806965,G09,0.632,0.26666666666666666,False,keywords
W3156806965,G10,0.936,0.7333333333333333,True,keywords
W4289598317,G09,0.777,0.6,True,keywords
W4289598317,G10,0.632,0.4,False,keywords
W2055838552,G09,0.918,0.8333333333333334,True,keywords
W2055838552,G10,0.393,0.16666666666666666,False,keywords
W2114612271,G06,0.632,0.13333333333333333,False,keywords
W2114612271,G10,0.632,0.13333333333333333,False,keywords
W2114612271,G11,0.865,0.26666666666666666,True,keywords
W2114612271,G14,0.865,0.26666666666666666,True,keywords
W2114612271,G15,0.777,0.2,False,keywords
W2337200662,G10,0.97,1.0,True,keywords
W2343771553,G09,0.865,1.0,True,keywords
W2595469353,G06,0.393,0.15384615384615385,False,keywords
W2595469353,G15,0.936,0.8461538461538461,True,keywords
W2619933274,G13,0.528,1.0,True,keywords
W2784259170,G08,0.393,0.2,False,keywords
W2784259170,G09,0.528,0.3,False,keywords
W2784259170,G10,0.713,0.5,True,keywords
W2801187712,G10,0.393,1.0,True,keywords
W2902139162,G08,0.393,1.0,True,keywords
W2966940934,G15,0.777,0.6666666666666666,True,keywords
W2966940934,G20,0.528,0.3333333333333333,False,keywords
W2968195194,G10,0.393,1.0,True,keywords
W2978917022,G09,0.393,1.0,True,keywords
W2980138052,G10,0.528,0.42857142857142855,False,keywords
W2980138052,G12,0.632,0.5714285714285714,True,keywords
W2990583872,G06,0.632,0.36363636363636365,False,keywords
W2990583872,G15,0.826,0.6363636363636364,True,keywords
W3020750541,G10,0.713,1.0,True,keywords
W3106080496,G10,0.632,1.0,True,keywords
W3199542756,G09,0.528,1.0,True,keywords
W1983399286,G08,0.393,0.3333333333333333,True,keywords
W1983399286,G10,0.393,0.3333333333333333,True,keywords
W1983399286,G15,0.393,0.3333333333333333,True,keywords
W1990512358,G07,0.393,1.0,True,keywords
W2063696566,G08,0.528,0.23076923076923078,False,keywords
W2063696566,G09,0.393,0.15384615384615385,False,keywords
W2063696566,G10,0.865,0.6153846153846154,True,keywords
W2093285442,G04,0.528,1.0,True,keywords
W2131331082,G04,0.393,1.0,True,keywords
W2138682295,G10,0.393,1.0,True,keywords
W2149114320,G15,0.777,1.0,True,keywords
W2152071838,G09,0.393,1.0,True,keywords
W2156629135,G10,0.528,1.0,True,keywords
W2276389026,G06,0.713,0.4166666666666667,False,keywords
W2276389026,G15,0.826,0.5833333333333334,True,keywords
W2472052345,G12,0.632,1.0,True,keywords
W2572695594,G10,0.895,1.0,True,keywords
W2781122595,G08,0.865,1.0,True,keywords
W2793100872,G10,0.713,1.0,True,keywords
W2884503624,G09,0.865,1.0,True,keywords
W2900364135,G07,0.393,0.5,True,keywords
W2900364135,G12,0.393,0.5,True,keywords
W2982076995,G15,0.777,1.0,True,keywords
W2983999418,G09,0.777,1.0,True,keywords
W2988681151,G10,0.632,1.0,True,keywords
W3035286948,G07,0.777,1.0,True,keywords
W3048187299,G04,0.528,1.0,True,keywords
W3048752360,G06,0.826,1.0,True,keywords
W3144429865,G10,0.528,1.0,True,keywords
W3169608383,G07,0.918,1.0,True,keywords
W3183087714,G15,0.918,1.0,True,keywords
W4229013531,G09,0.393,0.2857142857142857,False,keywords
W4229013531,G10,0.713,0.7142857142857143,True,keywords
W4297253464,G09,0.713,1.0,True,keywords
W1569800470,G10,0.632,1.0,True,keywords
W1981294921,G10,0.632,1.0,True,keywords
W1991850450,G09,0.528,1.0,True,keywords
W2001634004,G04,0.393,1.0,True,keywords
W2110349943,G09,0.393,1.0,True,keywords
W2125019087,G15,0.528,1.0,True,keywords
W2127212225,G09,0.632,0.4444444444444444,False,keywords
W2127212225,G10,0.713,0.5555555555555556,True,keywords
W2164933217,G07,0.918,1.0,True,keywords
W2224213838,G10,0.865,1.0,True,keywords
W2581166263,G07,0.528,1.0,True,keywords
W2583663599,G07,0.777,1.0,True,keywords
W2804025630,G08,0.895,1.0,True,keywords
W2897670962,G12,0.713,0.7142857142857143,True,keywords
W2897670962,G15,0.393,0.2857142857142857,False,keywords
W2983531133,G15,0.865,1.0,True,keywords
W3010089441,G08,0.865,1.0,True,keywords
W3037193347,G07,0.393,1.0,True,keywords
W3045162763,G10,0.632,1.0,True,keywords
W1909101199,G15,0.632,1.0,True,keywords
W1970833321,G01,0.826,1.0,True,keywords
W1985706655,G09,0.713,1.0,True,keywords
W2011617555,G10,0.528,1.0,True,keywords
W2059466961,G01,0.393,1.0,True,keywords
W2074858286,G03,0.528,1.0,True,keywords
W2078101259,G09,0.632,1.0,True,keywords
W2134095501,G19,0.713,1.0,True,keywords
W2162615654,G09,0.97,1.0,True,keywords
W2169386453,G07,0.713,1.0,True,keywords
W2170909993,G06,0.632,1.0,True,keywords
W2617503235,G09,0.936,0.8461538461538461,True,keywords
W2617503235,G10,0.393,0.15384615384615385,False,keywords
W2792126284,G08,0.393,0.5,True,keywords
W2792126284,G15,0.393,0.5,True,keywords
W2810585720,G09,0.393,1.0,True,keywords
W2937345108,G07,0.95,0.8571428571428571,True,keywords
W2937345108,G08,0.393,0.14285714285714285,False,keywords
W2943578037,G09,0.826,0.7,True,keywords
W2943578037,G11,0.528,0.3,False,keywords
W2960157818,G15,0.713,1.0,True,keywords
W3009231574,G04,0.528,0.6,True,keywords
W3009231574,G10,0.393,0.4,False,keywords
W3094571990,G02,0.528,0.0967741935483871,False,keywords
W3094571990,G06,0.777,0.1935483870967742,False,keywords
W3094571990,G15,0.996,0.7096774193548387,True,keywords
W3095342412,G09,0.865,0.8,True,keywords
W3095342412,G10,0.393,0.2,False,keywords
W3158103502,G04,0.777,1.0,True,keywords
W3168534823,G10,0.918,1.0,True,keywords
W3183772898,G09,0.528,1.0,True,keywords
W4309331294,G10,0.632,1.0,True,keywords
W1481835566,G09,0.713,1.0,True,keywords
W1975241511,G04,0.713,0.7142857142857143,True,keywords
W1975241511,G09,0.393,0.2857142857142857,False,keywords
W2058118219,G10,0.528,1.0,True,keywords
W2061713380,G06,0.528,0.3333333333333333,False,keywords
W2061713380,G11,0.777,0.6666666666666666,True,keywords
W2091164695,G09,0.393,0.5,True,keywords
W2091164695,G10,0.393,0.5,True,keywords
W2111329020,G10,0.777,1.0,True,keywords
W2119948201,G06,0.713,1.0,True,keywords
W2132573364,G07,0.713,0.3333333333333333,True,keywords
W2132573364,G15,0.528,0.2,False,keywords
W2132573364,G19,0.632,0.26666666666666666,False,keywords
W2132573364,G20,0.528,0.2,False,keywords
W2143075183,G10,0.393,1.0,True,keywords
W2515168102,G09,0.936,0.8461538461538461,True,keywords
W2515168102,G10,0.393,0.15384615384615385,False,keywords
W2532300564,G10,0.632,1.0,True,keywords
W2605152467,G06,0.713,1.0,True,keywords
W2607012627,G07,0.528,1.0,True,keywords
W2783642918,G13,0.632,1.0,True,keywords
W2884285574,G17,0.97,1.0,True,keywords
W2901254607,G09,0.777,0.6666666666666666,True,keywords
W2901254607,G10,0.528,0.3333333333333333,False,keywords
W2911118292,G10,0.632,1.0,True,keywords
W2924184994,G09,0.528,1.0,True,keywords
W2993994776,G10,0.528,1.0,True,keywords
W3017648277,G15,0.528,1.0,True,keywords
W3133942898,G06,0.713,1.0,True,keywords
W3154499583,G09,0.826,1.0,True,keywords
W4200235149,G14,0.632,1.0,True,keywords
W4213156114,G09,0.632,0.4,False,keywords
W4213156114,G10,0.777,0.6,True,keywords
W4289731019,G09,0.713,1.0,True,keywords
W1897744570,G08,0.393,1.0,True,keywords
W1919014318,G09,0.393,1.0,True,keywords
W1970447441,G09,0.632,1.0,True,keywords
W1992919053,G09,0.777,1.0,True,keywords
W2008273832,G10,0.528,1.0,True,keywords
W2032421194,G10,0.895,1.0,True,keywords
W2066322641,G10,0.632,1.0,True,keywords
W2066886659,G15,0.918,1.0,True,keywords
W2087976775,G08,0.777,1.0,True,keywords
W2133089636,G10,0.393,1.0,True,keywords
W2146341139,G15,0.713,1.0,True,keywords
W2152093797,G10,0.632,1.0,True,keywords
W2154224488,G06,0.632,0.13793103448275862,False,keywords
W2154224488,G15,0.995,0.7241379310344828,True,keywords
W2154224488,G20,0.632,0.13793103448275862,False,keywords
W2293392103,G07,0.713,1.0,True,keywords
W2515981989,G10,0.713,1.0,True,keywords
W2529178818,G07,0.528,1.0,True,keywords
W2547732024,G09,0.393,0.2222222222222222,False,keywords
W2547732024,G10,0.826,0.7777777777777778,True,keywords
W2563334264,G08,0.982,0.8888888888888888,True,keywords
W2563334264,G09,0.393,0.1111111111111111,False,keywords
W2604956513,G09,0.713,1.0,True,keywords
W2760830446,G09,0.713,0.5555555555555556,True,keywords
W2760830446,G10,0.632,0.4444444444444444,False,keywords
W2794554047,G10,0.393,1.0,True,keywords
W2891161295,G10,0.777,1.0,True,keywords
W2959061751,G06,0.393,0.5,True,keywords
W2959061751,G15,0.393,0.5,True,keywords
W2994361394,G06,0.713,0.7142857142857143,True,keywords
W2994361394,G15,0.393,0.2857142857142857,False,keywords
W2999980453,G15,0.528,1.0,True,keywords
W3119682262,G08,0.393,0.4,False,keywords
W3119682262,G20,0.528,0.6,True,keywords
W3145070742,G10,0.777,1.0,True,keywords
W3153087755,G08,0.865,0.6666666666666666,True,keywords
W3153087755,G09,0.632,0.3333333333333333,False,keywords
W3207233500,G09,0.982,1.0,True,keywords
W1975657891,G07,0.528,1.0,True,keywords
W1992831327,G10,0.777,0.75,True,keywords
W1992831327,G15,0.393,0.25,False,keywords
W2026393412,G04,0.632,0.4,True,keywords
W2026393412,G08,0.393,0.2,False,keywords
W2026393412,G09,0.632,0.4,True,keywords
W2035124611,G15,0.895,1.0,True,keywords
W2043551700,G04,0.393,1.0,True,keywords
W2083246330,G08,0.865,0.47058823529411764,True,keywords
W2083246330,G10,0.632,0.23529411764705882,False,keywords
W2083246330,G20,0.713,0.29411764705882354,False,keywords
W2164038727,G06,0.865,1.0,True,keywords
W2256587534,G15,0.826,1.0,True,keywords
W2335922116,G09,0.528,0.5,True,keywords
W2335922116,G10,0.528,0.5,True,keywords
W2578387871,G08,0.393,1.0,True,keywords
W2747463790,G06,0.632,0.2857142857142857,False,keywords
W2747463790,G15,0.918,0.7142857142857143,True,keywords
W2790138632,G09,0.777,1.0,True,keywords
W2895208229,G15,0.826,1.0,True,keywords
W2912014185,G10,0.393,1.0,True,keywords
W2914966527,G09,0.777,1.0,True,keywords
W2946594856,G08,0.528,0.6,True,keywords
W2946594856,G10,0.393,0.4,False,keywords
W2947034203,G09,0.777,0.75,True,keywords
W2947034203,G10,0.393,0.25,False,keywords
W2991465574,G10,0.632,1.0,True,keywords
W3118874590,G10,0.713,1.0,True,keywords
W3126223216,G12,0.865,0.5714285714285714,True,keywords
W3126223216,G15,0.777,0.42857142857142855,False,keywords
W3169805989,G09,0.632,1.0,True,keywords
W3183142448,G09,0.632,0.3333333333333333,False,keywords
W3183142448,G10,0.865,0.6666666666666666,True,keywords
W4205495754,G08,0.895,1.0,True,keywords
W4206294907,G08,0.865,1.0,True,keywords
W1497763415,G10,0.713,1.0,True,keywords
W2111462305,G08,0.393,1.0,True,keywords
W2131459504,G10,0.826,1.0,True,keywords
W2146176692,G07,0.632,1.0,True,keywords
W2304979390,G01,0.936,1.0,True,keywords
W2344529982,G10,0.95,1.0,True,keywords
W2347131556,G10,0.632,1.0,True,keywords
W2415809973,G05,0.393,0.18181818181818182,False,keywords
W2415809973,G06,0.895,0.8181818181818182,True,keywords
W2519170380,G10,0.528,1.0,True,keywords
W2571064909,G09,0.528,1.0,True,keywords
W2587286411,G10,0.632,1.0,True,keywords
W2891706109,G09,0.632,1.0,True,keywords
W2940869454,G10,0.393,1.0,True,keywords
W2967427568,G10,0.393,1.0,True,keywords
W2989970347,G01,0.865,0.27586206896551724,False,keywords
W2989970347,G02,0.95,0.41379310344827586,True,keywords
W2989970347,G07,0.895,0.3103448275862069,False,keywords
W2998525361,G15,0.918,1.0,True,keywords
W3085556589,G13,0.632,1.0,True,keywords
W3090460762,G09,0.713,1.0,True,keywords
W3112091989,G10,0.713,0.3333333333333333,False,keywords
W3112091989,G15,0.918,0.6666666666666666,True,keywords
W3176775959,G09,0.632,1.0,True,keywords
W3209146472,G08,0.528,1.0,True,keywords
W4205111493,G04,0.528,1.0,True,keywords
W4364353313,G09,0.393,1.0,True,keywords
W2130826299,G09,0.393,0.3333333333333333,False,keywords
W2130826299,G10,0.632,0.6666666666666666,True,keywords
W2140658698,G07,0.713,1.0,True,keywords
W2560262788,G08,0.865,1.0,True,keywords
W2606840348,G06,0.713,0.23809523809523808,False,keywords
W2606840348,G10,0.393,0.09523809523809523,False,keywords
W2606840348,G14,0.713,0.23809523809523808,False,keywords
W2606840348,G15,0.895,0.42857142857142855,True,keywords
W2783876713,G08,0.393,0.2,False,keywords
W2783876713,G10,0.865,0.8,True,keywords
W2909448611,G09,0.393,1.0,True,keywords
W2920605280,G10,0.713,1.0,True,keywords
W2954273333,G09,0.632,1.0,True,keywords
W2988017408,G07,0.632,0.3076923076923077,False,keywords
W2988017408,G08,0.895,0.6923076923076923,True,keywords
W3005795984,G07,0.777,1.0,True,keywords
W3005854820,G11,0.393,1.0,True,keywords
W3082669528,G09,0.865,1.0,True,keywords
W3116900495,G12,0.632,1.0,True,keywords
W3140815340,G10,0.528,0.3333333333333333,False,keywords
W3140815340,G15,0.777,0.6666666666666666,True,keywords
W3156264830,G10,0.713,1.0,True,keywords
W3190112044,G09,0.393,0.18181818181818182,False,keywords
W3190112044,G10,0.895,0.8181818181818182,True,keywords
W3195223644,G09,0.865,0.6153846153846154,True,keywords
W3195223644,G11,0.713,0.38461538461538464,False,keywords
W3214992338,G10,0.895,1.0,True,keywords
W4282928546,G09,0.632,0.5,True,keywords
W4282928546,G10,0.393,0.25,False,keywords
W4282928546,G12,0.393,0.25,False,keywords
W2074669821,G08,0.936,1.0,True,keywords
W2159662188,G15,0.865,1.0,True,keywords
W2323956783,G10,0.713,0.38461538461538464,False,keywords
W2323956783,G15,0.865,0.6153846153846154,True,keywords
W2425303738,G10,0.632,1.0,True,keywords
W2728719581,G10,0.777,0.6,True,keywords
W2728719581,G15,0.632,0.4,False,keywords
W2793003155,G10,0.393,0.2857142857142857,False,keywords
W2793003155,G15,0.713,0.7142857142857143,True,keywords
W2899775216,G09,0.713,1.0,True,keywords
W2910425662,G09,0.393,1.0,True,keywords
W2913192914,G10,0.393,1.0,True,keywords
W2916603988,G09,0.632,1.0,True,keywords
W2937178908,G15,0.528,1.0,True,keywords
W3046175168,G10,0.393,1.0,True,keywords
W3106678231,G09,0.393,1.0,True,keywords
W3111572243,G10,0.528,1.0,True,keywords
W3122866949,G10,0.393,1.0,True,keywords
W3123518068,G09,0.95,1.0,True,keywords
W3165684709,G07,0.895,1.0,True,keywords
W3183068772,G09,0.632,1.0,True,keywords
W3210309713,G09,0.777,0.6,True,keywords
W3210309713,G12,0.632,0.4,False,keywords
W4200524586,G04,0.528,0.5,True,keywords
W4200524586,G12,0.528,0.5,True,keywords
W4296624022,G09,0.393,1.0,True,keywords
W4366607314,G08,0.865,1.0,True,keywords
W1973035897,G10,0.777,0.75,True,keywords
W1973035897,G16,0.393,0.25,False,keywords
W2003445572,G08,0.777,1.0,True,keywords
W2006754119,G09,0.393,0.5,True,keywords
W2006754119,G10,0.393,0.5,True,keywords
W2026784761,G04,0.918,1.0,True,keywords
W2106492068,G08,0.865,1.0,True,keywords
W2408127424,G12,0.528,0.5,True,keywords
W2408127424,G15,0.528,0.5,True,keywords
W2749898086,G07,0.632,1.0,True,keywords
W2800526658,G10,0.632,1.0,True,keywords
W2887442098,G04,0.632,0.6666666666666666,True,keywords
W2887442098,G11,0.393,0.3333333333333333,False,keywords
W2915866403,G06,0.895,0.8181818181818182,True,keywords
W2915866403,G09,0.393,0.18181818181818182,False,keywords
W2946134671,G09,0.632,0.5714285714285714,True,keywords
W2946134671,G10,0.528,0.42857142857142855,False,keywords
W2967039796,G06,0.777,0.6666666666666666,True,keywords
W2967039796,G10,0.528,0.3333333333333333,False,keywords
W2987148023,G10,0.528,1.0,True,keywords
W3012173019,G04,0.777,1.0,True,keywords
W3015850005,G15,0.936,1.0,True,keywords
W3023530971,G12,0.713,1.0,True,keywords
W3126837131,G04,0.713,0.5555555555555556,True,keywords
W3126837131,G12,0.632,0.4444444444444444,False,keywords
W4210749737,G15,0.713,1.0,True,keywords
W4221017851,G09,0.528,1.0,True,keywords
W1965951419,G01,0.528,1.0,True,keywords
W2078976340,G09,0.632,1.0,True,keywords
W2083355262,G10,0.528,1.0,True,keywords
W2090800078,G09,0.632,1.0,True,keywords
W2247510762,G15,0.393,1.0,True,keywords
W2409839978,G04,0.777,1.0,True,keywords
W2561460692,G07,0.632,0.5,True,keywords
W2561460692,G12,0.632,0.5,True,keywords
W2794330776,G15,0.865,1.0,True,keywords
W2888305006,G09,0.528,1.0,True,keywords
W2907823608,G08,0.95,1.0,True,keywords
W2965660142,G07,0.632,1.0,True,keywords
W2969772786,G11,0.393,1.0,True,keywords
W3014541413,G09,0.777,1.0,True,keywords
W3095467275,G06,0.95,0.48,True,keywords
W3095467275,G10,0.713,0.2,False,keywords
W3095467275,G15,0.865,0.32,False,keywords
W3111551462,G15,0.393,1.0,True,keywords
W3118689898,G04,0.528,0.6,True,keywords
W3118689898,G09,0.393,0.4,False,keywords
W3119346025,G10,0.393,1.0,True,keywords
W4210854145,G09,0.713,1.0,True,keywords
W4280609170,G09,0.982,0.8888888888888888,True,keywords
W4280609170,G10,0.393,0.1111111111111111,False,keywords
W4321787586,G09,0.393,1.0,True,keywords
W2031658363,G09,0.632,0.5,True,keywords
W2031658363,G10,0.632,0.5,True,keywords
W2105858569,G08,0.865,1.0,True,keywords
W2141729862,G04,0.918,1.0,True,keywords
W2150268826,G01,0.713,1.0,True,keywords
W2736919349,G04,0.528,0.42857142857142855,True,keywords
W2736919349,G09,0.393,0.2857142857142857,False,keywords
W2736919349,G10,0.393,0.2857142857142857,False,keywords
W2767155786,G10,0.528,1.0,True,keywords
W2775611914,G06,0.777,1.0,True,keywords
W2789763673,G04,0.713,0.5555555555555556,True,keywords
W2789763673,G10,0.632,0.4444444444444444,False,keywords
W2911296807,G08,0.393,1.0,True,keywords
W2977498948,G09,0.393,0.2857142857142857,False,keywords
W2977498948,G10,0.713,0.7142857142857143,True,keywords
W3001025332,G04,0.632,0.3333333333333333,False,keywords
W3001025332,G09,0.777,0.5,True,keywords
W3001025332,G10,0.393,0.16666666666666666,False,keywords
W3003372228,G01,0.95,1.0,True,keywords
W3010055193,G02,0.528,0.3333333333333333,False,keywords
W3010055193,G14,0.632,0.4444444444444444,True,keywords
W3010055193,G15,0.393,0.2222222222222222,False,keywords
W3010349857,G08,0.777,1.0,True,keywords
W3109702364,G10,0.528,1.0,True,keywords
W3117742953,G10,0.777,1.0,True,keywords
W3118104194,G09,0.393,1.0,True,keywords
W3157284142,G10,0.528,0.5,True,keywords
W3157284142,G15,0.528,0.5,True,keywords
W3200665271,G09,0.865,0.8,True,keywords
W3200665271,G10,0.393,0.2,False,keywords
W4311525020,G15,0.895,1.0,True,keywords
W2116116022,G09,0.632,1.0,True,keywords
W2120931365,G07,0.528,1.0,True,keywords
W2253068469,G09,0.777,1.0,True,keywords
W2518197193,G09,0.632,0.3333333333333333,False,keywords
W2518197193,G10,0.865,0.6666666666666666,True,keywords
W2608923840,G10,0.393,1.0,True,keywords
W2783202319,G09,0.528,1.0,True,keywords
W2902691734,G09,0.393,0.5,True,keywords
W2902691734,G10,0.393,0.5,True,keywords
W2925954864,G09,0.393,1.0,True,keywords
W2949673569,G15,0.393,1.0,True,keywords
W2999912497,G07,0.528,0.25,False,keywords
W2999912497,G09,0.393,0.16666666666666666,False,keywords
W2999912497,G10,0.826,0.5833333333333334,True,keywords
W3001432273,G07,0.393,1.0,True,keywords
W3015690035,G10,0.632,1.0,True,keywords
W3085524748,G10,0.632,0.36363636363636365,False,keywords
W3085524748,G15,0.826,0.6363636363636364,True,keywords
W3107877351,G12,0.632,1.0,True,keywords
W3144846777,G09,0.393,1.0,True,keywords
W3182533891,G07,0.632,0.5,True,keywords
W3182533891,G13,0.632,0.5,True,keywords
W3186378777,G10,0.528,1.0,True,keywords
W3205071334,G09,0.528,0.6,True,keywords
W3205071334,G10,0.393,0.4,False,keywords
W3212511431,G09,0.393,1.0,True,keywords
W4283736117,G10,0.632,0.5,True,keywords
W4283736117,G15,0.632,0.5,True,keywords
W4317776104,G08,0.393,1.0,True,keywords
W1971146697,G10,0.865,0.8,True,keywords
W1971146697,G15,0.393,0.2,False,keywords
W1987057189,G10,0.632,1.0,True,keywords
W2035447649,G01,0.865,0.6666666666666666,True,keywords
W2035447649,G11,0.632,0.3333333333333333,False,keywords
W2143735753,G08,0.895,1.0,True,keywords
W2414938744,G04,0.528,1.0,True,keywords
W2567289113,G09,0.777,1.0,True,keywords
W2596027235,G09,0.713,1.0,True,keywords
W2612960639,G07,0.528,1.0,True,keywords
W2747941703,G06,0.528,1.0,True,keywords
W2788165154,G04,0.528,0.17647058823529413,False,keywords
W2788165154,G08,0.865,0.47058823529411764,True,keywords
W2788165154,G11,0.393,0.11764705882352941,False,keywords
W2788165154,G15,0.632,0.23529411764705882,False,keywords
W2890717659,G09,0.393,0.125,False,keywords
W2890717659,G15,0.97,0.875,True,keywords
W2967522795,G12,0.632,1.0,True,keywords
W2979336361,G09,0.713,0.38461538461538464,False,keywords
W2979336361,G10,0.865,0.6153846153846154,True,keywords
W3002649057,G15,0.528,1.0,True,keywords
W3012891998,G10,0.777,1.0,True,keywords
W3033936970,G15,0.895,0.6,True,keywords
W3033936970,G17,0.777,0.4,False,keywords
W3046613660,G09,0.393,1.0,True,keywords
W3080503149,G10,0.528,0.25,False,keywords
W3080503149,G15,0.895,0.75,True,keywords
W3123213688,G10,0.393,1.0,True,keywords
W3132503180,G09,0.393,1.0,True,keywords
W3167391817,G10,0.528,1.0,True,keywords
W3185658403,G09,0.632,0.6666666666666666,True,keywords
W3185658403,G10,0.393,0.3333333333333333,False,keywords
W3205711921,G06,0.393,0.09523809523809523,False,keywords
W3205711921,G15,0.991,0.9047619047619048,True,keywords
W3209178966,G09,0.393,0.25,False,keywords
W3209178966,G10,0.393,0.25,False,keywords
W3209178966,G12,0.632,0.5,True,keywords
W3210216620,G09,0.393,0.2,False,keywords
W3210216620,G10,0.865,0.8,True,keywords
W4280508894,G12,0.632,1.0,True,keywords
W4291115550,G04,0.632,0.4444444444444444,False,keywords
W4291115550,G10,0.713,0.5555555555555556,True,keywords
W4292581527,G09,0.393,0.5,True,keywords
W4292581527,G10,0.393,0.5,True,keywords
W4317491957,G08,0.393,1.0,True,keywords
W4321613175,G07,0.826,0.7777777777777778,True,keywords
W4321613175,G08,0.393,0.2222222222222222,False,keywords
W4360614842,G09,0.632,1.0,True,keywords
W4378782789,G10,0.528,1.0,True,keywords
W4387331870,G09,0.393,1.0,True,keywords
W4388223383,G09,0.632,0.6666666666666666,True,keywords
W4388223383,G10,0.393,0.3333333333333333,False,keywords
W1577019261,G10,0.632,0.5,True,keywords
W1577019261,G13,0.632,0.5,True,keywords
W2154802413,G15,0.632,1.0,True,keywords
W2522828070,G07,0.393,0.2857142857142857,False,keywords
W2522828070,G09,0.713,0.7142857142857143,True,keywords
W2590720900,G15,0.95,1.0,True,keywords
W2617754342,G07,0.777,0.75,True,keywords
W2617754342,G08,0.393,0.25,False,keywords
W2735584398,G10,0.393,1.0,True,keywords
W2736277104,G01,0.713,1.0,True,keywords
W2801309894,G08,0.393,0.5,True,keywords
W2801309894,G09,0.393,0.5,True,keywords
W2930163492,G08,0.632,0.3333333333333333,False,keywords
W2930163492,G10,0.865,0.6666666666666666,True,keywords
W2969760355,G09,0.713,1.0,True,keywords
W2990142493,G15,0.393,1.0,True,keywords
W3003132321,G07,0.632,1.0,True,keywords
W3003989268,G01,0.918,1.0,True,keywords
W3004689963,G15,0.393,0.3333333333333333,False,keywords
W3004689963,G16,0.632,0.6666666666666666,True,keywords
W3048455133,G10,0.528,0.2727272727272727,False,keywords
W3048455133,G11,0.865,0.7272727272727273,True,keywords
W3123257277,G09,0.393,0.3333333333333333,False,keywords
W3123257277,G12,0.632,0.6666666666666666,True,keywords
W3200756123,G15,0.777,1.0,True,keywords
W4281653925,G10,0.528,1.0,True,keywords
W4297516437,G09,0.865,1.0,True,keywords
W4323031601,G10,0.393,1.0,True,keywords
W4389803000,G10,0.632,1.0,True,keywords
W2070688821,G06,0.632,0.18181818181818182,False,keywords
W2070688821,G10,0.393,0.09090909090909091,False,keywords
W2070688821,G14,0.393,0.09090909090909091,False,keywords
W2070688821,G15,0.97,0.6363636363636364,True,keywords
W2167513883,G07,0.713,0.5555555555555556,True,keywords
W2167513883,G15,0.632,0.4444444444444444,False,keywords
W2527050229,G09,0.713,1.0,True,keywords
W2594819259,G07,0.528,1.0,True,keywords
W2711128879,G06,0.632,0.4,False,keywords
W2711128879,G15,0.777,0.6,True,keywords
W2767766782,G10,0.393,1.0,True,keywords
W2805979538,G09,0.713,1.0,True,keywords
W2902648035,G10,0.393,1.0,True,keywords
W2912096945,G09,0.632,1.0,True,keywords
W2914132831,G07,0.528,1.0,True,keywords
W2964838955,G10,0.713,0.625,True,keywords
W2964838955,G15,0.528,0.375,False,keywords
W2980504461,G08,0.777,1.0,True,keywords
W3007545385,G09,0.713,0.7142857142857143,True,keywords
W3007545385,G10,0.393,0.2857142857142857,False,keywords
W3014636440,G15,0.989,1.0,True,keywords
W3027156461,G10,0.632,0.5714285714285714,True,keywords
W3027156461,G13,0.528,0.42857142857142855,False,keywords
W3082472856,G04,0.393,0.2857142857142857,False,keywords
W3082472856,G10,0.713,0.7142857142857143,True,keywords
W3089033757,G06,0.393,0.15384615384615385,False,keywords
W3089033757,G08,0.393,0.15384615384615385,False,keywords
W3089033757,G15,0.895,0.6923076923076923,True,keywords
W3111326773,G09,0.528,1.0,True,keywords
W3117519620,G09,0.528,1.0,True,keywords
W3145249441,G10,0.528,1.0,True,keywords
W3168917677,G09,0.393,0.4,False,keywords
W3168917677,G10,0.528,0.6,True,keywords
W3204524863,G15,0.976,1.0,True,keywords
W3210966016,G09,0.777,1.0,True,keywords
W4206224063,G09,0.632,0.6666666666666666,True,keywords
W4206224063,G10,0.393,0.3333333333333333,False,keywords
W4225666911,G09,0.632,1.0,True,keywords
W4283325696,G09,0.393,1.0,True,keywords
W4290085842,G15,0.528,0.42857142857142855,False,keywords
W4290085842,G16,0.632,0.5714285714285714,True,keywords
W4291197732,G09,0.826,0.3333333333333333,False,keywords
W4291197732,G11,0.97,0.6666666666666666,True,keywords
W4313892586,G09,0.865,1.0,True,keywords
W2068557550,G06,0.632,0.23529411764705882,False,keywords
W2068557550,G11,0.393,0.11764705882352941,False,keywords
W2068557550,G15,0.936,0.6470588235294118,True,keywords
W2172192209,G10,0.528,1.0,True,keywords
W2531854302,G08,0.528,0.5,True,keywords
W2531854302,G09,0.528,0.5,True,keywords
W2612503704,G15,0.528,0.42857142857142855,False,keywords
W2612503704,G20,0.632,0.5714285714285714,True,keywords
W2747786151,G07,0.528,1.0,True,keywords
W2776606459,G07,0.777,0.6,True,keywords
W2776606459,G10,0.632,0.4,False,keywords
W2928570690,G09,0.393,1.0,True,keywords
W2950833760,G07,0.528,1.0,True,keywords
W2963995738,G04,0.713,1.0,True,keywords
W2966134804,G06,0.826,1.0,True,keywords
W2968603931,G09,0.393,1.0,True,keywords
W2997006774,G09,0.528,1.0,True,keywords
W3018832651,G17,0.918,1.0,True,keywords
W3022004657,G15,0.393,0.5,True,keywords
W3022004657,G20,0.393,0.5,True,keywords
W3045395534,G10,0.528,0.5,True,keywords
W3045395534,G15,0.528,0.5,True,keywords
W3082193445,G15,0.393,0.4,False,keywords
W3082193445,G17,0.528,0.6,True,keywords
W3136113179,G07,0.632,0.6666666666666666,True,keywords
W3136113179,G10,0.393,0.3333333333333333,False,keywords
W3138273860,G09,0.393,1.0,True,keywords
W3153279919,G09,0.528,1.0,True,keywords
W3193827420,G15,0.95,1.0,True,keywords
W3196283453,G08,0.777,0.6,True,keywords
W3196283453,G09,0.632,0.4,False,keywords
W4206908135,G15,0.95,0.6,True,keywords
W4206908135,G19,0.865,0.4,False,keywords
W4210474311,G09,0.976,0.8333333333333334,True,keywords
W4210474311,G10,0.528,0.16666666666666666,False,keywords
W4220862312,G15,0.961,1.0,True,keywords
W4294578581,G04,0.632,1.0,True,keywords
W4361224605,G10,0.528,0.375,False,keywords
W4361224605,G15,0.713,0.625,True,keywords
W1834438256,G10,0.632,1.0,True,keywords
W2012396983,G09,0.713,1.0,True,keywords
W2093690986,G10,0.393,1.0,True,keywords
W2412705655,G09,0.393,1.0,True,keywords
W2902705417,G09,0.777,1.0,True,keywords
W2993728450,G06,0.713,0.625,True,keywords
W2993728450,G15,0.528,0.375,False,keywords
W3028314233,G15,0.936,1.0,True,keywords
W3082469331,G10,0.528,1.0,True,keywords
W3120794651,G10,0.393,1.0,True,keywords
W3127831352,G09,0.826,0.5384615384615384,True,keywords
W3127831352,G10,0.777,0.46153846153846156,False,keywords
W3131925622,G15,0.528,1.0,True,keywords
W3168566183,G09,0.918,0.7142857142857143,True,keywords
W3168566183,G10,0.632,0.2857142857142857,False,keywords
W3179159625,G10,0.632,1.0,True,keywords
W3185882406,G06,0.632,0.25,False,keywords
W3185882406,G15,0.95,0.75,True,keywords
W3187840688,G01,0.865,1.0,True,keywords
W3195015166,G07,0.713,0.7142857142857143,True,keywords
W3195015166,G10,0.393,0.2857142857142857,False,keywords
W3214580797,G09,0.393,1.0,True,keywords
W4200107043,G06,0.632,1.0,True,keywords
W4213121971,G09,0.961,0.7647058823529411,True,keywords
W4213121971,G12,0.632,0.23529411764705882,False,keywords
W4225100549,G09,0.918,1.0,True,keywords
W4297256907,G01,0.976,1.0,True,keywords
W4297263375,G02,0.865,0.2857142857142857,False,keywords
W4297263375,G06,0.713,0.17857142857142858,False,keywords
W4297263375,G15,0.976,0.5357142857142857,True,keywords
W4377115841,G09,0.713,1.0,True,keywords
W4378349408,G09,0.713,1.0,True,keywords
W2151679338,G06,0.918,1.0,True,keywords
W2611726530,G07,0.713,1.0,True,keywords
W2754151041,G06,0.713,1.0,True,keywords
W2809869616,G15,0.918,1.0,True,keywords
W2908673714,G07,0.632,1.0,True,keywords
W2970450937,G08,0.393,0.5,True,keywords
W2970450937,G09,0.393,0.5,True,keywords
W2995745001,G10,0.713,0.5555555555555556,True,keywords
W2995745001,G12,0.632,0.4444444444444444,False,keywords
W3038503126,G09,0.713,1.0,True,keywords
W3124745664,G01,0.393,0.1,False,keywords
W3124745664,G02,0.632,0.2,False,keywords
W3124745664,G04,0.632,0.2,False,keywords
W3124745664,G15,0.918,0.5,True,keywords
W3133372255,G09,0.713,1.0,True,keywords
W3135014753,G09,0.826,1.0,True,keywords
W3142197916,G02,0.393,1.0,True,keywords
W3149645253,G10,0.895,1.0,True,keywords
W3164853670,G13,0.632,1.0,True,keywords
W3167232329,G09,0.632,0.5,True,keywords
W3167232329,G10,0.632,0.5,True,keywords
W3174302867,G15,0.895,1.0,True,keywords
W3180420276,G10,0.632,0.5714285714285714,True,keywords
W3180420276,G15,0.528,0.42857142857142855,False,keywords
W3199591753,G10,0.393,1.0,True,keywords
W3202934715,G10,0.632,1.0,True,keywords
W3204660041,G15,0.97,1.0,True,keywords
W3213500841,G09,0.528,0.5,True,keywords
W3213500841,G10,0.528,0.5,True,keywords
W4223920834,G09,0.632,0.6666666666666666,True,keywords
W4223920834,G11,0.393,0.3333333333333333,False,keywords
W4226316807,G09,0.528,1.0,True,keywords
W4281865313,G15,0.777,1.0,True,keywords
W4285401831,G09,0.713,0.5555555555555556,True,keywords
W4285401831,G12,0.632,0.4444444444444444,False,keywords
W4307745147,G02,0.393,1.0,True,keywords
W4320914687,G09,0.393,1.0,True,keywords
W4377047116,G08,0.393,1.0,True,keywords
W4378363713,G11,0.528,1.0,True,keywords
W1969604388,G15,0.777,1.0,True,keywords
W2293666208,G01,0.895,1.0,True,keywords
W2409630959,G09,0.826,0.7777777777777778,True,keywords
W2409630959,G10,0.393,0.2222222222222222,False,keywords
W2544044666,G07,0.895,1.0,True,keywords
W2800627540,G01,0.95,0.36363636363636365,True,keywords
W2800627540,G02,0.895,0.2727272727272727,False,keywords
W2800627540,G11,0.393,0.06060606060606061,False,keywords
W2800627540,G15,0.918,0.30303030303030304,False,keywords
W2968912596,G04,0.632,0.6666666666666666,True,keywords
W2968912596,G09,0.393,0.3333333333333333,False,keywords
W2991923314,G09,0.632,0.4444444444444444,False,keywords
W2991923314,G10,0.713,0.5555555555555556,True,keywords
W2994310095,G10,0.865,1.0,True,keywords
W3000158907,G10,0.632,1.0,True,keywords
W3021788409,G08,0.528,1.0,True,keywords
W3046762376,G07,0.632,1.0,True,keywords
W3112869323,G10,0.393,1.0,True,keywords
W3120452668,G06,0.918,0.5263157894736842,True,keywords
W3120452668,G10,0.632,0.21052631578947367,False,keywords
W3120452668,G14,0.393,0.10526315789473684,False,keywords
W3120452668,G15,0.528,0.15789473684210525,False,keywords
W3164977962,G01,0.777,1.0,True,keywords
W3176053274,G10,0.713,1.0,True,keywords
W3179960158,G10,0.393,1.0,True,keywords
W3203448768,G09,0.632,1.0,True,keywords
W4213005425,G08,0.393,0.4,False,keywords
W4213005425,G15,0.528,0.6,True,keywords
W4226017051,G10,0.865,0.5714285714285714,True,keywords
W4226017051,G15,0.777,0.42857142857142855,False,keywords
W4283818867,G10,0.393,1.0,True,keywords
W4304734185,G08,0.393,1.0,True,keywords
W4323033685,G10,0.95,1.0,True,keywords
W4362459000,G10,0.713,0.45454545454545453,False,keywords
W4362459000,G15,0.777,0.5454545454545454,True,keywords
W4362460237,G10,0.393,0.4,False,keywords
W4362460237,G15,0.528,0.6,True,keywords
W4387610512,G12,0.528,1.0,True,keywords
W1711058941,G09,0.393,1.0,True,keywords
W2518565788,G09,0.393,1.0,True,keywords
W2586498860,G15,0.777,1.0,True,keywords
W2947867053,G09,0.632,0.5,True,keywords
W2947867053,G10,0.632,0.5,True,keywords
W3046137862,G09,0.528,1.0,True,keywords
W3082925156,G09,0.393,1.0,True,keywords
W3090221141,G13,0.632,1.0,True,keywords
W3184729988,G15,0.895,0.45,False,keywords
W3184729988,G17,0.936,0.55,True,keywords
W3213532398,G08,0.713,1.0,True,keywords
W3215226986,G09,0.713,1.0,True,keywords
W4205937883,G10,0.632,1.0,True,keywords
W4210885156,G09,0.528,1.0,True,keywords
W4212820822,G09,0.393,1.0,True,keywords
W4214523238,G09,0.393,0.3333333333333333,False,keywords
W4214523238,G10,0.632,0.6666666666666666,True,keywords
W4220822977,G09,0.632,0.6666666666666666,True,keywords
W4220822977,G10,0.393,0.3333333333333333,False,keywords
W4311387150,G15,0.865,1.0,True,keywords
W4311821308,G09,0.393,1.0,True,keywords
W4317035641,G08,0.393,1.0,True,keywords
W4328048227,G05,0.393,0.1111111111111111,False,keywords
W4328048227,G08,0.961,0.7222222222222222,True,keywords
W4328048227,G09,0.528,0.16666666666666666,False,keywords
W4328048537,G06,0.632,0.3333333333333333,False,keywords
W4328048537,G15,0.865,0.6666666666666666,True,keywords
W4367059992,G04,0.777,0.2857142857142857,False,keywords
W4367059992,G08,0.865,0.38095238095238093,True,keywords
W4367059992,G09,0.826,0.3333333333333333,False,keywords
W4391885767,G10,0.632,1.0,True,keywords
W2063539505,G02,0.982,1.0,True,keywords
W2958896884,G10,0.865,1.0,True,keywords
W3097586084,G10,0.713,0.5,True,keywords
W3097586084,G15,0.713,0.5,True,keywords
W3131630149,G09,0.393,0.2857142857142857,False,keywords
W3131630149,G10,0.713,0.7142857142857143,True,keywords
W3158728933,G10,0.713,1.0,True,keywords
W3178820882,G15,0.713,1.0,True,keywords
W3195183235,G10,0.528,1.0,True,keywords
W4221126047,G10,0.632,0.36363636363636365,False,keywords
W4221126047,G15,0.826,0.6363636363636364,True,keywords
W4283260835,G09,0.393,1.0,True,keywords
W4294992586,G08,0.393,1.0,True,keywords
W4297324402,G15,0.713,1.0,True,keywords
W4301430758,G09,0.777,0.375,False,keywords
W4301430758,G10,0.918,0.625,True,keywords
W4321749653,G10,0.528,1.0,True,keywords
W4380538074,G08,0.865,1.0,True,keywords
W4385532328,G10,0.982,0.8,True,keywords
W4385532328,G12,0.632,0.2,False,keywords
W4390578148,G09,0.632,1.0,True,keywords
W4391676111,G08,0.936,1.0,True,keywords
W4399319580,G15,0.632,1.0,True,keywords
W2161905958,G07,0.528,0.17647058823529413,False,keywords
W2161905958,G08,0.826,0.4117647058823529,True,keywords
W2161905958,G09,0.713,0.29411764705882354,False,keywords
W2161905958,G11,0.393,0.11764705882352941,False,keywords
W2254156152,G09,0.393,0.3333333333333333,True,keywords
W2254156152,G10,0.393,0.3333333333333333,True,keywords
W2254156152,G16,0.393,0.3333333333333333,True,keywords
W2403793273,G13,0.528,0.23076923076923078,False,keywords
W2403793273,G15,0.632,0.3076923076923077,False,keywords
W2403793273,G19,0.777,0.46153846153846156,True,keywords
W2614379987,G08,0.632,1.0,True,keywords
W2944962371,G15,0.777,1.0,True,keywords
W2974783073,G15,0.777,1.0,True,keywords
W3086131723,G15,0.528,0.6,True,keywords
W3086131723,G20,0.393,0.4,False,keywords
W3096621709,G06,0.528,0.42857142857142855,False,keywords
W3096621709,G14,0.632,0.5714285714285714,True,keywords
W3187025498,G10,0.393,1.0,True,keywords
W3201347364,G07,0.826,1.0,True,keywords
W4213275873,G09,0.713,1.0,True,keywords
W4284894087,G09,0.777,0.75,True,keywords
W4284894087,G10,0.393,0.25,False,keywords
W4291178894,G09,0.895,0.6,True,keywords
W4291178894,G11,0.777,0.4,False,keywords
W4308185710,G15,0.826,1.0,True,keywords
W4317234272,G09,0.632,0.5,True,keywords
W4317234272,G12,0.632,0.5,True,keywords
W4362456932,G09,0.393,1.0,True,keywords
W4387303723,G10,0.632,0.6666666666666666,True,keywords
W4387303723,G15,0.393,0.3333333333333333,False,keywords
W4390950175,G09,0.918,1.0,True,keywords
W4398218937,G08,0.865,1.0,True,keywords
W2770821150,G10,0.528,1.0,True,keywords
W3086444146,G10,0.632,1.0,True,keywords
W3157881121,G15,0.895,1.0,True,keywords
W3212249650,G15,0.393,1.0,True,keywords
W4200603327,G10,0.393,1.0,True,keywords
W4214674904,G10,0.528,1.0,True,keywords
W4220895391,G08,0.713,1.0,True,keywords
W4221113874,G09,0.393,1.0,True,keywords
W4286716981,G15,0.632,1.0,True,keywords
W4297839720,G10,0.632,1.0,True,keywords
W4311860266,G10,0.713,1.0,True,keywords
W4317106910,G12,0.632,1.0,True,keywords
W4317567142,G12,0.632,1.0,True,keywords
W4319293784,G09,0.713,1.0,True,keywords
W4323652121,G10,0.895,1.0,True,keywords
W4365443835,G15,0.528,0.23076923076923078,False,keywords
W4365443835,G19,0.918,0.7692307692307693,True,keywords
W4384282371,G09,0.528,1.0,True,keywords
W4384925344,G10,0.713,1.0,True,keywords
W4386101809,G09,0.528,1.0,True,keywords
W4387729265,G15,0.865,1.0,True,keywords
W4388069097,G08,0.865,1.0,True,keywords
W4406725055,G10,0.865,1.0,True,keywords
W2114180140,G07,0.528,0.23076923076923078,False,keywords
W2114180140,G08,0.918,0.7692307692307693,True,keywords
W4285078614,G08,0.393,1.0,True,keywords
W4294868057,G09,0.632,1.0,True,keywords
W4309463002,G08,0.393,0.3333333333333333,False,keywords
W4309463002,G12,0.632,0.6666666666666666,True,keywords
W4313857284,G09,0.393,0.25,False,keywords
W4313857284,G10,0.777,0.75,True,keywords
W4376273996,G09,0.393,0.3333333333333333,False,keywords
W4376273996,G10,0.632,0.6666666666666666,True,keywords
W4389478182,G10,0.713,1.0,True,keywords
W4390064626,G10,0.895,1.0,True,keywords
W4390977789,G15,0.528,1.0,True,keywords
W4392092921,G09,0.393,0.5,True,keywords
W4392092921,G10,0.393,0.5,True,keywords
W4395050855,G09,0.632,1.0,True,keywords
W4402220071,G09,0.393,1.0,True,keywords
W2613759630,G08,0.865,0.6666666666666666,True,keywords
W2613759630,G09,0.632,0.3333333333333333,False,keywords
W3127190371,G09,0.632,0.5,True,keywords
W3127190371,G10,0.632,0.5,True,keywords
W4205363989,G07,0.777,1.0,True,keywords
W4220822306,G01,0.95,0.42857142857142855,True,keywords
W4220822306,G11,0.865,0.2857142857142857,False,keywords
W4220822306,G15,0.865,0.2857142857142857,False,keywords
W4224235739,G08,0.865,1.0,True,keywords
W4283269889,G09,0.393,1.0,True,keywords
W4284898247,G15,0.826,1.0,True,keywords
W4285728627,G09,0.528,1.0,True,keywords
W4292843898,G15,0.865,1.0,True,keywords
W4308554654,G12,0.632,1.0,True,keywords
W4309944706,G09,0.393,1.0,True,keywords
W4312066019,G10,0.918,1.0,True,keywords
W4360609343,G10,0.777,1.0,True,keywords
W4362559443,G09,0.713,1.0,True,keywords
W4365810922,G09,0.528,0.5,True,keywords
W4365810922,G10,0.528,0.5,True,keywords
W4375955969,G13,0.632,1.0,True,keywords
W4390974659,G09,0.632,1.0,True,keywords
W4391771689,G07,0.713,1.0,True,keywords
W4392773533,G13,0.826,1.0,True,keywords
W4396618295,G09,0.632,0.6666666666666666,True,keywords
W4396618295,G10,0.393,0.3333333333333333,False,keywords
W4402264770,G05,0.393,1.0,True,keywords
W2969722229,G10,0.528,1.0,True,keywords
W3029173999,G07,0.393,1.0,True,keywords
W3036791170,G09,0.632,1.0,True,keywords
W3083512694,G01,0.95,1.0,True,keywords
W3196821117,G15,0.895,1.0,True,keywords
W3204431380,G09,0.713,0.5555555555555556,True,keywords
W3204431380,G10,0.632,0.4444444444444444,False,keywords
W4224884853,G15,0.528,0.375,False,keywords
W4224884853,G17,0.713,0.625,True,keywords
W4281263514,G09,0.632,0.5,True,keywords
W4281263514,G10,0.632,0.5,True,keywords
W4283762038,G09,0.393,1.0,True,keywords
W4300970636,G15,0.826,1.0,True,keywords
W4313424055,G07,0.895,1.0,True,keywords
W4318316381,G07,0.528,1.0,True,keywords
W4321168560,G04,0.777,0.75,True,keywords
W4321168560,G09,0.393,0.25,False,keywords
W4389777783,G15,0.986,1.0,True,keywords
W4390814505,G10,0.632,1.0,True,keywords
W4392563498,G09,0.632,0.4,False,keywords
W4392563498,G11,0.777,0.6,True,keywords
W4393230679,G09,0.393,0.16666666666666666,False,keywords
W4393230679,G10,0.393,0.16666666666666666,False,keywords
W4393230679,G11,0.865,0.6666666666666666,True,keywords
W4394008739,G10,0.632,1.0,True,keywords
W4396746744,G06,0.777,0.6666666666666666,True,keywords
W4396746744,G15,0.528,0.3333333333333333,False,keywords
W4400431413,G09,0.632,1.0,True,keywords
W4401282059,G15,0.393,1.0,True,keywords
W4402031539,G08,0.528,1.0,True,keywords
W4408072888,G10,0.393,0.5,True,keywords
W4408072888,G15,0.393,0.5,True,keywords
W2755953336,G10,0.528,1.0,True,keywords
W2790070013,G10,0.713,1.0,True,keywords
W2883775883,G06,0.826,0.5833333333333334,True,keywords
W2883775883,G10,0.713,0.4166666666666667,False,keywords
W2890182487,G15,0.895,1.0,True,keywords
W3204251992,G19,0.528,1.0,True,keywords
W3207649394,G15,0.393,1.0,True,keywords
W4223973938,G09,0.632,1.0,True,keywords
W4315700493,G10,0.393,1.0,True,keywords
W4319027532,G09,0.713,1.0,True,keywords
W4319063197,G13,0.632,0.4,False,keywords
W4319063197,G19,0.777,0.6,True,keywords
W4362523475,G13,0.632,1.0,True,keywords
W4379966399,G09,0.528,1.0,True,keywords
W4388246701,G14,0.632,0.19047619047619047,False,keywords
W4388246701,G15,0.961,0.6190476190476191,True,keywords
W4388246701,G20,0.632,0.19047619047619047,False,keywords
W4390637992,G07,0.393,0.3333333333333333,True,keywords
W4390637992,G08,0.393,0.3333333333333333,True,keywords
W4390637992,G09,0.393,0.3333333333333333,True,keywords
W4394752223,G08,0.393,0.5,True,keywords
W4394752223,G09,0.393,0.5,True,keywords
W4400274471,G10,0.632,1.0,True,keywords
W2328805712,G01,0.777,1.0,True,keywords
W2923687416,G08,0.976,1.0,True,keywords
W3154160568,G09,0.528,1.0,True,keywords
W3155040066,G16,0.393,1.0,True,keywords
W3164868068,G10,0.632,0.5,True,keywords
W3164868068,G15,0.632,0.5,True,keywords
W4220998360,G09,0.528,1.0,True,keywords
W4283736039,G10,0.632,1.0,True,keywords
W4361218062,G09,0.393,1.0,True,keywords
W4375947701,G11,0.528,1.0,True,keywords
W4376115846,G09,0.393,0.5,True,keywords
W4376115846,G10,0.393,0.5,True,keywords
W4376630270,G07,0.936,1.0,True,keywords
W4381432983,G06,0.632,0.36363636363636365,False,keywords
W4381432983,G07,0.826,0.6363636363636364,True,keywords
W4382777453,G09,0.713,1.0,True,keywords
W4385840795,G06,0.632,0.36363636363636365,False,keywords
W4385840795,G15,0.826,0.6363636363636364,True,keywords
W4386170499,G10,0.713,1.0,True,keywords
W4386188267,G09,0.713,1.0,True,keywords
W4387568079,G10,0.632,0.2857142857142857,False,keywords
W4387568079,G15,0.918,0.7142857142857143,True,keywords
W4391278076,G10,0.713,1.0,True,keywords
W4391753990,G07,0.632,0.4,False,keywords
W4391753990,G08,0.777,0.6,True,keywords
W4392542086,G09,0.393,0.3333333333333333,False,keywords
W4392542086,G12,0.632,0.6666666666666666,True,keywords
W4399283768,G07,0.632,1.0,True,keywords
W4401595695,G07,0.528,1.0,True,keywords
W4401626400,G09,0.528,1.0,True,keywords
W3206709862,G08,0.528,0.2727272727272727,False,keywords
W3206709862,G09,0.865,0.7272727272727273,True,keywords
W4281752018,G15,0.865,1.0,True,keywords
W4283767988,G09,0.393,1.0,True,keywords
W4321748543,G10,0.713,1.0,True,keywords
W4378673948,G15,0.632,1.0,True,keywords
W4385186712,G09,0.393,1.0,True,keywords
W4386083893,G10,0.528,1.0,True,keywords
W4387563625,G09,0.713,1.0,True,keywords
W4390629587,G09,0.393,0.4,False,keywords
W4390629587,G10,0.528,0.6,True,keywords
W4393075252,G04,0.777,0.6666666666666666,True,keywords
W4393075252,G10,0.528,0.3333333333333333,False,keywords
W4396237966,G08,0.393,1.0,True,keywords
W4400879197,G09,0.895,0.5625,True,keywords
W4400879197,G10,0.826,0.4375,False,keywords
W4402228829,G08,0.393,1.0,True,keywords
W4405054261,G09,0.713,1.0,True,keywords
W4406324061,G15,0.393,1.0,True,keywords
W4408943264,G10,0.528,0.1875,False,keywords
W4408943264,G15,0.918,0.625,True,keywords
W4408943264,G19,0.528,0.1875,False,keywords
W4224221825,G07,0.777,1.0,True,keywords
W4308435314,G10,0.393,0.4,False,keywords
W4308435314,G15,0.528,0.6,True,keywords
W4323317702,G06,0.632,0.5,True,keywords
W4323317702,G10,0.632,0.5,True,keywords
W4383058646,G07,0.393,0.2222222222222222,False,keywords
W4383058646,G10,0.826,0.7777777777777778,True,keywords
W4386424813,G10,0.393,1.0,True,keywords
W4387220763,G09,0.393,0.15384615384615385,False,keywords
W4387220763,G10,0.936,0.8461538461538461,True,keywords
W4387447144,G10,0.632,0.5,True,keywords
W4387447144,G12,0.632,0.5,True,keywords
W4389151883,G09,0.713,1.0,True,keywords
W4389994829,G15,0.95,1.0,True,keywords
W4391843332,G09,0.632,1.0,True,keywords
W4393321679,G09,0.713,0.4166666666666667,False,keywords
W4393321679,G10,0.826,0.5833333333333334,True,keywords
W4401634934,G09,0.777,1.0,True,keywords
W4401899958,G10,0.713,1.0,True,keywords
W4404519397,G09,0.393,1.0,True,keywords
W4405740562,G04,0.528,0.2,False,keywords
W4405740562,G08,0.865,0.5333333333333333,True,keywords
W4405740562,G12,0.632,0.26666666666666666,False,keywords
W4408089041,G07,0.713,1.0,True,keywords
W4408597731,G09,0.713,0.45454545454545453,False,keywords
W4408597731,G10,0.777,0.5454545454545454,True,keywords
W4409335558,G10,0.393,1.0,True,keywords
W4410118358,G10,0.528,1.0,True,keywords
W4413191227,G09,0.918,0.7142857142857143,True,keywords
W4413191227,G10,0.632,0.2857142857142857,False,keywords
W4385251146,G09,0.393,0.2857142857142857,False,keywords
W4385251146,G10,0.713,0.7142857142857143,True,keywords
W4388915425,G15,0.895,1.0,True,keywords
W4392132825,G09,0.865,1.0,True,keywords
W4393094681,G09,0.393,0.3333333333333333,False,keywords
W4393094681,G12,0.632,0.6666666666666666,True,keywords
W4399302062,G12,0.713,1.0,True,keywords
W4400689353,G10,0.393,0.3333333333333333,False,keywords
W4400689353,G12,0.632,0.6666666666666666,True,keywords
W4401010527,G10,0.826,1.0,True,keywords
W4401412839,G09,0.528,1.0,True,keywords
W4404897676,G09,0.393,0.5,True,keywords
W4404897676,G10,0.393,0.5,True,keywords
W4408744095,G09,0.826,0.4666666666666667,False,keywords
W4408744095,G12,0.865,0.5333333333333333,True,keywords
W4368362413,G02,0.528,0.375,False,keywords
W4368362413,G15,0.713,0.625,True,keywords
W4376646253,G09,0.632,0.6666666666666666,True,keywords
W4376646253,G10,0.393,0.3333333333333333,False,keywords
W4385186756,G04,0.632,0.2857142857142857,False,keywords
W4385186756,G09,0.918,0.7142857142857143,True,keywords
W4386845275,G07,0.393,1.0,True,keywords
W4386940844,G09,0.632,1.0,True,keywords
W4388628987,G15,0.393,1.0,True,keywords
W4392291639,G08,0.393,1.0,True,keywords
W4392767338,G09,0.393,1.0,True,keywords
W4393228100,G08,0.528,1.0,True,keywords
W4394860116,G10,0.528,0.5,True,keywords
W4394860116,G20,0.528,0.5,True,keywords
W4400803367,G10,0.528,1.0,True,keywords
W4402586418,G07,0.895,1.0,True,keywords
W4402922988,G09,0.393,0.3333333333333333,False,keywords
W4402922988,G12,0.632,0.6666666666666666,True,keywords
W4403221179,G08,0.895,1.0,True,keywords
W4405026146,G10,0.632,1.0,True,keywords
W4405237054,G10,0.528,1.0,True,keywords
W4406229780,G07,0.777,0.75,True,keywords
W4406229780,G09,0.393,0.25,False,keywords
W4406309465,G10,0.528,0.42857142857142855,False,keywords
W4406309465,G12,0.632,0.5714285714285714,True,keywords
W4406673397,G10,0.528,0.42857142857142855,False,keywords
W4406673397,G12,0.632,0.5714285714285714,True,keywords
W4407755949,G10,0.777,1.0,True,keywords
W4408245529,G15,0.777,1.0,True,keywords
W4409962100,G10,0.865,1.0,True,keywords
W4414617036,G10,0.528,1.0,True,keywords
W4206454335,G09,0.777,1.0,True,keywords
W4307228549,G10,0.528,0.375,False,keywords
W4307228549,G15,0.713,0.625,True,keywords
W4321189316,G10,0.393,1.0,True,keywords
W4367680884,G16,0.393,1.0,True,keywords
W4388601833,G09,0.632,0.6666666666666666,True,keywords
W4388601833,G10,0.393,0.3333333333333333,False,keywords
W4389380089,G09,0.393,0.2857142857142857,False,keywords
W4389380089,G12,0.713,0.7142857142857143,True,keywords
W4394956636,G02,0.528,0.17647058823529413,False,keywords
W4394956636,G08,0.895,0.5294117647058824,True,keywords
W4394956636,G09,0.713,0.29411764705882354,False,keywords
W4396978181,G09,0.713,1.0,True,keywords
W4399566213,G10,0.528,1.0,True,keywords
W4401419031,G04,0.713,1.0,True,keywords
W4403055811,G10,0.632,1.0,True,keywords
W4403401140,G10,0.713,1.0,True,keywords
W4406240425,G10,0.777,1.0,True,keywords
W4406389367,G10,0.632,0.4444444444444444,True,keywords
W4406389367,G11,0.393,0.2222222222222222,False,keywords
W4406389367,G15,0.528,0.3333333333333333,False,keywords
W4407743648,G10,0.528,0.5,True,keywords
W4407743648,G15,0.528,0.5,True,keywords
W4410373149,G09,0.632,0.16,False,keywords
W4410373149,G10,0.632,0.16,False,keywords
W4410373149,G15,0.986,0.68,True,keywords
W4410957873,G15,0.528,0.42857142857142855,True,keywords
W4410957873,G17,0.393,0.2857142857142857,False,keywords
W4410957873,G18,0.393,0.2857142857142857,False,keywords
W4382196084,G09,0.632,1.0,True,keywords
W4397010626,G10,0.393,1.0,True,keywords
W4400773801,G09,0.713,0.45454545454545453,False,keywords
W4400773801,G11,0.777,0.5454545454545454,True,keywords
W4402308737,G09,0.393,1.0,True,keywords
W4402333906,G06,0.95,0.8571428571428571,True,keywords
W4402333906,G10,0.393,0.14285714285714285,False,keywords
W4406624981,G09,0.393,1.0,True,keywords
W4409462177,G07,0.632,0.4444444444444444,False,keywords
W4409462177,G10,0.713,0.5555555555555556,True,keywords
W4410542443,G08,0.895,0.5294117647058824,True,keywords
W4410542443,G09,0.865,0.47058823529411764,False,keywords
W4411360874,G09,0.393,1.0,True,keywords
W4416731177,G10,0.393,1.0,True,keywords
W4417207596,G09,0.528,0.6,True,keywords
W4417207596,G10,0.393,0.4,False,keywords
W7134226060,G07,0.393,1.0,True,keywords
W4399208830,G04,0.777,0.5454545454545454,True,keywords
W4399208830,G09,0.713,0.45454545454545453,False,keywords
W4402679141,G09,0.777,0.4,False,keywords
W4402679141,G10,0.895,0.6,True,keywords
W4404061046,G09,0.632,1.0,True,keywords
W4404733083,G08,0.895,1.0,True,keywords
W4406894096,G15,0.393,1.0,True,keywords
W4406940076,G10,0.632,1.0,True,keywords
W4410036971,G09,0.632,1.0,True,keywords
W4410255774,G10,0.632,1.0,True,keywords
W4411568445,G09,0.393,0.3333333333333333,False,keywords
W4411568445,G10,0.632,0.6666666666666666,True,keywords
W4412835447,G08,0.918,0.5555555555555556,True,keywords
W4412835447,G11,0.865,0.4444444444444444,False,keywords
W7125522734,G08,0.393,0.5,True,keywords
W7125522734,G09,0.393,0.5,True,keywords
W4390859836,G10,0.713,1.0,True,keywords
W4400073455,G10,0.632,1.0,True,keywords
W4410801248,G09,0.528,1.0,True,keywords
W4411112502,G10,0.632,1.0,True,keywords
W4411632090,G09,0.632,1.0,True,keywords
W4412020456,G10,0.777,0.5454545454545454,True,keywords
W4412020456,G12,0.713,0.45454545454545453,False,keywords
W4412457984,G15,0.393,0.5,True,keywords
W4412457984,G20,0.393,0.5,True,keywords
W4414359534,G15,0.713,1.0,True,keywords
W4415338851,G10,0.393,1.0,True,keywords
W4415517493,G09,0.393,0.5,True,keywords
W4415517493,G10,0.393,0.5,True,keywords
W4415777113,G10,0.632,1.0,True,keywords
W4417347477,G09,0.632,0.6666666666666666,True,keywords
W4417347477,G10,0.393,0.3333333333333333,False,keywords
W7124708990,G09,0.393,1.0,True,keywords
W4406755729,G08,0.393,0.2857142857142857,False,keywords
W4406755729,G10,0.713,0.7142857142857143,True,keywords
W4408953034,G09,0.393,1.0,True,keywords
W4412562006,G08,0.393,0.4,False,keywords
W4412562006,G09,0.528,0.6,True,keywords
W4413214004,G09,0.632,1.0,True,keywords
W4415376818,G09,0.393,0.3333333333333333,False,keywords
W4415376818,G10,0.632,0.6666666666666666,True,keywords
W4417223991,G04,0.777,0.5454545454545454,True,keywords
W4417223991,G09,0.713,0.45454545454545453,False,keywords
W7117539648,G08,0.393,0.4,False,keywords
W7117539648,G10,0.528,0.6,True,keywords
W7125783112,G10,0.777,0.375,False,keywords
W7125783112,G15,0.918,0.625,True,keywords
W7167664916,G10,0.895,1.0,True,keywords
W1998714533,G07,0.632,1.0,True,keywords
W1969913112,G15,0.865,1.0,True,keywords
W1981332714,G01,0.393,0.2,False,keywords
W1981332714,G06,0.865,0.8,True,keywords
W2155482949,G20,0.632,1.0,True,keywords
W2154744308,G10,0.632,0.6666666666666666,True,keywords
W2154744308,G15,0.393,0.3333333333333333,False,keywords
W2297410916,G15,0.528,1.0,True,keywords
W2019426160,G07,0.713,0.38461538461538464,True,keywords
W2019426160,G15,0.632,0.3076923076923077,False,keywords
W2019426160,G20,0.632,0.3076923076923077,False,keywords
W2034387548,G07,0.826,0.6363636363636364,True,keywords
W2034387548,G20,0.632,0.36363636363636365,False,keywords
W2092691278,G04,0.528,0.5,True,keywords
W2092691278,G10,0.528,0.5,True,keywords
W1974937759,G13,0.393,0.18181818181818182,False,keywords
W1974937759,G15,0.895,0.8181818181818182,True,keywords
W2022076467,G10,0.528,1.0,True,keywords
W2171688375,G10,0.528,1.0,True,keywords
W2471157031,G13,0.713,0.3333333333333333,False,keywords
W2471157031,G15,0.777,0.4,True,keywords
W2471157031,G20,0.632,0.26666666666666666,False,keywords
W2564351746,G15,0.918,1.0,True,keywords
W1530041195,G15,0.895,1.0,True,keywords
W1975247730,G09,0.393,0.3333333333333333,False,keywords
W1975247730,G10,0.632,0.6666666666666666,True,keywords
W2064836948,G15,0.826,0.7777777777777778,True,keywords
W2064836948,G17,0.393,0.2222222222222222,False,keywords
W2481121027,G04,0.393,1.0,True,keywords
W2009877769,G15,0.826,1.0,True,keywords
W2037228892,G10,0.393,1.0,True,keywords
W2129260812,G06,0.777,1.0,True,keywords
W2138095669,G15,0.895,1.0,True,keywords
W2165830075,G07,0.632,1.0,True,keywords
W1979137501,G09,0.632,0.5,True,keywords
W1979137501,G10,0.632,0.5,True,keywords
W2096056144,G10,0.632,1.0,True,keywords
W2102864387,G02,0.528,0.23076923076923078,False,keywords
W2102864387,G06,0.777,0.46153846153846156,True,keywords
W2102864387,G14,0.632,0.3076923076923077,False,keywords
W2155588891,G07,0.632,1.0,True,keywords
W2739095977,G10,0.528,1.0,True,keywords
W2766413799,G08,0.528,0.3,False,keywords
W2766413799,G09,0.826,0.7,True,keywords
W2097093377,G01,0.713,1.0,True,keywords
W2112823947,G09,0.393,1.0,True,keywords
W2746994522,G10,0.528,0.5,True,keywords
W2746994522,G15,0.528,0.5,True,keywords
W1999994416,G10,0.632,1.0,True,keywords
W2106625857,G09,0.713,1.0,True,keywords
W2112766884,G10,0.528,0.5,True,keywords
W2112766884,G12,0.528,0.5,True,keywords
W2113629059,G15,0.777,1.0,True,keywords
W2753623240,G07,0.393,0.2857142857142857,False,keywords
W2753623240,G09,0.713,0.7142857142857143,True,keywords
W2091534764,G10,0.632,1.0,True,keywords
W2600230741,G01,0.865,1.0,True,keywords
W4320800276,G10,0.393,1.0,True,keywords
W1984611179,G09,0.528,0.42857142857142855,False,keywords
W1984611179,G10,0.632,0.5714285714285714,True,keywords
W1999048852,G07,0.713,1.0,True,keywords
W2013121627,G09,0.632,0.6666666666666666,True,keywords
W2013121627,G12,0.393,0.3333333333333333,False,keywords
W2061789573,G15,0.393,1.0,True,keywords
W2117329952,G15,0.865,1.0,True,keywords
W2124116826,G10,0.632,0.36363636363636365,False,keywords
W2124116826,G15,0.826,0.6363636363636364,True,keywords
W2163620957,G10,0.393,1.0,True,keywords
W2592341414,G10,0.713,1.0,True,keywords
W2794761832,G10,0.393,0.2857142857142857,False,keywords
W2794761832,G15,0.713,0.7142857142857143,True,keywords
W2808817349,G07,0.777,1.0,True,keywords
W1967805260,G08,0.528,0.5,True,keywords
W1967805260,G09,0.528,0.5,True,keywords
W1989065947,G04,0.632,1.0,True,keywords
W2033937153,G06,0.528,1.0,True,keywords
W2136113913,G09,0.713,0.23809523809523808,False,keywords
W2136113913,G10,0.97,0.6666666666666666,True,keywords
W2136113913,G11,0.393,0.09523809523809523,False,keywords
W2145334663,G10,0.713,1.0,True,keywords
W2855118459,G09,0.528,1.0,True,keywords
W3007875311,G09,0.632,1.0,True,keywords
W1625998600,G09,0.528,1.0,True,keywords
W2023230303,G09,0.632,0.5,True,keywords
W2023230303,G10,0.632,0.5,True,keywords
W2037363324,G09,0.528,1.0,True,keywords
W2066609262,G08,0.393,0.3333333333333333,False,keywords
W2066609262,G12,0.632,0.6666666666666666,True,keywords
W2082672149,G15,0.528,1.0,True,keywords
W2133768841,G15,0.895,0.45,False,keywords
W2133768841,G17,0.936,0.55,True,keywords
W2160191032,G07,0.528,1.0,True,keywords
W2298867408,G04,0.528,0.375,True,keywords
W2298867408,G09,0.393,0.25,False,keywords
W2298867408,G10,0.528,0.375,True,keywords
W2916317903,G10,0.393,0.2,False,keywords
W2916317903,G15,0.865,0.8,True,keywords
W2943461948,G10,0.528,1.0,True,keywords
W2965941292,G08,0.865,0.5714285714285714,True,keywords
W2965941292,G15,0.777,0.42857142857142855,False,keywords
W615765185,G07,0.528,1.0,True,keywords
W1503126036,G04,0.393,1.0,True,keywords
W1999438811,G07,0.826,1.0,True,keywords
W2007301387,G01,0.713,1.0,True,keywords
W2024642963,G07,0.632,1.0,True,keywords
W2056541079,G02,0.528,0.5,True,keywords
W2056541079,G09,0.528,0.5,True,keywords
W2127656973,G09,0.528,0.42857142857142855,False,keywords
W2127656973,G10,0.632,0.5714285714285714,True,keywords
W2137591464,G04,0.713,1.0,True,keywords
W2143452808,G04,0.713,1.0,True,keywords
W2170332846,G14,0.777,1.0,True,keywords
W2758176523,G10,0.528,1.0,True,keywords
W2883030500,G15,0.713,1.0,True,keywords
W2901163433,G15,0.777,1.0,True,keywords
W2955938549,G15,0.528,1.0,True,keywords
W4234222012,G09,0.393,1.0,True,keywords
W1567833417,G15,0.632,1.0,True,keywords
W1871337178,G08,0.865,0.3333333333333333,True,keywords
W1871337178,G10,0.632,0.16666666666666666,False,keywords
W1871337178,G15,0.777,0.25,False,keywords
W1871337178,G20,0.777,0.25,False,keywords
W1967988713,G15,0.528,1.0,True,keywords
W2026234884,G13,0.865,1.0,True,keywords
W2039034950,G10,0.528,1.0,True,keywords
W2060799415,G08,0.528,1.0,True,keywords
W2164679934,G09,0.393,1.0,True,keywords
W2578518069,G07,0.393,0.5,True,keywords
W2578518069,G16,0.393,0.5,True,keywords
W2600630090,G15,0.632,1.0,True,keywords
W2763655193,G08,0.393,1.0,True,keywords
W2809031119,G09,0.632,1.0,True,keywords
W2949984918,G09,0.713,1.0,True,keywords
W3115208266,G04,0.528,0.3333333333333333,False,keywords
W3115208266,G09,0.393,0.2222222222222222,False,keywords
W3115208266,G10,0.632,0.4444444444444444,True,keywords
W1866779895,G10,0.632,1.0,True,keywords
W1931375653,G15,0.865,0.5714285714285714,True,keywords
W1931375653,G16,0.393,0.14285714285714285,False,keywords
W1931375653,G20,0.632,0.2857142857142857,False,keywords
W1991908131,G10,0.895,1.0,True,keywords
W1995715656,G09,0.713,1.0,True,keywords
W2023223053,G07,0.632,1.0,True,keywords
W2044785206,G10,0.528,1.0,True,keywords
W2091627255,G02,0.393,0.2,False,keywords
W2091627255,G06,0.528,0.3,False,keywords
W2091627255,G14,0.713,0.5,True,keywords
W2153618594,G10,0.632,1.0,True,keywords
W2161708812,G05,0.528,0.5,True,keywords
W2161708812,G06,0.528,0.5,True,keywords
W2470887266,G15,0.393,1.0,True,keywords
W2617449832,G09,0.632,1.0,True,keywords
W2730033305,G02,0.528,1.0,True,keywords
W2792983588,G09,0.393,0.13333333333333333,False,keywords
W2792983588,G10,0.961,0.8666666666666667,True,keywords
W2793290272,G09,0.632,1.0,True,keywords
W2796363479,G10,0.528,1.0,True,keywords
W2901518009,G04,0.713,1.0,True,keywords
W2902668132,G02,0.528,0.15,False,keywords
W2902668132,G06,0.713,0.25,False,keywords
W2902668132,G10,0.528,0.15,False,keywords
W2902668132,G15,0.895,0.45,True,keywords
W2947470686,G09,0.528,0.5,True,keywords
W2947470686,G10,0.528,0.5,True,keywords
W2958407565,G09,0.632,0.6666666666666666,True,keywords
W2958407565,G10,0.393,0.3333333333333333,False,keywords
W2981819229,G10,0.632,1.0,True,keywords
W3091994850,G13,0.713,1.0,True,keywords
W3137611468,G10,0.393,1.0,True,keywords
W2012463728,G15,0.97,1.0,True,keywords
W2049821586,G06,0.632,1.0,True,keywords
W2051419679,G15,0.918,0.7692307692307693,True,keywords
W2051419679,G20,0.528,0.23076923076923078,False,keywords
W2466937874,G15,0.528,1.0,True,keywords
W2524512695,G09,0.713,1.0,True,keywords
W2529535171,G09,0.393,1.0,True,keywords
W2611605601,G09,0.528,1.0,True,keywords
W2806915805,G04,0.632,0.25,False,keywords
W2806915805,G08,0.918,0.625,True,keywords
W2806915805,G09,0.393,0.125,False,keywords
W2915294419,G06,0.393,0.18181818181818182,False,keywords
W2915294419,G10,0.713,0.45454545454545453,True,keywords
W2915294419,G14,0.632,0.36363636363636365,False,keywords
W2978733076,G15,0.713,1.0,True,keywords
W2995115411,G01,0.918,0.8333333333333334,True,keywords
W2995115411,G11,0.393,0.16666666666666666,False,keywords
W3014670463,G09,0.393,0.18181818181818182,False,keywords
W3014670463,G10,0.895,0.8181818181818182,True,keywords
W2084494021,G07,0.632,0.3333333333333333,False,keywords
W2084494021,G15,0.713,0.4166666666666667,True,keywords
W2084494021,G20,0.528,0.25,False,keywords
W2101335473,G15,0.632,1.0,True,keywords
W2105161536,G03,0.713,1.0,True,keywords
W2125975478,G09,0.632,0.5,True,keywords
W2125975478,G12,0.632,0.5,True,keywords
W2152083194,G09,0.777,1.0,True,keywords
W2516363637,G09,0.632,1.0,True,keywords
W2519821541,G04,0.777,0.75,True,keywords
W2519821541,G10,0.393,0.25,False,keywords
W2519955855,G15,0.528,0.3,False,keywords
W2519955855,G17,0.826,0.7,True,keywords
W2611302216,G13,0.393,1.0,True,keywords
W2795051923,G07,0.713,1.0,True,keywords
W2805418479,G07,0.826,1.0,True,keywords
W3011207595,G07,0.777,1.0,True,keywords
W3095765800,G10,0.632,1.0,True,keywords
W3123673857,G09,0.393,1.0,True,keywords
W3128229218,G10,0.393,1.0,True,keywords
W1838895838,G15,0.713,1.0,True,keywords
W1963585483,G10,0.632,1.0,True,keywords
W2005557489,G10,0.713,1.0,True,keywords
W2010502225,G09,0.632,1.0,True,keywords
W2025118283,G08,0.393,0.25,False,keywords
W2025118283,G09,0.777,0.75,True,keywords
W2047303870,G09,0.826,1.0,True,keywords
W2096559688,G07,0.918,1.0,True,keywords
W2103540978,G10,0.865,1.0,True,keywords
W2144235044,G09,0.528,1.0,True,keywords
W2169414382,G08,0.865,1.0,True,keywords
W2465506907,G08,0.865,1.0,True,keywords
W2567708469,G07,0.528,1.0,True,keywords
W2599619902,G09,0.393,1.0,True,keywords
W2735222521,G08,0.393,0.3333333333333333,False,keywords
W2735222521,G15,0.632,0.6666666666666666,True,keywords
W2735265642,G07,0.632,0.6666666666666666,True,keywords
W2735265642,G09,0.393,0.3333333333333333,False,keywords
W2790183889,G09,0.895,0.6,True,keywords
W2790183889,G10,0.777,0.4,False,keywords
W2942826359,G08,0.777,1.0,True,keywords
W3000471199,G04,0.632,0.2857142857142857,False,keywords
W3000471199,G09,0.713,0.35714285714285715,True,keywords
W3000471199,G10,0.713,0.35714285714285715,True,keywords
W3002739091,G10,0.632,1.0,True,keywords
W1529374757,G10,0.632,1.0,True,keywords
W1982887098,G10,0.632,0.4,True,keywords
W1982887098,G13,0.632,0.4,True,keywords
W1982887098,G15,0.393,0.2,False,keywords
W1987266932,G09,0.393,1.0,True,keywords
W2000313015,G15,0.632,0.5,True,keywords
W2000313015,G19,0.632,0.5,True,keywords
W2052364346,G09,0.393,0.4,False,keywords
W2052364346,G10,0.528,0.6,True,keywords
W2108729418,G11,0.632,0.2222222222222222,False,keywords
W2108729418,G15,0.895,0.5,True,keywords
W2108729418,G17,0.713,0.2777777777777778,False,keywords
W2179514679,G08,0.918,1.0,True,keywords
W2185984881,G10,0.632,1.0,True,keywords
W2345166716,G10,0.632,1.0,True,keywords
W2398590827,G08,0.528,1.0,True,keywords
W2551625240,G06,0.777,0.6,True,keywords
W2551625240,G17,0.632,0.4,False,keywords
W2603526812,G12,0.632,0.5714285714285714,True,keywords
W2603526812,G15,0.528,0.42857142857142855,False,keywords
W2912372266,G06,0.632,0.26666666666666666,False,keywords
W2912372266,G15,0.936,0.7333333333333333,True,keywords
W2913718290,G08,0.393,0.18181818181818182,False,keywords
W2913718290,G15,0.895,0.8181818181818182,True,keywords
W2921139725,G09,0.393,0.18181818181818182,False,keywords
W2921139725,G10,0.895,0.8181818181818182,True,keywords
W2938062632,G10,0.632,1.0,True,keywords
W2952644236,G07,0.865,1.0,True,keywords
W2967934792,G04,0.632,0.3333333333333333,False,keywords
W2967934792,G08,0.865,0.6666666666666666,True,keywords
W2970425800,G11,0.95,0.6,True,keywords
W2970425800,G15,0.865,0.4,False,keywords
W2999316656,G10,0.632,1.0,True,keywords
W3004832443,G09,0.777,0.6,True,keywords
W3004832443,G10,0.632,0.4,False,keywords
W3013910396,G15,0.865,1.0,True,keywords
W3042366560,G07,0.632,0.5,True,keywords
W3042366560,G10,0.632,0.5,True,keywords
W3044012614,G10,0.713,1.0,True,keywords
W2007802448,G10,0.528,1.0,True,keywords
W2012279829,G01,0.393,1.0,True,keywords
W2084642980,G09,0.632,1.0,True,keywords
W2098068164,G09,0.393,0.2857142857142857,False,keywords
W2098068164,G10,0.713,0.7142857142857143,True,keywords
W2102022849,G04,0.865,1.0,True,keywords
W2102120068,G08,0.393,0.13333333333333333,False,keywords
W2102120068,G09,0.865,0.5333333333333333,True,keywords
W2102120068,G10,0.713,0.3333333333333333,False,keywords
W2112256663,G10,0.632,1.0,True,keywords
W2112413554,G07,0.713,1.0,True,keywords
W2121803969,G07,0.95,1.0,True,keywords
W2218932640,G08,0.528,1.0,True,keywords
W2587392492,G09,0.632,0.5,True,keywords
W2587392492,G10,0.632,0.5,True,keywords
W2784867642,G09,0.393,1.0,True,keywords
W2797670599,G10,0.393,1.0,True,keywords
W2808742274,G15,0.713,0.5555555555555556,True,keywords
W2808742274,G17,0.632,0.4444444444444444,False,keywords
W2888054527,G09,0.826,1.0,True,keywords
W2901871288,G07,0.393,1.0,True,keywords
W2973234734,G09,0.632,1.0,True,keywords
W2973890895,G08,0.393,1.0,True,keywords
W2982430485,G01,0.865,0.32,False,keywords
W2982430485,G02,0.895,0.36,True,keywords
W2982430485,G15,0.865,0.32,False,keywords
W3082442885,G10,0.632,1.0,True,keywords
W3090414982,G09,0.632,0.4444444444444444,False,keywords
W3090414982,G10,0.713,0.5555555555555556,True,keywords
W3094130593,G10,0.632,1.0,True,keywords
W3094322613,G09,0.393,1.0,True,keywords
W1509971790,G15,0.777,1.0,True,keywords
W1558310005,G07,0.713,0.5555555555555556,True,keywords
W1558310005,G20,0.632,0.4444444444444444,False,keywords
W1789706509,G10,0.393,1.0,True,keywords
W1973792807,G07,0.528,1.0,True,keywords
W2033930599,G08,0.632,0.6666666666666666,True,keywords
W2033930599,G09,0.393,0.3333333333333333,False,keywords
W2035806175,G11,0.393,1.0,True,keywords
W2163664990,G09,0.632,1.0,True,keywords
W2353714628,G10,0.713,1.0,True,keywords
W2388853496,G11,0.528,0.23076923076923078,False,keywords
W2388853496,G15,0.393,0.15384615384615385,False,keywords
W2388853496,G17,0.777,0.46153846153846156,True,keywords
W2388853496,G20,0.393,0.15384615384615385,False,keywords
W2787726379,G15,0.632,1.0,True,keywords
W2787831475,G10,0.632,0.2222222222222222,False,keywords
W2787831475,G13,0.632,0.2222222222222222,False,keywords
W2787831475,G15,0.918,0.5555555555555556,True,keywords
W2788825237,G07,0.713,1.0,True,keywords
W2803653107,G01,0.632,1.0,True,keywords
W2884719358,G15,0.528,0.2727272727272727,False,keywords
W2884719358,G17,0.865,0.7272727272727273,True,keywords
W2887062666,G09,0.895,1.0,True,keywords
W2895457126,G10,0.393,0.5,True,keywords
W2895457126,G15,0.393,0.5,True,keywords
W2897638761,G10,0.777,1.0,True,keywords
W2912111614,G15,0.393,1.0,True,keywords
W2916458212,G08,0.393,0.4,False,keywords
W2916458212,G10,0.528,0.6,True,keywords
W2940374188,G09,0.393,0.2857142857142857,False,keywords
W2940374188,G10,0.713,0.7142857142857143,True,keywords
W2944388958,G08,0.865,1.0,True,keywords
W2999987589,G10,0.777,1.0,True,keywords
W3014068542,G09,0.918,1.0,True,keywords
W3092853699,G09,0.826,1.0,True,keywords
W3164461275,G10,0.777,1.0,True,keywords
W1958796101,G08,0.393,0.15384615384615385,False,keywords
W1958796101,G09,0.713,0.38461538461538464,False,keywords
W1958796101,G10,0.777,0.46153846153846156,True,keywords
W2017782976,G10,0.632,1.0,True,keywords
W2032421162,G10,0.632,1.0,True,keywords
W2043149642,G13,0.393,1.0,True,keywords
W2132256761,G06,0.393,1.0,True,keywords
W2181641045,G10,0.632,1.0,True,keywords
W2339160972,G01,0.826,0.7,True,keywords
W2339160972,G10,0.528,0.3,False,keywords
W2526367667,G15,0.632,1.0,True,keywords
W2530291770,G06,0.632,0.18181818181818182,False,keywords
W2530291770,G11,0.865,0.36363636363636365,True,keywords
W2530291770,G15,0.777,0.2727272727272727,False,keywords
W2530291770,G20,0.632,0.18181818181818182,False,keywords
W2555008461,G11,0.393,0.14285714285714285,False,keywords
W2555008461,G15,0.95,0.8571428571428571,True,keywords
W2559991563,G15,0.393,1.0,True,keywords
W2687918288,G15,0.713,1.0,True,keywords
W2763993696,G10,0.713,1.0,True,keywords
W2773863822,G13,0.777,1.0,True,keywords
W2788778862,G08,0.393,1.0,True,keywords
W2792225863,G15,0.918,1.0,True,keywords
W2803470136,G15,0.632,1.0,True,keywords
W2807622537,G10,0.865,1.0,True,keywords
W2808652775,G10,0.865,1.0,True,keywords
W2945982138,G15,0.936,1.0,True,keywords
W2968548066,G09,0.528,0.3333333333333333,False,keywords
W2968548066,G10,0.777,0.6666666666666666,True,keywords
W2979707822,G08,0.895,1.0,True,keywords
W2996512207,G04,0.895,0.75,True,keywords
W2996512207,G10,0.528,0.25,False,keywords
W3025373602,G09,0.713,1.0,True,keywords
W3047534457,G10,0.918,1.0,True,keywords
W3092807067,G10,0.777,1.0,True,keywords
W3129034965,G10,0.393,1.0,True,keywords
W3173436063,G10,0.528,1.0,True,keywords
W3185102734,G07,0.393,1.0,True,keywords
W1727252716,G09,0.528,1.0,True,keywords
W1950519928,G15,0.826,1.0,True,keywords
W2040972376,G08,0.777,1.0,True,keywords
W2042459777,G10,0.713,1.0,True,keywords
W2103157496,G08,0.777,0.75,True,keywords
W2103157496,G09,0.393,0.25,False,keywords
W2120035146,G07,0.826,0.6363636363636364,True,keywords
W2120035146,G20,0.632,0.36363636363636365,False,keywords
W2126960378,G10,0.777,1.0,True,keywords
W2146532280,G09,0.393,1.0,True,keywords
W2218186565,G15,0.528,1.0,True,keywords
W2257624638,G14,0.528,1.0,True,keywords
W2528361396,G10,0.826,1.0,True,keywords
W2528365945,G10,0.632,1.0,True,keywords
W2620476326,G08,0.393,1.0,True,keywords
W2767715870,G09,0.528,1.0,True,keywords
W2884715656,G10,0.713,1.0,True,keywords
W2898632376,G09,0.895,0.8181818181818182,True,keywords
W2898632376,G10,0.393,0.18181818181818182,False,keywords
W2901389959,G09,0.713,1.0,True,keywords
W2901789112,G10,0.777,1.0,True,keywords
W2903442709,G01,0.961,0.7647058823529411,True,keywords
W2903442709,G17,0.632,0.23529411764705882,False,keywords
W2905789513,G09,0.632,0.4444444444444444,False,keywords
W2905789513,G10,0.713,0.5555555555555556,True,keywords
W2908581327,G10,0.528,1.0,True,keywords
W2911076612,G04,0.895,1.0,True,keywords
W2933167929,G10,0.632,1.0,True,keywords
W2981188486,G10,0.713,1.0,True,keywords
W3012592059,G10,0.713,1.0,True,keywords
W3102299888,G07,0.393,0.3333333333333333,False,keywords
W3102299888,G15,0.632,0.6666666666666666,True,keywords
W3129713250,G13,0.528,1.0,True,keywords
W3158487407,G09,0.713,1.0,True,keywords
W3184430172,G04,0.918,0.5882352941176471,True,keywords
W3184430172,G09,0.632,0.23529411764705882,False,keywords
W3184430172,G12,0.528,0.17647058823529413,False,keywords
W4207037898,G06,0.632,1.0,True,keywords
W1998272046,G04,0.895,1.0,True,keywords
W2040817985,G09,0.528,1.0,True,keywords
W2146207946,G10,0.393,1.0,True,keywords
W2255705939,G15,0.826,1.0,True,keywords
W2283324789,G09,0.713,1.0,True,keywords
W2301766697,G08,0.393,1.0,True,keywords
W2338004063,G02,0.393,0.5,True,keywords
W2338004063,G06,0.393,0.5,True,keywords
W2473843445,G02,0.393,0.16666666666666666,False,keywords
W2473843445,G06,0.393,0.16666666666666666,False,keywords
W2473843445,G15,0.865,0.6666666666666666,True,keywords
W2586110918,G08,0.895,1.0,True,keywords
W2613099807,G15,0.393,1.0,True,keywords
W2731710622,G07,0.632,0.5,True,keywords
W2731710622,G12,0.632,0.5,True,keywords
W2765345871,G09,0.528,1.0,True,keywords
W2770750490,G06,0.632,0.18181818181818182,False,keywords
W2770750490,G15,0.989,0.8181818181818182,True,keywords
W2790433108,G10,0.528,1.0,True,keywords
W2809119234,G09,0.393,0.25,False,keywords
W2809119234,G10,0.777,0.75,True,keywords
W2891831445,G09,0.393,0.2857142857142857,False,keywords
W2891831445,G10,0.713,0.7142857142857143,True,keywords
W2902594128,G10,0.393,1.0,True,keywords
W2908301845,G08,0.528,1.0,True,keywords
W2965053342,G10,0.632,1.0,True,keywords
W3025311015,G09,0.528,0.42857142857142855,False,keywords
W3025311015,G10,0.632,0.5714285714285714,True,keywords
W3032564094,G10,0.393,1.0,True,keywords
W3037409320,G10,0.632,1.0,True,keywords
W3045398045,G10,0.713,1.0,True,keywords
W3081237589,G15,0.961,1.0,True,keywords
W3149083586,G08,0.393,1.0,True,keywords
W3192998135,G08,0.393,1.0,True,keywords
W3200314231,G09,0.632,1.0,True,keywords
W3202481994,G09,0.865,1.0,True,keywords
W4212832243,G15,0.895,1.0,True,keywords
W4213283168,G10,0.393,1.0,True,keywords
W1523160817,G08,0.826,1.0,True,keywords
W1825258008,G09,0.865,1.0,True,keywords
W1989993864,G07,0.826,1.0,True,keywords
W2050632444,G08,0.528,1.0,True,keywords
W2081727548,G09,0.393,1.0,True,keywords
W2096963148,G10,0.713,1.0,True,keywords
W2129646914,G08,0.528,1.0,True,keywords
W2417380162,G07,0.632,1.0,True,keywords
W2783392452,G19,0.713,1.0,True,keywords
W2792580324,G09,0.393,1.0,True,keywords
W2797591528,G08,0.865,1.0,True,keywords
W2887228276,G07,0.632,1.0,True,keywords
W2900769039,G09,0.895,0.6428571428571429,True,keywords
W2900769039,G10,0.713,0.35714285714285715,False,keywords
W2994739888,G09,0.632,1.0,True,keywords
W3032123541,G10,0.826,0.6363636363636364,True,keywords
W3032123541,G13,0.632,0.36363636363636365,False,keywords
W3042699671,G13,0.918,1.0,True,keywords
W3096252611,G11,0.393,0.25,False,keywords
W3096252611,G15,0.777,0.75,True,keywords
W3127656936,G15,0.393,1.0,True,keywords
W3132075854,G10,0.632,1.0,True,keywords
W3158064058,G09,0.393,0.2857142857142857,False,keywords
W3158064058,G10,0.713,0.7142857142857143,True,keywords
W3158717801,G10,0.393,1.0,True,keywords
W3186608912,G09,0.777,1.0,True,keywords
W4200045998,G10,0.632,0.36363636363636365,False,keywords
W4200045998,G11,0.393,0.18181818181818182,False,keywords
W4200045998,G15,0.713,0.45454545454545453,True,keywords
W4225278575,G10,0.632,0.6666666666666666,True,keywords
W4225278575,G15,0.393,0.3333333333333333,False,keywords
W4285108699,G09,0.713,1.0,True,keywords
W4288696347,G09,0.393,1.0,True,keywords
W1977484140,G08,0.777,1.0,True,keywords
W1984133168,G10,0.528,1.0,True,keywords
W2094961820,G07,0.826,1.0,True,keywords
W2126564605,G13,0.528,1.0,True,keywords
W2150041026,G08,0.865,1.0,True,keywords
W2161887506,G07,0.918,0.8333333333333334,True,keywords
W2161887506,G08,0.393,0.16666666666666666,False,keywords
W2167263226,G01,0.632,1.0,True,keywords
W2210184605,G10,0.777,1.0,True,keywords
W2613827138,G10,0.632,0.6666666666666666,True,keywords
W2613827138,G15,0.393,0.3333333333333333,False,keywords
W2751128580,G10,0.632,0.36363636363636365,False,keywords
W2751128580,G13,0.826,0.6363636363636364,True,keywords
W2791413189,G04,0.393,1.0,True,keywords
W2889804608,G09,0.528,1.0,True,keywords
W2905518067,G08,0.528,1.0,True,keywords
W2941118727,G09,0.528,0.25,False,keywords
W2941118727,G10,0.895,0.75,True,keywords
W2988260078,G15,0.393,1.0,True,keywords
W2989916624,G07,0.393,1.0,True,keywords
W2991031472,G10,0.632,0.6666666666666666,True,keywords
W2991031472,G15,0.393,0.3333333333333333,False,keywords
W2994806686,G01,0.865,0.5333333333333333,True,keywords
W2994806686,G11,0.393,0.13333333333333333,False,keywords
W2994806686,G17,0.713,0.3333333333333333,False,keywords
W3087007336,G07,0.393,1.0,True,keywords
W3088871856,G10,0.777,0.6,True,keywords
W3088871856,G15,0.632,0.4,False,keywords
W3125556989,G15,0.95,1.0,True,keywords
W3130727437,G10,0.632,0.6666666666666666,True,keywords
W3130727437,G15,0.393,0.3333333333333333,False,keywords
W3161229828,G15,0.632,1.0,True,keywords
W3161237948,G15,0.936,1.0,True,keywords
W3180459568,G09,0.632,1.0,True,keywords
W3191778248,G09,0.632,1.0,True,keywords
W4200005563,G15,0.961,1.0,True,keywords
W4206621922,G09,0.777,1.0,True,keywords
W4283018982,G07,0.632,1.0,True,keywords
W4285391730,G10,0.632,1.0,True,keywords
W4293775622,G15,0.95,1.0,True,keywords
W2005224730,G10,0.393,1.0,True,keywords
W2007571539,G10,0.393,1.0,True,keywords
W2057744439,G08,0.895,1.0,True,keywords
W2074534546,G09,0.632,1.0,True,keywords
W2410934027,G15,0.895,1.0,True,keywords
W2576314939,G09,0.865,1.0,True,keywords
W2627550718,G09,0.976,1.0,True,keywords
W2963152353,G09,0.632,1.0,True,keywords
W3001079648,G10,0.826,1.0,True,keywords
W3026383067,G10,0.777,1.0,True,keywords
W3035464529,G09,0.777,1.0,True,keywords
W3058498590,G07,0.632,1.0,True,keywords
W3097946331,G09,0.393,1.0,True,keywords
W3107653229,G10,0.713,1.0,True,keywords
W3134729812,G09,0.895,1.0,True,keywords
W3199711130,G06,0.393,0.16666666666666666,False,keywords
W3199711130,G15,0.918,0.8333333333333334,True,keywords
W3201596781,G15,0.895,1.0,True,keywords
W3206154668,G09,0.632,1.0,True,keywords
W4206129360,G15,0.865,1.0,True,keywords
W4214715882,G09,0.393,1.0,True,keywords
W4251801791,G10,0.393,1.0,True,keywords
W4292263360,G15,0.895,1.0,True,keywords
W4297312551,G10,0.713,1.0,True,keywords
W4303184032,G07,0.895,1.0,True,keywords
W4327728407,G10,0.713,1.0,True,keywords
W2255846762,G10,0.632,0.3333333333333333,False,keywords
W2255846762,G11,0.393,0.16666666666666666,False,keywords
W2255846762,G15,0.777,0.5,True,keywords
W2511652108,G09,0.865,1.0,True,keywords
W2560066359,G06,0.895,0.6923076923076923,True,keywords
W2560066359,G15,0.632,0.3076923076923077,False,keywords
W2603300648,G04,0.632,1.0,True,keywords
W2611391227,G09,0.393,1.0,True,keywords
W2891724679,G08,0.865,0.8,True,keywords
W2891724679,G09,0.393,0.2,False,keywords
W2965127969,G09,0.632,1.0,True,keywords
W3008616051,G07,0.632,1.0,True,keywords
W3048527553,G09,0.95,0.8,True,keywords
W3048527553,G10,0.528,0.2,False,keywords
W3082531223,G09,0.865,1.0,True,keywords
W3098933047,G09,0.528,1.0,True,keywords
W3120627373,G07,0.632,1.0,True,keywords
W3126854510,G06,0.895,1.0,True,keywords
W3128069985,G15,0.865,1.0,True,keywords
W3128934535,G09,0.393,1.0,True,keywords
W3191937297,G08,0.393,1.0,True,keywords
W3205006499,G09,0.918,0.8333333333333334,True,keywords
W3205006499,G10,0.393,0.16666666666666666,False,keywords
W4210750982,G15,0.895,1.0,True,keywords
W4210940462,G20,0.713,1.0,True,keywords
W4281785693,G15,0.528,1.0,True,keywords
W4304786617,G08,0.393,1.0,True,keywords
W4366351131,G04,0.528,0.2727272727272727,False,keywords
W4366351131,G09,0.865,0.7272727272727273,True,keywords
W4372331314,G08,0.865,1.0,True,keywords
W2075421495,G08,0.777,1.0,True,keywords
W2150871913,G10,0.632,0.2857142857142857,False,keywords
W2150871913,G15,0.918,0.7142857142857143,True,keywords
W2326340481,G10,0.713,1.0,True,keywords
W2742690406,G04,0.713,0.625,True,keywords
W2742690406,G08,0.528,0.375,False,keywords
W2903775650,G06,0.632,1.0,True,keywords
W2952244661,G10,0.393,0.16666666666666666,False,keywords
W2952244661,G15,0.918,0.8333333333333334,True,keywords
W2965601891,G01,0.895,1.0,True,keywords
W3004344054,G15,0.826,1.0,True,keywords
W3005104687,G08,0.393,0.2222222222222222,False,keywords
W3005104687,G10,0.826,0.7777777777777778,True,keywords
W3022882287,G01,0.95,1.0,True,keywords
W3131248611,G10,0.632,1.0,True,keywords
W3178637665,G10,0.632,0.4444444444444444,False,keywords
W3178637665,G15,0.713,0.5555555555555556,True,keywords
W3183395603,G07,0.632,1.0,True,keywords
W3206515476,G09,0.393,1.0,True,keywords
W3206985432,G09,0.777,0.6,True,keywords
W3206985432,G12,0.632,0.4,False,keywords
W4206289143,G09,0.393,0.5,True,keywords
W4206289143,G10,0.393,0.5,True,keywords
W4210847003,G06,0.713,1.0,True,keywords
W4212938529,G07,0.632,1.0,True,keywords
W4214839205,G15,0.895,1.0,True,keywords
W4220660015,G06,0.895,0.5625,True,keywords
W4220660015,G10,0.713,0.3125,False,keywords
W4220660015,G15,0.393,0.125,False,keywords
W4223585913,G10,0.713,1.0,True,keywords
W4312075449,G09,0.865,1.0,True,keywords
W4320032897,G01,0.998,1.0,True,keywords
W4323075738,G09,0.865,1.0,True,keywords
W4360603534,G10,0.632,1.0,True,keywords
W4362633408,G08,0.393,0.3333333333333333,False,keywords
W4362633408,G09,0.632,0.6666666666666666,True,keywords
W4381436708,G10,0.777,1.0,True,keywords
W4383187257,G09,0.528,1.0,True,keywords
W4389082639,G10,0.528,1.0,True,keywords
W2074199364,G04,0.632,0.3076923076923077,False,keywords
W2074199364,G08,0.895,0.6923076923076923,True,keywords
W2085705955,G08,0.393,0.4,False,keywords
W2085705955,G09,0.528,0.6,True,keywords
W2125695851,G10,0.632,1.0,True,keywords
W2903731232,G10,0.865,1.0,True,keywords
W2965730733,G08,0.393,0.14285714285714285,False,keywords
W2965730733,G10,0.393,0.14285714285714285,False,keywords
W2965730733,G15,0.918,0.7142857142857143,True,keywords
W2968365073,G10,0.777,1.0,True,keywords
W3022514035,G10,0.632,1.0,True,keywords
W3135948644,G10,0.713,1.0,True,keywords
W3186044681,G15,0.936,1.0,True,keywords
W3195401124,G06,0.713,0.5,True,keywords
W3195401124,G15,0.713,0.5,True,keywords
W3208354111,G09,0.777,0.375,False,keywords
W3208354111,G10,0.918,0.625,True,keywords
W3208903789,G15,0.777,1.0,True,keywords
W4280562727,G09,0.393,1.0,True,keywords
W4309242901,G08,0.393,0.18181818181818182,False,keywords
W4309242901,G15,0.826,0.6363636363636364,True,keywords
W4309242901,G20,0.393,0.18181818181818182,False,keywords
W4311526951,G02,0.393,0.10526315789473684,False,keywords
W4311526951,G06,0.895,0.47368421052631576,True,keywords
W4311526951,G15,0.865,0.42105263157894735,False,keywords
W4318478870,G07,0.393,1.0,True,keywords
W4323356636,G09,0.393,0.2,False,keywords
W4323356636,G11,0.393,0.2,False,keywords
W4323356636,G14,0.632,0.4,True,keywords
W4323356636,G15,0.393,0.2,False,keywords
W4362635920,G10,0.632,0.36363636363636365,False,keywords
W4362635920,G15,0.826,0.6363636363636364,True,keywords
W4366234710,G09,0.918,0.7142857142857143,True,keywords
W4366234710,G10,0.632,0.2857142857142857,False,keywords
W4383873021,G14,0.632,0.3076923076923077,False,keywords
W4383873021,G15,0.895,0.6923076923076923,True,keywords
W2462612222,G09,0.632,1.0,True,keywords
W2742771698,G02,0.528,0.21428571428571427,False,keywords
W2742771698,G15,0.777,0.42857142857142855,True,keywords
W2742771698,G17,0.713,0.35714285714285715,False,keywords
W2896753632,G13,0.632,1.0,True,keywords
W2946401254,G10,0.982,0.8,True,keywords
W2946401254,G12,0.632,0.2,False,keywords
W2988400381,G10,0.393,1.0,True,keywords
W3045090575,G09,0.713,0.35714285714285715,False,keywords
W3045090575,G10,0.895,0.6428571428571429,True,keywords
W3046779488,G10,0.777,1.0,True,keywords
W3090966632,G09,0.393,1.0,True,keywords
W3093874692,G15,0.895,0.47368421052631576,False,keywords
W3093874692,G17,0.918,0.5263157894736842,True,keywords
W3133558448,G15,0.713,1.0,True,keywords
W3134104694,G09,0.632,0.6666666666666666,True,keywords
W3134104694,G10,0.393,0.3333333333333333,False,keywords
W3170427117,G15,0.528,1.0,True,keywords
W3183484016,G09,0.393,1.0,True,keywords
W4205661811,G15,0.632,1.0,True,keywords
W4214737249,G09,0.528,0.3333333333333333,False,keywords
W4214737249,G10,0.777,0.6666666666666666,True,keywords
W4220994173,G10,0.632,1.0,True,keywords
W4224280202,G01,0.528,1.0,True,keywords
W4229028124,G01,0.713,1.0,True,keywords
W4283820480,G15,0.632,1.0,True,keywords
W4306717464,G08,0.865,0.6153846153846154,True,keywords
W4306717464,G09,0.713,0.38461538461538464,False,keywords
W4312159346,G10,0.632,1.0,True,keywords
W4317532129,G10,0.393,1.0,True,keywords
W4378746591,G09,0.393,0.3333333333333333,False,keywords
W4378746591,G12,0.632,0.6666666666666666,True,keywords
W4382199204,G07,0.895,0.6923076923076923,True,keywords
W4382199204,G10,0.632,0.3076923076923077,False,keywords
W4399760456,G07,0.393,1.0,True,keywords
W2110790684,G02,0.393,0.16666666666666666,False,keywords
W2110790684,G06,0.918,0.8333333333333334,True,keywords
W2270731020,G09,0.393,1.0,True,keywords
W2970484470,G10,0.713,1.0,True,keywords
W2990534881,G07,0.713,0.7142857142857143,True,keywords
W2990534881,G08,0.393,0.2857142857142857,False,keywords
W3011898120,G09,0.393,0.2857142857142857,False,keywords
W3011898120,G10,0.713,0.7142857142857143,True,keywords
W3024837702,G10,0.918,1.0,True,keywords
W3093209408,G10,0.393,1.0,True,keywords
W3129941784,G10,0.528,1.0,True,keywords
W3134506040,G09,0.393,1.0,True,keywords
W3148203418,G09,0.713,0.5555555555555556,True,keywords
W3148203418,G10,0.632,0.4444444444444444,False,keywords
W3163503391,G10,0.393,1.0,True,keywords
W3175931126,G10,0.632,1.0,True,keywords
W3215753662,G09,0.713,0.45454545454545453,False,keywords
W3215753662,G10,0.777,0.5454545454545454,True,keywords
W4206702824,G07,0.777,0.6,True,keywords
W4206702824,G10,0.632,0.4,False,keywords
W4210742113,G04,0.632,1.0,True,keywords
W4296363024,G12,0.632,1.0,True,keywords
W4311901207,G08,0.826,0.6363636363636364,True,keywords
W4311901207,G09,0.393,0.18181818181818182,False,keywords
W4311901207,G10,0.393,0.18181818181818182,False,keywords
W4313274931,G10,0.95,0.6666666666666666,True,keywords
W4313274931,G13,0.632,0.2222222222222222,False,keywords
W4313274931,G15,0.393,0.1111111111111111,False,keywords
W4313462160,G09,0.865,0.6666666666666666,True,keywords
W4313462160,G10,0.632,0.3333333333333333,False,keywords
W4318481844,G07,0.393,1.0,True,keywords
W4323531852,G09,0.777,1.0,True,keywords
W4376131395,G07,0.393,1.0,True,keywords
W4377940574,G09,0.976,0.8823529411764706,True,keywords
W4377940574,G10,0.393,0.11764705882352941,False,keywords
W4387121002,G15,0.713,1.0,True,keywords
W4390590383,G07,0.713,1.0,True,keywords
W1964125203,G03,0.632,1.0,True,keywords
W2090673032,G08,0.528,1.0,True,keywords
W2769733750,G07,0.632,1.0,True,keywords
W2901743875,G10,0.777,0.4,False,keywords
W2901743875,G15,0.895,0.6,True,keywords
W2970634756,G07,0.632,1.0,True,keywords
W3012375300,G12,0.865,1.0,True,keywords
W3041082742,G06,0.393,0.25,False,keywords
W3041082742,G14,0.632,0.5,True,keywords
W3041082742,G15,0.393,0.25,False,keywords
W3086745744,G06,0.713,0.5555555555555556,True,keywords
W3086745744,G07,0.632,0.4444444444444444,False,keywords
W3208552193,G13,0.393,1.0,True,keywords
W4214817221,G09,0.528,1.0,True,keywords
W4281711875,G10,0.895,1.0,True,keywords
W4281771478,G10,0.632,1.0,True,keywords
W4283731590,G01,0.632,1.0,True,keywords
W4306179861,G09,0.632,0.5,True,keywords
W4306179861,G12,0.632,0.5,True,keywords
W4312127302,G12,0.632,0.2857142857142857,False,keywords
W4312127302,G15,0.918,0.7142857142857143,True,keywords
W4318043112,G15,0.895,1.0,True,keywords
W4321202147,G10,0.713,0.7142857142857143,True,keywords
W4321202147,G15,0.393,0.2857142857142857,False,keywords
W4321329184,G09,0.393,1.0,True,keywords
W4384281967,G09,0.777,0.6,True,keywords
W4384281967,G10,0.632,0.4,False,keywords
W4385644808,G09,0.632,1.0,True,keywords
W4386994018,G10,0.528,0.5,True,keywords
W4386994018,G15,0.528,0.5,True,keywords
W4387024761,G10,0.713,1.0,True,keywords
W4388035108,G15,0.936,1.0,True,keywords
W4389069030,G09,0.865,0.7272727272727273,True,keywords
W4389069030,G10,0.528,0.2727272727272727,False,keywords
W4389924834,G11,0.632,1.0,True,keywords
W4390272313,G09,0.713,1.0,True,keywords
W4390730475,G09,0.961,0.5416666666666666,True,keywords
W4390730475,G10,0.777,0.25,False,keywords
W4390730475,G11,0.713,0.20833333333333334,False,keywords
W4399882610,G08,0.393,1.0,True,keywords
W1586887594,G09,0.865,1.0,True,keywords
W3204484990,G10,0.632,1.0,True,keywords
W3207280959,G15,0.996,1.0,True,keywords
W4283747346,G10,0.895,1.0,True,keywords
W4289598160,G04,0.713,0.5,True,keywords
W4289598160,G09,0.528,0.3,False,keywords
W4289598160,G15,0.393,0.2,False,keywords
W4292386789,G09,0.632,0.5,True,keywords
W4292386789,G10,0.632,0.5,True,keywords
W4296608851,G07,0.777,1.0,True,keywords
W4307549508,G10,0.393,1.0,True,keywords
W4309506011,G07,0.393,1.0,True,keywords
W4312193938,G06,0.713,0.45454545454545453,False,keywords
W4312193938,G15,0.777,0.5454545454545454,True,keywords
W4319593531,G10,0.632,1.0,True,keywords
W4327771961,G09,0.632,1.0,True,keywords
W4362671532,G09,0.632,0.5714285714285714,True,keywords
W4362671532,G10,0.528,0.42857142857142855,False,keywords
W4384397881,G09,0.936,1.0,True,keywords
W4385330060,G09,0.865,1.0,True,keywords
W4385633422,G01,0.826,1.0,True,keywords
W4387728825,G07,0.918,1.0,True,keywords
W4388617959,G13,0.632,1.0,True,keywords
W4388997121,G07,0.865,0.7272727272727273,True,keywords
W4388997121,G14,0.528,0.2727272727272727,False,keywords
W4389671979,G09,0.826,1.0,True,keywords
W4390546152,G09,0.528,1.0,True,keywords
W4392816932,G08,0.393,0.25,False,keywords
W4392816932,G09,0.528,0.375,True,keywords
W4392816932,G10,0.528,0.375,True,keywords
W4410485767,G15,0.918,1.0,True,keywords
W3207335409,G08,0.895,1.0,True,keywords
W4242926049,G11,0.393,1.0,True,keywords
W4283030276,G15,0.895,0.5294117647058824,True,keywords
W4283030276,G17,0.777,0.35294117647058826,False,keywords
W4283030276,G20,0.393,0.11764705882352941,False,keywords
W4283263137,G09,0.713,0.29411764705882354,False,keywords
W4283263137,G10,0.393,0.11764705882352941,False,keywords
W4283263137,G15,0.918,0.5882352941176471,True,keywords
W4306664517,G10,0.393,1.0,True,keywords
W4312129768,G09,0.632,1.0,True,keywords
W4313577907,G09,0.713,1.0,True,keywords
W4317888519,G04,0.393,0.16666666666666666,False,keywords
W4317888519,G09,0.918,0.8333333333333334,True,keywords
W4365152822,G10,0.713,1.0,True,keywords
W4367040759,G09,0.865,1.0,True,keywords
W4385710584,G06,0.895,1.0,True,keywords
W4386117052,G09,0.713,0.625,True,keywords
W4386117052,G10,0.528,0.375,False,keywords
W4386117125,G09,0.777,1.0,True,keywords
W4387326407,G10,0.632,1.0,True,keywords
W4387517289,G15,0.632,1.0,True,keywords
W4389868155,G12,0.528,1.0,True,keywords
W4391211475,G15,0.777,1.0,True,keywords
W4392948093,G09,0.713,0.7142857142857143,True,keywords
W4392948093,G10,0.393,0.2857142857142857,False,keywords
W4395478007,G10,0.393,1.0,True,keywords
W4396892963,G10,0.632,1.0,True,keywords
W4399035650,G09,0.713,1.0,True,keywords
W4400159602,G09,0.895,1.0,True,keywords
W4400664814,G09,0.632,1.0,True,keywords
W4401475391,G12,0.632,1.0,True,keywords
W4402682523,G09,0.632,1.0,True,keywords
W4404216834,G10,0.632,1.0,True,keywords
W4404618496,G09,0.528,1.0,True,keywords
W4406499548,G10,0.777,0.6666666666666666,True,keywords
W4406499548,G15,0.528,0.3333333333333333,False,keywords
W3118039773,G09,0.632,0.5714285714285714,True,keywords
W3118039773,G10,0.528,0.42857142857142855,False,keywords
W3131544685,G11,0.393,1.0,True,keywords
W3178516565,G01,0.961,1.0,True,keywords
W4205969973,G10,0.777,1.0,True,keywords
W4221126547,G15,0.393,1.0,True,keywords
W4223590379,G01,0.918,0.45454545454545453,False,keywords
W4223590379,G08,0.95,0.5454545454545454,True,keywords
W4282835265,G09,0.777,0.5,True,keywords
W4282835265,G10,0.777,0.5,True,keywords
W4285040471,G08,0.393,0.25,False,keywords
W4285040471,G09,0.632,0.5,True,keywords
W4285040471,G11,0.393,0.25,False,keywords
W4307969059,G10,0.393,0.3333333333333333,False,keywords
W4307969059,G15,0.632,0.6666666666666666,True,keywords
W4318542995,G08,0.393,0.3333333333333333,False,keywords
W4318542995,G15,0.632,0.6666666666666666,True,keywords
W4360939157,G09,0.713,0.5555555555555556,True,keywords
W4360939157,G10,0.632,0.4444444444444444,False,keywords
W4366742340,G01,0.961,1.0,True,keywords
W4385406510,G15,0.632,1.0,True,keywords
W4386857406,G09,0.393,0.5,True,keywords
W4386857406,G10,0.393,0.5,True,keywords
W4387964869,G06,0.713,0.5555555555555556,True,keywords
W4387964869,G10,0.632,0.4444444444444444,False,keywords
W4388627915,G08,0.393,1.0,True,keywords
W4388966582,G09,0.713,0.7142857142857143,True,keywords
W4388966582,G10,0.393,0.2857142857142857,False,keywords
W4389490852,G09,0.393,1.0,True,keywords
W4390226503,G08,0.393,1.0,True,keywords
W4394063742,G10,0.632,1.0,True,keywords
W4399118161,G07,0.936,1.0,True,keywords
W4399684042,G09,0.393,1.0,True,keywords
W4399892073,G08,0.393,0.3333333333333333,False,keywords
W4399892073,G10,0.632,0.6666666666666666,True,keywords
W4400521125,G09,0.393,1.0,True,keywords
W4402136352,G06,0.777,1.0,True,keywords
W4402565993,G10,0.528,1.0,True,keywords
W4403028483,G09,0.895,0.6,True,keywords
W4403028483,G11,0.777,0.4,False,keywords
W4404135897,G09,0.393,1.0,True,keywords
W3199136735,G08,0.393,0.13333333333333333,False,keywords
W3199136735,G15,0.961,0.8666666666666667,True,keywords
W4288749652,G09,0.632,1.0,True,keywords
W4383684827,G12,0.632,1.0,True,keywords
W4389130655,G10,0.393,1.0,True,keywords
W4390617266,G15,0.986,1.0,True,keywords
W4390818133,G08,0.393,0.5,True,keywords
W4390818133,G20,0.393,0.5,True,keywords
W4394845027,G06,0.777,1.0,True,keywords
W4395115414,G10,0.393,1.0,True,keywords
W4399019805,G09,0.777,1.0,True,keywords
W4405046052,G09,0.632,0.4,False,keywords
W4405046052,G10,0.777,0.6,True,keywords
W4406216844,G08,0.936,0.8461538461538461,True,keywords
W4406216844,G11,0.393,0.15384615384615385,False,keywords
W4407625049,G09,0.393,1.0,True,keywords
W4411278758,G15,0.777,1.0,True,keywords
W4283580214,G01,0.393,1.0,True,keywords
W4317940537,G10,0.528,1.0,True,keywords
W4366813921,G09,0.632,1.0,True,keywords
W4367834360,G09,0.895,0.6,True,keywords
W4367834360,G10,0.777,0.4,False,keywords
W4385484170,G01,0.777,1.0,True,keywords
W4386878113,G10,0.393,1.0,True,keywords
W4389326785,G15,0.826,1.0,True,keywords
W4391263173,G10,0.632,0.23529411764705882,False,keywords
W4391263173,G12,0.632,0.23529411764705882,False,keywords
W4391263173,G15,0.895,0.5294117647058824,True,keywords
W4391381037,G08,0.97,1.0,True,keywords
W4393167374,G09,0.777,1.0,True,keywords
W4395469111,G13,0.632,1.0,True,keywords
W4399021643,G09,0.632,1.0,True,keywords
W4400142770,G09,0.393,0.3333333333333333,False,keywords
W4400142770,G10,0.632,0.6666666666666666,True,keywords
W4400930731,G09,0.713,1.0,True,keywords
W4400953204,G09,0.865,0.8,True,keywords
W4400953204,G10,0.393,0.2,False,keywords
W4401593814,G10,0.713,0.7142857142857143,True,keywords
W4401593814,G11,0.393,0.2857142857142857,False,keywords
W4401696467,G04,0.393,1.0,True,keywords
W4402725591,G10,0.393,1.0,True,keywords
W4404006069,G10,0.777,1.0,True,keywords
W4404188622,G12,0.632,1.0,True,keywords
W4405176093,G09,0.713,0.5555555555555556,True,keywords
W4405176093,G10,0.632,0.4444444444444444,False,keywords
W4405972116,G09,0.528,1.0,True,keywords
W4406070178,G10,0.393,1.0,True,keywords
W4407893620,G12,0.528,1.0,True,keywords
W4408177085,G13,0.632,0.5714285714285714,True,keywords
W4408177085,G15,0.528,0.42857142857142855,False,keywords
W4410252746,G04,0.895,1.0,True,keywords
W4410512821,G04,0.936,0.6111111111111112,True,keywords
W4410512821,G10,0.713,0.2777777777777778,False,keywords
W4410512821,G11,0.393,0.1111111111111111,False,keywords
W4411857734,G09,0.895,0.8181818181818182,True,keywords
W4411857734,G10,0.393,0.18181818181818182,False,keywords
W4412429545,G08,0.895,1.0,True,keywords
W4412430885,G10,0.632,0.4444444444444444,False,keywords
W4412430885,G15,0.713,0.5555555555555556,True,keywords
W4412848908,G09,0.713,0.5,True,keywords
W4412848908,G10,0.713,0.5,True,keywords
W4413043040,G09,0.826,1.0,True,keywords
W4414742888,G06,0.865,0.5333333333333333,True,keywords
W4414742888,G15,0.826,0.4666666666666667,False,keywords
W4415340371,G09,0.826,1.0,True,keywords
W4416589110,G12,0.528,1.0,True,keywords
W4211152964,G09,0.632,1.0,True,keywords
W4328050596,G08,0.528,1.0,True,keywords
W4396222672,G10,0.777,1.0,True,keywords
W4396780780,G07,0.895,1.0,True,keywords
W4399446738,G15,0.826,1.0,True,keywords
W4400525681,G07,0.393,0.2857142857142857,False,keywords
W4400525681,G10,0.713,0.7142857142857143,True,keywords
W4403492378,G09,0.393,1.0,True,keywords
W4406051492,G08,0.393,1.0,True,keywords
W4406063083,G08,0.895,1.0,True,keywords
W4407462451,G10,0.777,1.0,True,keywords
W4407626258,G10,0.632,1.0,True,keywords
W4407764833,G07,0.777,1.0,True,keywords
W4408732685,G10,0.393,0.4,False,keywords
W4408732685,G15,0.528,0.6,True,keywords
W4408921397,G10,0.393,1.0,True,keywords
W4409360507,G02,0.528,1.0,True,keywords
W4409944435,G09,0.777,1.0,True,keywords
W4411067044,G08,0.393,0.5,True,keywords
W4411067044,G10,0.393,0.5,True,keywords
W4411199826,G10,0.777,1.0,True,keywords
W4411535982,G10,0.826,1.0,True,keywords
W4412486979,G10,0.393,0.25,False,keywords
W4412486979,G15,0.777,0.75,True,keywords
W4412546531,G11,0.528,1.0,True,keywords
W4412708363,G10,0.393,1.0,True,keywords
W4412714137,G09,0.393,1.0,True,keywords
W4413387671,G09,0.393,0.4,False,keywords
W4413387671,G10,0.528,0.6,True,keywords
W4413780923,G01,0.393,0.14285714285714285,False,keywords
W4413780923,G08,0.95,0.8571428571428571,True,keywords
W4413869954,G12,0.528,1.0,True,keywords
W4413929596,G07,0.865,1.0,True,keywords
W4414422628,G09,0.777,1.0,True,keywords
W4414837467,G10,0.632,1.0,True,keywords
W4415222559,G10,0.632,1.0,True,keywords
W4415263322,G09,0.632,0.4,False,keywords
W4415263322,G11,0.777,0.6,True,keywords
W4415476675,G10,0.528,1.0,True,keywords
W4416458764,G10,0.632,0.13333333333333333,False,keywords
W4416458764,G15,0.998,0.8666666666666667,True,keywords
W4417066114,G10,0.713,1.0,True,keywords
W4417498281,G10,0.895,1.0,True,keywords
W7124425391,G09,0.393,0.2857142857142857,False,keywords
W7124425391,G10,0.713,0.7142857142857143,True,keywords
W7128220280,G09,0.528,1.0,True,keywords
W7134210130,G09,0.865,0.6666666666666666,True,keywords
W7134210130,G10,0.632,0.3333333333333333,False,keywords
W7162104583,G09,0.632,0.2222222222222222,False,keywords
W7162104583,G10,0.97,0.7777777777777778,True,keywords
W7164124700,G08,0.936,1.0,True,keywords
W3092262669,G10,0.393,0.3333333333333333,False,keywords
W3092262669,G12,0.632,0.6666666666666666,True,keywords
W4223643119,G01,0.713,0.29411764705882354,False,keywords
W4223643119,G08,0.95,0.7058823529411765,True,keywords
W4401342341,G09,0.393,0.5,True,keywords
W4401342341,G10,0.393,0.5,True,keywords
W4402281692,G10,0.632,1.0,True,keywords
W4403614313,G09,0.777,0.6,True,keywords
W4403614313,G10,0.632,0.4,False,keywords
W4405965425,G09,0.393,1.0,True,keywords
W4408454522,G01,0.826,0.6363636363636364,True,keywords
W4408454522,G20,0.632,0.36363636363636365,False,keywords
W4411309821,G09,0.528,1.0,True,keywords
W4413136237,G09,0.528,1.0,True,keywords
W4413402124,G09,0.393,0.4,False,keywords
W4413402124,G10,0.528,0.6,True,keywords
W4414689979,G09,0.528,0.42857142857142855,False,keywords
W4414689979,G11,0.632,0.5714285714285714,True,keywords
W4414939430,G09,0.393,0.5,True,keywords
W4414939430,G10,0.393,0.5,True,keywords
W4414984826,G09,0.713,1.0,True,keywords
W4417067378,G15,0.777,1.0,True,keywords
W4417085634,G09,0.713,0.625,True,keywords
W4417085634,G10,0.528,0.375,False,keywords
W4417520084,G09,0.393,1.0,True,keywords
W7131092036,G01,0.777,0.75,True,keywords
W7131092036,G09,0.393,0.25,False,keywords
W7133338152,G09,0.777,1.0,True,keywords
W7169577117,G10,0.528,1.0,True,keywords
W7213404981,G08,0.777,1.0,True,keywords
W1987390146,G15,0.528,1.0,True,keywords
W2171743091,G10,0.528,1.0,True,keywords
W2126508897,G06,0.632,1.0,True,keywords
W2165801889,G01,0.895,1.0,True,keywords
W2617803114,G16,0.393,1.0,True,keywords
W2160478070,G09,0.713,1.0,True,keywords
W2233570455,G09,0.865,0.8,True,keywords
W2233570455,G10,0.393,0.2,False,keywords
W2789900966,G07,0.777,1.0,True,keywords
W2020591438,G13,0.632,1.0,True,keywords
W2083403487,G09,0.528,1.0,True,keywords
W2754357035,G10,0.713,1.0,True,keywords
W2810713590,G10,0.865,1.0,True,keywords
W1968886644,G08,0.393,1.0,True,keywords
W2073049517,G11,0.393,1.0,True,keywords
W2582094960,G06,0.632,0.2222222222222222,False,keywords
W2582094960,G13,0.713,0.2777777777777778,False,keywords
W2582094960,G14,0.393,0.1111111111111111,False,keywords
W2582094960,G15,0.826,0.3888888888888889,True,keywords
W2604894752,G09,0.895,1.0,True,keywords
W2612756106,G07,0.713,0.5,True,keywords
W2612756106,G12,0.713,0.5,True,keywords
W2790410590,G09,0.632,0.5,True,keywords
W2790410590,G10,0.632,0.5,True,keywords
W2903428711,G10,0.865,1.0,True,keywords
W1596535979,G09,0.528,1.0,True,keywords
W2063506842,G09,0.632,1.0,True,keywords
W2806578588,G15,0.528,1.0,True,keywords
W2884547651,G15,0.865,0.6666666666666666,True,keywords
W2884547651,G19,0.632,0.3333333333333333,False,keywords
W1996342073,G12,0.528,1.0,True,keywords
W2026835540,G09,0.528,0.3333333333333333,True,keywords
W2026835540,G10,0.528,0.3333333333333333,True,keywords
W2026835540,G12,0.528,0.3333333333333333,True,keywords
W2058963482,G07,0.826,0.7777777777777778,True,keywords
W2058963482,G08,0.393,0.2222222222222222,False,keywords
W2096881103,G04,0.713,1.0,True,keywords
W2125316846,G09,0.632,1.0,True,keywords
W2155825356,G01,0.989,1.0,True,keywords
W2900410858,G06,0.632,0.25,False,keywords
W2900410858,G15,0.95,0.75,True,keywords
W2910643895,G07,0.713,1.0,True,keywords
W3016753565,G09,0.713,0.625,True,keywords
W3016753565,G10,0.528,0.375,False,keywords
W3091788547,G07,0.713,0.45454545454545453,True,keywords
W3091788547,G09,0.393,0.18181818181818182,False,keywords
W3091788547,G12,0.632,0.36363636363636365,False,keywords
W1589363070,G15,0.528,1.0,True,keywords
W1923400455,G11,0.393,0.3333333333333333,True,keywords
W1923400455,G13,0.393,0.3333333333333333,True,keywords
W1923400455,G15,0.393,0.3333333333333333,True,keywords
W1935621952,G15,0.528,1.0,True,keywords
W2204978141,G15,0.895,1.0,True,keywords
W2275815036,G10,0.632,0.5714285714285714,True,keywords
W2275815036,G15,0.528,0.42857142857142855,False,keywords
W2608912975,G08,0.393,1.0,True,keywords
W2612533550,G01,0.865,1.0,True,keywords
W2797406252,G09,0.528,1.0,True,keywords
W2943103513,G15,0.918,1.0,True,keywords
W2969544997,G12,0.632,1.0,True,keywords
W4242576130,G08,0.393,0.3333333333333333,False,keywords
W4242576130,G09,0.632,0.6666666666666666,True,keywords
W1876531851,G09,0.393,0.2,False,keywords
W1876531851,G10,0.777,0.6,True,keywords
W1876531851,G16,0.393,0.2,False,keywords
W2166670412,G06,0.865,0.42105263157894735,False,keywords
W2166670412,G09,0.895,0.47368421052631576,True,keywords
W2166670412,G14,0.393,0.10526315789473684,False,keywords
W2178862382,G15,0.713,1.0,True,keywords
W2609705164,G17,0.826,1.0,True,keywords
W2623419288,G15,0.918,1.0,True,keywords
W2765914230,G06,0.632,0.4444444444444444,False,keywords
W2765914230,G15,0.713,0.5555555555555556,True,keywords
W2801976542,G07,0.632,1.0,True,keywords
W2884388348,G11,0.528,0.16666666666666666,False,keywords
W2884388348,G15,0.976,0.8333333333333334,True,keywords
W2894041796,G10,0.528,1.0,True,keywords
W2916512996,G08,0.393,1.0,True,keywords
W2941227911,G10,0.393,1.0,True,keywords
W2990442276,G13,0.865,1.0,True,keywords
W3120689336,G19,0.393,1.0,True,keywords
W1766894654,G06,0.393,1.0,True,keywords
W1975764535,G10,0.713,1.0,True,keywords
W1980303083,G02,0.865,1.0,True,keywords
W2095968790,G08,0.777,1.0,True,keywords
W2135762317,G13,0.632,1.0,True,keywords
W2163394315,G10,0.393,1.0,True,keywords
W2224950810,G09,0.777,1.0,True,keywords
W2768627290,G10,0.632,1.0,True,keywords
W2773171859,G09,0.393,1.0,True,keywords
W2792127682,G06,0.713,1.0,True,keywords
W2794417582,G10,0.632,1.0,True,keywords
W2889644234,G07,0.713,1.0,True,keywords
W2935649476,G15,0.528,0.375,False,keywords
W2935649476,G20,0.713,0.625,True,keywords
W2968651811,G10,0.393,1.0,True,keywords
W1970954090,G15,0.865,0.5714285714285714,True,keywords
W1970954090,G19,0.632,0.2857142857142857,False,keywords
W1970954090,G20,0.393,0.14285714285714285,False,keywords
W2056535069,G10,0.632,1.0,True,keywords
W2077957063,G15,0.777,1.0,True,keywords
W2468998807,G08,0.865,1.0,True,keywords
W2522915710,G10,0.632,1.0,True,keywords
W2605932962,G10,0.393,1.0,True,keywords
W2754294276,G10,0.826,1.0,True,keywords
W2965486177,G09,0.632,0.4,False,keywords
W2965486177,G10,0.777,0.6,True,keywords
W3025497417,G10,0.528,0.3333333333333333,False,keywords
W3025497417,G13,0.777,0.6666666666666666,True,keywords
W3035982281,G15,0.528,1.0,True,keywords
W2053478054,G02,0.95,0.6666666666666666,True,keywords
W2053478054,G09,0.777,0.3333333333333333,False,keywords
W2140173246,G07,0.393,0.2857142857142857,False,keywords
W2140173246,G10,0.713,0.7142857142857143,True,keywords
W2153785503,G15,0.895,1.0,True,keywords
W2166496354,G10,0.865,0.5,True,keywords
W2166496354,G15,0.865,0.5,True,keywords
W2196116019,G04,0.777,0.6,True,keywords
W2196116019,G10,0.632,0.4,False,keywords
W2343910901,G06,0.713,1.0,True,keywords
W2588320170,G15,0.895,1.0,True,keywords
W2606459065,G02,0.961,1.0,True,keywords
W2921138784,G09,0.632,1.0,True,keywords
W2954380420,G09,0.777,1.0,True,keywords
W2966350462,G01,0.826,0.7,True,keywords
W2966350462,G10,0.528,0.3,False,keywords
W2987336339,G10,0.632,1.0,True,keywords
W3039178174,G07,0.713,1.0,True,keywords
W3111778356,G09,0.393,1.0,True,keywords
W1989523437,G09,0.393,1.0,True,keywords
W202321366,G08,0.865,0.7272727272727273,True,keywords
W202321366,G09,0.528,0.2727272727272727,False,keywords
W2144313745,G01,0.713,0.2631578947368421,False,keywords
W2144313745,G08,0.95,0.631578947368421,True,keywords
W2144313745,G09,0.393,0.10526315789473684,False,keywords
W2470856774,G09,0.528,0.5,True,keywords
W2470856774,G10,0.528,0.5,True,keywords
W2574463160,G09,0.632,1.0,True,keywords
W2744123990,G09,0.826,0.7777777777777778,True,keywords
W2744123990,G10,0.393,0.2222222222222222,False,keywords
W2805974823,G07,0.777,1.0,True,keywords
W2901706642,G10,0.528,1.0,True,keywords
W2994785590,G08,0.393,0.2857142857142857,False,keywords
W2994785590,G09,0.713,0.7142857142857143,True,keywords
W3034512289,G10,0.393,1.0,True,keywords
W3039280538,G09,0.632,1.0,True,keywords
W3126731505,G09,0.393,1.0,True,keywords
W3127296806,G09,0.393,1.0,True,keywords
W3135117950,G08,0.393,0.3333333333333333,False,keywords
W3135117950,G09,0.632,0.6666666666666666,True,keywords
W3143486025,G09,0.632,1.0,True,keywords
W4229055829,G09,0.918,1.0,True,keywords
W4313256530,G10,0.632,1.0,True,keywords
W1824531528,G09,0.632,1.0,True,keywords
W1971313390,G03,0.632,1.0,True,keywords
W2004045078,G10,0.393,1.0,True,keywords
W2007116216,G08,0.528,1.0,True,keywords
W2346465715,G15,0.713,1.0,True,keywords
W2767198606,G10,0.632,1.0,True,keywords
W2889983067,G10,0.632,1.0,True,keywords
W3008202641,G10,0.528,0.5,True,keywords
W3008202641,G14,0.528,0.5,True,keywords
W3047113962,G14,0.632,1.0,True,keywords
W3105903622,G07,0.713,1.0,True,keywords
W3185500970,G13,0.393,1.0,True,keywords
W4200413776,G06,0.713,1.0,True,keywords
W4280631574,G09,0.393,1.0,True,keywords
W2528710555,G01,0.895,1.0,True,keywords
W2605497143,G09,0.393,0.25,False,keywords
W2605497143,G15,0.393,0.25,False,keywords
W2605497143,G16,0.632,0.5,True,keywords
W2736710508,G01,0.713,1.0,True,keywords
W2759340147,G06,0.632,0.5,True,keywords
W2759340147,G14,0.632,0.5,True,keywords
W2858441283,G09,0.632,1.0,True,keywords
W2885637293,G06,0.632,1.0,True,keywords
W2899279377,G10,0.632,0.36363636363636365,False,keywords
W2899279377,G13,0.826,0.6363636363636364,True,keywords
W3009864768,G10,0.713,0.625,True,keywords
W3009864768,G15,0.528,0.375,False,keywords
W3082288100,G09,0.865,0.8,True,keywords
W3082288100,G10,0.393,0.2,False,keywords
W3164945234,G09,0.393,1.0,True,keywords
W4210366262,G09,0.777,1.0,True,keywords
W4220950685,G10,0.713,1.0,True,keywords
W4223949064,G09,0.713,0.5555555555555556,True,keywords
W4223949064,G10,0.632,0.4444444444444444,False,keywords
W4292478890,G07,0.632,1.0,True,keywords
W4307482926,G10,0.713,1.0,True,keywords
W4312140624,G10,0.777,1.0,True,keywords
W1999548407,G10,0.632,1.0,True,keywords
W2122965048,G09,0.393,1.0,True,keywords
W2135058368,G08,0.393,1.0,True,keywords
W2163292938,G07,0.393,0.5,True,keywords
W2163292938,G08,0.393,0.5,True,keywords
W2293589169,G16,0.528,1.0,True,keywords
W2296684958,G13,0.632,1.0,True,keywords
W2756431107,G15,0.528,0.2727272727272727,False,keywords
W2756431107,G20,0.865,0.7272727272727273,True,keywords
W2766467447,G09,0.393,1.0,True,keywords
W2902490623,G09,0.713,1.0,True,keywords
W2963767811,G10,0.632,1.0,True,keywords
W2971007340,G08,0.393,1.0,True,keywords
W2980461738,G09,0.713,0.625,True,keywords
W2980461738,G10,0.528,0.375,False,keywords
W2981523310,G04,0.895,1.0,True,keywords
W3064820408,G10,0.528,1.0,True,keywords
W3110746163,G15,0.393,0.25,False,keywords
W3110746163,G19,0.777,0.75,True,keywords
W3197935910,G15,0.865,1.0,True,keywords
W3199552687,G09,0.393,1.0,True,keywords
W4205889656,G10,0.826,1.0,True,keywords
W4210703755,G02,0.95,0.42857142857142855,True,keywords
W4210703755,G11,0.865,0.2857142857142857,False,keywords
W4210703755,G15,0.865,0.2857142857142857,False,keywords
W4316469132,G08,0.393,0.16666666666666666,False,keywords
W4316469132,G15,0.918,0.8333333333333334,True,keywords
W2761720191,G13,0.632,1.0,True,keywords
W2993905188,G15,0.961,1.0,True,keywords
W2998693764,G01,0.895,1.0,True,keywords
W3046541716,G09,0.777,1.0,True,keywords
W3047921810,G10,0.632,1.0,True,keywords
W3106443667,G10,0.393,1.0,True,keywords
W3118814586,G10,0.632,1.0,True,keywords
W3132229885,G08,0.393,0.25,False,keywords
W3132229885,G09,0.777,0.75,True,keywords
W3135124445,G10,0.713,1.0,True,keywords
W3181102483,G09,0.393,0.3333333333333333,False,keywords
W3181102483,G10,0.632,0.6666666666666666,True,keywords
W3183380186,G10,0.826,0.5833333333333334,True,keywords
W3183380186,G12,0.713,0.4166666666666667,False,keywords
W3214929184,G15,0.528,1.0,True,keywords
W4220864568,G10,0.713,0.7142857142857143,True,keywords
W4220864568,G15,0.393,0.2857142857142857,False,keywords
W4253733906,G09,0.528,0.6,True,keywords
W4253733906,G10,0.393,0.4,False,keywords
W4281568452,G10,0.393,1.0,True,keywords
W4310218111,G10,0.393,0.2857142857142857,False,keywords
W4310218111,G15,0.713,0.7142857142857143,True,keywords
W4315436159,G09,0.713,0.7142857142857143,True,keywords
W4315436159,G10,0.393,0.2857142857142857,False,keywords
W4318677124,G09,0.393,1.0,True,keywords
W4323348093,G15,0.826,1.0,True,keywords
W4385643920,G08,0.393,0.3333333333333333,False,keywords
W4385643920,G09,0.632,0.6666666666666666,True,keywords
W4386728170,G07,0.895,1.0,True,keywords
W4387567892,G06,0.528,0.23076923076923078,False,keywords
W4387567892,G15,0.918,0.7692307692307693,True,keywords
W4387581177,G10,0.713,0.5555555555555556,True,keywords
W4387581177,G11,0.393,0.2222222222222222,False,keywords
W4387581177,G15,0.393,0.2222222222222222,False,keywords
W4389454637,G06,0.528,0.2,False,keywords
W4389454637,G09,0.865,0.5333333333333333,True,keywords
W4389454637,G10,0.632,0.26666666666666666,False,keywords
W2031503432,G09,0.528,0.3333333333333333,False,keywords
W2031503432,G15,0.777,0.6666666666666666,True,keywords
W2126329162,G07,0.393,1.0,True,keywords
W2785056003,G01,0.632,1.0,True,keywords
W2898896174,G06,0.393,0.10526315789473684,False,keywords
W2898896174,G10,0.528,0.15789473684210525,False,keywords
W2898896174,G14,0.393,0.10526315789473684,False,keywords
W2898896174,G15,0.95,0.631578947368421,True,keywords
W2912904730,G15,0.713,1.0,True,keywords
W2990219230,G08,0.777,1.0,True,keywords
W3036833961,G10,0.528,0.5,True,keywords
W3036833961,G15,0.528,0.5,True,keywords
W3114798726,G01,0.982,1.0,True,keywords
W3135619151,G16,0.393,1.0,True,keywords
W3173218403,G09,0.528,1.0,True,keywords
W3179872564,G09,0.393,1.0,True,keywords
W3205399176,G09,0.632,0.5714285714285714,True,keywords
W3205399176,G15,0.528,0.42857142857142855,False,keywords
W3207740699,G09,0.713,1.0,True,keywords
W4224869304,G09,0.393,1.0,True,keywords
W4281254079,G11,0.528,1.0,True,keywords
W4287448020,G10,0.393,0.2,False,keywords
W4287448020,G14,0.393,0.2,False,keywords
W4287448020,G15,0.777,0.6,True,keywords
W4289527218,G09,0.777,0.6,True,keywords
W4289527218,G12,0.632,0.4,False,keywords
W4293585636,G15,0.895,1.0,True,keywords
W4304109020,G01,0.895,1.0,True,keywords
W4306868005,G09,0.632,0.6666666666666666,True,keywords
W4306868005,G10,0.393,0.3333333333333333,False,keywords
W4316020293,G10,0.528,0.3,False,keywords
W4316020293,G15,0.826,0.7,True,keywords
W4320034476,G09,0.393,0.2222222222222222,False,keywords
W4320034476,G10,0.826,0.7777777777777778,True,keywords
W4320719234,G10,0.713,1.0,True,keywords
W4367299481,G10,0.632,1.0,True,keywords
W4378597107,G09,0.632,1.0,True,keywords
W4382011220,G09,0.895,0.6,True,keywords
W4382011220,G10,0.777,0.4,False,keywords
W4388653136,G10,0.393,1.0,True,keywords
W4393530026,G09,0.632,1.0,True,keywords
W2153095411,G09,0.713,1.0,True,keywords
W2275174189,G09,0.632,1.0,True,keywords
W3109141774,G15,0.393,1.0,True,keywords
W3203366990,G06,0.713,0.29411764705882354,False,keywords
W3203366990,G15,0.95,0.7058823529411765,True,keywords
W3209601005,G10,0.713,1.0,True,keywords
W3214747621,G15,0.528,0.375,False,keywords
W3214747621,G20,0.713,0.625,True,keywords
W4223437448,G12,0.713,1.0,True,keywords
W4280506857,G11,0.393,1.0,True,keywords
W4293569859,G10,0.895,0.6428571428571429,True,keywords
W4293569859,G12,0.713,0.35714285714285715,False,keywords
W4294044333,G01,0.918,0.7692307692307693,True,keywords
W4294044333,G11,0.528,0.23076923076923078,False,keywords
W4307475736,G08,0.528,0.6,True,keywords
W4307475736,G10,0.393,0.4,False,keywords
W4385074747,G15,0.895,1.0,True,keywords
W4386840804,G09,0.393,0.2857142857142857,False,keywords
W4386840804,G10,0.713,0.7142857142857143,True,keywords
W4387893452,G08,0.865,1.0,True,keywords
W4388228807,G13,0.632,1.0,True,keywords
W4393015849,G09,0.528,1.0,True,keywords
W2152528180,G09,0.713,1.0,True,keywords
W2994568346,G08,0.632,0.6666666666666666,True,keywords
W2994568346,G09,0.393,0.3333333333333333,False,keywords
W3163204928,G07,0.777,1.0,True,keywords
W3169624132,G08,0.393,1.0,True,keywords
W3203354976,G07,0.632,1.0,True,keywords
W3215268238,G04,0.393,1.0,True,keywords
W4206559092,G08,0.895,1.0,True,keywords
W4207031170,G08,0.895,1.0,True,keywords
W4282965909,G09,0.713,1.0,True,keywords
W4283215501,G15,0.895,1.0,True,keywords
W4285604475,G09,0.826,0.4117647058823529,False,keywords
W4285604475,G10,0.918,0.5882352941176471,True,keywords
W4382632089,G09,0.918,0.8333333333333334,True,keywords
W4382632089,G10,0.393,0.16666666666666666,False,keywords
W4386289549,G09,0.632,1.0,True,keywords
W4386572703,G07,0.777,0.42857142857142855,True,keywords
W4386572703,G09,0.393,0.14285714285714285,False,keywords
W4386572703,G10,0.777,0.42857142857142855,True,keywords
W4387356992,G09,0.393,1.0,True,keywords
W4388423743,G15,0.895,1.0,True,keywords
W4391432465,G01,0.713,0.625,True,keywords
W4391432465,G08,0.528,0.375,False,keywords
W4401053029,G09,0.393,0.5,True,keywords
W4401053029,G10,0.393,0.5,True,keywords
W4401151167,G09,0.393,1.0,True,keywords
W4402126990,G10,0.713,0.625,True,keywords
W4402126990,G15,0.528,0.375,False,keywords
W4402882510,G18,0.528,1.0,True,keywords
W4404197140,G09,0.777,0.6666666666666666,True,keywords
W4404197140,G10,0.528,0.3333333333333333,False,keywords
W4404644010,G07,0.936,1.0,True,keywords
W2770794590,G09,0.393,1.0,True,keywords
W2796850715,G09,0.865,0.6666666666666666,True,keywords
W2796850715,G10,0.632,0.3333333333333333,False,keywords
W3017355252,G10,0.393,1.0,True,keywords
W3210969720,G10,0.713,1.0,True,keywords
W4312511203,G20,0.632,1.0,True,keywords
W4318755086,G09,0.393,0.2222222222222222,False,keywords
W4318755086,G10,0.826,0.7777777777777778,True,keywords
W4383187217,G08,0.713,1.0,True,keywords
W4384199695,G10,0.632,1.0,True,keywords
W4384923977,G10,0.632,1.0,True,keywords
W4390872273,G10,0.393,1.0,True,keywords
W4392976145,G10,0.632,1.0,True,keywords
W4396673604,G10,0.895,1.0,True,keywords
W4398773943,G15,0.989,1.0,True,keywords
W4400217837,G10,0.632,1.0,True,keywords
W4401472522,G02,0.528,0.21428571428571427,False,keywords
W4401472522,G10,0.777,0.42857142857142855,True,keywords
W4401472522,G15,0.713,0.35714285714285715,False,keywords
W4405792432,G09,0.777,1.0,True,keywords
W4406496014,G15,0.713,1.0,True,keywords
W4407052980,G10,0.393,0.3333333333333333,False,keywords
W4407052980,G12,0.632,0.6666666666666666,True,keywords
W4407843302,G10,0.393,1.0,True,keywords
W4409145897,G10,0.528,1.0,True,keywords
W4409182779,G09,0.393,0.4,False,keywords
W4409182779,G10,0.528,0.6,True,keywords
W4410841466,G09,0.393,1.0,True,keywords
W4416061580,G10,0.826,1.0,True,keywords
W4390006401,G07,0.632,1.0,True,keywords
W4393931494,G04,0.895,0.6428571428571429,True,keywords
W4393931494,G09,0.713,0.35714285714285715,False,keywords
W4393942207,G10,0.632,1.0,True,keywords
W4396672125,G10,0.918,1.0,True,keywords
W4399164551,G09,0.632,1.0,True,keywords
W4402532007,G09,0.713,0.5,True,keywords
W4402532007,G10,0.713,0.5,True,keywords
W4404565417,G09,0.393,1.0,True,keywords
W4405048592,G07,0.826,1.0,True,keywords
W4406160016,G10,0.632,1.0,True,keywords
W4407316118,G09,0.393,1.0,True,keywords
W4408980271,G10,0.528,1.0,True,keywords
W4412523249,G07,0.393,0.4,False,keywords
W4412523249,G10,0.528,0.6,True,keywords
W4412584710,G10,0.528,1.0,True,keywords
W4414810084,G07,0.528,0.375,True,keywords
W4414810084,G08,0.393,0.25,False,keywords
W4414810084,G15,0.528,0.375,True,keywords
W4398793154,G07,0.918,1.0,True,keywords
W4404590354,G06,0.393,1.0,True,keywords
W4407648609,G15,0.713,1.0,True,keywords
W4409195927,G12,0.632,1.0,True,keywords
W4410909373,G15,0.936,1.0,True,keywords
W4410910539,G09,0.777,0.75,True,keywords
W4410910539,G10,0.393,0.25,False,keywords
W4412392144,G10,0.528,0.5,True,keywords
W4412392144,G15,0.528,0.5,True,keywords
W4412994539,G08,0.393,0.08,False,keywords
W4412994539,G15,0.997,0.92,True,keywords
W4414001087,G15,0.936,1.0,True,keywords
W4414357396,G06,0.632,0.5,True,keywords
W4414357396,G09,0.393,0.25,False,keywords
W4414357396,G10,0.393,0.25,False,keywords
W4414608774,G12,0.713,1.0,True,keywords
W4414970850,G09,0.713,0.3333333333333333,False,keywords
W4414970850,G10,0.918,0.6666666666666666,True,keywords
W4415099656,G10,0.632,0.5,True,keywords
W4415099656,G12,0.632,0.5,True,keywords
W4415680787,G07,0.393,1.0,True,keywords
W4416221302,G09,0.632,1.0,True,keywords
W4416247113,G09,0.826,1.0,True,keywords
W4416391672,G09,0.393,1.0,True,keywords
W4417325060,G09,0.826,1.0,True,keywords
W7118191877,G10,0.528,1.0,True,keywords
W7128436381,G10,0.393,1.0,True,keywords
W7128596880,G09,0.632,1.0,True,keywords
W7130936891,G07,0.713,1.0,True,keywords
W7140101026,G12,0.632,1.0,True,keywords
W7140295177,G08,0.393,0.16666666666666666,False,keywords
W7140295177,G10,0.865,0.6666666666666666,True,keywords
W7140295177,G15,0.393,0.16666666666666666,False,keywords
W7141085589,G07,0.632,1.0,True,keywords
W7154092126,G09,0.393,1.0,True,keywords
W7154230313,G08,0.393,0.13333333333333333,False,keywords
W7154230313,G15,0.961,0.8666666666666667,True,keywords
W7161253672,G09,0.632,0.6666666666666666,True,keywords
W7161253672,G10,0.393,0.3333333333333333,False,keywords
W7162488908,G10,0.826,1.0,True,keywords
W7165022520,G12,0.528,1.0,True,keywords
W7165753726,G08,0.777,1.0,True,keywords
W2118128450,G10,0.632,1.0,True,keywords
W2106365550,G10,0.632,1.0,True,keywords
W2036578739,G09,0.632,1.0,True,keywords
W2164393104,G16,0.528,1.0,True,keywords
W2290698321,G13,0.713,1.0,True,keywords
W2768161154,G12,0.632,1.0,True,keywords
W2769233847,G10,0.865,1.0,True,keywords
W2433099156,G07,0.777,1.0,True,keywords
W1916536402,G07,0.826,1.0,True,keywords
W2037057841,G10,0.528,1.0,True,keywords
W2586470160,G09,0.528,0.6,True,keywords
W2586470160,G16,0.393,0.4,False,keywords
W2898510844,G01,0.632,1.0,True,keywords
W2940438803,G09,0.713,1.0,True,keywords
W2995327939,G09,0.393,0.18181818181818182,False,keywords
W2995327939,G10,0.895,0.8181818181818182,True,keywords
W3016763063,G10,0.777,1.0,True,keywords
W3017937074,G08,0.865,0.5333333333333333,True,keywords
W3017937074,G11,0.393,0.13333333333333333,False,keywords
W3017937074,G15,0.713,0.3333333333333333,False,keywords
W2097753391,G09,0.632,1.0,True,keywords
W2780610369,G07,0.713,1.0,True,keywords
W2918975721,G07,0.713,1.0,True,keywords
W1993741694,G15,0.865,1.0,True,keywords
W2077355038,G07,0.632,1.0,True,keywords
W2145906278,G06,0.632,0.5,True,keywords
W2145906278,G07,0.632,0.5,True,keywords
W2155595043,G07,0.632,0.5714285714285714,True,keywords
W2155595043,G08,0.528,0.42857142857142855,False,keywords
W2167153322,G04,0.713,1.0,True,keywords
W2171695015,G08,0.393,1.0,True,keywords
W2198957091,G01,0.632,1.0,True,keywords
W2272688890,G03,0.393,1.0,True,keywords
W2414241077,G07,0.826,0.7777777777777778,True,keywords
W2414241077,G09,0.393,0.2222222222222222,False,keywords
W2791119718,G08,0.713,1.0,True,keywords
W2939173434,G08,0.528,1.0,True,keywords
W2944309323,G09,0.528,0.5,True,keywords
W2944309323,G10,0.528,0.5,True,keywords
W2974265678,G08,0.777,1.0,True,keywords
W3124367878,G09,0.393,0.15384615384615385,False,keywords
W3124367878,G10,0.936,0.8461538461538461,True,keywords
W2047154018,G09,0.393,1.0,True,keywords
W2099815363,G08,0.777,1.0,True,keywords
W2119031570,G10,0.713,1.0,True,keywords
W2122845056,G07,0.895,1.0,True,keywords
W2141610822,G15,0.528,1.0,True,keywords
W2152405126,G09,0.713,1.0,True,keywords
W2158405523,G07,0.865,1.0,True,keywords
W2237905636,G09,0.865,1.0,True,keywords
W2261030035,G01,0.826,1.0,True,keywords
W2296673174,G09,0.713,1.0,True,keywords
W2334756729,G09,0.632,1.0,True,keywords
W2785724078,G09,0.632,0.5714285714285714,True,keywords
W2785724078,G10,0.528,0.42857142857142855,False,keywords
W2790339166,G08,0.393,1.0,True,keywords
W2792316955,G10,0.632,1.0,True,keywords
W2810223002,G09,0.393,1.0,True,keywords
W2917910287,G03,0.393,1.0,True,keywords
W2970869419,G10,0.895,1.0,True,keywords
W2980126879,G08,0.393,0.2222222222222222,False,keywords
W2980126879,G09,0.713,0.5555555555555556,True,keywords
W2980126879,G10,0.393,0.2222222222222222,False,keywords
W2988706249,G15,0.713,1.0,True,keywords
W3160068387,G10,0.895,1.0,True,keywords
W3195504537,G15,0.865,1.0,True,keywords
W3196277024,G12,0.632,1.0,True,keywords
W2140877275,G07,0.826,0.6363636363636364,True,keywords
W2140877275,G08,0.393,0.18181818181818182,False,keywords
W2140877275,G20,0.393,0.18181818181818182,False,keywords
W2160850775,G10,0.393,1.0,True,keywords
W2344555665,G09,0.713,1.0,True,keywords
W2507475590,G10,0.528,1.0,True,keywords
W2541090755,G09,0.777,0.6666666666666666,True,keywords
W2541090755,G10,0.528,0.3333333333333333,False,keywords
W2553580722,G13,0.632,0.6666666666666666,True,keywords
W2553580722,G15,0.393,0.3333333333333333,False,keywords
W2584168315,G10,0.528,1.0,True,keywords
W2782708258,G01,0.826,1.0,True,keywords
W2886023742,G10,0.528,0.5,True,keywords
W2886023742,G15,0.528,0.5,True,keywords
W2901825245,G09,0.393,1.0,True,keywords
W2903235186,G01,0.865,0.4,False,keywords
W2903235186,G08,0.95,0.6,True,keywords
W2972416722,G07,0.713,1.0,True,keywords
W2989637905,G15,0.528,1.0,True,keywords
W2997930329,G09,0.393,0.3333333333333333,False,keywords
W2997930329,G10,0.632,0.6666666666666666,True,keywords
W3002674286,G09,0.393,1.0,True,keywords
W3048043144,G09,0.393,0.3333333333333333,False,keywords
W3048043144,G10,0.632,0.6666666666666666,True,keywords
W3083278549,G09,0.632,1.0,True,keywords
W3117644983,G09,0.393,0.16666666666666666,False,keywords
W3117644983,G10,0.918,0.8333333333333334,True,keywords
W1995945300,G07,0.528,0.6,True,keywords
W1995945300,G08,0.393,0.4,False,keywords
W2003006288,G04,0.528,1.0,True,keywords
W2132844460,G09,0.528,1.0,True,keywords
W2210192868,G07,0.528,1.0,True,keywords
W2328368583,G06,0.528,0.42857142857142855,False,keywords
W2328368583,G10,0.632,0.5714285714285714,True,keywords
W2522503234,G10,0.632,1.0,True,keywords
W2801900579,G06,0.826,1.0,True,keywords
W2893653329,G15,0.713,1.0,True,keywords
W2963931753,G15,0.528,1.0,True,keywords
W2976501502,G08,0.393,0.25,False,keywords
W2976501502,G10,0.777,0.75,True,keywords
W2996318231,G10,0.713,0.5555555555555556,True,keywords
W2996318231,G13,0.632,0.4444444444444444,False,keywords
W3011141546,G08,0.393,1.0,True,keywords
W3022669655,G10,0.528,0.3333333333333333,False,keywords
W3022669655,G15,0.777,0.6666666666666666,True,keywords
W3092776107,G01,0.895,1.0,True,keywords
W3195989146,G07,0.713,0.7142857142857143,True,keywords
W3195989146,G10,0.393,0.2857142857142857,False,keywords
W4220660249,G08,0.393,1.0,True,keywords
W1966939300,G04,0.632,1.0,True,keywords
W2005762044,G08,0.632,1.0,True,keywords
W2008822880,G10,0.632,1.0,True,keywords
W2027197111,G15,0.528,1.0,True,keywords
W2035400176,G08,0.393,0.25,False,keywords
W2035400176,G15,0.393,0.25,False,keywords
W2035400176,G20,0.632,0.5,True,keywords
W2050822274,G01,0.632,1.0,True,keywords
W2114315825,G15,0.393,1.0,True,keywords
W2170552391,G10,0.632,1.0,True,keywords
W2755098009,G14,0.528,1.0,True,keywords
W2913037774,G15,0.918,1.0,True,keywords
W3012728144,G10,0.826,1.0,True,keywords
W3029542422,G09,0.713,1.0,True,keywords
W3034205717,G07,0.713,1.0,True,keywords
W3046267177,G09,0.528,0.6,True,keywords
W3046267177,G10,0.393,0.4,False,keywords
W3046671963,G09,0.632,1.0,True,keywords
W3083070967,G15,0.918,1.0,True,keywords
W3135605107,G09,0.632,0.4444444444444444,True,keywords
W3135605107,G10,0.528,0.3333333333333333,False,keywords
W3135605107,G11,0.393,0.2222222222222222,False,keywords
W3213840704,G15,0.632,1.0,True,keywords
W1719304834,G09,0.528,1.0,True,keywords
W2028958332,G07,0.528,1.0,True,keywords
W2076432337,G10,0.895,0.75,True,keywords
W2076432337,G15,0.528,0.25,False,keywords
W2800233914,G09,0.393,0.3333333333333333,False,keywords
W2800233914,G12,0.632,0.6666666666666666,True,keywords
W2835272276,G09,0.632,1.0,True,keywords
W2908599260,G07,0.713,1.0,True,keywords
W2923665470,G15,0.393,1.0,True,keywords
W2967780408,G01,0.976,1.0,True,keywords
W2993321255,G09,0.895,1.0,True,keywords
W3011128354,G07,0.393,1.0,True,keywords
W3037662315,G08,0.777,0.75,True,keywords
W3037662315,G09,0.393,0.25,False,keywords
W3045945868,G02,0.393,1.0,True,keywords
W3173061777,G08,0.393,1.0,True,keywords
W3200709608,G08,0.989,1.0,True,keywords
W4206522673,G01,0.936,1.0,True,keywords
W4210716000,G09,0.393,0.15384615384615385,False,keywords
W4210716000,G10,0.936,0.8461538461538461,True,keywords
W4224938953,G15,0.895,1.0,True,keywords
W4280536017,G09,0.632,0.6666666666666666,True,keywords
W4280536017,G10,0.393,0.3333333333333333,False,keywords
W4317987902,G09,0.777,0.6,True,keywords
W4317987902,G10,0.632,0.4,False,keywords
W4362601034,G08,0.393,1.0,True,keywords
W2496663675,G07,0.393,1.0,True,keywords
W2551180170,G07,0.393,1.0,True,keywords
W2592483372,G09,0.528,1.0,True,keywords
W2808499088,G01,0.976,1.0,True,keywords
W2891083983,G10,0.528,0.2,False,keywords
W2891083983,G15,0.95,0.8,True,keywords
W2983330656,G01,0.961,1.0,True,keywords
W3007453135,G09,0.632,1.0,True,keywords
W3090739913,G09,0.528,0.42857142857142855,False,keywords
W3090739913,G12,0.632,0.5714285714285714,True,keywords
W3199594349,G01,0.918,1.0,True,keywords
W3201155956,G09,0.632,0.6666666666666666,True,keywords
W3201155956,G10,0.393,0.3333333333333333,False,keywords
W3206718650,G07,0.528,1.0,True,keywords
W3212772271,G04,0.528,0.21428571428571427,False,keywords
W3212772271,G09,0.936,0.7857142857142857,True,keywords
W4200261905,G07,0.713,1.0,True,keywords
W4214849262,G01,0.918,1.0,True,keywords
W4220664830,G01,0.777,1.0,True,keywords
W4224248978,G09,0.632,1.0,True,keywords
W4225384944,G07,0.865,0.6153846153846154,True,keywords
W4225384944,G08,0.528,0.23076923076923078,False,keywords
W4225384944,G10,0.393,0.15384615384615385,False,keywords
W4283124317,G10,0.632,0.5714285714285714,True,keywords
W4283124317,G13,0.528,0.42857142857142855,False,keywords
W4298086847,G06,0.713,1.0,True,keywords
W4298326882,G10,0.528,0.3333333333333333,False,keywords
W4298326882,G15,0.777,0.6666666666666666,True,keywords
W4307515425,G01,0.865,1.0,True,keywords
W4311940487,G09,0.632,1.0,True,keywords
W4319733732,G09,0.393,0.3333333333333333,True,keywords
W4319733732,G10,0.393,0.3333333333333333,True,keywords
W4319733732,G11,0.393,0.3333333333333333,True,keywords
W4321768974,G10,0.632,1.0,True,keywords
W4378471004,G06,0.713,0.7142857142857143,True,keywords
W4378471004,G10,0.393,0.2857142857142857,False,keywords
W4379376588,G09,0.632,1.0,True,keywords
W4388215712,G12,0.632,1.0,True,keywords
W4389373679,G07,0.528,1.0,True,keywords
W4391247821,G15,0.865,1.0,True,keywords
W4391345213,G09,0.632,1.0,True,keywords
W4396580239,G09,0.713,1.0,True,keywords
W2086044040,G08,0.918,1.0,True,keywords
W2464056461,G16,0.393,1.0,True,keywords
W2888867172,G10,0.713,1.0,True,keywords
W2900101505,G19,0.632,1.0,True,keywords
W3007625069,G09,0.713,0.5,True,keywords
W3007625069,G10,0.713,0.5,True,keywords
W3166348918,G09,0.393,1.0,True,keywords
W3204358026,G01,0.918,0.37037037037037035,True,keywords
W3204358026,G02,0.895,0.3333333333333333,False,keywords
W3204358026,G15,0.865,0.2962962962962963,False,keywords
W3216488779,G11,0.865,1.0,True,keywords
W4214876510,G06,0.632,0.3076923076923077,False,keywords
W4214876510,G15,0.895,0.6923076923076923,True,keywords
W4221025109,G08,0.393,0.3333333333333333,False,keywords
W4221025109,G15,0.632,0.6666666666666666,True,keywords
W4283823917,G09,0.632,1.0,True,keywords
W4317937400,G09,0.528,1.0,True,keywords
W4364355879,G08,0.393,1.0,True,keywords
W4381325460,G10,0.632,1.0,True,keywords
W4384263968,G10,0.632,1.0,True,keywords
W4385442392,G15,0.995,1.0,True,keywords
W4386150836,G08,0.393,0.18181818181818182,False,keywords
W4386150836,G09,0.632,0.36363636363636365,False,keywords
W4386150836,G10,0.713,0.45454545454545453,True,keywords
W4389397537,G15,0.713,1.0,True,keywords
W4391375478,G09,0.393,1.0,True,keywords
W4392973943,G10,0.393,1.0,True,keywords
W4393087639,G06,0.528,0.21428571428571427,False,keywords
W4393087639,G14,0.393,0.14285714285714285,False,keywords
W4393087639,G15,0.895,0.6428571428571429,True,keywords
W4393132492,G08,0.393,0.3333333333333333,False,keywords
W4393132492,G09,0.632,0.6666666666666666,True,keywords
W4403865451,G15,0.528,0.5,True,keywords
W4403865451,G20,0.528,0.5,True,keywords
W4404212297,G10,0.713,1.0,True,keywords
W4408050325,G15,0.961,1.0,True,keywords
W4408695750,G09,0.865,0.47058823529411764,True,keywords
W4408695750,G10,0.713,0.29411764705882354,False,keywords
W4408695750,G12,0.632,0.23529411764705882,False,keywords
W4409190645,G08,0.777,1.0,True,keywords
W4409540010,G08,0.777,1.0,True,keywords
W4411358292,G10,0.632,1.0,True,keywords
W4411867163,G09,0.895,0.8181818181818182,True,keywords
W4411867163,G11,0.393,0.18181818181818182,False,keywords
W4415941599,G10,0.528,1.0,True,keywords
W1938299530,G09,0.777,1.0,True,keywords
W2439547631,G04,0.393,0.18181818181818182,False,keywords
W2439547631,G10,0.895,0.8181818181818182,True,keywords
W2898738397,G09,0.632,1.0,True,keywords
W4207069143,G09,0.895,1.0,True,keywords
W4223426131,G08,0.528,0.3333333333333333,False,keywords
W4223426131,G09,0.777,0.6666666666666666,True,keywords
W4290466576,G08,0.632,1.0,True,keywords
W4293192351,G09,0.632,1.0,True,keywords
W4300933525,G07,0.895,1.0,True,keywords
W4316036289,G08,0.393,1.0,True,keywords
W4318542442,G10,0.632,0.36363636363636365,False,keywords
W4318542442,G15,0.826,0.6363636363636364,True,keywords
W4319920360,G01,0.713,1.0,True,keywords
W4382918302,G15,0.393,1.0,True,keywords
W4385442763,G09,0.918,0.8333333333333334,True,keywords
W4385442763,G10,0.393,0.16666666666666666,False,keywords
W4385704644,G01,0.713,1.0,True,keywords
W4387114800,G09,0.713,1.0,True,keywords
W4392726874,G08,0.865,0.5714285714285714,True,keywords
W4392726874,G09,0.777,0.42857142857142855,False,keywords
W4392931228,G06,0.918,0.8333333333333334,True,keywords
W4392931228,G10,0.393,0.16666666666666666,False,keywords
W4396744048,G15,0.865,1.0,True,keywords
W4400100031,G11,0.632,1.0,True,keywords
W4401553521,G08,0.393,0.15384615384615385,False,keywords
W4401553521,G10,0.393,0.15384615384615385,False,keywords
W4401553521,G15,0.895,0.6923076923076923,True,keywords
W4403105094,G01,0.826,1.0,True,keywords
W4403244477,G02,0.393,0.2,False,keywords
W4403244477,G07,0.865,0.8,True,keywords
W4403628358,G10,0.528,1.0,True,keywords
W4404707528,G09,0.393,1.0,True,keywords
W4405215136,G01,0.918,1.0,True,keywords
W4405751308,G01,0.865,1.0,True,keywords
W4405768949,G09,0.393,1.0,True,keywords
W4406142798,G09,0.777,1.0,True,keywords
W4406225227,G08,0.393,1.0,True,keywords
W4406254126,G13,0.826,1.0,True,keywords
W4406893246,G10,0.632,1.0,True,keywords
W4407174659,G09,0.865,0.8,True,keywords
W4407174659,G10,0.393,0.2,False,keywords
W4407848505,G09,0.393,0.5,True,keywords
W4407848505,G10,0.393,0.5,True,keywords
W4410455616,G10,0.865,1.0,True,keywords
W4411243571,G09,0.713,0.45454545454545453,False,keywords
W4411243571,G10,0.777,0.5454545454545454,True,keywords
W4411404916,G09,0.393,0.125,False,keywords
W4411404916,G10,0.393,0.125,False,keywords
W4411404916,G13,0.393,0.125,False,keywords
W4411404916,G15,0.918,0.625,True,keywords
W4411588552,G13,0.632,1.0,True,keywords
W4412027171,G10,0.777,1.0,True,keywords
W4412085344,G08,0.865,0.6666666666666666,True,keywords
W4412085344,G09,0.632,0.3333333333333333,False,keywords
W4413364270,G10,0.936,1.0,True,keywords
W4413826999,G09,0.393,0.3333333333333333,True,keywords
W4413826999,G10,0.393,0.3333333333333333,True,keywords
W4413826999,G15,0.393,0.3333333333333333,True,keywords
W4414380305,G15,0.777,1.0,True,keywords
W4414942644,G08,0.777,1.0,True,keywords
W4414995433,G09,0.632,1.0,True,keywords
W4387823090,G08,0.393,0.18181818181818182,False,keywords
W4387823090,G15,0.895,0.8181818181818182,True,keywords
W4388671325,G01,0.632,0.4444444444444444,True,keywords
W4388671325,G06,0.528,0.3333333333333333,False,keywords
W4388671325,G16,0.393,0.2222222222222222,False,keywords
W4393274012,G09,0.528,0.375,False,keywords
W4393274012,G10,0.713,0.625,True,keywords
W4393363827,G15,0.961,1.0,True,keywords
W4394958805,G09,0.393,1.0,True,keywords
W4395047606,G08,0.777,0.375,False,keywords
W4395047606,G15,0.918,0.625,True,keywords
W4395085176,G15,0.777,1.0,True,keywords
W4401012527,G15,0.393,1.0,True,keywords
W4401227831,G10,0.393,0.18181818181818182,False,keywords
W4401227831,G15,0.895,0.8181818181818182,True,keywords
W4402467310,G09,0.393,0.3333333333333333,False,keywords
W4402467310,G10,0.632,0.6666666666666666,True,keywords
W4404408280,G09,0.393,0.3333333333333333,False,keywords
W4404408280,G10,0.632,0.6666666666666666,True,keywords
W4405019161,G10,0.393,1.0,True,keywords
W4405122285,G08,0.393,1.0,True,keywords
W4405409758,G01,0.826,0.3888888888888889,False,keywords
W4405409758,G08,0.895,0.5,True,keywords
W4405409758,G15,0.393,0.1111111111111111,False,keywords
W4405453061,G08,0.393,0.3333333333333333,True,keywords
W4405453061,G09,0.393,0.3333333333333333,True,keywords
W4405453061,G10,0.393,0.3333333333333333,True,keywords
W4405722694,G10,0.632,1.0,True,keywords
W4406799630,G09,0.393,0.3333333333333333,False,keywords
W4406799630,G12,0.632,0.6666666666666666,True,keywords
W4406926507,G12,0.632,1.0,True,keywords
W4407131983,G09,0.393,1.0,True,keywords
W4407219186,G01,0.393,0.2,False,keywords
W4407219186,G02,0.528,0.3,True,keywords
W4407219186,G06,0.528,0.3,True,keywords
W4407219186,G08,0.393,0.2,False,keywords
W4407280137,G09,0.393,1.0,True,keywords
W4409567856,G07,0.777,1.0,True,keywords
W4410222156,G01,0.936,1.0,True,keywords
W4410309355,G08,0.393,0.3333333333333333,False,keywords
W4410309355,G09,0.632,0.6666666666666666,True,keywords
W4410709345,G13,0.713,1.0,True,keywords
W4410758318,G09,0.777,1.0,True,keywords
W4411229923,G15,0.528,1.0,True,keywords
W4411782253,G10,0.528,1.0,True,keywords
W4412457171,G09,0.713,1.0,True,keywords
W4412658943,G04,0.528,0.3333333333333333,False,keywords
W4412658943,G09,0.393,0.2222222222222222,False,keywords
W4412658943,G12,0.632,0.4444444444444444,True,keywords
W4412727196,G09,0.826,1.0,True,keywords
W4412784386,G08,0.393,0.5,True,keywords
W4412784386,G09,0.393,0.5,True,keywords
W4412840144,G15,0.895,1.0,True,keywords
W4413101222,G15,0.393,1.0,True,keywords
W4413332850,G10,0.632,1.0,True,keywords
W4413473848,G09,0.528,1.0,True,keywords
W4413835597,G08,0.528,0.6,True,keywords
W4413835597,G15,0.393,0.4,False,keywords
W4414386236,G09,0.713,1.0,True,keywords
W4414465436,G08,0.393,0.3333333333333333,False,keywords
W4414465436,G12,0.632,0.6666666666666666,True,keywords
W4414518897,G10,0.97,1.0,True,keywords
W4414779899,G10,0.713,1.0,True,keywords
W4415015508,G06,0.393,0.2857142857142857,False,keywords
W4415015508,G10,0.713,0.7142857142857143,True,keywords
W4415027593,G10,0.632,1.0,True,keywords
W4415131062,G07,0.826,1.0,True,keywords
W4415239662,G11,0.865,0.4,False,keywords
W4415239662,G15,0.393,0.1,False,keywords
W4415239662,G17,0.918,0.5,True,keywords
W4416084514,G09,0.961,1.0,True,keywords
W4416197441,G06,0.865,0.8,True,keywords
W4416197441,G15,0.393,0.2,False,keywords
W4416413263,G07,0.528,1.0,True,keywords
W4416773284,G09,0.976,0.7894736842105263,True,keywords
W4416773284,G10,0.393,0.10526315789473684,False,keywords
W4416773284,G11,0.393,0.10526315789473684,False,keywords
W4416818522,G13,0.632,1.0,True,keywords
W4416852091,G11,0.713,1.0,True,keywords
W4416872648,G10,0.632,1.0,True,keywords
W4417027507,G09,0.393,0.3333333333333333,False,keywords
W4417027507,G12,0.632,0.6666666666666666,True,keywords
W4417075157,G07,0.713,1.0,True,keywords
W4417469598,G07,0.713,1.0,True,keywords
W7104011442,G10,0.713,1.0,True,keywords
W7117476920,G13,0.632,1.0,True,keywords
W7118913410,G09,0.528,1.0,True,keywords
W7119055160,G07,0.632,1.0,True,keywords
W7119524365,G10,0.393,1.0,True,keywords
W7123347921,G10,0.528,1.0,True,keywords
W7123637339,G20,0.528,1.0,True,keywords
W7124741718,G10,0.393,1.0,True,keywords
W7125580230,G09,0.393,1.0,True,keywords
W7125789652,G06,0.936,0.5,True,keywords
W7125789652,G11,0.393,0.09090909090909091,False,keywords
W7125789652,G13,0.632,0.18181818181818182,False,keywords
W7125789652,G15,0.713,0.22727272727272727,False,keywords
W7128046368,G10,0.632,1.0,True,keywords
W7128313440,G10,0.528,1.0,True,keywords
W7128492306,G10,0.777,1.0,True,keywords
W7130350579,G09,0.713,1.0,True,keywords
W7130597882,G01,0.713,0.29411764705882354,False,keywords
W7130597882,G04,0.528,0.17647058823529413,False,keywords
W7130597882,G08,0.895,0.5294117647058824,True,keywords
W7131381728,G02,0.393,0.1,False,keywords
W7131381728,G06,0.713,0.25,False,keywords
W7131381728,G15,0.961,0.65,True,keywords
W7133532902,G10,0.826,1.0,True,keywords
W7133656713,G07,0.777,0.42857142857142855,False,keywords
W7133656713,G09,0.865,0.5714285714285714,True,keywords
W7134117677,G10,0.393,0.14285714285714285,False,keywords
W7134117677,G15,0.95,0.8571428571428571,True,keywords
W7134913931,G11,0.632,1.0,True,keywords
W7138096378,G10,0.632,1.0,True,keywords
W7140610309,G08,0.393,0.25,False,keywords
W7140610309,G09,0.393,0.25,False,keywords
W7140610309,G10,0.632,0.5,True,keywords
W7147202128,G04,0.632,0.6666666666666666,True,keywords
W7147202128,G09,0.393,0.3333333333333333,False,keywords
W7152643914,G07,0.528,0.42857142857142855,False,keywords
W7152643914,G15,0.632,0.5714285714285714,True,keywords
W7152980970,G09,0.918,0.625,True,keywords
W7152980970,G10,0.632,0.25,False,keywords
W7152980970,G15,0.393,0.125,False,keywords
W7153860197,G08,0.393,0.25,False,keywords
W7153860197,G09,0.393,0.25,False,keywords
W7153860197,G10,0.632,0.5,True,keywords
W7154721705,G08,0.528,1.0,True,keywords
W7155058284,G09,0.393,1.0,True,keywords
W7155697524,G10,0.632,1.0,True,keywords
W7160026234,G10,0.632,1.0,True,keywords
W7160077895,G09,0.918,1.0,True,keywords
W7160324919,G09,0.865,1.0,True,keywords
W7160643510,G08,0.393,0.5,True,keywords
W7160643510,G09,0.393,0.5,True,keywords
W7161941080,G10,0.777,1.0,True,keywords
W7164033611,G10,0.918,1.0,True,keywords
W7164992848,G10,0.713,0.3333333333333333,False,keywords
W7164992848,G11,0.865,0.5333333333333333,True,keywords
W7164992848,G15,0.393,0.13333333333333333,False,keywords
W7166567229,G10,0.528,1.0,True,keywords
W7167036503,G09,0.393,1.0,True,keywords
W7167966947,G09,0.777,0.375,False,keywords
W7167966947,G10,0.918,0.625,True,keywords
W2125677903,G10,0.393,0.25,False,keywords
W2125677903,G15,0.777,0.75,True,keywords
W2560155803,G08,0.393,1.0,True,keywords
W2954843930,G08,0.393,0.5,True,keywords
W2954843930,G09,0.393,0.5,True,keywords
W2034377169,G08,0.393,0.4,False,keywords
W2034377169,G10,0.528,0.6,True,keywords
W2777822865,G09,0.393,0.5,True,keywords
W2777822865,G10,0.393,0.5,True,keywords
W2791956356,G15,0.528,1.0,True,keywords
W2117226618,G07,0.632,1.0,True,keywords
W2160100301,G15,0.865,1.0,True,keywords
W2405888939,G07,0.632,1.0,True,keywords
W2416248517,G15,0.528,1.0,True,keywords
W2618210627,G12,0.632,1.0,True,keywords
W2774590906,G10,0.826,0.5,True,keywords
W2774590906,G15,0.826,0.5,True,keywords
W2048466354,G10,0.393,1.0,True,keywords
W2151702498,G11,0.393,0.14285714285714285,False,keywords
W2151702498,G15,0.95,0.8571428571428571,True,keywords
W2286307876,G15,0.528,1.0,True,keywords
W2332598422,G10,0.393,1.0,True,keywords
W2993039426,G09,0.632,1.0,True,keywords
W4280545583,G06,0.713,1.0,True,keywords
W1977563491,G09,0.632,1.0,True,keywords
W2533216796,G07,0.865,0.8,True,keywords
W2533216796,G10,0.393,0.2,False,keywords
W3015160206,G15,0.528,1.0,True,keywords
W3131965740,G10,0.777,1.0,True,keywords
W3142207342,G13,0.393,0.4,False,keywords
W3142207342,G15,0.528,0.6,True,keywords
W3164699851,G10,0.777,1.0,True,keywords
W3196899462,G09,0.632,1.0,True,keywords
W4200048347,G10,0.777,0.6,True,keywords
W4200048347,G15,0.632,0.4,False,keywords
W4281636891,G01,0.713,0.625,True,keywords
W4281636891,G16,0.528,0.375,False,keywords
W4384944234,G10,0.777,1.0,True,keywords
W1968896632,G10,0.528,1.0,True,keywords
W3135203141,G09,0.632,1.0,True,keywords
W4362548987,G10,0.528,1.0,True,keywords
W2088182688,G09,0.393,1.0,True,keywords
W2502317573,G07,0.713,1.0,True,keywords
W2011542233,G04,0.393,1.0,True,keywords
W2142326371,G08,0.528,1.0,True,keywords
W2296765310,G04,0.393,1.0,True,keywords
W2972394599,G06,0.713,0.35714285714285715,False,keywords
W2972394599,G15,0.895,0.6428571428571429,True,keywords
W2320523058,G08,0.713,1.0,True,keywords
W2792147048,G10,0.918,1.0,True,keywords
W3032834241,G01,0.393,1.0,True,keywords
W3093176103,G02,0.528,0.6,True,keywords
W3093176103,G09,0.393,0.4,False,keywords
W3132148960,G08,0.528,1.0,True,keywords
W4235698138,G08,0.393,1.0,True,keywords
W4301822157,G13,0.393,0.4,False,keywords
W4301822157,G19,0.528,0.6,True,keywords
W2014265711,G10,0.895,1.0,True,keywords
W2416465704,G09,0.528,1.0,True,keywords
W2989716738,G09,0.393,0.16666666666666666,False,keywords
W2989716738,G10,0.713,0.4166666666666667,True,keywords
W2989716738,G11,0.528,0.25,False,keywords
W2989716738,G12,0.393,0.16666666666666666,False,keywords
W2990206413,G09,0.393,1.0,True,keywords
W3206770118,G09,0.865,0.8,True,keywords
W3206770118,G10,0.393,0.2,False,keywords
W4387472991,G06,0.865,0.47058823529411764,True,keywords
W4387472991,G10,0.632,0.23529411764705882,False,keywords
W4387472991,G15,0.713,0.29411764705882354,False,keywords
W1604863714,G10,0.713,1.0,True,keywords
W1991412715,G09,0.632,1.0,True,keywords
W2136761726,G02,0.393,0.15384615384615385,False,keywords
W2136761726,G06,0.826,0.5384615384615384,True,keywords
W2136761726,G08,0.393,0.15384615384615385,False,keywords
W2136761726,G15,0.393,0.15384615384615385,False,keywords
W2343003524,G13,0.632,0.5714285714285714,True,keywords
W2343003524,G15,0.528,0.42857142857142855,False,keywords
W2548091699,G09,0.393,1.0,True,keywords
W3021057917,G07,0.777,1.0,True,keywords
W3096509257,G08,0.393,1.0,True,keywords
W3208346095,G09,0.632,1.0,True,keywords
W4286262650,G09,0.528,1.0,True,keywords
W4286493345,G10,0.777,1.0,True,keywords
W4307465058,G15,0.826,1.0,True,keywords
W4362668845,G09,0.895,1.0,True,keywords
W4385330499,G17,0.632,1.0,True,keywords
W4389478464,G09,0.393,1.0,True,keywords
W4391596135,G15,0.826,1.0,True,keywords
W4399423694,G07,0.777,1.0,True,keywords
W2062365391,G09,0.393,1.0,True,keywords
W2078827479,G10,0.777,1.0,True,keywords
W2149111146,G05,0.393,0.2222222222222222,False,keywords
W2149111146,G08,0.528,0.3333333333333333,False,keywords
W2149111146,G09,0.632,0.4444444444444444,True,keywords
W2513756296,G09,0.632,1.0,True,keywords
W2740282212,G09,0.393,1.0,True,keywords
W2913031521,G03,0.528,0.5,True,keywords
W2913031521,G05,0.528,0.5,True,keywords
W3193872035,G01,0.632,1.0,True,keywords
W4282970434,G10,0.632,0.4444444444444444,False,keywords
W4282970434,G15,0.713,0.5555555555555556,True,keywords
W4300015466,G08,0.393,0.25,False,keywords
W4300015466,G10,0.528,0.375,True,keywords
W4300015466,G15,0.528,0.375,True,keywords
W4313529379,G10,0.528,0.5,True,keywords
W4313529379,G14,0.528,0.5,True,keywords
W4313656487,G10,0.632,0.5714285714285714,True,keywords
W4313656487,G11,0.528,0.42857142857142855,False,keywords
W4378172967,G09,0.528,1.0,True,keywords
W4382062614,G07,0.777,1.0,True,keywords
W4382798096,G15,0.986,1.0,True,keywords
W4386815920,G10,0.632,1.0,True,keywords
W4391228038,G09,0.918,1.0,True,keywords
W4391685682,G10,0.393,1.0,True,keywords
W4394907147,G09,0.632,0.26666666666666666,False,keywords
W4394907147,G10,0.826,0.4666666666666667,True,keywords
W4394907147,G12,0.632,0.26666666666666666,False,keywords
W4400760882,G06,0.713,0.7142857142857143,True,keywords
W4400760882,G08,0.393,0.2857142857142857,False,keywords
W4401833871,G09,0.777,1.0,True,keywords
W4403391831,G10,0.393,0.5,True,keywords
W4403391831,G12,0.393,0.5,True,keywords
W4403940466,G07,0.528,1.0,True,keywords
W4404259078,G10,0.632,1.0,True,keywords
W4406852640,G10,0.713,1.0,True,keywords
W4407204522,G02,0.393,0.10526315789473684,False,keywords
W4407204522,G06,0.713,0.2631578947368421,False,keywords
W4407204522,G15,0.95,0.631578947368421,True,keywords
W4407238839,G01,0.826,1.0,True,keywords
W4407424976,G09,0.713,1.0,True,keywords
W4408460070,G08,0.393,0.3333333333333333,False,keywords
W4408460070,G09,0.632,0.6666666666666666,True,keywords
W4410115095,G09,0.713,1.0,True,keywords
W4410484446,G10,0.777,0.5,True,keywords
W4410484446,G20,0.777,0.5,True,keywords
W4411318922,G06,0.528,1.0,True,keywords
W4413858079,G09,0.632,1.0,True,keywords
W7117153901,G10,0.632,1.0,True,keywords
W2946601371,G10,0.777,1.0,True,keywords
W3094186815,G15,0.865,1.0,True,keywords
W3174135327,G06,0.713,0.4166666666666667,False,keywords
W3174135327,G15,0.826,0.5833333333333334,True,keywords
W1964975611,G19,0.632,1.0,True,keywords
W2346333604,G08,0.777,1.0,True,keywords
W2550821952,G07,0.528,0.5,True,keywords
W2550821952,G13,0.528,0.5,True,keywords
W2901705313,G08,0.528,0.6,True,keywords
W2901705313,G09,0.393,0.4,False,keywords
W2906314858,G04,0.393,1.0,True,keywords
W3092766881,G15,0.826,0.7,True,keywords
W3092766881,G17,0.528,0.3,False,keywords
W3110749761,G09,0.528,0.2,False,keywords
W3110749761,G10,0.95,0.8,True,keywords
W3206103503,G09,0.393,1.0,True,keywords
W4309662663,G01,0.918,1.0,True,keywords
W4379538244,G10,0.528,1.0,True,keywords
W4384470797,G11,0.393,0.3333333333333333,False,keywords
W4384470797,G18,0.632,0.6666666666666666,True,keywords
W4400242372,G07,0.632,1.0,True,keywords
W2116437342,G09,0.393,1.0,True,keywords
W2991330623,G08,0.95,0.6666666666666666,True,keywords
W2991330623,G09,0.777,0.3333333333333333,False,keywords
W2125636389,G09,0.713,1.0,True,keywords
W3137095879,G08,0.918,0.6666666666666666,True,keywords
W3137095879,G09,0.713,0.3333333333333333,False,keywords
W2129656462,G15,0.393,1.0,True,keywords
W3170362706,G09,0.713,1.0,True,keywords
W2600553571,G09,0.393,0.3333333333333333,False,keywords
W2600553571,G10,0.632,0.6666666666666666,True,keywords
W2050750965,G06,0.713,0.16129032258064516,False,keywords
W2050750965,G10,0.632,0.12903225806451613,False,keywords
W2050750965,G11,0.865,0.25806451612903225,True,keywords
W2050750965,G14,0.777,0.1935483870967742,False,keywords
W2050750965,G15,0.865,0.25806451612903225,True,keywords
W2995425031,G08,0.393,1.0,True,keywords
W3153049780,G09,0.393,1.0,True,keywords
W3168034676,G06,0.632,0.2857142857142857,True,keywords
W3168034676,G10,0.632,0.2857142857142857,True,keywords
W3168034676,G14,0.528,0.21428571428571427,False,keywords
W3168034676,G15,0.528,0.21428571428571427,False,keywords
W3208869463,G09,0.632,1.0,True,keywords
W3093971724,G09,0.777,1.0,True,keywords
W3196145791,G02,0.393,0.2857142857142857,False,keywords
W3196145791,G04,0.528,0.42857142857142855,True,keywords
W3196145791,G07,0.393,0.2857142857142857,False,keywords
W4295927372,G10,0.393,1.0,True,keywords
W4391096766,G10,0.713,0.5555555555555556,True,keywords
W4391096766,G12,0.632,0.4444444444444444,False,keywords
W4410805202,G10,0.826,1.0,True,keywords
W4404131076,G07,0.865,1.0,True,keywords
W4399318813,G09,0.777,1.0,True,keywords
W2885740317,G09,0.393,1.0,True,keywords
W2904560825,G12,0.632,1.0,True,keywords
W4320887035,G09,0.528,1.0,True,keywords
W4235399797,G09,0.393,1.0,True,keywords
W2939527918,G09,0.393,1.0,True,keywords
W3080522517,G15,0.528,1.0,True,keywords
W4200370868,G09,0.528,1.0,True,keywords
W4379283366,G09,0.713,1.0,True,keywords
W4401653965,G07,0.713,1.0,True,keywords
W2474205092,G08,0.393,1.0,True,keywords
W2788790281,G09,0.777,1.0,True,keywords
W2810956226,G10,0.528,1.0,True,keywords
W3158150531,G08,0.393,1.0,True,keywords
W4320484468,G08,0.528,1.0,True,keywords
W4379283734,G08,0.393,0.4,False,keywords
W4379283734,G09,0.528,0.6,True,keywords
W2943326258,G04,0.632,1.0,True,keywords
W3115198711,G07,0.713,1.0,True,keywords
W3156994340,G01,0.895,1.0,True,keywords
W4224221412,G09,0.393,1.0,True,keywords
W4378803343,G08,0.393,0.3333333333333333,False,keywords
W4378803343,G15,0.632,0.6666666666666666,True,keywords
W4379281727,G10,0.777,1.0,True,keywords
W4387686986,G09,0.393,1.0,True,keywords
W4399667136,G09,0.777,0.5,True,keywords
W4399667136,G11,0.777,0.5,True,keywords
W7122375420,G09,0.393,0.08695652173913043,False,keywords
W7122375420,G10,0.991,0.8260869565217391,True,keywords
W7122375420,G15,0.393,0.08695652173913043,False,keywords
W7163379479,G10,0.918,1.0,True,keywords
W2587770904,G01,0.97,1.0,True,keywords
W2786685454,G09,0.918,1.0,True,keywords
W2898035341,G07,0.632,1.0,True,keywords
W3013661511,G10,0.632,1.0,True,keywords
W3030363081,G07,0.393,0.13333333333333333,False,keywords
W3030363081,G10,0.895,0.6,True,keywords
W3030363081,G11,0.393,0.13333333333333333,False,keywords
W3030363081,G15,0.393,0.13333333333333333,False,keywords
W3125590401,G09,0.528,1.0,True,keywords
W3158137197,G09,0.393,1.0,True,keywords
W3176146826,G08,0.777,1.0,True,keywords
W3181323035,G08,0.393,1.0,True,keywords
W4211167191,G10,0.936,1.0,True,keywords
W4235322629,G09,0.528,1.0,True,keywords
W4236878530,G10,0.961,1.0,True,keywords
W4286298940,G01,0.393,0.15384615384615385,False,keywords
W4286298940,G15,0.936,0.8461538461538461,True,keywords
W4293103626,G15,0.528,1.0,True,keywords
W4362694205,G09,0.393,1.0,True,keywords
W4381852835,G09,0.528,1.0,True,keywords
W4386399382,G09,0.393,0.3333333333333333,False,keywords
W4386399382,G12,0.632,0.6666666666666666,True,keywords
W4393407962,G10,0.713,1.0,True,keywords
W4396901145,G10,0.632,1.0,True,keywords
W2078952513,G09,0.393,1.0,True,keywords
W2574911656,G08,0.393,0.4,False,keywords
W2574911656,G15,0.528,0.6,True,keywords
W2750683227,G10,0.528,0.5,True,keywords
W2750683227,G15,0.528,0.5,True,keywords
W2952902275,G09,0.393,0.2,False,keywords
W2952902275,G10,0.865,0.8,True,keywords
W2953302204,G07,0.632,0.6666666666666666,True,keywords
W2953302204,G10,0.393,0.3333333333333333,False,keywords
W2953377719,G13,0.528,1.0,True,keywords
W3039342720,G13,0.632,1.0,True,keywords
W3093291819,G15,0.97,1.0,True,keywords
W3113065622,G10,0.777,1.0,True,keywords
W3116520515,G11,0.528,1.0,True,keywords
W3164050615,G08,0.393,0.3333333333333333,False,keywords
W3164050615,G09,0.632,0.6666666666666666,True,keywords
W3166576226,G10,0.393,1.0,True,keywords
W3167836346,G08,0.713,1.0,True,keywords
W3168999399,G09,0.528,1.0,True,keywords
W3171651446,G10,0.393,0.2857142857142857,False,keywords
W3171651446,G15,0.713,0.7142857142857143,True,keywords
W3200346885,G15,0.393,1.0,True,keywords
W3209439552,G08,0.393,1.0,True,keywords
W4206369529,G08,0.393,1.0,True,keywords
W4210707853,G08,0.393,1.0,True,keywords
W4234891041,G09,0.393,1.0,True,keywords
W4282025572,G15,0.826,1.0,True,keywords
W4288700350,G09,0.528,1.0,True,keywords
W4294940212,G07,0.865,1.0,True,keywords
W4297252812,G09,0.777,1.0,True,keywords
W4297683063,G10,0.528,1.0,True,keywords
W4302757635,G09,0.393,1.0,True,keywords
W4307832782,G09,0.393,0.3333333333333333,False,keywords
W4307832782,G12,0.632,0.6666666666666666,True,keywords
W4313530912,G15,0.528,1.0,True,keywords
W4318485538,G10,0.528,1.0,True,keywords
W4367369251,G07,0.632,1.0,True,keywords
W4376105613,G10,0.632,1.0,True,keywords
W4378220168,G09,0.632,0.6666666666666666,True,keywords
W4378220168,G10,0.393,0.3333333333333333,False,keywords
W4379284376,G06,0.713,0.3125,False,keywords
W4379284376,G09,0.528,0.1875,False,keywords
W4379284376,G10,0.777,0.375,True,keywords
W4379284376,G15,0.393,0.125,False,keywords
W4382244471,G06,0.632,1.0,True,keywords
W4389114109,G10,0.777,1.0,True,keywords
W4399406828,G09,0.895,0.6,True,keywords
W4399406828,G10,0.777,0.4,False,keywords
W4400265493,G09,0.777,0.6,True,keywords
W4400265493,G10,0.632,0.4,False,keywords
W4406790802,G09,0.918,1.0,True,keywords
W4410800066,G10,0.393,0.2857142857142857,False,keywords
W4410800066,G12,0.713,0.7142857142857143,True,keywords
W4410814855,G15,0.936,1.0,True,keywords
W7119513350,G04,0.528,0.6,True,keywords
W7119513350,G15,0.393,0.4,False,keywords
W1440066230,G09,0.632,1.0,True,keywords
W1975463847,G09,0.393,1.0,True,keywords
W1988625138,G09,0.826,1.0,True,keywords
W1992851654,G08,0.895,1.0,True,keywords
W2009820836,G08,0.528,0.42857142857142855,False,keywords
W2009820836,G09,0.632,0.5714285714285714,True,keywords
W2017154092,G06,0.528,0.42857142857142855,False,keywords
W2017154092,G10,0.632,0.5714285714285714,True,keywords
W2042593936,G10,0.393,1.0,True,keywords
W2072828209,G08,0.393,1.0,True,keywords
W2128335496,G07,0.713,1.0,True,keywords
W2147499927,G09,0.528,1.0,True,keywords
W2150777721,G10,0.528,1.0,True,keywords
W2158418855,G07,0.865,0.6666666666666666,True,keywords
W2158418855,G15,0.393,0.16666666666666666,False,keywords
W2158418855,G20,0.393,0.16666666666666666,False,keywords
W2264898799,G02,0.393,1.0,True,keywords
W2315509840,G08,0.393,0.3333333333333333,False,keywords
W2315509840,G10,0.632,0.6666666666666666,True,keywords
W2323418963,G08,0.865,0.6153846153846154,True,keywords
W2323418963,G09,0.713,0.38461538461538464,False,keywords
W2409840551,G15,0.777,1.0,True,keywords
W2466832490,G10,0.528,1.0,True,keywords
W2502471662,G09,0.528,1.0,True,keywords
W2756029639,G09,0.393,1.0,True,keywords
W2758517533,G09,0.632,0.5714285714285714,True,keywords
W2758517533,G10,0.528,0.42857142857142855,False,keywords
W2765941192,G02,0.393,0.18181818181818182,False,keywords
W2765941192,G06,0.528,0.2727272727272727,False,keywords
W2765941192,G10,0.632,0.36363636363636365,True,keywords
W2765941192,G15,0.393,0.18181818181818182,False,keywords
W2773698769,G09,0.632,1.0,True,keywords
W2775793427,G09,0.393,0.4,False,keywords
W2775793427,G10,0.528,0.6,True,keywords
W2796191726,G08,0.393,0.2857142857142857,False,keywords
W2796191726,G09,0.713,0.7142857142857143,True,keywords
W2884048805,G10,0.895,1.0,True,keywords
W2896735114,G09,0.528,1.0,True,keywords
W2900150137,G10,0.393,1.0,True,keywords
W2903209232,G09,0.632,1.0,True,keywords
W2903278236,G08,0.865,1.0,True,keywords
W2911769774,G06,0.632,0.5,True,keywords
W2911769774,G07,0.632,0.5,True,keywords
W2911975063,G10,0.632,1.0,True,keywords
W2913110081,G09,0.528,0.42857142857142855,False,keywords
W2913110081,G10,0.632,0.5714285714285714,True,keywords
W2940196446,G20,0.393,1.0,True,keywords
W2958272055,G02,0.961,0.8666666666666667,True,keywords
W2958272055,G09,0.393,0.13333333333333333,False,keywords
W2972816789,G10,0.95,1.0,True,keywords
W2979329844,G09,0.777,1.0,True,keywords
W2979951963,G08,0.777,0.6,True,keywords
W2979951963,G09,0.632,0.4,False,keywords
W3030703739,G06,0.632,0.23529411764705882,False,keywords
W3030703739,G10,0.632,0.23529411764705882,False,keywords
W3030703739,G14,0.713,0.29411764705882354,True,keywords
W3030703739,G15,0.632,0.23529411764705882,False,keywords
W3043776662,G09,0.393,1.0,True,keywords
W3047972972,G09,0.632,0.5714285714285714,True,keywords
W3047972972,G10,0.528,0.42857142857142855,False,keywords
W3092337053,G10,0.528,1.0,True,keywords
W3093919721,G10,0.632,0.5,True,keywords
W3093919721,G15,0.632,0.5,True,keywords
W3094693969,G10,0.632,1.0,True,keywords
W3096478729,G09,0.918,0.7142857142857143,True,keywords
W3096478729,G10,0.632,0.2857142857142857,False,keywords
W3119413335,G08,0.393,1.0,True,keywords
W3122620798,G08,0.713,0.5555555555555556,True,keywords
W3122620798,G09,0.632,0.4444444444444444,False,keywords
W3124384173,G08,0.393,1.0,True,keywords
W3126123575,G10,0.632,1.0,True,keywords
W3128246758,G09,0.632,1.0,True,keywords
W3143207317,G11,0.393,1.0,True,keywords
W3153159707,G01,0.826,0.3684210526315789,False,keywords
W3153159707,G08,0.95,0.631578947368421,True,keywords
W3164798469,G08,0.528,0.23076923076923078,False,keywords
W3164798469,G09,0.393,0.15384615384615385,False,keywords
W3164798469,G10,0.393,0.15384615384615385,False,keywords
W3164798469,G14,0.393,0.15384615384615385,False,keywords
W3164798469,G15,0.632,0.3076923076923077,True,keywords
W3168420715,G09,0.393,1.0,True,keywords
W3174691397,G09,0.632,0.5714285714285714,True,keywords
W3174691397,G10,0.528,0.42857142857142855,False,keywords
W3199168954,G10,0.393,0.25,False,keywords
W3199168954,G15,0.777,0.75,True,keywords
W3199274570,G10,0.713,1.0,True,keywords
W3203372793,G04,0.713,0.7142857142857143,True,keywords
W3203372793,G09,0.393,0.2857142857142857,False,keywords
W3210120712,G09,0.393,0.5,True,keywords
W3210120712,G10,0.393,0.5,True,keywords
W3215687964,G08,0.393,1.0,True,keywords
W33179874,G16,0.393,1.0,True,keywords
W36608769,G09,0.777,0.6,True,keywords
W36608769,G10,0.632,0.4,False,keywords
W4200158860,G09,0.393,1.0,True,keywords
W4205209096,G10,0.632,1.0,True,keywords
W4205836801,G13,0.632,0.6666666666666666,True,keywords
W4205836801,G15,0.393,0.3333333333333333,False,keywords
W4211069666,G09,0.393,0.16666666666666666,False,keywords
W4211069666,G10,0.865,0.6666666666666666,True,keywords
W4211069666,G11,0.393,0.16666666666666666,False,keywords
W4212912272,G09,0.826,1.0,True,keywords
W4213065164,G10,0.632,1.0,True,keywords
W4213170947,G09,0.632,1.0,True,keywords
W4214718315,G10,0.528,1.0,True,keywords
W4214838495,G15,0.528,1.0,True,keywords
W4220792150,G10,0.528,1.0,True,keywords
W4233545556,G16,0.528,1.0,True,keywords
W4234833040,G09,0.393,1.0,True,keywords
W4235593511,G07,0.393,1.0,True,keywords
W4236675889,G10,0.632,1.0,True,keywords
W4237065258,G09,0.393,1.0,True,keywords
W4237297476,G07,0.632,1.0,True,keywords
W4238078025,G08,0.961,1.0,True,keywords
W4239647710,G10,0.777,1.0,True,keywords
W4240748621,G13,0.632,0.6666666666666666,True,keywords
W4240748621,G20,0.393,0.3333333333333333,False,keywords
W4243965931,G11,0.393,0.13333333333333333,False,keywords
W4243965931,G15,0.936,0.7333333333333333,True,keywords
W4243965931,G17,0.393,0.13333333333333333,False,keywords
W4247341370,G15,0.936,1.0,True,keywords
W4249268874,G09,0.393,1.0,True,keywords
W4250629688,G08,0.528,0.5,True,keywords
W4250629688,G10,0.528,0.5,True,keywords
W4254828419,G07,0.528,1.0,True,keywords
W4281738335,G09,0.632,0.4,True,keywords
W4281738335,G10,0.393,0.2,False,keywords
W4281738335,G12,0.632,0.4,True,keywords
W4281802497,G10,0.632,0.5714285714285714,True,keywords
W4281802497,G11,0.528,0.42857142857142855,False,keywords
W4283397042,G08,0.393,1.0,True,keywords
W4287270472,G10,0.632,1.0,True,keywords
W4287447062,G09,0.528,1.0,True,keywords
W4288080518,G11,0.713,1.0,True,keywords
W4298139361,G10,0.393,1.0,True,keywords
W4298147419,G09,0.632,1.0,True,keywords
W4298206492,G07,0.895,1.0,True,keywords
W4298234927,G07,0.632,1.0,True,keywords
W4299331007,G07,0.713,1.0,True,keywords
W4301205211,G09,0.632,1.0,True,keywords
W4301804707,G07,0.713,1.0,True,keywords
W4302336663,G07,0.713,1.0,True,keywords
W4308047530,G10,0.393,0.3333333333333333,False,keywords
W4308047530,G15,0.632,0.6666666666666666,True,keywords
W4308844538,G09,0.777,0.375,False,keywords
W4308844538,G10,0.918,0.625,True,keywords
W4310844859,G10,0.393,0.25,False,keywords
W4310844859,G15,0.777,0.75,True,keywords
W4313216253,G09,0.528,1.0,True,keywords
W4313491798,G15,0.97,1.0,True,keywords
W4313552173,G06,0.713,0.35714285714285715,False,keywords
W4313552173,G14,0.777,0.42857142857142855,True,keywords
W4313552173,G15,0.528,0.21428571428571427,False,keywords
W4313953689,G09,0.713,1.0,True,keywords
W4362661541,G09,0.632,1.0,True,keywords
W4366997500,G01,0.632,1.0,True,keywords
W4366997518,G01,0.528,1.0,True,keywords
W4366998102,G01,0.528,1.0,True,keywords
W4366998163,G01,0.826,1.0,True,keywords
W4366998334,G01,0.528,0.5,True,keywords
W4366998334,G11,0.528,0.5,True,keywords
W4367856430,G01,0.777,0.6666666666666666,True,keywords
W4367856430,G16,0.528,0.3333333333333333,False,keywords
W4376958964,G15,0.528,0.6,True,keywords
W4376958964,G20,0.393,0.4,False,keywords
W4377047242,G09,0.777,0.6,True,keywords
W4377047242,G10,0.632,0.4,False,keywords
W4378085608,G12,0.632,1.0,True,keywords
W4378211650,G09,0.393,1.0,True,keywords
W4379283250,G06,0.713,1.0,True,keywords
W4379283810,G08,0.528,0.23076923076923078,False,keywords
W4379283810,G12,0.918,0.7692307692307693,True,keywords
W4379285639,G07,0.528,0.375,False,keywords
W4379285639,G10,0.713,0.625,True,keywords
W4383483438,G10,0.528,1.0,True,keywords
W4383618378,G09,0.393,1.0,True,keywords
W4383956404,G09,0.713,1.0,True,keywords
W4385922915,G09,0.777,1.0,True,keywords
W4386000244,G09,0.393,1.0,True,keywords
W4386135753,G10,0.528,1.0,True,keywords
W4387826804,G09,0.528,1.0,True,keywords
W4390929102,G09,0.918,1.0,True,keywords
W4392145134,G01,0.976,0.5769230769230769,True,keywords
W4392145134,G02,0.528,0.11538461538461539,False,keywords
W4392145134,G15,0.865,0.3076923076923077,False,keywords
W4392180677,G09,0.528,1.0,True,keywords
W4392720571,G09,0.632,1.0,True,keywords
W4395697089,G07,0.865,0.7272727272727273,True,keywords
W4395697089,G14,0.528,0.2727272727272727,False,keywords
W4396826499,G10,0.632,1.0,True,keywords
W4397021898,G09,0.393,1.0,True,keywords
W4399232172,G08,0.777,1.0,True,keywords
W4399802338,G10,0.632,1.0,True,keywords
W4400024415,G06,0.895,1.0,True,keywords
W4400024420,G07,0.713,1.0,True,keywords
W4400108896,G09,0.961,1.0,True,keywords
W4400460897,G16,0.632,0.4,False,keywords
W4400460897,G17,0.777,0.6,True,keywords
W4400673934,G09,0.97,1.0,True,keywords
W4401578015,G02,0.393,0.2857142857142857,False,keywords
W4401578015,G20,0.713,0.7142857142857143,True,keywords
W4402451363,G10,0.713,0.7142857142857143,True,keywords
W4402451363,G15,0.393,0.2857142857142857,False,keywords
W4402661456,G09,0.528,1.0,True,keywords
W4403563689,G10,0.528,1.0,True,keywords
W4407063685,G10,0.713,0.7142857142857143,True,keywords
W4407063685,G15,0.393,0.2857142857142857,False,keywords
W4407128464,G10,0.528,1.0,True,keywords
W4407164984,G08,0.393,1.0,True,keywords
W4407412661,G04,0.777,0.75,True,keywords
W4407412661,G09,0.393,0.25,False,keywords
W4407621550,G10,0.895,1.0,True,keywords
W4407622224,G10,0.528,1.0,True,keywords
W4407622626,G09,0.393,0.2222222222222222,False,keywords
W4407622626,G10,0.826,0.7777777777777778,True,keywords
W4408057206,G08,0.393,1.0,True,keywords
W4409001602,G15,0.865,1.0,True,keywords
W4409502861,G12,0.632,1.0,True,keywords
W4409666499,G08,0.393,1.0,True,keywords
W4409736802,G08,0.393,1.0,True,keywords
W4409753655,G10,0.713,1.0,True,keywords
W4409980282,G13,0.865,1.0,True,keywords
W4410239275,G09,0.393,0.3333333333333333,False,keywords
W4410239275,G10,0.632,0.6666666666666666,True,keywords
W4410587008,G04,0.528,1.0,True,keywords
W4410795460,G08,0.393,0.2222222222222222,False,keywords
W4410795460,G15,0.826,0.7777777777777778,True,keywords
W4411023093,G07,0.95,0.8,True,keywords
W4411023093,G08,0.528,0.2,False,keywords
W4411327355,G07,0.528,0.42857142857142855,False,keywords
W4411327355,G10,0.632,0.5714285714285714,True,keywords
W4411597328,G08,0.528,0.3333333333333333,False,keywords
W4411597328,G10,0.632,0.4444444444444444,True,keywords
W4411597328,G15,0.393,0.2222222222222222,False,keywords
W4411792756,G10,0.865,1.0,True,keywords
W4411847954,G11,0.528,1.0,True,keywords
W4412090451,G06,0.632,0.3076923076923077,False,keywords
W4412090451,G15,0.895,0.6923076923076923,True,keywords
W4412146215,G15,0.632,1.0,True,keywords
W4412438618,G06,0.393,1.0,True,keywords
W4412705849,G11,0.393,0.4,False,keywords
W4412705849,G18,0.528,0.6,True,keywords
W4412981426,G15,0.393,1.0,True,keywords
W4413010566,G10,0.528,1.0,True,keywords
W4413074719,G06,0.713,0.5555555555555556,True,keywords
W4413074719,G14,0.632,0.4444444444444444,False,keywords
W4413090880,G07,0.393,1.0,True,keywords
W4413129628,G01,0.865,1.0,True,keywords
W4413272786,G09,0.826,1.0,True,keywords
W4413411662,G08,0.777,0.6,True,keywords
W4413411662,G09,0.632,0.4,False,keywords
W4413439491,G09,0.713,0.3333333333333333,True,keywords
W4413439491,G10,0.713,0.3333333333333333,True,keywords
W4413439491,G15,0.713,0.3333333333333333,True,keywords
W4413507248,G08,0.895,1.0,True,keywords
W4413593172,G15,0.777,1.0,True,keywords
W4413994300,G15,0.826,1.0,True,keywords
W4414107943,G09,0.777,1.0,True,keywords
W4414300406,G09,0.393,1.0,True,keywords
W4414363888,G06,0.713,1.0,True,keywords
W4414753243,G08,0.393,1.0,True,keywords
W4414846690,G09,0.632,1.0,True,keywords
W4414861621,G09,0.393,0.2222222222222222,False,keywords
W4414861621,G10,0.826,0.7777777777777778,True,keywords
W4415356521,G09,0.713,0.5,True,keywords
W4415356521,G15,0.713,0.5,True,keywords
W4415418433,G06,0.632,1.0,True,keywords
W4415488318,G10,0.632,1.0,True,keywords
W4415642751,G10,0.393,1.0,True,keywords
W4415939743,G09,0.393,1.0,True,keywords
W4415940265,G10,0.632,1.0,True,keywords
W4415941767,G06,0.777,0.42857142857142855,True,keywords
W4415941767,G08,0.393,0.14285714285714285,False,keywords
W4415941767,G15,0.777,0.42857142857142855,True,keywords
W4415942240,G10,0.528,1.0,True,keywords
W4416117880,G08,0.865,1.0,True,keywords
W4416356246,G10,0.632,0.3333333333333333,False,keywords
W4416356246,G15,0.865,0.6666666666666666,True,keywords
W4416412955,G10,0.632,1.0,True,keywords
W4416417009,G14,0.528,1.0,True,keywords
W4416624658,G10,0.632,1.0,True,keywords
W4416768546,G09,0.393,1.0,True,keywords
W4416781051,G10,0.528,1.0,True,keywords
W4416781103,G08,0.393,1.0,True,keywords
W4416787810,G09,0.713,1.0,True,keywords
W4416918851,G10,0.918,1.0,True,keywords
W4416958211,G10,0.632,1.0,True,keywords
W4417038489,G07,0.826,1.0,True,keywords
W4417154710,G09,0.865,1.0,True,keywords
W4417200538,G10,0.393,0.2,False,keywords
W4417200538,G15,0.865,0.8,True,keywords
W4417497874,G09,0.528,1.0,True,keywords
W4417513097,G10,0.895,0.6428571428571429,True,keywords
W4417513097,G11,0.713,0.35714285714285715,False,keywords
W4417524689,G04,0.528,0.6,True,keywords
W4417524689,G09,0.393,0.4,False,keywords
W5134540,G16,0.393,1.0,True,keywords
W7116870097,G10,0.865,1.0,True,keywords
W7116895727,G10,0.961,0.8666666666666667,True,keywords
W7116895727,G15,0.393,0.13333333333333333,False,keywords
W7117157304,G06,0.777,1.0,True,keywords
W7117303245,G13,0.632,1.0,True,keywords
W7117327702,G10,0.632,1.0,True,keywords
W7117582459,G01,0.865,0.8,True,keywords
W7117582459,G09,0.393,0.2,False,keywords
W7119681317,G07,0.632,0.5,True,keywords
W7119681317,G10,0.632,0.5,True,keywords
W7119693548,G10,0.528,1.0,True,keywords
W7120046838,G15,0.632,1.0,True,keywords
W7122519781,G10,0.713,1.0,True,keywords
W7123339738,G09,0.393,1.0,True,keywords
W7123915565,G09,0.393,1.0,True,keywords
W7124430261,G11,0.393,1.0,True,keywords
W7124449693,G07,0.632,0.6666666666666666,True,keywords
W7124449693,G08,0.393,0.3333333333333333,False,keywords
W7124470423,G09,0.777,1.0,True,keywords
W7124668504,G10,0.393,1.0,True,keywords
W7124684308,G10,0.632,1.0,True,keywords
W7125522524,G04,0.528,0.25,False,keywords
W7125522524,G09,0.713,0.4166666666666667,True,keywords
W7125522524,G12,0.632,0.3333333333333333,False,keywords
W7125640302,G10,0.632,1.0,True,keywords
W7126410273,G09,0.865,0.47058823529411764,False,keywords
W7126410273,G10,0.895,0.5294117647058824,True,keywords
W7128052025,G09,0.713,1.0,True,keywords
W7128354286,G09,0.713,1.0,True,keywords
W7128364077,G10,0.393,1.0,True,keywords
W7128441089,G15,0.528,1.0,True,keywords
W7128545219,G09,0.393,0.2857142857142857,False,keywords
W7128545219,G12,0.713,0.7142857142857143,True,keywords
W7128547513,G13,0.713,1.0,True,keywords
W7128810625,G10,0.632,1.0,True,keywords
W7128903075,G07,0.528,1.0,True,keywords
W7128924142,G10,0.528,1.0,True,keywords
W7128927104,G09,0.632,1.0,True,keywords
W7129078804,G08,0.777,1.0,True,keywords
W7129254393,G10,0.528,1.0,True,keywords
W7130842180,G15,0.393,1.0,True,keywords
W7131629552,G01,0.713,1.0,True,keywords
W7132169347,G10,0.393,1.0,True,keywords
W7132200271,G09,0.713,0.7142857142857143,True,keywords
W7132200271,G10,0.393,0.2857142857142857,False,keywords
W7132444182,G10,0.393,0.15384615384615385,False,keywords
W7132444182,G15,0.936,0.8461538461538461,True,keywords
W7133853145,G08,0.393,1.0,True,keywords
W7134176630,G09,0.528,1.0,True,keywords
W7134949553,G12,0.865,0.5,True,keywords
W7134949553,G13,0.393,0.125,False,keywords
W7134949553,G15,0.777,0.375,False,keywords
W7135016022,G10,0.777,0.46153846153846156,False,keywords
W7135016022,G15,0.826,0.5384615384615384,True,keywords
W7135177437,G09,0.918,0.5882352941176471,True,keywords
W7135177437,G10,0.826,0.4117647058823529,False,keywords
W7135233714,G01,0.895,1.0,True,keywords
W7135395964,G15,0.777,1.0,True,keywords
W7135814980,G09,0.393,0.25,False,keywords
W7135814980,G10,0.777,0.75,True,keywords
W7135899850,G15,0.826,1.0,True,keywords
W7136053956,G10,0.713,1.0,True,keywords
W7136981972,G15,0.936,1.0,True,keywords
W7138942602,G10,0.632,1.0,True,keywords
W7138964217,G10,0.777,1.0,True,keywords
W7139114159,G09,0.936,0.7333333333333333,True,keywords
W7139114159,G10,0.632,0.26666666666666666,False,keywords
W7140651190,G07,0.918,1.0,True,keywords
W7141959965,G10,0.528,1.0,True,keywords
W7142272465,G09,0.632,0.5714285714285714,True,keywords
W7142272465,G10,0.528,0.42857142857142855,False,keywords
W7142636531,G10,0.393,1.0,True,keywords
W7143713394,G09,0.713,1.0,True,keywords
W7147715081,G10,0.528,1.0,True,keywords
W7148502620,G10,0.632,1.0,True,keywords
W7148704006,G09,0.713,0.29411764705882354,False,keywords
W7148704006,G10,0.95,0.7058823529411765,True,keywords
W7148879075,G11,0.393,1.0,True,keywords
W7150761129,G10,0.918,1.0,True,keywords
W7151487481,G01,0.393,1.0,True,keywords
W7151996138,G10,0.393,1.0,True,keywords
W7152394696,G08,0.393,1.0,True,keywords
W7152959326,G09,0.393,0.4,False,keywords
W7152959326,G10,0.528,0.6,True,keywords
W7153826114,G08,0.865,1.0,True,keywords
W7154486725,G06,0.777,0.35294117647058826,True,keywords
W7154486725,G08,0.393,0.11764705882352941,False,keywords
W7154486725,G10,0.528,0.17647058823529413,False,keywords
W7154486725,G11,0.393,0.11764705882352941,False,keywords
W7154486725,G14,0.632,0.23529411764705882,False,keywords
W7154712941,G09,0.632,0.4444444444444444,False,keywords
W7154712941,G10,0.713,0.5555555555555556,True,keywords
W7154733074,G09,0.713,1.0,True,keywords
W7155090162,G09,0.713,1.0,True,keywords
W7155161629,G10,0.713,1.0,True,keywords
W7155199645,G07,0.713,1.0,True,keywords
W7155207185,G10,0.895,1.0,True,keywords
W7155214000,G10,0.713,1.0,True,keywords
W7155773731,G13,0.713,1.0,True,keywords
W7159805768,G08,0.528,1.0,True,keywords
W7160376909,G09,0.895,1.0,True,keywords
W7160775398,G15,0.528,1.0,True,keywords
W7161029820,G09,0.393,0.2857142857142857,False,keywords
W7161029820,G10,0.713,0.7142857142857143,True,keywords
W7161039202,G09,0.777,1.0,True,keywords
W7161079143,G10,0.918,1.0,True,keywords
W7161386498,G10,0.936,0.8461538461538461,True,keywords
W7161386498,G11,0.393,0.15384615384615385,False,keywords
W7161536138,G02,0.393,0.1,False,keywords
W7161536138,G06,0.713,0.25,False,keywords
W7161536138,G15,0.961,0.65,True,keywords
W7161721373,G08,0.393,0.25,False,keywords
W7161721373,G09,0.393,0.25,False,keywords
W7161721373,G10,0.632,0.5,True,keywords
W7162032036,G09,0.528,1.0,True,keywords
W7162187618,G12,0.393,1.0,True,keywords
W7162577709,G09,0.393,1.0,True,keywords
W7162783142,G06,0.393,0.2857142857142857,False,keywords
W7162783142,G10,0.713,0.7142857142857143,True,keywords
W7162970316,G08,0.393,0.5,True,keywords
W7162970316,G10,0.393,0.5,True,keywords
W7163373415,G10,0.632,1.0,True,keywords
W7163485228,G10,0.393,1.0,True,keywords
W7163543105,G06,0.393,0.25,False,keywords
W7163543105,G08,0.393,0.25,False,keywords
W7163543105,G14,0.632,0.5,True,keywords
W7163552528,G02,0.393,1.0,True,keywords
W7163682190,G10,0.632,0.6666666666666666,True,keywords
W7163682190,G11,0.393,0.3333333333333333,False,keywords
W7163747624,G06,0.826,1.0,True,keywords
W7164865559,G10,0.826,0.4666666666666667,False,keywords
W7164865559,G11,0.865,0.5333333333333333,True,keywords
W7164943553,G09,0.713,1.0,True,keywords
W7164999169,G08,0.393,1.0,True,keywords
W7165038064,G07,0.713,1.0,True,keywords
W7165044009,G08,0.95,1.0,True,keywords
W7165112018,G09,0.777,1.0,True,keywords
W7165122957,G06,0.777,0.75,True,keywords
W7165122957,G09,0.393,0.25,False,keywords
W7165181085,G10,0.713,1.0,True,keywords
W7165198006,G07,0.528,1.0,True,keywords
W7165465782,G07,0.777,0.5454545454545454,True,keywords
W7165465782,G10,0.713,0.45454545454545453,False,keywords
W7165516078,G10,0.777,1.0,True,keywords
W7165665622,G11,0.528,1.0,True,keywords
W7165786004,G09,0.528,1.0,True,keywords
W7166881615,G09,0.393,0.2857142857142857,False,keywords
W7166881615,G10,0.713,0.7142857142857143,True,keywords
W7167096802,G10,0.826,1.0,True,keywords
W7167702846,G09,0.961,0.5909090909090909,True,keywords
W7167702846,G10,0.895,0.4090909090909091,False,keywords
W7167812166,G10,0.826,0.7777777777777778,True,keywords
W7167812166,G15,0.393,0.2222222222222222,False,keywords
W7168679148,G06,0.777,1.0,True,keywords
W7168957384,G10,0.528,0.6,True,keywords
W7168957384,G11,0.393,0.4,False,keywords
W7169667233,G10,0.528,0.6,True,keywords
W7169667233,G13,0.393,0.4,False,keywords
W7169870430,G09,0.632,1.0,True,keywords
W7170044385,G08,0.393,1.0,True,keywords
W7170392680,G15,0.918,1.0,True,keywords
W7171188573,G02,0.393,1.0,True,keywords
W7171373877,G10,0.777,1.0,True,keywords
W7171437879,G09,0.632,0.4444444444444444,False,keywords
W7171437879,G10,0.713,0.5555555555555556,True,keywords
W7171506000,G13,0.632,0.2857142857142857,False,keywords
W7171506000,G15,0.918,0.7142857142857143,True,keywords
W7171721589,G04,0.632,1.0,True,keywords
W7171819079,G09,0.713,0.7142857142857143,True,keywords
W7171819079,G10,0.393,0.2857142857142857,False,keywords
W7171845822,G08,0.936,1.0,True,keywords
W7171990355,G07,0.393,0.16666666666666666,False,keywords
W7171990355,G08,0.918,0.8333333333333334,True,keywords
W7172103030,G09,0.632,1.0,True,keywords
W7172212233,G10,0.393,0.3333333333333333,False,keywords
W7172212233,G15,0.632,0.6666666666666666,True,keywords
W7172294955,G09,0.777,1.0,True,keywords
W7172381956,G01,0.961,1.0,True,keywords
W7172430931,G07,0.826,0.7,True,keywords
W7172430931,G10,0.528,0.3,False,keywords
W7172435375,G10,0.528,1.0,True,keywords
W7172527155,G10,0.528,0.42857142857142855,False,keywords
W7172527155,G12,0.632,0.5714285714285714,True,keywords
W7196948944,G09,0.777,1.0,True,keywords
W7196952637,G09,0.713,0.5555555555555556,True,keywords
W7196952637,G12,0.632,0.4444444444444444,False,keywords
W7197019136,G10,0.632,1.0,True,keywords
W7201864544,G15,0.936,1.0,True,keywords
W7201901314,G10,0.777,1.0,True,keywords
W7201956897,G08,0.393,1.0,True,keywords
W7202289918,G07,0.713,1.0,True,keywords
W7202361829,G09,0.632,0.5714285714285714,True,keywords
W7202361829,G10,0.528,0.42857142857142855,False,keywords
W7203537344,G09,0.393,1.0,True,keywords
W7203998936,G09,0.393,1.0,True,keywords
W7204049297,G10,0.97,1.0,True,keywords
W7204183230,G07,0.632,1.0,True,keywords
W7204243257,G12,0.632,1.0,True,keywords
W7204461390,G04,0.393,0.1111111111111111,False,keywords
W7204461390,G08,0.895,0.5,True,keywords
W7204461390,G09,0.528,0.16666666666666666,False,keywords
W7204461390,G12,0.632,0.2222222222222222,False,keywords
W7204626198,G07,0.936,1.0,True,keywords
W7204652003,G10,0.632,1.0,True,keywords
W7204669879,G12,0.632,1.0,True,keywords
W7204874603,G10,0.826,1.0,True,keywords
W7211927508,G09,0.713,0.5555555555555556,True,keywords
W7211927508,G10,0.632,0.4444444444444444,False,keywords
W7211964855,G10,0.393,1.0,True,keywords
W7212037916,G09,0.95,0.7058823529411765,True,keywords
W7212037916,G10,0.713,0.29411764705882354,False,keywords
W7212379891,G09,0.713,1.0,True,keywords
W7213342106,G12,0.713,1.0,True,keywords
W7213353427,G09,0.632,0.6666666666666666,True,keywords
W7213353427,G10,0.393,0.3333333333333333,False,keywords
W7213425222,G10,0.632,0.5,True,keywords
W7213425222,G12,0.632,0.5,True,keywords
W7213450809,G07,0.528,1.0,True,keywords
W7213525250,G10,0.393,1.0,True,keywords
W7213527910,G09,0.393,0.2857142857142857,False,keywords
W7213527910,G10,0.713,0.7142857142857143,True,keywords
W7213536299,G08,0.632,0.3076923076923077,False,keywords
W7213536299,G09,0.895,0.6923076923076923,True,keywords
W7213538168,G08,0.777,1.0,True,keywords
W7213545295,G07,0.777,1.0,True,keywords
W7213554811,G08,0.777,1.0,True,keywords
W7213559937,G10,0.632,1.0,True,keywords
W7213611196,G10,0.632,1.0,True,keywords
W7213946043,G09,0.895,0.6923076923076923,True,keywords
W7213946043,G12,0.632,0.3076923076923077,False,keywords
W7213953270,G10,0.713,0.3333333333333333,False,keywords
W7213953270,G15,0.918,0.6666666666666666,True,keywords
W7214117154,G09,0.393,0.3333333333333333,True,keywords
W7214117154,G10,0.393,0.3333333333333333,True,keywords
W7214117154,G11,0.393,0.3333333333333333,True,keywords
W7214289315,G03,0.393,0.2222222222222222,False,keywords
W7214289315,G05,0.528,0.3333333333333333,False,keywords
W7214289315,G17,0.632,0.4444444444444444,True,keywords
W773642710,G09,0.528,1.0,True,keywords
W86163657,G09,0.632,1.0,True,keywords
W934017210,G09,0.713,1.0,True,keywords
W999387923,G10,0.528,1.0,True,keywords
W4318916937,G08,0.393,0.25,False,keywords
W4318916937,G10,0.393,0.25,False,keywords
W4318916937,G15,0.632,0.5,True,keywords
W3198662397,G07,0.713,0.5,True,keywords
W3198662397,G09,0.393,0.2,False,keywords
W3198662397,G11,0.528,0.3,False,keywords
W4282977105,G09,0.632,0.5714285714285714,True,keywords
W4282977105,G11,0.528,0.42857142857142855,False,keywords
W7154511645,G09,0.393,0.16666666666666666,False,keywords
W7154511645,G11,0.918,0.8333333333333334,True,keywords
W4406120390,G11,0.777,1.0,True,keywords
W4396929680,G09,0.713,0.5555555555555556,True,keywords
W4396929680,G10,0.632,0.4444444444444444,False,keywords
W4394876540,G09,0.95,0.75,True,keywords
W4394876540,G11,0.632,0.25,False,keywords
W7214153142,G11,0.632,1.0,True,keywords
W2796493687,G09,0.528,1.0,True,keywords
W2901272595,G09,0.713,1.0,True,keywords
W4321003925,G06,0.826,1.0,True,keywords
W4391883183,G09,0.393,0.5,True,keywords
W4391883183,G10,0.393,0.5,True,keywords
W2969118048,G09,0.393,1.0,True,keywords
W2753826066,G09,0.393,1.0,True,keywords
W2902110214,G09,0.632,1.0,True,keywords
W2785204150,G09,0.632,1.0,True,keywords
W4301179401,G09,0.393,1.0,True,keywords
W4402860159,G09,0.97,0.7777777777777778,True,keywords
W4402860159,G10,0.632,0.2222222222222222,False,keywords
W4411993438,G09,0.528,0.42857142857142855,False,keywords
W4411993438,G10,0.632,0.5714285714285714,True,keywords
W4393433014,G09,0.393,1.0,True,keywords
W3003922482,G09,0.528,0.5,True,keywords
W3003922482,G10,0.528,0.5,True,keywords
W4403647847,G10,0.632,1.0,True,keywords
W4283656267,G10,0.393,1.0,True,keywords
W3208564133,G10,0.393,1.0,True,keywords
W7128478752,G10,0.632,1.0,True,keywords
W4229016735,G09,0.865,1.0,True,keywords
W4376115882,G09,0.528,0.5,True,keywords
W4376115882,G10,0.528,0.5,True,keywords
W4318947896,G09,0.528,0.5,True,keywords
W4318947896,G10,0.528,0.5,True,keywords
W4210474398,G09,0.777,1.0,True,keywords
W3004179479,G09,0.713,1.0,True,keywords
W4401356319,G09,0.393,1.0,True,keywords
W4232129843,G04,0.632,1.0,True,keywords
W3015523904,G04,0.632,0.4444444444444444,True,keywords
W3015523904,G08,0.393,0.2222222222222222,False,keywords
W3015523904,G16,0.528,0.3333333333333333,False,keywords
W4205438306,G04,0.632,0.6666666666666666,True,keywords
W4205438306,G08,0.393,0.3333333333333333,False,keywords
W4415725001,G09,0.895,1.0,True,keywords
W3171899240,G09,0.713,1.0,True,keywords
W2944200456,G09,0.632,1.0,True,keywords
W3200120773,G08,0.895,0.6923076923076923,True,keywords
W3200120773,G09,0.393,0.15384615384615385,False,keywords
W3200120773,G11,0.393,0.15384615384615385,False,keywords
W4399537020,G10,0.632,1.0,True,keywords
W3197556710,G06,0.632,0.5,True,keywords
W3197556710,G15,0.632,0.5,True,keywords
W4401323268,G06,0.713,0.19230769230769232,False,keywords
W4401323268,G10,0.632,0.15384615384615385,False,keywords
W4401323268,G14,0.393,0.07692307692307693,False,keywords
W4401323268,G15,0.976,0.5769230769230769,True,keywords
W4391838659,G10,0.393,0.2857142857142857,False,keywords
W4391838659,G15,0.713,0.7142857142857143,True,keywords
W4403609535,G09,0.713,1.0,True,keywords
W3212975451,G09,0.528,1.0,True,keywords
W2740931940,G09,0.393,1.0,True,keywords
W2753716909,G09,0.393,1.0,True,keywords
W2885434623,G09,0.393,1.0,True,keywords
W3122544311,G10,0.393,1.0,True,keywords
W4406901025,G09,0.528,1.0,True,keywords
W3165521652,G10,0.528,1.0,True,keywords
W4391605821,G08,0.393,1.0,True,keywords
W3122196036,G10,0.713,1.0,True,keywords
W4384465851,G10,0.393,1.0,True,keywords
W4385383611,G09,0.393,0.4,False,keywords
W4385383611,G10,0.528,0.6,True,keywords
W3199855051,G08,0.528,0.42857142857142855,False,keywords
W3199855051,G09,0.632,0.5714285714285714,True,keywords
W7171926147,G09,0.826,0.7,True,keywords
W7171926147,G11,0.528,0.3,False,keywords
W4409513372,G09,0.918,1.0,True,keywords
W3162073576,G02,0.528,0.25,False,keywords
W3162073576,G06,0.528,0.25,False,keywords
W3162073576,G14,0.632,0.3333333333333333,True,keywords
W3162073576,G15,0.393,0.16666666666666666,False,keywords
W2902358856,G10,0.393,1.0,True,keywords
W4280619754,G09,0.632,1.0,True,keywords
W4283780230,G09,0.393,1.0,True,keywords
W4405622726,G09,0.528,1.0,True,keywords
W4387420106,G07,0.632,1.0,True,keywords
W4404105274,G07,0.632,1.0,True,keywords
W4415707414,G07,0.632,1.0,True,keywords
W3156534898,G15,0.632,1.0,True,keywords
W4399914680,G08,0.393,1.0,True,keywords
W3196648022,G08,0.393,0.5,True,keywords
W3196648022,G10,0.393,0.5,True,keywords
W2973862861,G01,0.918,1.0,True,keywords
W4415442297,G08,0.918,1.0,True,keywords
W4414995572,G01,0.777,1.0,True,keywords
W4404113725,G10,0.918,1.0,True,keywords
W3107533236,G02,0.393,0.18181818181818182,False,keywords
W3107533236,G04,0.528,0.2727272727272727,True,keywords
W3107533236,G09,0.528,0.2727272727272727,True,keywords
W3107533236,G10,0.528,0.2727272727272727,True,keywords
W4413684248,G08,0.632,0.36363636363636365,False,keywords
W4413684248,G09,0.826,0.6363636363636364,True,keywords
W3121167439,G06,0.393,1.0,True,keywords
W4213233295,G10,0.632,1.0,True,keywords
W3110278551,G15,0.393,1.0,True,keywords
W4404280194,G09,0.713,0.45454545454545453,False,keywords
W4404280194,G10,0.777,0.5454545454545454,True,keywords
W4312631868,G12,0.632,1.0,True,keywords
W3171405423,G09,0.713,0.45454545454545453,False,keywords
W3171405423,G10,0.777,0.5454545454545454,True,keywords
W4391239134,G09,0.713,1.0,True,keywords
W2724454065,G08,0.713,1.0,True,keywords
W4385970631,G09,0.528,1.0,True,keywords
W4385972617,G09,0.528,1.0,True,keywords
W4392631780,G10,0.528,1.0,True,keywords
W4415313033,G09,0.393,1.0,True,keywords
W4405356150,G10,0.632,0.3333333333333333,False,keywords
W4405356150,G11,0.865,0.6666666666666666,True,keywords
W7202272454,G09,0.713,1.0,True,keywords
W4297891619,G09,0.713,1.0,True,keywords
W7165621549,G09,0.713,1.0,True,keywords
W3129554855,G08,0.393,1.0,True,keywords
W4392361024,G08,0.393,1.0,True,keywords
W2922170708,G09,0.713,0.35714285714285715,False,keywords
W2922170708,G10,0.895,0.6428571428571429,True,keywords
W2901679466,G09,0.777,0.75,True,keywords
W2901679466,G10,0.393,0.25,False,keywords
W3125132572,G07,0.918,1.0,True,keywords
W3043259383,G09,0.632,0.5714285714285714,True,keywords
W3043259383,G10,0.528,0.42857142857142855,False,keywords
W3126821819,G09,0.632,1.0,True,keywords
W4367835089,G10,0.865,1.0,True,keywords
W4412351240,G08,0.865,1.0,True,keywords
W4416113370,G10,0.632,1.0,True,keywords
W4281727883,G09,0.713,1.0,True,keywords
W2902360115,G10,0.393,1.0,True,keywords
W3040982033,G10,0.393,1.0,True,keywords
W4313887232,G10,0.393,0.3333333333333333,False,keywords
W4313887232,G15,0.632,0.6666666666666666,True,keywords
W4377221486,G10,0.777,1.0,True,keywords
W4412433759,G15,0.918,1.0,True,keywords
W7124949087,G10,0.713,1.0,True,keywords
W4389195644,G10,0.895,1.0,True,keywords
W4389246315,G09,0.393,1.0,True,keywords
W4400317156,G15,0.97,1.0,True,keywords
W4368362598,G09,0.632,1.0,True,keywords
W4413108180,G10,0.95,1.0,True,keywords
W7126045749,G10,0.632,1.0,True,keywords
W4409086605,G09,0.826,1.0,True,keywords
W4413046918,G15,0.918,1.0,True,keywords
W4229021535,G10,0.528,1.0,True,keywords
W4327862301,G07,0.713,1.0,True,keywords
W4387460637,G07,0.632,1.0,True,keywords
W3040690877,G09,0.95,0.8571428571428571,True,keywords
W3040690877,G10,0.393,0.14285714285714285,False,keywords
W4367301199,G10,0.713,1.0,True,keywords
W3007013198,G09,0.713,1.0,True,keywords
W4317951337,G09,0.961,0.8666666666666667,True,keywords
W4317951337,G10,0.393,0.13333333333333333,False,keywords
W3161181952,G08,0.393,1.0,True,keywords
W4386929318,G09,0.393,1.0,True,keywords
W4233405150,G10,0.632,1.0,True,keywords
W4283724945,G09,0.713,1.0,True,keywords
W2891397263,G09,0.865,0.47058823529411764,False,keywords
W2891397263,G15,0.895,0.5294117647058824,True,keywords
W4200237746,G09,0.528,1.0,True,keywords
W4386538242,G10,0.632,0.26666666666666666,False,keywords
W4386538242,G15,0.777,0.4,True,keywords
W4386538242,G19,0.713,0.3333333333333333,False,keywords
W4386537682,G10,0.632,0.6666666666666666,True,keywords
W4386537682,G15,0.393,0.3333333333333333,False,keywords
W4386223926,G09,0.826,1.0,True,keywords
W4386537691,G10,0.393,0.2,False,keywords
W4386537691,G15,0.865,0.8,True,keywords
W4386537878,G10,0.865,0.7272727272727273,True,keywords
W4386537878,G15,0.528,0.2727272727272727,False,keywords
W4386538585,G15,0.713,1.0,True,keywords
W4386538031,G10,0.528,0.375,False,keywords
W4386538031,G15,0.713,0.625,True,keywords
W7205708513,G06,0.713,1.0,True,keywords
W3130184744,G06,0.632,0.2,False,keywords
W3130184744,G10,0.632,0.2,False,keywords
W3130184744,G11,0.865,0.4,True,keywords
W3130184744,G15,0.632,0.2,False,keywords
W4212937212,G10,0.632,1.0,True,keywords
W4212892874,G06,0.632,0.5,True,keywords
W4212892874,G14,0.632,0.5,True,keywords
W4394889701,G09,0.528,1.0,True,keywords
W3196520667,G10,0.528,1.0,True,keywords
W4312140719,G09,0.895,0.75,True,keywords
W4312140719,G10,0.528,0.25,False,keywords
W4407920429,G09,0.936,1.0,True,keywords
W4379522418,G09,0.632,1.0,True,keywords
W4393863854,G04,0.777,1.0,True,keywords
W4224938986,G04,0.528,0.42857142857142855,True,keywords
W4224938986,G08,0.393,0.2857142857142857,False,keywords
W4224938986,G09,0.393,0.2857142857142857,False,keywords
W3012174461,G09,0.393,1.0,True,keywords
W4281553494,G09,0.393,1.0,True,keywords
W4405480076,G04,0.632,0.3333333333333333,False,keywords
W4405480076,G08,0.865,0.6666666666666666,True,keywords
W4399043444,G04,0.895,0.8181818181818182,True,keywords
W4399043444,G08,0.393,0.18181818181818182,False,keywords
W4388966075,G15,0.632,1.0,True,keywords
W3205717247,G10,0.713,1.0,True,keywords
W4315767584,G07,0.713,1.0,True,keywords
W4391839251,G10,0.632,0.5,True,keywords
W4391839251,G12,0.632,0.5,True,keywords
W4200479098,G09,0.777,1.0,True,keywords
W4200032792,G10,0.528,1.0,True,keywords
W3046762088,G11,0.528,1.0,True,keywords
W4395662113,G09,0.393,1.0,True,keywords
W3169277244,G06,0.918,0.5882352941176471,True,keywords
W3169277244,G10,0.713,0.29411764705882354,False,keywords
W3169277244,G14,0.393,0.11764705882352941,False,keywords
W4388728165,G08,0.393,0.125,False,keywords
W4388728165,G10,0.632,0.25,False,keywords
W4388728165,G15,0.918,0.625,True,keywords
W3094885135,G15,0.528,1.0,True,keywords
W4320895621,G09,0.713,1.0,True,keywords
W4206473222,G15,0.528,1.0,True,keywords
W4407898196,G15,0.393,1.0,True,keywords
W4417090403,G09,0.632,1.0,True,keywords
W4315620678,G09,0.632,1.0,True,keywords
W4400683472,G12,0.632,1.0,True,keywords
W4220891004,G09,0.393,1.0,True,keywords
W3134549394,G09,0.393,1.0,True,keywords
W3199011255,G09,0.918,1.0,True,keywords
W4403090167,G09,0.713,1.0,True,keywords
W4412839953,G09,0.528,1.0,True,keywords
W4281288373,G10,0.632,1.0,True,keywords
W3131058423,G09,0.393,1.0,True,keywords
W4404452046,G09,0.632,1.0,True,keywords
W4393410416,G09,0.393,0.2857142857142857,False,keywords
W4393410416,G10,0.713,0.7142857142857143,True,keywords
W4408245445,G08,0.528,1.0,True,keywords
W4285286628,G12,0.528,1.0,True,keywords
W2947227562,G07,0.895,1.0,True,keywords
W2939627968,G07,0.713,1.0,True,keywords
W2916045157,G08,0.393,0.2857142857142857,False,keywords
W2916045157,G17,0.528,0.42857142857142855,True,keywords
W2916045157,G20,0.393,0.2857142857142857,False,keywords
W3197468996,G10,0.393,1.0,True,keywords
W4286982334,G10,0.393,1.0,True,keywords
W4221154805,G10,0.393,1.0,True,keywords
W2993312881,G10,0.777,1.0,True,keywords
W4396226002,G09,0.393,1.0,True,keywords
W4401056333,G06,0.777,0.6,True,keywords
W4401056333,G14,0.632,0.4,False,keywords
W4387811979,G09,0.918,0.7692307692307693,True,keywords
W4387811979,G10,0.528,0.23076923076923078,False,keywords
W4400520491,G08,0.632,0.6666666666666666,True,keywords
W4400520491,G09,0.393,0.3333333333333333,False,keywords
W4386272882,G08,0.632,1.0,True,keywords
W4308771947,G13,0.393,0.125,False,keywords
W4308771947,G15,0.632,0.25,False,keywords
W4308771947,G19,0.918,0.625,True,keywords
W7142545804,G08,0.393,0.2857142857142857,False,keywords
W7142545804,G15,0.393,0.2857142857142857,False,keywords
W7142545804,G20,0.528,0.42857142857142855,True,keywords
W4401333442,G20,0.393,1.0,True,keywords
W4225093777,G09,0.393,0.25,False,keywords
W4225093777,G10,0.777,0.75,True,keywords
W4392911523,G09,0.777,0.42857142857142855,False,keywords
W4392911523,G10,0.865,0.5714285714285714,True,keywords
W4280562150,G09,0.632,0.5,True,keywords
W4280562150,G10,0.632,0.5,True,keywords
W3083351807,G12,0.632,1.0,True,keywords
W4294843068,G09,0.528,1.0,True,keywords
W2954397692,G09,0.865,1.0,True,keywords
W4387736653,G09,0.632,0.4,True,keywords
W4387736653,G10,0.393,0.2,False,keywords
W4387736653,G12,0.632,0.4,True,keywords
W4404500450,G09,0.393,1.0,True,keywords
W4398767829,G09,0.393,0.3333333333333333,False,keywords
W4398767829,G10,0.632,0.6666666666666666,True,keywords
W3203978263,G09,0.528,1.0,True,keywords
W4385170666,G09,0.632,1.0,True,keywords
W3137718127,G09,0.393,0.4,False,keywords
W3137718127,G15,0.528,0.6,True,keywords
W3007785890,G10,0.393,1.0,True,keywords
W1901056508,G10,0.632,0.5,True,via_kwf_project
W1901056508,G15,0.632,0.5,True,via_kwf_project
W2345130661,G15,0.713,0.7142857142857143,True,via_kwf_project
W2345130661,G20,0.393,0.2857142857142857,False,via_kwf_project
W2412990135,G10,0.632,0.5,True,via_kwf_project
W2412990135,G15,0.632,0.5,True,via_kwf_project
W2509259734,G10,0.632,0.5,True,via_kwf_project
W2509259734,G15,0.632,0.5,True,via_kwf_project
W2586810737,G10,0.393,1.0,True,via_kwf_project
W2606366720,G08,0.393,0.25,False,via_kwf_project
W2606366720,G10,0.632,0.5,True,via_kwf_project
W2606366720,G15,0.393,0.25,False,via_kwf_project
W2612009565,G09,0.632,0.5,True,via_kwf_project
W2612009565,G10,0.632,0.5,True,via_kwf_project
W2618569421,G10,0.393,1.0,True,via_kwf_project
W2685525666,G10,0.632,1.0,True,via_kwf_project
W2750179813,G07,0.713,0.7142857142857143,True,via_kwf_project
W2750179813,G09,0.393,0.2857142857142857,False,via_kwf_project
W2751450140,G04,0.393,1.0,True,via_kwf_project
W2757232748,G09,0.393,0.5,True,via_kwf_project
W2757232748,G10,0.393,0.5,True,via_kwf_project
W2759003539,G09,0.393,0.3333333333333333,False,via_kwf_project
W2759003539,G10,0.632,0.6666666666666666,True,via_kwf_project
W2765673216,G09,0.528,0.6,True,via_kwf_project
W2765673216,G10,0.393,0.4,False,via_kwf_project
W2766464964,G09,0.393,0.5,True,via_kwf_project
W2766464964,G10,0.393,0.5,True,via_kwf_project
W2768558590,G10,0.393,1.0,True,via_kwf_project
W2769969126,G10,0.393,0.25,False,via_kwf_project
W2769969126,G12,0.632,0.5,True,via_kwf_project
W2769969126,G15,0.393,0.25,False,via_kwf_project
W2781642641,G10,0.393,1.0,True,via_kwf_project
W2783840265,G04,0.528,0.42857142857142855,True,via_kwf_project
W2783840265,G08,0.393,0.2857142857142857,False,via_kwf_project
W2783840265,G09,0.393,0.2857142857142857,False,via_kwf_project
W2785630001,G09,0.393,0.5,True,via_kwf_project
W2785630001,G10,0.393,0.5,True,via_kwf_project
W2785854249,G09,0.393,1.0,True,via_kwf_project
W2786600572,G09,0.393,1.0,True,via_kwf_project
W2790486047,G10,0.632,1.0,True,via_kwf_project
W2791010363,G15,0.393,1.0,True,via_kwf_project
W2792195475,G09,0.713,0.5555555555555556,True,via_kwf_project
W2792195475,G10,0.632,0.4444444444444444,False,via_kwf_project
W2793226176,G10,0.777,0.6,True,via_kwf_project
W2793226176,G11,0.393,0.2,False,via_kwf_project
W2793226176,G15,0.393,0.2,False,via_kwf_project
W2802305216,G10,0.632,1.0,True,via_kwf_project
W2802675516,G09,0.528,0.6,True,via_kwf_project
W2802675516,G10,0.393,0.4,False,via_kwf_project
W2804779932,G06,0.632,0.6666666666666666,True,via_kwf_project
W2804779932,G09,0.393,0.3333333333333333,False,via_kwf_project
W2805750075,G13,0.528,0.6,True,via_kwf_project
W2805750075,G15,0.393,0.4,False,via_kwf_project
W2806376838,G10,0.528,1.0,True,via_kwf_project
W2809053323,G09,0.393,0.3333333333333333,False,via_kwf_project
W2809053323,G10,0.632,0.6666666666666666,True,via_kwf_project
W2810065275,G09,0.528,0.6,True,via_kwf_project
W2810065275,G10,0.393,0.4,False,via_kwf_project
W2830245516,G09,0.393,1.0,True,via_kwf_project
W2884675680,G09,0.528,0.6,True,via_kwf_project
W2884675680,G10,0.393,0.4,False,via_kwf_project
W2885057833,G10,0.393,0.25,False,via_kwf_project
W2885057833,G12,0.632,0.5,True,via_kwf_project
W2885057833,G15,0.393,0.25,False,via_kwf_project
W2885935989,G09,0.393,0.5,True,via_kwf_project
W2885935989,G10,0.393,0.5,True,via_kwf_project
W2886907866,G04,0.777,0.75,True,via_kwf_project
W2886907866,G10,0.393,0.25,False,via_kwf_project
W2887445161,G10,0.393,0.5,True,via_kwf_project
W2887445161,G15,0.393,0.5,True,via_kwf_project
W2888020198,G08,0.895,0.6428571428571429,True,via_kwf_project
W2888020198,G09,0.713,0.35714285714285715,False,via_kwf_project
W2888902434,G09,0.393,0.5,True,via_kwf_project
W2888902434,G10,0.393,0.5,True,via_kwf_project
W2890448483,G09,0.393,0.5,True,via_kwf_project
W2890448483,G15,0.393,0.5,True,via_kwf_project
W2890755971,G10,0.393,1.0,True,via_kwf_project
W2891660372,G08,0.393,1.0,True,via_kwf_project
W2893811545,G09,0.528,0.6,True,via_kwf_project
W2893811545,G10,0.393,0.4,False,via_kwf_project
W2894585709,G09,0.393,0.5,True,via_kwf_project
W2894585709,G10,0.393,0.5,True,via_kwf_project
W2895971850,G09,0.713,0.625,True,via_kwf_project
W2895971850,G10,0.528,0.375,False,via_kwf_project
W2897449838,G06,0.393,0.3333333333333333,False,via_kwf_project
W2897449838,G10,0.632,0.6666666666666666,True,via_kwf_project
W2897716918,G10,0.393,1.0,True,via_kwf_project
W2897742237,G15,0.713,0.7142857142857143,True,via_kwf_project
W2897742237,G20,0.393,0.2857142857142857,False,via_kwf_project
W2898585601,G09,0.393,0.2,False,via_kwf_project
W2898585601,G10,0.632,0.4,True,via_kwf_project
W2898585601,G15,0.632,0.4,True,via_kwf_project
W2899538995,G06,0.393,0.3333333333333333,False,via_kwf_project
W2899538995,G10,0.632,0.6666666666666666,True,via_kwf_project
W2899618971,G10,0.393,1.0,True,via_kwf_project
W2900426420,G10,0.632,1.0,True,via_kwf_project
W2900591693,G09,0.528,0.6,True,via_kwf_project
W2900591693,G10,0.393,0.4,False,via_kwf_project
W2900788192,G04,0.777,0.75,True,via_kwf_project
W2900788192,G10,0.393,0.25,False,via_kwf_project
W2900819238,G09,0.528,0.6,True,via_kwf_project
W2900819238,G10,0.393,0.4,False,via_kwf_project
W2900864487,G09,0.393,0.5,True,via_kwf_project
W2900864487,G15,0.393,0.5,True,via_kwf_project
W2901318781,G09,0.528,0.6,True,via_kwf_project
W2901318781,G10,0.393,0.4,False,via_kwf_project
W2901783207,G10,0.528,1.0,True,via_kwf_project
W2902387378,G09,0.393,0.5,True,via_kwf_project
W2902387378,G10,0.393,0.5,True,via_kwf_project
W2908037907,G09,0.393,0.3333333333333333,False,via_kwf_project
W2908037907,G10,0.632,0.6666666666666666,True,via_kwf_project
W2909467191,G10,0.393,0.25,False,via_kwf_project
W2909467191,G12,0.632,0.5,True,via_kwf_project
W2909467191,G15,0.393,0.25,False,via_kwf_project
W2911515218,G09,0.528,0.6,True,via_kwf_project
W2911515218,G10,0.393,0.4,False,via_kwf_project
W2911530530,G09,0.528,0.6,True,via_kwf_project
W2911530530,G10,0.393,0.4,False,via_kwf_project
W2911800642,G15,0.393,1.0,True,via_kwf_project
W2911880312,G09,0.393,0.4,False,via_kwf_project
W2911880312,G10,0.528,0.6,True,via_kwf_project
W2912407372,G09,0.528,0.6,True,via_kwf_project
W2912407372,G10,0.393,0.4,False,via_kwf_project
W2913153613,G10,0.632,1.0,True,via_kwf_project
W2913514258,G10,0.528,1.0,True,via_kwf_project
W2913660106,G10,0.528,1.0,True,via_kwf_project
W2915054464,G09,0.393,0.5,True,via_kwf_project
W2915054464,G15,0.393,0.5,True,via_kwf_project
W2915233269,G09,0.528,0.6,True,via_kwf_project
W2915233269,G10,0.393,0.4,False,via_kwf_project
W2916313751,G09,0.528,0.6,True,via_kwf_project
W2916313751,G10,0.393,0.4,False,via_kwf_project
W2919292495,G09,0.528,1.0,True,via_kwf_project
W2921273649,G09,0.393,0.5,True,via_kwf_project
W2921273649,G15,0.393,0.5,True,via_kwf_project
W2921341516,G10,0.393,1.0,True,via_kwf_project
W2922766726,G09,0.393,0.2857142857142857,False,via_kwf_project
W2922766726,G10,0.713,0.7142857142857143,True,via_kwf_project
W2924485884,G04,0.777,0.75,True,via_kwf_project
W2924485884,G10,0.393,0.25,False,via_kwf_project
W2924955211,G09,0.632,0.5,True,via_kwf_project
W2924955211,G10,0.632,0.5,True,via_kwf_project
W2930784030,G10,0.632,1.0,True,via_kwf_project
W2930921491,G09,0.393,0.5,True,via_kwf_project
W2930921491,G15,0.393,0.5,True,via_kwf_project
W2941809204,G09,0.632,0.6666666666666666,True,via_kwf_project
W2941809204,G10,0.393,0.3333333333333333,False,via_kwf_project
W2942819469,G09,0.528,0.6,True,via_kwf_project
W2942819469,G10,0.393,0.4,False,via_kwf_project
W2943607998,G09,0.528,0.6,True,via_kwf_project
W2943607998,G10,0.393,0.4,False,via_kwf_project
W2944384761,G13,0.528,0.6,True,via_kwf_project
W2944384761,G15,0.393,0.4,False,via_kwf_project
W2949135464,G04,0.393,0.5,True,via_kwf_project
W2949135464,G10,0.393,0.5,True,via_kwf_project
W2949754109,G09,0.393,0.5,True,via_kwf_project
W2949754109,G10,0.393,0.5,True,via_kwf_project
W2950114643,G13,0.528,0.6,True,via_kwf_project
W2950114643,G15,0.393,0.4,False,via_kwf_project
W2950425694,G10,0.632,1.0,True,via_kwf_project
W2950557809,G10,0.393,1.0,True,via_kwf_project
W2951488409,G09,0.393,0.2,False,via_kwf_project
W2951488409,G10,0.632,0.4,True,via_kwf_project
W2951488409,G15,0.632,0.4,True,via_kwf_project
W2952861720,G06,0.393,1.0,True,via_kwf_project
W2953683751,G09,0.528,0.6,True,via_kwf_project
W2953683751,G10,0.393,0.4,False,via_kwf_project
W2955009160,G10,0.393,1.0,True,via_kwf_project
W2955103067,G13,0.632,1.0,True,via_kwf_project
W2964198010,G10,0.393,1.0,True,via_kwf_project
W2964330526,G10,0.393,1.0,True,via_kwf_project
W2964867254,G09,0.528,0.6,True,via_kwf_project
W2964867254,G10,0.393,0.4,False,via_kwf_project
W2967998006,G09,0.528,0.6,True,via_kwf_project
W2967998006,G10,0.393,0.4,False,via_kwf_project
W2968796062,G09,0.393,0.4,False,via_kwf_project
W2968796062,G10,0.528,0.6,True,via_kwf_project
W2969934771,G09,0.393,0.2857142857142857,False,via_kwf_project
W2969934771,G10,0.713,0.7142857142857143,True,via_kwf_project
W2970688443,G09,0.713,1.0,True,via_kwf_project
W2970739520,G04,0.393,0.5,True,via_kwf_project
W2970739520,G10,0.393,0.5,True,via_kwf_project
W2970744538,G09,0.528,0.6,True,via_kwf_project
W2970744538,G10,0.393,0.4,False,via_kwf_project
W2971075672,G09,0.528,0.6,True,via_kwf_project
W2971075672,G10,0.393,0.4,False,via_kwf_project
W2972291002,G08,0.393,0.25,True,via_kwf_project
W2972291002,G09,0.393,0.25,True,via_kwf_project
W2972291002,G10,0.393,0.25,True,via_kwf_project
W2972291002,G15,0.393,0.25,True,via_kwf_project
W2973026062,G09,0.777,1.0,True,via_kwf_project
W2973763693,G10,0.393,1.0,True,via_kwf_project
W2973830180,G09,0.528,0.6,True,via_kwf_project
W2973830180,G10,0.393,0.4,False,via_kwf_project
W2977390077,G09,0.632,0.3333333333333333,True,via_kwf_project
W2977390077,G10,0.632,0.3333333333333333,True,via_kwf_project
W2977390077,G15,0.632,0.3333333333333333,True,via_kwf_project
W2980194015,G10,0.895,0.8181818181818182,True,via_kwf_project
W2980194015,G15,0.393,0.18181818181818182,False,via_kwf_project
W2981154000,G10,0.393,1.0,True,via_kwf_project
W2981394621,G10,0.393,0.5,True,via_kwf_project
W2981394621,G15,0.393,0.5,True,via_kwf_project
W2982183242,G10,0.632,1.0,True,via_kwf_project
W2982295343,G10,0.632,1.0,True,via_kwf_project
W2987656669,G10,0.393,1.0,True,via_kwf_project
W2987864978,G10,0.632,1.0,True,via_kwf_project
W2989832464,G10,0.393,1.0,True,via_kwf_project
W2990602833,G07,0.713,1.0,True,via_kwf_project
W2991028865,G09,0.528,0.6,True,via_kwf_project
W2991028865,G10,0.393,0.4,False,via_kwf_project
W2991525471,G09,0.393,0.2857142857142857,False,via_kwf_project
W2991525471,G10,0.713,0.7142857142857143,True,via_kwf_project
W2991642291,G09,0.528,0.6,True,via_kwf_project
W2991642291,G10,0.393,0.4,False,via_kwf_project
W2993725686,G09,0.393,0.5,True,via_kwf_project
W2993725686,G15,0.393,0.5,True,via_kwf_project
W2994428200,G10,0.528,1.0,True,via_kwf_project
W2994973919,G09,0.528,1.0,True,via_kwf_project
W2995896341,G10,0.393,1.0,True,via_kwf_project
W2995917140,G09,0.632,0.5714285714285714,True,via_kwf_project
W2995917140,G10,0.528,0.42857142857142855,False,via_kwf_project
W2996593053,G10,0.528,1.0,True,via_kwf_project
W2996867875,G07,0.713,1.0,True,via_kwf_project
W2998134588,G04,0.777,0.75,True,via_kwf_project
W2998134588,G10,0.393,0.25,False,via_kwf_project
W2999422078,G09,0.393,0.5,True,via_kwf_project
W2999422078,G10,0.393,0.5,True,via_kwf_project
W2999499927,G05,0.528,0.2727272727272727,False,via_kwf_project
W2999499927,G10,0.632,0.36363636363636365,True,via_kwf_project
W2999499927,G15,0.632,0.36363636363636365,True,via_kwf_project
W3000475819,G09,0.528,0.6,True,via_kwf_project
W3000475819,G10,0.393,0.4,False,via_kwf_project
W3000738071,G09,0.528,0.6,True,via_kwf_project
W3000738071,G10,0.393,0.4,False,via_kwf_project
W3001540556,G09,0.393,0.5,True,via_kwf_project
W3001540556,G15,0.393,0.5,True,via_kwf_project
W3004715879,G09,0.393,1.0,True,via_kwf_project
W3004720228,G10,0.632,1.0,True,via_kwf_project
W3005445761,G09,0.393,0.3333333333333333,False,via_kwf_project
W3005445761,G10,0.632,0.6666666666666666,True,via_kwf_project
W3005783872,G10,0.632,1.0,True,via_kwf_project
W3006277324,G10,0.632,1.0,True,via_kwf_project
W3007646255,G10,0.777,1.0,True,via_kwf_project
W3008323882,G09,0.528,0.6,True,via_kwf_project
W3008323882,G10,0.393,0.4,False,via_kwf_project
W3008597106,G10,0.865,0.32,False,via_kwf_project
W3008597106,G13,0.918,0.4,True,via_kwf_project
W3008597106,G15,0.713,0.2,False,via_kwf_project
W3008597106,G20,0.393,0.08,False,via_kwf_project
W3009407157,G06,0.393,1.0,True,via_kwf_project
W3009800781,G09,0.632,0.3333333333333333,True,via_kwf_project
W3009800781,G10,0.632,0.3333333333333333,True,via_kwf_project
W3009800781,G15,0.632,0.3333333333333333,True,via_kwf_project
W3011554403,G09,0.632,0.6666666666666666,True,via_kwf_project
W3011554403,G10,0.393,0.3333333333333333,False,via_kwf_project
W3014244632,G10,0.632,1.0,True,via_kwf_project
W3014696382,G10,0.528,1.0,True,via_kwf_project
W3016454533,G09,0.393,1.0,True,via_kwf_project
W3016999780,G10,0.632,0.5,True,via_kwf_project
W3016999780,G15,0.632,0.5,True,via_kwf_project
W3019051408,G10,0.393,0.2857142857142857,False,via_kwf_project
W3019051408,G15,0.713,0.7142857142857143,True,via_kwf_project
W3019472024,G04,0.777,0.6,True,via_kwf_project
W3019472024,G09,0.393,0.2,False,via_kwf_project
W3019472024,G10,0.393,0.2,False,via_kwf_project
W3022617364,G06,0.393,1.0,True,via_kwf_project
W3023040698,G07,0.713,1.0,True,via_kwf_project
W3024207895,G15,0.528,1.0,True,via_kwf_project
W3024768286,G09,0.528,0.6,True,via_kwf_project
W3024768286,G10,0.393,0.4,False,via_kwf_project
W3027948250,G09,0.528,0.6,True,via_kwf_project
W3027948250,G10,0.393,0.4,False,via_kwf_project
W3033004399,G10,0.632,1.0,True,via_kwf_project
W3033036185,G10,0.393,1.0,True,via_kwf_project
W3033204916,G09,0.632,0.6666666666666666,True,via_kwf_project
W3033204916,G10,0.393,0.3333333333333333,False,via_kwf_project
W3033584129,G09,0.632,0.5714285714285714,True,via_kwf_project
W3033584129,G10,0.528,0.42857142857142855,False,via_kwf_project
W3033894010,G09,0.632,1.0,True,via_kwf_project
W3034417639,G10,0.393,1.0,True,via_kwf_project
W3034760689,G10,0.528,0.42857142857142855,False,via_kwf_project
W3034760689,G15,0.632,0.5714285714285714,True,via_kwf_project
W3035339434,G08,0.393,0.25,False,via_kwf_project
W3035339434,G09,0.632,0.5,True,via_kwf_project
W3035339434,G10,0.393,0.25,False,via_kwf_project
W3037234213,G10,0.393,0.25,False,via_kwf_project
W3037234213,G12,0.632,0.5,True,via_kwf_project
W3037234213,G15,0.393,0.25,False,via_kwf_project
W3037677313,G04,0.826,0.4375,True,via_kwf_project
W3037677313,G09,0.528,0.1875,False,via_kwf_project
W3037677313,G10,0.393,0.125,False,via_kwf_project
W3037677313,G12,0.632,0.25,False,via_kwf_project
W3038238188,G09,0.528,0.6,True,via_kwf_project
W3038238188,G10,0.393,0.4,False,via_kwf_project
W3038784600,G09,0.528,0.3,True,via_kwf_project
W3038784600,G10,0.393,0.2,False,via_kwf_project
W3038784600,G13,0.528,0.3,True,via_kwf_project
W3038784600,G15,0.393,0.2,False,via_kwf_project
W3039163883,G09,0.393,1.0,True,via_kwf_project
W3040788249,G09,0.393,0.2222222222222222,False,via_kwf_project
W3040788249,G10,0.713,0.5555555555555556,True,via_kwf_project
W3040788249,G15,0.393,0.2222222222222222,False,via_kwf_project
W3041315966,G09,0.777,1.0,True,via_kwf_project
W3041785466,G10,0.632,1.0,True,via_kwf_project
W3041823250,G10,0.393,1.0,True,via_kwf_project
W3042055234,G04,0.528,0.2727272727272727,False,via_kwf_project
W3042055234,G09,0.528,0.2727272727272727,False,via_kwf_project
W3042055234,G12,0.713,0.45454545454545453,True,via_kwf_project
W3042479948,G07,0.713,0.7142857142857143,True,via_kwf_project
W3042479948,G09,0.393,0.2857142857142857,False,via_kwf_project
W3045443021,G10,0.777,0.75,True,via_kwf_project
W3045443021,G15,0.393,0.25,False,via_kwf_project
W3045722060,G09,0.528,0.6,True,via_kwf_project
W3045722060,G10,0.393,0.4,False,via_kwf_project
W3047273379,G09,0.528,0.6,True,via_kwf_project
W3047273379,G10,0.393,0.4,False,via_kwf_project
W3048046889,G13,0.528,0.6,True,via_kwf_project
W3048046889,G15,0.393,0.4,False,via_kwf_project
W3080821513,G04,0.777,0.75,True,via_kwf_project
W3080821513,G10,0.393,0.25,False,via_kwf_project
W3081305094,G06,0.393,0.2,False,via_kwf_project
W3081305094,G09,0.632,0.4,True,via_kwf_project
W3081305094,G10,0.632,0.4,True,via_kwf_project
W3081996764,G10,0.393,1.0,True,via_kwf_project
W3082779749,G09,0.528,0.6,True,via_kwf_project
W3082779749,G10,0.393,0.4,False,via_kwf_project
W3082931165,G09,0.393,1.0,True,via_kwf_project
W3082933974,G10,0.713,0.7142857142857143,True,via_kwf_project
W3082933974,G15,0.393,0.2857142857142857,False,via_kwf_project
W3083180399,G09,0.393,0.16666666666666666,False,via_kwf_project
W3083180399,G10,0.713,0.4166666666666667,True,via_kwf_project
W3083180399,G15,0.713,0.4166666666666667,True,via_kwf_project
W3084221577,G10,0.713,1.0,True,via_kwf_project
W3086894248,G10,0.393,1.0,True,via_kwf_project
W3087253698,G10,0.632,1.0,True,via_kwf_project
W3088990159,G09,0.393,0.25,False,via_kwf_project
W3088990159,G10,0.777,0.75,True,via_kwf_project
W3089526913,G04,0.777,0.75,True,via_kwf_project
W3089526913,G10,0.393,0.25,False,via_kwf_project
W3089626466,G10,0.632,1.0,True,via_kwf_project
W3090373702,G10,0.393,1.0,True,via_kwf_project
W3090766908,G06,0.393,1.0,True,via_kwf_project
W3090919243,G09,0.528,0.6,True,via_kwf_project
W3090919243,G10,0.393,0.4,False,via_kwf_project
W3091295893,G10,0.632,1.0,True,via_kwf_project
W3092231234,G04,0.777,0.75,True,via_kwf_project
W3092231234,G10,0.393,0.25,False,via_kwf_project
W3092335610,G06,0.393,1.0,True,via_kwf_project
W3093634533,G09,0.632,0.6666666666666666,True,via_kwf_project
W3093634533,G10,0.393,0.3333333333333333,False,via_kwf_project
W3093819513,G13,0.528,0.6,True,via_kwf_project
W3093819513,G15,0.393,0.4,False,via_kwf_project
W3094451949,G05,0.528,1.0,True,via_kwf_project
W3095508069,G09,0.393,1.0,True,via_kwf_project
W3097714250,G09,0.777,1.0,True,via_kwf_project
W3097843799,G09,0.632,0.6666666666666666,True,via_kwf_project
W3097843799,G10,0.393,0.3333333333333333,False,via_kwf_project
W3099326880,G10,0.713,1.0,True,via_kwf_project
W3102087129,G09,0.393,0.5,True,via_kwf_project
W3102087129,G10,0.393,0.5,True,via_kwf_project
W3102344869,G10,0.632,1.0,True,via_kwf_project
W3105046991,G10,0.393,1.0,True,via_kwf_project
W3106861133,G10,0.713,1.0,True,via_kwf_project
W3107782103,G09,0.713,0.7142857142857143,True,via_kwf_project
W3107782103,G10,0.393,0.2857142857142857,False,via_kwf_project
W3108005369,G10,0.393,1.0,True,via_kwf_project
W3108809794,G10,0.393,0.5,True,via_kwf_project
W3108809794,G15,0.393,0.5,True,via_kwf_project
W3108884932,G09,0.777,1.0,True,via_kwf_project
W3110275404,G09,0.528,0.6,True,via_kwf_project
W3110275404,G10,0.393,0.4,False,via_kwf_project
W3110485539,G09,0.528,0.6,True,via_kwf_project
W3110485539,G10,0.393,0.4,False,via_kwf_project
W3110625022,G09,0.393,0.5,True,via_kwf_project
W3110625022,G10,0.393,0.5,True,via_kwf_project
W3110962967,G10,0.393,1.0,True,via_kwf_project
W3111990475,G07,0.713,1.0,True,via_kwf_project
W3113927149,G09,0.393,1.0,True,via_kwf_project
W3114992041,G09,0.632,0.5714285714285714,True,via_kwf_project
W3114992041,G10,0.528,0.42857142857142855,False,via_kwf_project
W3115655717,G09,0.632,0.5714285714285714,True,via_kwf_project
W3115655717,G10,0.528,0.42857142857142855,False,via_kwf_project
W3116586061,G10,0.393,1.0,True,via_kwf_project
W3118446437,G10,0.393,0.5,True,via_kwf_project
W3118446437,G15,0.393,0.5,True,via_kwf_project
W3118840939,G09,0.528,0.6,True,via_kwf_project
W3118840939,G10,0.393,0.4,False,via_kwf_project
W3120408667,G10,0.393,1.0,True,via_kwf_project
W3121425442,G09,0.632,0.3333333333333333,True,via_kwf_project
W3121425442,G10,0.632,0.3333333333333333,True,via_kwf_project
W3121425442,G15,0.632,0.3333333333333333,True,via_kwf_project
W3121512949,G09,0.393,0.5,True,via_kwf_project
W3121512949,G10,0.393,0.5,True,via_kwf_project
W3121795734,G10,0.393,1.0,True,via_kwf_project
W3121800253,G07,0.713,1.0,True,via_kwf_project
W3123252613,G10,0.393,0.25,False,via_kwf_project
W3123252613,G12,0.632,0.5,True,via_kwf_project
W3123252613,G15,0.393,0.25,False,via_kwf_project
W3123284836,G08,0.393,0.25,True,via_kwf_project
W3123284836,G09,0.393,0.25,True,via_kwf_project
W3123284836,G10,0.393,0.25,True,via_kwf_project
W3123284836,G15,0.393,0.25,True,via_kwf_project
W3124502889,G09,0.393,0.5,True,via_kwf_project
W3124502889,G15,0.393,0.5,True,via_kwf_project
W3125540588,G10,0.632,0.6666666666666666,True,via_kwf_project
W3125540588,G15,0.393,0.3333333333333333,False,via_kwf_project
W3126032942,G10,0.632,0.4444444444444444,False,via_kwf_project
W3126032942,G15,0.713,0.5555555555555556,True,via_kwf_project
W3126918818,G10,0.393,1.0,True,via_kwf_project
W3127516179,G10,0.393,0.25,False,via_kwf_project
W3127516179,G12,0.632,0.5,True,via_kwf_project
W3127516179,G15,0.393,0.25,False,via_kwf_project
W3127724386,G10,0.393,0.25,False,via_kwf_project
W3127724386,G12,0.632,0.5,True,via_kwf_project
W3127724386,G15,0.393,0.25,False,via_kwf_project
W3127776993,G09,0.528,0.6,True,via_kwf_project
W3127776993,G10,0.393,0.4,False,via_kwf_project
W3129144969,G04,0.393,1.0,True,via_kwf_project
W3130651220,G10,0.393,1.0,True,via_kwf_project
W3131547871,G07,0.713,1.0,True,via_kwf_project
W3131631532,G10,0.393,1.0,True,via_kwf_project
W3131942941,G10,0.393,1.0,True,via_kwf_project
W3132884693,G10,0.632,1.0,True,via_kwf_project
W3133773447,G10,0.528,1.0,True,via_kwf_project
W3134602318,G01,0.393,0.13333333333333333,False,via_kwf_project
W3134602318,G10,0.632,0.26666666666666666,False,via_kwf_project
W3134602318,G14,0.713,0.3333333333333333,True,via_kwf_project
W3134602318,G15,0.632,0.26666666666666666,False,via_kwf_project
W3135237477,G10,0.393,1.0,True,via_kwf_project
W3135309465,G09,0.393,0.3333333333333333,False,via_kwf_project
W3135309465,G10,0.632,0.6666666666666666,True,via_kwf_project
W3135333986,G09,0.632,0.5714285714285714,True,via_kwf_project
W3135333986,G10,0.528,0.42857142857142855,False,via_kwf_project
W3135563251,G10,0.393,0.5,True,via_kwf_project
W3135563251,G15,0.393,0.5,True,via_kwf_project
W3135676403,G09,0.632,0.6666666666666666,True,via_kwf_project
W3135676403,G10,0.393,0.3333333333333333,False,via_kwf_project
W3136095689,G09,0.393,1.0,True,via_kwf_project
W3136778372,G09,0.632,1.0,True,via_kwf_project
W3138942180,G10,0.393,1.0,True,via_kwf_project
W3145228664,G10,0.393,1.0,True,via_kwf_project
W3147828093,G10,0.393,1.0,True,via_kwf_project
W3149008048,G09,0.528,0.6,True,via_kwf_project
W3149008048,G10,0.393,0.4,False,via_kwf_project
W3152964071,G09,0.632,0.6666666666666666,True,via_kwf_project
W3152964071,G10,0.393,0.3333333333333333,False,via_kwf_project
W3157130467,G10,0.393,0.25,False,via_kwf_project
W3157130467,G12,0.632,0.5,True,via_kwf_project
W3157130467,G15,0.393,0.25,False,via_kwf_project
W3157810866,G06,0.632,0.6666666666666666,True,via_kwf_project
W3157810866,G09,0.393,0.3333333333333333,False,via_kwf_project
W3158091872,G13,0.918,0.8333333333333334,True,via_kwf_project
W3158091872,G15,0.393,0.16666666666666666,False,via_kwf_project
W3158200825,G09,0.528,0.6,True,via_kwf_project
W3158200825,G10,0.393,0.4,False,via_kwf_project
W3158760068,G10,0.632,1.0,True,via_kwf_project
W3159130483,G10,0.393,1.0,True,via_kwf_project
W3159354630,G09,0.393,0.3333333333333333,False,via_kwf_project
W3159354630,G10,0.632,0.6666666666666666,True,via_kwf_project
W3159397045,G01,0.393,0.13333333333333333,False,via_kwf_project
W3159397045,G10,0.632,0.26666666666666666,False,via_kwf_project
W3159397045,G14,0.713,0.3333333333333333,True,via_kwf_project
W3159397045,G15,0.632,0.26666666666666666,False,via_kwf_project
W3160250532,G13,0.528,0.6,True,via_kwf_project
W3160250532,G15,0.393,0.4,False,via_kwf_project
W3160325452,G09,0.393,0.5,True,via_kwf_project
W3160325452,G15,0.393,0.5,True,via_kwf_project
W3161654335,G09,0.632,0.3333333333333333,True,via_kwf_project
W3161654335,G10,0.632,0.3333333333333333,True,via_kwf_project
W3161654335,G15,0.632,0.3333333333333333,True,via_kwf_project
W3161849226,G15,0.393,1.0,True,via_kwf_project
W3162340133,G09,0.393,0.2857142857142857,False,via_kwf_project
W3162340133,G15,0.713,0.7142857142857143,True,via_kwf_project
W3162417405,G06,0.393,1.0,True,via_kwf_project
W3163225447,G08,0.393,0.5,True,via_kwf_project
W3163225447,G09,0.393,0.5,True,via_kwf_project
W3163542892,G10,0.632,0.5,True,via_kwf_project
W3163542892,G15,0.632,0.5,True,via_kwf_project
W3164360732,G10,0.393,1.0,True,via_kwf_project
W3164887061,G10,0.632,1.0,True,via_kwf_project
W3165561581,G10,0.393,1.0,True,via_kwf_project
W3166077222,G04,0.393,0.11764705882352941,False,via_kwf_project
W3166077222,G07,0.632,0.23529411764705882,False,via_kwf_project
W3166077222,G09,0.777,0.35294117647058826,True,via_kwf_project
W3166077222,G10,0.713,0.29411764705882354,False,via_kwf_project
W3166580483,G10,0.393,1.0,True,via_kwf_project
W3167243536,G08,0.393,1.0,True,via_kwf_project
W3168111652,G09,0.528,0.6,True,via_kwf_project
W3168111652,G10,0.393,0.4,False,via_kwf_project
W3169377525,G10,0.393,1.0,True,via_kwf_project
W3171598447,G10,0.632,1.0,True,via_kwf_project
W3171644775,G10,0.393,0.25,False,via_kwf_project
W3171644775,G12,0.632,0.5,True,via_kwf_project
W3171644775,G15,0.393,0.25,False,via_kwf_project
W3173337350,G09,0.528,0.6,True,via_kwf_project
W3173337350,G10,0.393,0.4,False,via_kwf_project
W3173931891,G10,0.632,1.0,True,via_kwf_project
W3176168117,G09,0.393,0.5,True,via_kwf_project
W3176168117,G15,0.393,0.5,True,via_kwf_project
W3177151113,G10,0.393,1.0,True,via_kwf_project
W3177411200,G09,0.826,0.7777777777777778,True,via_kwf_project
W3177411200,G10,0.393,0.2222222222222222,False,via_kwf_project
W3178783897,G10,0.528,0.42857142857142855,False,via_kwf_project
W3178783897,G15,0.632,0.5714285714285714,True,via_kwf_project
W3178841812,G09,0.393,1.0,True,via_kwf_project
W3179098870,G10,0.393,1.0,True,via_kwf_project
W3179148274,G06,0.632,0.6666666666666666,True,via_kwf_project
W3179148274,G09,0.393,0.3333333333333333,False,via_kwf_project
W3180580933,G10,0.632,0.5,True,via_kwf_project
W3180580933,G15,0.632,0.5,True,via_kwf_project
W3181978967,G09,0.393,0.5,True,via_kwf_project
W3181978967,G10,0.393,0.5,True,via_kwf_project
W3183198896,G09,0.632,0.5,True,via_kwf_project
W3183198896,G10,0.632,0.5,True,via_kwf_project
W3184430079,G13,0.632,1.0,True,via_kwf_project
W3185520143,G10,0.632,0.4444444444444444,False,via_kwf_project
W3185520143,G15,0.713,0.5555555555555556,True,via_kwf_project
W31895568,G09,0.393,1.0,True,via_kwf_project
W3189990854,G12,0.632,0.6666666666666666,True,via_kwf_project
W3189990854,G15,0.393,0.3333333333333333,False,via_kwf_project
W3190107426,G10,0.713,1.0,True,via_kwf_project
W3190417242,G13,0.528,0.6,True,via_kwf_project
W3190417242,G15,0.393,0.4,False,via_kwf_project
W3192785301,G10,0.393,1.0,True,via_kwf_project
W3193145520,G09,0.393,0.5,True,via_kwf_project
W3193145520,G10,0.393,0.5,True,via_kwf_project
W3193794758,G09,0.393,0.4,False,via_kwf_project
W3193794758,G10,0.528,0.6,True,via_kwf_project
W3194026373,G09,0.393,1.0,True,via_kwf_project
W3194322531,G10,0.393,1.0,True,via_kwf_project
W3194399189,G09,0.632,1.0,True,via_kwf_project
W3194895625,G10,0.393,1.0,True,via_kwf_project
W3196590718,G10,0.528,1.0,True,via_kwf_project
W3198082903,G10,0.632,1.0,True,via_kwf_project
W3198240721,G09,0.632,1.0,True,via_kwf_project
W3198461147,G10,0.393,1.0,True,via_kwf_project
W3198677380,G09,0.393,0.5,True,via_kwf_project
W3198677380,G10,0.393,0.5,True,via_kwf_project
W3199204735,G06,0.393,0.3333333333333333,False,via_kwf_project
W3199204735,G10,0.632,0.6666666666666666,True,via_kwf_project
W3199222309,G09,0.393,0.25,False,via_kwf_project
W3199222309,G10,0.777,0.75,True,via_kwf_project
W3200470967,G09,0.393,0.5,True,via_kwf_project
W3200470967,G15,0.393,0.5,True,via_kwf_project
W3201004168,G10,0.713,1.0,True,via_kwf_project
W3201034664,G13,0.528,0.6,True,via_kwf_project
W3201034664,G15,0.393,0.4,False,via_kwf_project
W3201132811,G10,0.528,1.0,True,via_kwf_project
W3201851207,G10,0.528,0.42857142857142855,False,via_kwf_project
W3201851207,G15,0.632,0.5714285714285714,True,via_kwf_project
W3203065722,G09,0.632,0.5714285714285714,True,via_kwf_project
W3203065722,G10,0.528,0.42857142857142855,False,via_kwf_project
W3203307361,G09,0.393,0.5,True,via_kwf_project
W3203307361,G10,0.393,0.5,True,via_kwf_project
W3203412990,G06,0.393,1.0,True,via_kwf_project
W3203652046,G09,0.528,1.0,True,via_kwf_project
W3203705086,G10,0.632,0.21052631578947367,False,via_kwf_project
W3203705086,G15,0.976,0.7894736842105263,True,via_kwf_project
W3203776767,G06,0.393,1.0,True,via_kwf_project
W3204672846,G10,0.632,1.0,True,via_kwf_project
W3206477954,G04,0.777,0.75,True,via_kwf_project
W3206477954,G10,0.393,0.25,False,via_kwf_project
W3206482003,G10,0.632,1.0,True,via_kwf_project
W3206905680,G04,0.777,0.75,True,via_kwf_project
W3206905680,G10,0.393,0.25,False,via_kwf_project
W3207656302,G04,0.528,0.2727272727272727,False,via_kwf_project
W3207656302,G08,0.777,0.5454545454545454,True,via_kwf_project
W3207656302,G09,0.393,0.18181818181818182,False,via_kwf_project
W3208314096,G09,0.632,0.6666666666666666,True,via_kwf_project
W3208314096,G10,0.393,0.3333333333333333,False,via_kwf_project
W3208910722,G06,0.393,1.0,True,via_kwf_project
W3209046384,G10,0.393,1.0,True,via_kwf_project
W3209614169,G10,0.393,0.2857142857142857,False,via_kwf_project
W3209614169,G15,0.713,0.7142857142857143,True,via_kwf_project
W3210296250,G10,0.393,0.5,True,via_kwf_project
W3210296250,G15,0.393,0.5,True,via_kwf_project
W3210309450,G10,0.393,1.0,True,via_kwf_project
W3210613862,G09,0.393,1.0,True,via_kwf_project
W3211615276,G09,0.632,0.5714285714285714,True,via_kwf_project
W3211615276,G10,0.528,0.42857142857142855,False,via_kwf_project
W3212849843,G06,0.632,0.6666666666666666,True,via_kwf_project
W3212849843,G09,0.393,0.3333333333333333,False,via_kwf_project
W3212854097,G10,0.865,0.32,False,via_kwf_project
W3212854097,G13,0.918,0.4,True,via_kwf_project
W3212854097,G15,0.713,0.2,False,via_kwf_project
W3212854097,G20,0.393,0.08,False,via_kwf_project
W3213682911,G13,0.528,0.6,True,via_kwf_project
W3213682911,G15,0.393,0.4,False,via_kwf_project
W3215622442,G10,0.393,1.0,True,via_kwf_project
W33084231,G04,0.777,0.75,True,via_kwf_project
W33084231,G10,0.393,0.25,False,via_kwf_project
W33511676,G09,0.393,0.5,True,via_kwf_project
W33511676,G10,0.393,0.5,True,via_kwf_project
W33658484,G10,0.528,1.0,True,via_kwf_project
W33704843,G15,0.713,0.7142857142857143,True,via_kwf_project
W33704843,G20,0.393,0.2857142857142857,False,via_kwf_project
W36661074,G10,0.393,1.0,True,via_kwf_project
W37389800,G12,0.632,0.6666666666666666,True,via_kwf_project
W37389800,G15,0.393,0.3333333333333333,False,via_kwf_project
W4200028755,G10,0.393,1.0,True,via_kwf_project
W4200037894,G10,0.393,1.0,True,via_kwf_project
W4200083514,G10,0.528,1.0,True,via_kwf_project
W4200170755,G09,0.632,0.5714285714285714,True,via_kwf_project
W4200170755,G10,0.528,0.42857142857142855,False,via_kwf_project
W4200230497,G04,0.393,1.0,True,via_kwf_project
W4200269610,G10,0.393,1.0,True,via_kwf_project
W4200377525,G09,0.632,0.6666666666666666,True,via_kwf_project
W4200377525,G12,0.393,0.3333333333333333,False,via_kwf_project
W4200425397,G10,0.632,1.0,True,via_kwf_project
W4200440855,G10,0.393,0.25,False,via_kwf_project
W4200440855,G12,0.632,0.5,True,via_kwf_project
W4200440855,G15,0.393,0.25,False,via_kwf_project
W4200444273,G10,0.632,1.0,True,via_kwf_project
W4200468795,G04,0.777,0.75,True,via_kwf_project
W4200468795,G10,0.393,0.25,False,via_kwf_project
W4200505571,G10,0.393,1.0,True,via_kwf_project
W4200607917,G07,0.713,0.5,True,via_kwf_project
W4200607917,G09,0.713,0.5,True,via_kwf_project
W4200611050,G09,0.393,1.0,True,via_kwf_project
W4205228703,G04,0.777,0.75,True,via_kwf_project
W4205228703,G10,0.393,0.25,False,via_kwf_project
W4205285763,G09,0.393,0.4,False,via_kwf_project
W4205285763,G10,0.528,0.6,True,via_kwf_project
W4205286799,G09,0.826,0.5,True,via_kwf_project
W4205286799,G10,0.713,0.35714285714285715,False,via_kwf_project
W4205286799,G11,0.393,0.14285714285714285,False,via_kwf_project
W4205367704,G04,0.777,0.75,True,via_kwf_project
W4205367704,G10,0.393,0.25,False,via_kwf_project
W4206304772,G09,0.528,0.6,True,via_kwf_project
W4206304772,G10,0.393,0.4,False,via_kwf_project
W4206994148,G09,0.713,0.5555555555555556,True,via_kwf_project
W4206994148,G12,0.632,0.4444444444444444,False,via_kwf_project
W4210258613,G04,0.777,0.75,True,via_kwf_project
W4210258613,G10,0.393,0.25,False,via_kwf_project
W4210273635,G10,0.393,1.0,True,via_kwf_project
W4210336320,G10,0.528,0.42857142857142855,False,via_kwf_project
W4210336320,G15,0.632,0.5714285714285714,True,via_kwf_project
W4210343862,G09,0.713,1.0,True,via_kwf_project
W4210446279,G10,0.632,1.0,True,via_kwf_project
W4210618780,G10,0.713,1.0,True,via_kwf_project
W4210694051,G09,0.393,1.0,True,via_kwf_project
W4210794608,G08,0.393,0.25,False,via_kwf_project
W4210794608,G09,0.632,0.5,True,via_kwf_project
W4210794608,G10,0.393,0.25,False,via_kwf_project
W4210853692,G10,0.393,1.0,True,via_kwf_project
W4211212669,G10,0.632,0.5,True,via_kwf_project
W4211212669,G15,0.632,0.5,True,via_kwf_project
W4213000275,G10,0.393,0.5,True,via_kwf_project
W4213000275,G15,0.393,0.5,True,via_kwf_project
W4213226795,G05,0.528,1.0,True,via_kwf_project
W4213342009,G10,0.393,1.0,True,via_kwf_project
W4213360201,G10,0.632,1.0,True,via_kwf_project
W4213371434,G06,0.895,0.8181818181818182,True,via_kwf_project
W4213371434,G14,0.393,0.18181818181818182,False,via_kwf_project
W4214479649,G09,0.777,1.0,True,via_kwf_project
W4214734334,G10,0.632,1.0,True,via_kwf_project
W4214808626,G09,0.528,0.6,True,via_kwf_project
W4214808626,G10,0.393,0.4,False,via_kwf_project
W4214826426,G10,0.632,1.0,True,via_kwf_project
W4214913062,G13,0.632,1.0,True,via_kwf_project
W4220662508,G10,0.632,1.0,True,via_kwf_project
W4220671579,G09,0.826,0.5,True,via_kwf_project
W4220671579,G10,0.713,0.35714285714285715,False,via_kwf_project
W4220671579,G11,0.393,0.14285714285714285,False,via_kwf_project
W4220682240,G15,0.393,1.0,True,via_kwf_project
W4220688332,G15,0.393,1.0,True,via_kwf_project
W4220783688,G10,0.632,1.0,True,via_kwf_project
W4220874997,G09,0.777,1.0,True,via_kwf_project
W4220930914,G10,0.528,0.6,True,via_kwf_project
W4220930914,G15,0.393,0.4,False,via_kwf_project
W4221018567,G07,0.393,0.3333333333333333,True,via_kwf_project
W4221018567,G08,0.393,0.3333333333333333,True,via_kwf_project
W4221018567,G10,0.393,0.3333333333333333,True,via_kwf_project
W4221141771,G09,0.632,0.4,True,via_kwf_project
W4221141771,G10,0.632,0.4,True,via_kwf_project
W4221141771,G15,0.393,0.2,False,via_kwf_project
W4223449977,G13,0.528,0.6,True,via_kwf_project
W4223449977,G15,0.393,0.4,False,via_kwf_project
W4223560304,G07,0.713,1.0,True,via_kwf_project
W4223566665,G10,0.393,1.0,True,via_kwf_project
W4223579703,G10,0.393,1.0,True,via_kwf_project
W4223619721,G07,0.713,1.0,True,via_kwf_project
W4223655022,G09,0.826,0.5,True,via_kwf_project
W4223655022,G10,0.713,0.35714285714285715,False,via_kwf_project
W4223655022,G11,0.393,0.14285714285714285,False,via_kwf_project
W4224099798,G09,0.393,0.11764705882352941,False,via_kwf_project
W4224099798,G10,0.895,0.5294117647058824,True,via_kwf_project
W4224099798,G12,0.632,0.23529411764705882,False,via_kwf_project
W4224099798,G15,0.393,0.11764705882352941,False,via_kwf_project
W4224249610,G09,0.393,1.0,True,via_kwf_project
W4225163195,G09,0.393,1.0,True,via_kwf_project
W4225568009,G13,0.632,1.0,True,via_kwf_project
W4225737862,G09,0.393,1.0,True,via_kwf_project
W4229030785,G10,0.632,1.0,True,via_kwf_project
W4229050414,G09,0.393,0.5,True,via_kwf_project
W4229050414,G15,0.393,0.5,True,via_kwf_project
W4229456253,G09,0.777,1.0,True,via_kwf_project
W4231195614,G08,0.393,0.2857142857142857,False,via_kwf_project
W4231195614,G15,0.713,0.7142857142857143,True,via_kwf_project
W4242276418,G09,0.393,0.3333333333333333,False,via_kwf_project
W4242276418,G10,0.632,0.6666666666666666,True,via_kwf_project
W4280490827,G09,0.393,0.5,True,via_kwf_project
W4280490827,G15,0.393,0.5,True,via_kwf_project
W4281489823,G07,0.895,0.5625,True,via_kwf_project
W4281489823,G08,0.528,0.1875,False,via_kwf_project
W4281489823,G09,0.632,0.25,False,via_kwf_project
W4281747243,G09,0.528,0.6,True,via_kwf_project
W4281747243,G10,0.393,0.4,False,via_kwf_project
W4281789523,G09,0.393,0.5,True,via_kwf_project
W4281789523,G15,0.393,0.5,True,via_kwf_project
W4281806149,G10,0.393,0.5,True,via_kwf_project
W4281806149,G15,0.393,0.5,True,via_kwf_project
W4281987080,G07,0.393,0.5,True,via_kwf_project
W4281987080,G08,0.393,0.5,True,via_kwf_project
W4282022851,G09,0.632,0.5714285714285714,True,via_kwf_project
W4282022851,G10,0.528,0.42857142857142855,False,via_kwf_project
W4282925184,G10,0.632,1.0,True,via_kwf_project
W4282928256,G13,0.918,0.8333333333333334,True,via_kwf_project
W4282928256,G15,0.393,0.16666666666666666,False,via_kwf_project
W4282932245,G09,0.393,0.5,True,via_kwf_project
W4282932245,G10,0.393,0.5,True,via_kwf_project
W4283032130,G10,0.393,0.25,False,via_kwf_project
W4283032130,G12,0.632,0.5,True,via_kwf_project
W4283032130,G15,0.393,0.25,False,via_kwf_project
W4283365587,G07,0.713,1.0,True,via_kwf_project
W4283457414,G08,0.895,0.6428571428571429,True,via_kwf_project
W4283457414,G09,0.713,0.35714285714285715,False,via_kwf_project
W4283658141,G10,0.632,1.0,True,via_kwf_project
W4283791707,G04,0.777,0.75,True,via_kwf_project
W4283791707,G10,0.393,0.25,False,via_kwf_project
W4283797752,G06,0.632,0.6666666666666666,True,via_kwf_project
W4283797752,G09,0.393,0.3333333333333333,False,via_kwf_project
W4284704920,G09,0.393,0.3333333333333333,False,via_kwf_project
W4284704920,G10,0.632,0.6666666666666666,True,via_kwf_project
W4284707802,G10,0.777,0.75,True,via_kwf_project
W4284707802,G15,0.393,0.25,False,via_kwf_project
W4284958286,G10,0.713,0.7142857142857143,True,via_kwf_project
W4284958286,G15,0.393,0.2857142857142857,False,via_kwf_project
W4284976039,G09,0.393,1.0,True,via_kwf_project
W4286111055,G10,0.393,0.25,False,via_kwf_project
W4286111055,G12,0.632,0.5,True,via_kwf_project
W4286111055,G15,0.393,0.25,False,via_kwf_project
W4286255595,G10,0.865,1.0,True,via_kwf_project
W4286488148,G04,0.777,0.75,True,via_kwf_project
W4286488148,G10,0.393,0.25,False,via_kwf_project
W4286584268,G09,0.393,0.5,True,via_kwf_project
W4286584268,G10,0.393,0.5,True,via_kwf_project
W4286586720,G10,0.393,0.25,False,via_kwf_project
W4286586720,G12,0.632,0.5,True,via_kwf_project
W4286586720,G15,0.393,0.25,False,via_kwf_project
W4287448526,G09,0.393,1.0,True,via_kwf_project
W4287510231,G10,0.393,0.5,True,via_kwf_project
W4287510231,G15,0.393,0.5,True,via_kwf_project
W4288479980,G09,0.393,0.5,True,via_kwf_project
W4288479980,G15,0.393,0.5,True,via_kwf_project
W4288696944,G09,0.632,1.0,True,via_kwf_project
W4289109879,G10,0.632,1.0,True,via_kwf_project
W4289526165,G09,0.393,1.0,True,via_kwf_project
W4289836879,G08,0.393,0.3333333333333333,True,via_kwf_project
W4289836879,G10,0.393,0.3333333333333333,True,via_kwf_project
W4289836879,G15,0.393,0.3333333333333333,True,via_kwf_project
W4290770118,G10,0.632,1.0,True,via_kwf_project
W4291222654,G07,0.713,1.0,True,via_kwf_project
W4292004416,G10,0.393,0.25,False,via_kwf_project
W4292004416,G12,0.632,0.5,True,via_kwf_project
W4292004416,G15,0.393,0.25,False,via_kwf_project
W4292084208,G13,0.528,0.375,False,via_kwf_project
W4292084208,G15,0.713,0.625,True,via_kwf_project
W4293045125,G10,0.528,1.0,True,via_kwf_project
W4293101780,G09,0.393,0.3333333333333333,False,via_kwf_project
W4293101780,G10,0.632,0.6666666666666666,True,via_kwf_project
W4293175810,G10,0.393,0.4,False,via_kwf_project
W4293175810,G11,0.528,0.6,True,via_kwf_project
W4293227673,G09,0.393,0.5,True,via_kwf_project
W4293227673,G15,0.393,0.5,True,via_kwf_project
W4293277641,G09,0.632,0.5714285714285714,True,via_kwf_project
W4293277641,G10,0.528,0.42857142857142855,False,via_kwf_project
W4293678854,G10,0.393,1.0,True,via_kwf_project
W4293695502,G06,0.393,0.3333333333333333,False,via_kwf_project
W4293695502,G10,0.632,0.6666666666666666,True,via_kwf_project
W4293809711,G06,0.393,0.2,False,via_kwf_project
W4293809711,G09,0.632,0.4,True,via_kwf_project
W4293809711,G10,0.632,0.4,True,via_kwf_project
W4295159943,G09,0.632,1.0,True,via_kwf_project
W4295339147,G08,0.393,0.3333333333333333,True,via_kwf_project
W4295339147,G10,0.393,0.3333333333333333,True,via_kwf_project
W4295339147,G15,0.393,0.3333333333333333,True,via_kwf_project
W4297257115,G10,0.632,1.0,True,via_kwf_project
W4297520319,G10,0.632,1.0,True,via_kwf_project
W4302424680,G08,0.393,0.5,True,via_kwf_project
W4302424680,G15,0.393,0.5,True,via_kwf_project
W4304196204,G07,0.528,1.0,True,via_kwf_project
W4306639137,G10,0.632,0.4444444444444444,False,via_kwf_project
W4306639137,G15,0.713,0.5555555555555556,True,via_kwf_project
W4306743594,G09,0.632,0.5714285714285714,True,via_kwf_project
W4306743594,G10,0.528,0.42857142857142855,False,via_kwf_project
W4306750470,G09,0.632,0.6666666666666666,True,via_kwf_project
W4306750470,G10,0.393,0.3333333333333333,False,via_kwf_project
W4306885091,G07,0.393,0.5,True,via_kwf_project
W4306885091,G08,0.393,0.5,True,via_kwf_project
W4307030408,G09,0.632,0.6666666666666666,True,via_kwf_project
W4307030408,G10,0.393,0.3333333333333333,False,via_kwf_project
W4307475908,G08,0.393,0.3333333333333333,False,via_kwf_project
W4307475908,G09,0.632,0.6666666666666666,True,via_kwf_project
W4307493285,G09,0.632,1.0,True,via_kwf_project
W4308053318,G10,0.393,0.5,True,via_kwf_project
W4308053318,G15,0.393,0.5,True,via_kwf_project
W4308364479,G10,0.393,0.4,False,via_kwf_project
W4308364479,G11,0.528,0.6,True,via_kwf_project
W4308523215,G09,0.528,1.0,True,via_kwf_project
W4309004278,G10,0.865,1.0,True,via_kwf_project
W4309176175,G10,0.393,1.0,True,via_kwf_project
W4309470132,G09,0.918,0.8333333333333334,True,via_kwf_project
W4309470132,G15,0.393,0.16666666666666666,False,via_kwf_project
W4309525909,G10,0.777,1.0,True,via_kwf_project
W4309938365,G09,0.918,0.8333333333333334,True,via_kwf_project
W4309938365,G15,0.393,0.16666666666666666,False,via_kwf_project
W4310062158,G09,0.632,0.4444444444444444,False,via_kwf_project
W4310062158,G10,0.713,0.5555555555555556,True,via_kwf_project
W4310480218,G10,0.713,0.45454545454545453,True,via_kwf_project
W4310480218,G12,0.632,0.36363636363636365,False,via_kwf_project
W4310480218,G15,0.393,0.18181818181818182,False,via_kwf_project
W4310573170,G09,0.632,0.6666666666666666,True,via_kwf_project
W4310573170,G10,0.393,0.3333333333333333,False,via_kwf_project
W4310598099,G10,0.528,1.0,True,via_kwf_project
W4310639174,G09,0.393,0.5,True,via_kwf_project
W4310639174,G15,0.393,0.5,True,via_kwf_project
W4311316401,G06,0.393,1.0,True,via_kwf_project
W4311469228,G07,0.393,0.5,True,via_kwf_project
W4311469228,G08,0.393,0.5,True,via_kwf_project
W4311539187,G10,0.393,1.0,True,via_kwf_project
W4311778826,G10,0.632,1.0,True,via_kwf_project
W4311888095,G09,0.632,0.6666666666666666,True,via_kwf_project
W4311888095,G12,0.393,0.3333333333333333,False,via_kwf_project
W4312082899,G04,0.393,1.0,True,via_kwf_project
W4312112685,G09,0.632,0.6666666666666666,True,via_kwf_project
W4312112685,G12,0.393,0.3333333333333333,False,via_kwf_project
W4313260670,G10,0.393,1.0,True,via_kwf_project
W4313482791,G09,0.632,0.6666666666666666,True,via_kwf_project
W4313482791,G10,0.393,0.3333333333333333,False,via_kwf_project
W4315629544,G12,0.393,1.0,True,via_kwf_project
W4315780455,G04,0.393,0.3333333333333333,False,via_kwf_project
W4315780455,G10,0.632,0.6666666666666666,True,via_kwf_project
W4315929002,G10,0.777,1.0,True,via_kwf_project
W4316669854,G04,0.393,1.0,True,via_kwf_project
W4317241207,G04,0.393,0.2857142857142857,False,via_kwf_project
W4317241207,G15,0.713,0.7142857142857143,True,via_kwf_project
W4317476840,G09,0.826,0.7,True,via_kwf_project
W4317476840,G10,0.528,0.3,False,via_kwf_project
W4317951397,G10,0.393,1.0,True,via_kwf_project
W4318027104,G06,0.895,0.8181818181818182,True,via_kwf_project
W4318027104,G14,0.393,0.18181818181818182,False,via_kwf_project
W4318065810,G08,0.393,0.3333333333333333,True,via_kwf_project
W4318065810,G10,0.393,0.3333333333333333,True,via_kwf_project
W4318065810,G15,0.393,0.3333333333333333,True,via_kwf_project
W4318067851,G10,0.632,0.5,True,via_kwf_project
W4318067851,G15,0.632,0.5,True,via_kwf_project
W4318164925,G09,0.393,1.0,True,via_kwf_project
W4319062905,G04,0.777,0.75,True,via_kwf_project
W4319062905,G10,0.393,0.25,False,via_kwf_project
W4319336165,G09,0.393,0.4,False,via_kwf_project
W4319336165,G10,0.528,0.6,True,via_kwf_project
W4320490069,G04,0.777,0.75,True,via_kwf_project
W4320490069,G10,0.393,0.25,False,via_kwf_project
W4320490352,G09,0.393,0.25,False,via_kwf_project
W4320490352,G10,0.777,0.75,True,via_kwf_project
W4320491242,G10,0.528,1.0,True,via_kwf_project
W4322217012,G09,0.393,0.5,True,via_kwf_project
W4322217012,G15,0.393,0.5,True,via_kwf_project
W4323044743,G10,0.393,1.0,True,via_kwf_project
W4323567467,G10,0.393,1.0,True,via_kwf_project
W4323656712,G07,0.713,1.0,True,via_kwf_project
W4323924807,G07,0.632,0.23529411764705882,False,via_kwf_project
W4323924807,G08,0.865,0.47058823529411764,True,via_kwf_project
W4323924807,G09,0.393,0.11764705882352941,False,via_kwf_project
W4323924807,G10,0.528,0.17647058823529413,False,via_kwf_project
W4323976634,G09,0.632,0.5714285714285714,True,via_kwf_project
W4323976634,G10,0.528,0.42857142857142855,False,via_kwf_project
W4324046169,G10,0.632,1.0,True,via_kwf_project
W4324346858,G10,0.528,1.0,True,via_kwf_project
W4327724540,G10,0.393,1.0,True,via_kwf_project
W4327811382,G09,0.393,1.0,True,via_kwf_project
W4327857230,G10,0.393,0.5,True,via_kwf_project
W4327857230,G15,0.393,0.5,True,via_kwf_project
W4360997740,G13,0.528,0.6,True,via_kwf_project
W4360997740,G15,0.393,0.4,False,via_kwf_project
W4362459020,G09,0.632,1.0,True,via_kwf_project
W4362559208,G04,0.777,0.75,True,via_kwf_project
W4362559208,G10,0.393,0.25,False,via_kwf_project
W4362658244,G09,0.632,0.5,True,via_kwf_project
W4362658244,G10,0.632,0.5,True,via_kwf_project
W4362659719,G09,0.632,0.6666666666666666,True,via_kwf_project
W4362659719,G15,0.393,0.3333333333333333,False,via_kwf_project
W4362692009,G15,0.713,1.0,True,via_kwf_project
W4365517198,G10,0.393,1.0,True,via_kwf_project
W4366464241,G13,0.632,1.0,True,via_kwf_project
W4367059129,G09,0.393,0.5,True,via_kwf_project
W4367059129,G15,0.393,0.5,True,via_kwf_project
W4367296627,G09,0.632,0.6666666666666666,True,via_kwf_project
W4367296627,G10,0.393,0.3333333333333333,False,via_kwf_project
W4368240490,G09,0.528,0.6,True,via_kwf_project
W4368240490,G10,0.393,0.4,False,via_kwf_project
W4368361038,G10,0.393,1.0,True,via_kwf_project
W4372201904,G10,0.632,1.0,True,via_kwf_project
W4372346500,G09,0.393,0.5,True,via_kwf_project
W4372346500,G10,0.393,0.5,True,via_kwf_project
W4376872266,G10,0.713,0.7142857142857143,True,via_kwf_project
W4376872266,G15,0.393,0.2857142857142857,False,via_kwf_project
W4377194094,G10,0.713,1.0,True,via_kwf_project
W4377223843,G09,0.632,0.6666666666666666,True,via_kwf_project
W4377223843,G10,0.393,0.3333333333333333,False,via_kwf_project
W4377292971,G09,0.777,0.6666666666666666,True,via_kwf_project
W4377292971,G10,0.528,0.3333333333333333,False,via_kwf_project
W4378189430,G09,0.393,0.5,True,via_kwf_project
W4378189430,G15,0.393,0.5,True,via_kwf_project
W4378782483,G10,0.713,1.0,True,via_kwf_project
W4379093961,G06,0.393,0.25,False,via_kwf_project
W4379093961,G10,0.632,0.5,True,via_kwf_project
W4379093961,G15,0.393,0.25,False,via_kwf_project
W4379113620,G09,0.393,0.5,True,via_kwf_project
W4379113620,G15,0.393,0.5,True,via_kwf_project
W4379157372,G09,0.393,1.0,True,via_kwf_project
W4379260007,G07,0.393,0.3333333333333333,True,via_kwf_project
W4379260007,G08,0.393,0.3333333333333333,True,via_kwf_project
W4379260007,G10,0.393,0.3333333333333333,True,via_kwf_project
W4380154164,G10,0.713,1.0,True,via_kwf_project
W4380422051,G08,0.393,0.3333333333333333,False,via_kwf_project
W4380422051,G10,0.632,0.6666666666666666,True,via_kwf_project
W4380738504,G06,0.528,0.25,False,via_kwf_project
W4380738504,G10,0.777,0.5,True,via_kwf_project
W4380738504,G15,0.528,0.25,False,via_kwf_project
W4381599098,G07,0.713,0.7142857142857143,True,via_kwf_project
W4381599098,G09,0.393,0.2857142857142857,False,via_kwf_project
W4382046244,G04,0.393,1.0,True,via_kwf_project
W4382132476,G08,0.777,0.46153846153846156,False,via_kwf_project
W4382132476,G09,0.826,0.5384615384615384,True,via_kwf_project
W4382195895,G10,0.393,1.0,True,via_kwf_project
W4382518481,G13,0.918,0.8333333333333334,True,via_kwf_project
W4382518481,G15,0.393,0.16666666666666666,False,via_kwf_project
W4382582400,G10,0.632,0.5,True,via_kwf_project
W4382582400,G15,0.632,0.5,True,via_kwf_project
W4382632312,G12,0.632,0.6666666666666666,True,via_kwf_project
W4382632312,G15,0.393,0.3333333333333333,False,via_kwf_project
W4382929905,G09,0.632,0.5714285714285714,True,via_kwf_project
W4382929905,G10,0.528,0.42857142857142855,False,via_kwf_project
W4383368508,G06,0.528,0.25,False,via_kwf_project
W4383368508,G10,0.777,0.5,True,via_kwf_project
W4383368508,G15,0.528,0.25,False,via_kwf_project
W4384298051,G04,0.528,0.15789473684210525,False,via_kwf_project
W4384298051,G08,0.777,0.3157894736842105,True,via_kwf_project
W4384298051,G09,0.632,0.21052631578947367,False,via_kwf_project
W4384298051,G10,0.632,0.21052631578947367,False,via_kwf_project
W4384298051,G15,0.393,0.10526315789473684,False,via_kwf_project
W4384433865,G12,0.632,0.6666666666666666,True,via_kwf_project
W4384433865,G15,0.393,0.3333333333333333,False,via_kwf_project
W4384694911,G10,0.632,1.0,True,via_kwf_project
W4385320362,G10,0.865,1.0,True,via_kwf_project
W4385442068,G09,0.393,1.0,True,via_kwf_project
W4385489066,G07,0.713,1.0,True,via_kwf_project
W4385543335,G10,0.713,1.0,True,via_kwf_project
W4385575828,G10,0.632,1.0,True,via_kwf_project
W4385664124,G10,0.632,1.0,True,via_kwf_project
W4385701286,G09,0.632,0.3333333333333333,True,via_kwf_project
W4385701286,G10,0.632,0.3333333333333333,True,via_kwf_project
W4385701286,G15,0.632,0.3333333333333333,True,via_kwf_project
W4385783133,G09,0.632,1.0,True,via_kwf_project
W4385798543,G04,0.777,0.42857142857142855,True,via_kwf_project
W4385798543,G06,0.632,0.2857142857142857,False,via_kwf_project
W4385798543,G09,0.393,0.14285714285714285,False,via_kwf_project
W4385798543,G10,0.393,0.14285714285714285,False,via_kwf_project
W4386245315,G10,0.528,1.0,True,via_kwf_project
W4386398331,G20,0.632,1.0,True,via_kwf_project
W4386591788,G09,0.393,0.5,True,via_kwf_project
W4386591788,G15,0.393,0.5,True,via_kwf_project
W4386694456,G09,0.632,0.6666666666666666,True,via_kwf_project
W4386694456,G12,0.393,0.3333333333333333,False,via_kwf_project
W4386898368,G09,0.393,0.3333333333333333,False,via_kwf_project
W4386898368,G10,0.632,0.6666666666666666,True,via_kwf_project
W4386936475,G10,0.632,1.0,True,via_kwf_project
W4387030598,G09,0.632,1.0,True,via_kwf_project
W4387191110,G06,0.393,0.3333333333333333,False,via_kwf_project
W4387191110,G10,0.632,0.6666666666666666,True,via_kwf_project
W4387212977,G09,0.393,0.2857142857142857,False,via_kwf_project
W4387212977,G10,0.713,0.7142857142857143,True,via_kwf_project
W4387451326,G15,0.713,0.7142857142857143,True,via_kwf_project
W4387451326,G20,0.393,0.2857142857142857,False,via_kwf_project
W4387553131,G09,0.393,0.5,True,via_kwf_project
W4387553131,G15,0.393,0.5,True,via_kwf_project
W4387578776,G10,0.393,0.25,False,via_kwf_project
W4387578776,G12,0.632,0.5,True,via_kwf_project
W4387578776,G15,0.393,0.25,False,via_kwf_project
W4387723599,G09,0.393,1.0,True,via_kwf_project
W4387853703,G04,0.393,1.0,True,via_kwf_project
W4387967625,G10,0.393,1.0,True,via_kwf_project
W4388014565,G09,0.713,0.5555555555555556,True,via_kwf_project
W4388014565,G10,0.632,0.4444444444444444,False,via_kwf_project
W4388014882,G09,0.393,0.2857142857142857,False,via_kwf_project
W4388014882,G10,0.713,0.7142857142857143,True,via_kwf_project
W4388140511,G09,0.713,1.0,True,via_kwf_project
W4388161360,G09,0.918,0.8333333333333334,True,via_kwf_project
W4388161360,G15,0.393,0.16666666666666666,False,via_kwf_project
W4388453780,G09,0.393,0.5,True,via_kwf_project
W4388453780,G15,0.393,0.5,True,via_kwf_project
W4388486678,G09,0.632,0.6666666666666666,True,via_kwf_project
W4388486678,G10,0.393,0.3333333333333333,False,via_kwf_project
W4388531032,G09,0.895,1.0,True,via_kwf_project
W4388563525,G08,0.895,0.5625,True,via_kwf_project
W4388563525,G09,0.713,0.3125,False,via_kwf_project
W4388563525,G10,0.393,0.125,False,via_kwf_project
W4388671919,G10,0.632,1.0,True,via_kwf_project
W4388736344,G13,0.918,0.8333333333333334,True,via_kwf_project
W4388736344,G15,0.393,0.16666666666666666,False,via_kwf_project
W4388912404,G10,0.393,0.4,False,via_kwf_project
W4388912404,G11,0.528,0.6,True,via_kwf_project
W4389131607,G09,0.826,0.4375,True,via_kwf_project
W4389131607,G10,0.713,0.3125,False,via_kwf_project
W4389131607,G11,0.393,0.125,False,via_kwf_project
W4389131607,G15,0.393,0.125,False,via_kwf_project
W4389244888,G10,0.393,0.5,True,via_kwf_project
W4389244888,G15,0.393,0.5,True,via_kwf_project
W4389312602,G10,0.393,0.2857142857142857,False,via_kwf_project
W4389312602,G15,0.713,0.7142857142857143,True,via_kwf_project
W4389327237,G13,0.632,1.0,True,via_kwf_project
W4389337363,G10,0.393,1.0,True,via_kwf_project
W4389781463,G06,0.895,0.8181818181818182,True,via_kwf_project
W4389781463,G14,0.393,0.18181818181818182,False,via_kwf_project
W4389976284,G10,0.528,1.0,True,via_kwf_project
W4389992531,G09,0.393,0.5,True,via_kwf_project
W4389992531,G10,0.393,0.5,True,via_kwf_project
W4390347247,G10,0.393,1.0,True,via_kwf_project
W4390729726,G09,0.632,0.6666666666666666,True,via_kwf_project
W4390729726,G10,0.393,0.3333333333333333,False,via_kwf_project
W4390883348,G10,0.918,0.8333333333333334,True,via_kwf_project
W4390883348,G15,0.393,0.16666666666666666,False,via_kwf_project
W4390927781,G08,0.393,0.2,False,via_kwf_project
W4390927781,G10,0.528,0.3,False,via_kwf_project
W4390927781,G15,0.713,0.5,True,via_kwf_project
W4391323540,G09,0.393,0.2857142857142857,False,via_kwf_project
W4391323540,G15,0.713,0.7142857142857143,True,via_kwf_project
W4391478285,G13,0.918,0.8333333333333334,True,via_kwf_project
W4391478285,G15,0.393,0.16666666666666666,False,via_kwf_project
W4391512402,G09,0.865,0.7272727272727273,True,via_kwf_project
W4391512402,G10,0.528,0.2727272727272727,False,via_kwf_project
W4391565715,G09,0.632,0.4444444444444444,False,via_kwf_project
W4391565715,G10,0.713,0.5555555555555556,True,via_kwf_project
W4391691407,G09,0.393,1.0,True,via_kwf_project
W4391722765,G10,0.632,1.0,True,via_kwf_project
W4391825066,G06,0.393,1.0,True,via_kwf_project
W4391839664,G08,0.393,0.4,False,via_kwf_project
W4391839664,G10,0.528,0.6,True,via_kwf_project
W4392004601,G10,0.393,0.5,True,via_kwf_project
W4392004601,G15,0.393,0.5,True,via_kwf_project
W4392095179,G08,0.895,0.6428571428571429,True,via_kwf_project
W4392095179,G09,0.713,0.35714285714285715,False,via_kwf_project
W4392111591,G08,0.895,0.6428571428571429,True,via_kwf_project
W4392111591,G09,0.713,0.35714285714285715,False,via_kwf_project
W4392287181,G09,0.632,0.4444444444444444,False,via_kwf_project
W4392287181,G10,0.713,0.5555555555555556,True,via_kwf_project
W4392366812,G09,0.393,0.14285714285714285,False,via_kwf_project
W4392366812,G10,0.777,0.42857142857142855,True,via_kwf_project
W4392366812,G12,0.632,0.2857142857142857,False,via_kwf_project
W4392366812,G15,0.393,0.14285714285714285,False,via_kwf_project
W4392436193,G10,0.632,1.0,True,via_kwf_project
W4392499293,G10,0.632,0.6666666666666666,True,via_kwf_project
W4392499293,G15,0.393,0.3333333333333333,False,via_kwf_project
W4392509690,G09,0.632,1.0,True,via_kwf_project
W4392593842,G09,0.393,0.5,True,via_kwf_project
W4392593842,G10,0.393,0.5,True,via_kwf_project
W4392681868,G10,0.713,1.0,True,via_kwf_project
W4392714687,G10,0.826,0.7777777777777778,True,via_kwf_project
W4392714687,G15,0.393,0.2222222222222222,False,via_kwf_project
W4392748022,G10,0.393,1.0,True,via_kwf_project
W4392748029,G10,0.393,1.0,True,via_kwf_project
W4392773334,G09,0.713,0.38461538461538464,False,via_kwf_project
W4392773334,G10,0.777,0.46153846153846156,True,via_kwf_project
W4392773334,G15,0.393,0.15384615384615385,False,via_kwf_project
W4393229475,G15,0.528,1.0,True,via_kwf_project
W4393233986,G10,0.632,0.4444444444444444,False,via_kwf_project
W4393233986,G15,0.713,0.5555555555555556,True,via_kwf_project
W4393265251,G13,0.632,1.0,True,via_kwf_project
W4393308423,G09,0.713,0.38461538461538464,False,via_kwf_project
W4393308423,G10,0.777,0.46153846153846156,True,via_kwf_project
W4393308423,G15,0.393,0.15384615384615385,False,via_kwf_project
W4393340230,G10,0.393,0.5,True,via_kwf_project
W4393340230,G13,0.393,0.5,True,via_kwf_project
W4393948444,G07,0.528,1.0,True,via_kwf_project
W4394681776,G09,0.632,0.6666666666666666,True,via_kwf_project
W4394681776,G10,0.393,0.3333333333333333,False,via_kwf_project
W4394739771,G09,0.632,0.5,True,via_kwf_project
W4394739771,G10,0.632,0.5,True,via_kwf_project
W4394823556,G10,0.528,1.0,True,via_kwf_project
W4394824751,G10,0.632,1.0,True,via_kwf_project
W4394851409,G10,0.393,1.0,True,via_kwf_project
W4394870994,G08,0.393,0.3333333333333333,True,via_kwf_project
W4394870994,G10,0.393,0.3333333333333333,True,via_kwf_project
W4394870994,G15,0.393,0.3333333333333333,True,via_kwf_project
W4395001770,G10,0.713,0.7142857142857143,True,via_kwf_project
W4395001770,G15,0.393,0.2857142857142857,False,via_kwf_project
W4395045562,G09,0.393,1.0,True,via_kwf_project
W4396520760,G09,0.528,1.0,True,via_kwf_project
W4396920513,G09,0.393,1.0,True,via_kwf_project
W4396929068,G10,0.865,1.0,True,via_kwf_project
W4396980165,G07,0.393,0.5,True,via_kwf_project
W4396980165,G08,0.393,0.5,True,via_kwf_project
W4397030790,G06,0.393,0.3333333333333333,False,via_kwf_project
W4397030790,G10,0.632,0.6666666666666666,True,via_kwf_project
W4398239071,G09,0.528,1.0,True,via_kwf_project
W4398248909,G09,0.393,0.25,False,via_kwf_project
W4398248909,G10,0.632,0.5,True,via_kwf_project
W4398248909,G12,0.393,0.25,False,via_kwf_project
W4398755796,G07,0.713,1.0,True,via_kwf_project
W4399097705,G10,0.393,1.0,True,via_kwf_project
W4399207189,G07,0.632,0.23529411764705882,False,via_kwf_project
W4399207189,G08,0.865,0.47058823529411764,True,via_kwf_project
W4399207189,G09,0.393,0.11764705882352941,False,via_kwf_project
W4399207189,G10,0.528,0.17647058823529413,False,via_kwf_project
W4399246923,G10,0.632,1.0,True,via_kwf_project
W4399565785,G07,0.713,1.0,True,via_kwf_project
W4399569999,G07,0.713,0.7142857142857143,True,via_kwf_project
W4399569999,G10,0.393,0.2857142857142857,False,via_kwf_project
W4399721832,G10,0.393,1.0,True,via_kwf_project
W4399774976,G10,0.528,1.0,True,via_kwf_project
W4399851041,G10,0.393,0.5,True,via_kwf_project
W4399851041,G15,0.393,0.5,True,via_kwf_project
W4400056536,G10,0.393,0.5,True,via_kwf_project
W4400056536,G15,0.393,0.5,True,via_kwf_project
W4400357216,G09,0.393,1.0,True,via_kwf_project
W4400429707,G09,0.528,1.0,True,via_kwf_project
W4400607423,G10,0.393,1.0,True,via_kwf_project
W4400700810,G09,0.393,0.25,False,via_kwf_project
W4400700810,G10,0.632,0.5,True,via_kwf_project
W4400700810,G12,0.393,0.25,False,via_kwf_project
W4400809049,G10,0.632,1.0,True,via_kwf_project
W4401115243,G10,0.393,1.0,True,via_kwf_project
W4401274889,G10,0.528,0.6,True,via_kwf_project
W4401274889,G15,0.393,0.4,False,via_kwf_project
W4401422590,G10,0.393,1.0,True,via_kwf_project
W4401507797,G12,0.826,1.0,True,via_kwf_project
W4401514101,G10,0.713,0.7142857142857143,True,via_kwf_project
W4401514101,G15,0.393,0.2857142857142857,False,via_kwf_project
W4401539037,G09,0.777,0.5,True,via_kwf_project
W4401539037,G10,0.632,0.3333333333333333,False,via_kwf_project
W4401539037,G15,0.393,0.16666666666666666,False,via_kwf_project
W4401576292,G09,0.393,1.0,True,via_kwf_project
W4401599567,G09,0.393,1.0,True,via_kwf_project
W4401864121,G05,0.528,1.0,True,via_kwf_project
W4401891741,G09,0.393,0.5,True,via_kwf_project
W4401891741,G10,0.393,0.5,True,via_kwf_project
W4401944997,G10,0.393,1.0,True,via_kwf_project
W4401969732,G10,0.393,1.0,True,via_kwf_project
W4402305170,G13,0.632,1.0,True,via_kwf_project
W4402323457,G09,0.393,0.5,True,via_kwf_project
W4402323457,G10,0.393,0.5,True,via_kwf_project
W4402769554,G10,0.393,1.0,True,via_kwf_project
W4402828412,G10,0.393,1.0,True,via_kwf_project
W4403217777,G10,0.393,1.0,True,via_kwf_project
W4403260009,G15,0.713,1.0,True,via_kwf_project
W4403378462,G09,0.393,0.16666666666666666,False,via_kwf_project
W4403378462,G10,0.918,0.8333333333333334,True,via_kwf_project
W4403513301,G07,0.393,1.0,True,via_kwf_project
W4403586183,G12,0.393,1.0,True,via_kwf_project
W4403611126,G09,0.393,1.0,True,via_kwf_project
W4403697884,G09,0.393,1.0,True,via_kwf_project
W4403965703,G09,0.632,1.0,True,via_kwf_project
W4403971898,G08,0.393,0.25,False,via_kwf_project
W4403971898,G10,0.632,0.5,True,via_kwf_project
W4403971898,G15,0.393,0.25,False,via_kwf_project
W4403972266,G04,0.393,1.0,True,via_kwf_project
W4403974697,G08,0.393,1.0,True,via_kwf_project
W4404004459,G10,0.528,1.0,True,via_kwf_project
W4404203847,G10,0.393,1.0,True,via_kwf_project
W4404217560,G09,0.393,0.4,False,via_kwf_project
W4404217560,G10,0.528,0.6,True,via_kwf_project
W4404321554,G07,0.632,0.23529411764705882,False,via_kwf_project
W4404321554,G08,0.865,0.47058823529411764,True,via_kwf_project
W4404321554,G09,0.393,0.11764705882352941,False,via_kwf_project
W4404321554,G10,0.528,0.17647058823529413,False,via_kwf_project
W4404334001,G09,0.865,0.7272727272727273,True,via_kwf_project
W4404334001,G10,0.528,0.2727272727272727,False,via_kwf_project
W4404521675,G08,0.393,1.0,True,via_kwf_project
W4404524889,G09,0.393,0.5,True,via_kwf_project
W4404524889,G15,0.393,0.5,True,via_kwf_project
W4404546717,G10,0.632,0.5,True,via_kwf_project
W4404546717,G15,0.632,0.5,True,via_kwf_project
W4404719603,G07,0.393,0.5,True,via_kwf_project
W4404719603,G08,0.393,0.5,True,via_kwf_project
W4404821432,G08,0.393,0.25,False,via_kwf_project
W4404821432,G10,0.632,0.5,True,via_kwf_project
W4404821432,G15,0.393,0.25,False,via_kwf_project
W4405030901,G10,0.393,1.0,True,via_kwf_project
W4405175326,G09,0.393,1.0,True,via_kwf_project
W4405178756,G10,0.393,1.0,True,via_kwf_project
W4405355897,G10,0.393,0.25,False,via_kwf_project
W4405355897,G12,0.632,0.5,True,via_kwf_project
W4405355897,G15,0.393,0.25,False,via_kwf_project
W4405418885,G09,0.393,1.0,True,via_kwf_project
W4405551608,G10,0.713,0.5,True,via_kwf_project
W4405551608,G15,0.713,0.5,True,via_kwf_project
W4405614639,G09,0.918,0.8333333333333334,True,via_kwf_project
W4405614639,G15,0.393,0.16666666666666666,False,via_kwf_project
W4405664268,G07,0.713,0.7142857142857143,True,via_kwf_project
W4405664268,G09,0.393,0.2857142857142857,False,via_kwf_project
W4405710220,G06,0.895,0.8181818181818182,True,via_kwf_project
W4405710220,G14,0.393,0.18181818181818182,False,via_kwf_project
W4405775195,G10,0.528,1.0,True,via_kwf_project
W4405795600,G09,0.95,0.631578947368421,True,via_kwf_project
W4405795600,G10,0.826,0.3684210526315789,False,via_kwf_project
W4405882860,G08,0.528,1.0,True,via_kwf_project
W4405920880,G12,0.393,1.0,True,via_kwf_project
W4405946342,G10,0.632,1.0,True,via_kwf_project
W4406016923,G10,0.393,1.0,True,via_kwf_project
W4406038744,G09,0.393,1.0,True,via_kwf_project
W4406063449,G07,0.393,0.5,True,via_kwf_project
W4406063449,G08,0.393,0.5,True,via_kwf_project
W4406091436,G10,0.713,1.0,True,via_kwf_project
W4406227361,G09,0.528,1.0,True,via_kwf_project
W4406294011,G10,0.393,1.0,True,via_kwf_project
W4406586876,G04,0.393,1.0,True,via_kwf_project
W4406824172,G06,0.895,0.8181818181818182,True,via_kwf_project
W4406824172,G14,0.393,0.18181818181818182,False,via_kwf_project
W4406964992,G15,0.393,1.0,True,via_kwf_project
W4407154639,G09,0.393,0.25,False,via_kwf_project
W4407154639,G10,0.632,0.5,True,via_kwf_project
W4407154639,G12,0.393,0.25,False,via_kwf_project
W4407173730,G09,0.632,1.0,True,via_kwf_project
W4407300837,G15,0.393,1.0,True,via_kwf_project
W4407380996,G08,0.393,0.25,False,via_kwf_project
W4407380996,G10,0.632,0.5,True,via_kwf_project
W4407380996,G15,0.393,0.25,False,via_kwf_project
W4407405900,G10,0.713,1.0,True,via_kwf_project
W4407574888,G10,0.777,1.0,True,via_kwf_project
W4407680368,G09,0.713,1.0,True,via_kwf_project
W4408069921,G06,0.632,0.6666666666666666,True,via_kwf_project
W4408069921,G09,0.393,0.3333333333333333,False,via_kwf_project
W4408073084,G09,0.632,0.4,True,via_kwf_project
W4408073084,G10,0.632,0.4,True,via_kwf_project
W4408073084,G15,0.393,0.2,False,via_kwf_project
W4408475746,G10,0.528,1.0,True,via_kwf_project
W4408650949,G04,0.632,0.6666666666666666,True,via_kwf_project
W4408650949,G08,0.393,0.3333333333333333,False,via_kwf_project
W4408993609,G10,0.632,1.0,True,via_kwf_project
W4409017097,G09,0.632,0.5,True,via_kwf_project
W4409017097,G10,0.632,0.5,True,via_kwf_project
W4409049383,G07,0.528,1.0,True,via_kwf_project
W4409147559,G10,0.777,1.0,True,via_kwf_project
W4409249881,G13,0.632,1.0,True,via_kwf_project
W4409285012,G10,0.393,1.0,True,via_kwf_project
W4409328176,G10,0.713,1.0,True,via_kwf_project
W4409352007,G09,0.777,0.5,True,via_kwf_project
W4409352007,G10,0.632,0.3333333333333333,False,via_kwf_project
W4409352007,G15,0.393,0.16666666666666666,False,via_kwf_project
W4409423989,G10,0.865,1.0,True,via_kwf_project
W4409663733,G10,0.713,1.0,True,via_kwf_project
W4409712635,G09,0.528,0.6,True,via_kwf_project
W4409712635,G15,0.393,0.4,False,via_kwf_project
W4409735592,G15,0.393,1.0,True,via_kwf_project
W4409790421,G10,0.393,1.0,True,via_kwf_project
W4409838519,G09,0.528,0.25,False,via_kwf_project
W4409838519,G10,0.528,0.25,False,via_kwf_project
W4409838519,G11,0.632,0.3333333333333333,True,via_kwf_project
W4409838519,G15,0.393,0.16666666666666666,False,via_kwf_project
W4409975315,G15,0.393,1.0,True,via_kwf_project
W4410039374,G09,0.393,0.5,True,via_kwf_project
W4410039374,G12,0.393,0.5,True,via_kwf_project
W4410252415,G09,0.918,0.7692307692307693,True,via_kwf_project
W4410252415,G10,0.528,0.23076923076923078,False,via_kwf_project
W4410335066,G09,0.632,1.0,True,via_kwf_project
W4410347708,G07,0.528,0.42857142857142855,True,via_kwf_project
W4410347708,G10,0.393,0.2857142857142857,False,via_kwf_project
W4410347708,G15,0.393,0.2857142857142857,False,via_kwf_project
W4410500470,G09,0.393,0.5,True,via_kwf_project
W4410500470,G15,0.393,0.5,True,via_kwf_project
W4410529997,G09,0.393,1.0,True,via_kwf_project
W4410642333,G10,0.393,0.5,True,via_kwf_project
W4410642333,G15,0.393,0.5,True,via_kwf_project
W4410722736,G08,0.393,0.3333333333333333,False,via_kwf_project
W4410722736,G10,0.632,0.6666666666666666,True,via_kwf_project
W4410740696,G06,0.528,0.25,False,via_kwf_project
W4410740696,G10,0.777,0.5,True,via_kwf_project
W4410740696,G15,0.528,0.25,False,via_kwf_project
W4411168095,G10,0.713,1.0,True,via_kwf_project
W4411182805,G10,0.528,0.42857142857142855,False,via_kwf_project
W4411182805,G15,0.632,0.5714285714285714,True,via_kwf_project
W4411200519,G08,0.393,0.3333333333333333,False,via_kwf_project
W4411200519,G09,0.632,0.6666666666666666,True,via_kwf_project
W4411306864,G09,0.393,1.0,True,via_kwf_project
W4411395266,G10,0.632,0.6666666666666666,True,via_kwf_project
W4411395266,G15,0.393,0.3333333333333333,False,via_kwf_project
W4411679174,G10,0.632,0.6666666666666666,True,via_kwf_project
W4411679174,G15,0.393,0.3333333333333333,False,via_kwf_project
W4411988566,G04,0.393,0.5,True,via_kwf_project
W4411988566,G10,0.393,0.5,True,via_kwf_project
W4412161974,G10,0.632,1.0,True,via_kwf_project
W4412371236,G10,0.393,1.0,True,via_kwf_project
W4412391703,G10,0.393,0.5,True,via_kwf_project
W4412391703,G15,0.393,0.5,True,via_kwf_project
W4412454924,G09,0.632,1.0,True,via_kwf_project
W4412519603,G07,0.393,0.25,True,via_kwf_project
W4412519603,G08,0.393,0.25,True,via_kwf_project
W4412519603,G10,0.393,0.25,True,via_kwf_project
W4412519603,G12,0.393,0.25,True,via_kwf_project
W4412673899,G06,0.528,0.42857142857142855,True,via_kwf_project
W4412673899,G15,0.393,0.2857142857142857,False,via_kwf_project
W4412673899,G16,0.393,0.2857142857142857,False,via_kwf_project
W4412710061,G09,0.393,0.5,True,via_kwf_project
W4412710061,G15,0.393,0.5,True,via_kwf_project
W4412746208,G09,0.936,0.6111111111111112,True,via_kwf_project
W4412746208,G11,0.713,0.2777777777777778,False,via_kwf_project
W4412746208,G15,0.393,0.1111111111111111,False,via_kwf_project
W4412843304,G09,0.632,0.6666666666666666,True,via_kwf_project
W4412843304,G10,0.393,0.3333333333333333,False,via_kwf_project
W4412881414,G09,0.393,1.0,True,via_kwf_project
W4413097238,G10,0.393,1.0,True,via_kwf_project
W4413480411,G01,0.393,0.2222222222222222,False,via_kwf_project
W4413480411,G15,0.826,0.7777777777777778,True,via_kwf_project
W4413753010,G10,0.713,1.0,True,via_kwf_project
W4413786475,G09,0.632,1.0,True,via_kwf_project
W4413941238,G09,0.632,1.0,True,via_kwf_project
W4414045772,G04,0.632,0.6666666666666666,True,via_kwf_project
W4414045772,G10,0.393,0.3333333333333333,False,via_kwf_project
W4414186829,G09,0.713,1.0,True,via_kwf_project
W4414258710,G10,0.865,1.0,True,via_kwf_project
W4414598768,G08,0.393,0.3333333333333333,False,via_kwf_project
W4414598768,G09,0.632,0.6666666666666666,True,via_kwf_project
W4414611551,G10,0.713,0.5,True,via_kwf_project
W4414611551,G15,0.713,0.5,True,via_kwf_project
W4414669824,G09,0.632,0.6666666666666666,True,via_kwf_project
W4414669824,G10,0.393,0.3333333333333333,False,via_kwf_project
W4414827078,G10,0.713,1.0,True,via_kwf_project
W4415049929,G15,0.528,1.0,True,via_kwf_project
W4415105678,G10,0.528,1.0,True,via_kwf_project
W4415295598,G10,0.713,0.45454545454545453,True,via_kwf_project
W4415295598,G13,0.393,0.18181818181818182,False,via_kwf_project
W4415295598,G15,0.632,0.36363636363636365,False,via_kwf_project
W4415305797,G15,0.393,1.0,True,via_kwf_project
W4415469504,G09,0.393,1.0,True,via_kwf_project
W4415596446,G12,0.393,1.0,True,via_kwf_project
W4415724794,G02,0.393,0.5,True,via_kwf_project
W4415724794,G04,0.393,0.5,True,via_kwf_project
W4415897449,G06,0.895,0.8181818181818182,True,via_kwf_project
W4415897449,G14,0.393,0.18181818181818182,False,via_kwf_project
W4415924796,G10,0.393,1.0,True,via_kwf_project
W4415928668,G10,0.528,0.42857142857142855,False,via_kwf_project
W4415928668,G15,0.632,0.5714285714285714,True,via_kwf_project
W4416258125,G10,0.528,1.0,True,via_kwf_project
W4416328674,G10,0.528,0.42857142857142855,False,via_kwf_project
W4416328674,G15,0.632,0.5714285714285714,True,via_kwf_project
W4416344770,G09,0.918,0.8333333333333334,True,via_kwf_project
W4416344770,G15,0.393,0.16666666666666666,False,via_kwf_project
W4416528145,G07,0.393,0.5,True,via_kwf_project
W4416528145,G08,0.393,0.5,True,via_kwf_project
W4416822096,G04,0.393,1.0,True,via_kwf_project
W4416829171,G09,0.95,0.631578947368421,True,via_kwf_project
W4416829171,G10,0.826,0.3684210526315789,False,via_kwf_project
W4417012266,G10,0.528,0.42857142857142855,False,via_kwf_project
W4417012266,G12,0.632,0.5714285714285714,True,via_kwf_project
W4417035446,G10,0.632,0.5,True,via_kwf_project
W4417035446,G15,0.393,0.25,False,via_kwf_project
W4417035446,G20,0.393,0.25,False,via_kwf_project
W4417077062,G07,0.528,1.0,True,via_kwf_project
W4417115304,G09,0.393,0.4,False,via_kwf_project
W4417115304,G10,0.528,0.6,True,via_kwf_project
W4417170636,G10,0.393,1.0,True,via_kwf_project
W4417174796,G10,0.632,0.6666666666666666,True,via_kwf_project
W4417174796,G15,0.393,0.3333333333333333,False,via_kwf_project
W4417264165,G10,0.393,1.0,True,via_kwf_project
W4417498580,G10,0.393,0.5,True,via_kwf_project
W4417498580,G15,0.393,0.5,True,via_kwf_project
W4417520656,G09,0.393,1.0,True,via_kwf_project
W5360380,G09,0.632,0.25,False,via_kwf_project
W5360380,G13,0.918,0.625,True,via_kwf_project
W5360380,G15,0.393,0.125,False,via_kwf_project
W7115892702,G05,0.528,1.0,True,via_kwf_project
W7115911929,G09,0.777,0.5,True,via_kwf_project
W7115911929,G10,0.632,0.3333333333333333,False,via_kwf_project
W7115911929,G15,0.393,0.16666666666666666,False,via_kwf_project
W7117668893,G10,0.393,0.25,False,via_kwf_project
W7117668893,G12,0.632,0.5,True,via_kwf_project
W7117668893,G15,0.393,0.25,False,via_kwf_project
W7119479357,G08,0.393,1.0,True,via_kwf_project
W7120252168,G10,0.632,1.0,True,via_kwf_project
W7122417212,G09,0.918,0.7692307692307693,True,via_kwf_project
W7122417212,G10,0.528,0.23076923076923078,False,via_kwf_project
W7123819684,G10,0.632,1.0,True,via_kwf_project
W7124771272,G07,0.895,0.5625,True,via_kwf_project
W7124771272,G08,0.528,0.1875,False,via_kwf_project
W7124771272,G09,0.632,0.25,False,via_kwf_project
W7124910238,G13,0.632,1.0,True,via_kwf_project
W7125798971,G10,0.632,1.0,True,via_kwf_project
W7126275357,G09,0.393,0.5,True,via_kwf_project
W7126275357,G10,0.393,0.5,True,via_kwf_project
W7128294728,G09,0.918,0.8333333333333334,True,via_kwf_project
W7128294728,G15,0.393,0.16666666666666666,False,via_kwf_project
W7128306864,G10,0.777,1.0,True,via_kwf_project
W7128427420,G06,0.528,0.21428571428571427,False,via_kwf_project
W7128427420,G09,0.393,0.14285714285714285,False,via_kwf_project
W7128427420,G10,0.777,0.42857142857142855,True,via_kwf_project
W7128427420,G15,0.528,0.21428571428571427,False,via_kwf_project
W7128524326,G09,0.632,1.0,True,via_kwf_project
W7128792388,G09,0.528,1.0,True,via_kwf_project
W7128956200,G08,0.393,0.25,False,via_kwf_project
W7128956200,G10,0.632,0.5,True,via_kwf_project
W7128956200,G15,0.393,0.25,False,via_kwf_project
W7128964054,G10,0.895,0.8181818181818182,True,via_kwf_project
W7128964054,G15,0.393,0.18181818181818182,False,via_kwf_project
W7129019974,G10,0.777,0.75,True,via_kwf_project
W7129019974,G15,0.393,0.25,False,via_kwf_project
W7129267777,G09,0.393,1.0,True,via_kwf_project
W7132558551,G09,0.393,0.4,False,via_kwf_project
W7132558551,G10,0.528,0.6,True,via_kwf_project
W7132834669,G10,0.865,1.0,True,via_kwf_project
W7133484340,G10,0.528,1.0,True,via_kwf_project
W7134267855,G06,0.393,0.5,True,via_kwf_project
W7134267855,G10,0.393,0.5,True,via_kwf_project
W7135043989,G10,0.632,0.6666666666666666,True,via_kwf_project
W7135043989,G12,0.393,0.3333333333333333,False,via_kwf_project
W7138330789,G10,0.528,1.0,True,via_kwf_project
W7138864895,G04,0.632,0.6666666666666666,True,via_kwf_project
W7138864895,G10,0.393,0.3333333333333333,False,via_kwf_project
W7147655285,G08,0.393,0.3333333333333333,False,via_kwf_project
W7147655285,G10,0.632,0.6666666666666666,True,via_kwf_project
W7148630309,G10,0.713,1.0,True,via_kwf_project
W7149023832,G10,0.865,1.0,True,via_kwf_project
W7151098382,G15,0.713,0.7142857142857143,True,via_kwf_project
W7151098382,G20,0.393,0.2857142857142857,False,via_kwf_project
W7153440833,G09,0.393,0.2857142857142857,False,via_kwf_project
W7153440833,G15,0.713,0.7142857142857143,True,via_kwf_project
W7154191939,G15,0.393,1.0,True,via_kwf_project
W7156657192,G08,0.393,1.0,True,via_kwf_project
W7160157023,G10,0.777,1.0,True,via_kwf_project
W7160442694,G06,0.895,0.8181818181818182,True,via_kwf_project
W7160442694,G14,0.393,0.18181818181818182,False,via_kwf_project
W7160491542,G10,0.393,1.0,True,via_kwf_project
W7160704421,G10,0.826,0.7777777777777778,True,via_kwf_project
W7160704421,G15,0.393,0.2222222222222222,False,via_kwf_project
W7160948856,G13,0.632,1.0,True,via_kwf_project
W7161055892,G09,0.393,1.0,True,via_kwf_project
W7161632794,G01,0.393,0.13333333333333333,False,via_kwf_project
W7161632794,G10,0.632,0.26666666666666666,False,via_kwf_project
W7161632794,G14,0.713,0.3333333333333333,True,via_kwf_project
W7161632794,G15,0.632,0.26666666666666666,False,via_kwf_project
W7162543805,G10,0.713,0.7142857142857143,True,via_kwf_project
W7162543805,G15,0.393,0.2857142857142857,False,via_kwf_project
W7163531027,G10,0.632,1.0,True,via_kwf_project
W7163808197,G10,0.528,0.6,True,via_kwf_project
W7163808197,G15,0.393,0.4,False,via_kwf_project
W7164741923,G06,0.895,0.8181818181818182,True,via_kwf_project
W7164741923,G14,0.393,0.18181818181818182,False,via_kwf_project
W7165680710,G10,0.895,0.6923076923076923,True,via_kwf_project
W7165680710,G12,0.632,0.3076923076923077,False,via_kwf_project
W7167431968,G10,0.528,0.42857142857142855,False,via_kwf_project
W7167431968,G12,0.632,0.5714285714285714,True,via_kwf_project
W7167473492,G10,0.393,1.0,True,via_kwf_project
W7167695809,G15,0.528,1.0,True,via_kwf_project
W7168366988,G09,0.777,0.5,True,via_kwf_project
W7168366988,G10,0.632,0.3333333333333333,False,via_kwf_project
W7168366988,G15,0.393,0.16666666666666666,False,via_kwf_project
W7168412518,G10,0.393,1.0,True,via_kwf_project
W7169802245,G15,0.393,1.0,True,via_kwf_project
W7170268501,G10,0.393,1.0,True,via_kwf_project
W7171097432,G09,0.528,0.3333333333333333,False,via_kwf_project
W7171097432,G10,0.632,0.4444444444444444,True,via_kwf_project
W7171097432,G15,0.393,0.2222222222222222,False,via_kwf_project
W7171780039,G12,0.393,1.0,True,via_kwf_project
W7171898244,G08,0.393,0.25,False,via_kwf_project
W7171898244,G13,0.528,0.375,True,via_kwf_project
W7171898244,G15,0.528,0.375,True,via_kwf_project
W7196962505,G09,0.393,0.4,False,via_kwf_project
W7196962505,G10,0.528,0.6,True,via_kwf_project
W7202165089,G07,0.393,0.5,True,via_kwf_project
W7202165089,G08,0.393,0.5,True,via_kwf_project
W7202180564,G07,0.393,0.25,False,via_kwf_project
W7202180564,G09,0.393,0.25,False,via_kwf_project
W7202180564,G10,0.632,0.5,True,via_kwf_project
W7202296771,G10,0.632,0.36363636363636365,False,via_kwf_project
W7202296771,G15,0.826,0.6363636363636364,True,via_kwf_project
W7203549520,G09,0.632,0.6666666666666666,True,via_kwf_project
W7203549520,G10,0.393,0.3333333333333333,False,via_kwf_project
W7203826582,G09,0.393,1.0,True,via_kwf_project
W7204129773,G10,0.632,1.0,True,via_kwf_project
W7204266479,G15,0.393,1.0,True,via_kwf_project
W7207717835,G09,0.393,0.5,True,via_kwf_project
W7207717835,G15,0.393,0.5,True,via_kwf_project
W7211938766,G09,0.393,1.0,True,via_kwf_project
W7212156565,G08,0.393,1.0,True,via_kwf_project
W7213473122,G10,0.393,1.0,True,via_kwf_project
