Title,DOI,Journal,"Published on","Policy citation count",Type,Publisher,Authors,"Your tags",ORCIDs
"Breast cancer incidence, by stage at diagnosis, and mortality in 21 European countries in the era of mammography screening: an international population-based study",10.1016/j.lanepe.2025.101574,"The Lancet Regional Health - Europe",2026-03-01,1,journal-article,"Elsevier BV","Rafael Cardoso - German Cancer Research Center; Rafael Cardoso - Heidelberg University; Idris Ola - German Cancer Research Center; Idris Ola - Heidelberg University; Idris Ola - University Hospital Heidelberg; Lina Jansen - German Cancer Research Center; Lina Jansen - Heidelberg University; Monika Hackl - Statistics Austria; Petra Ihle - Statistics Austria; Ondřej Májek - Masaryk University; Ondřej Májek - Institute of Health Information and Statistics; Ondřej Ngo - Masaryk University; Ondřej Ngo - Institute of Health Information and Statistics; Kaire Innos - National Institute for Health Development; Margit Mägi - National Institute for Health Development; Sandrine Dabakuyo Yonli - Inserm; Sandrine Dabakuyo Yonli - Université de Bourgogne; Sandrine Dabakuyo Yonli - Breast Cancer Research Foundation; Anne-Sophie Woronoff - Centre Hospitalier Universitaire de Besançon; Brigitte Tretarre - Gestion de l'Eau, Acteurs, Usages; Alexander Katalinic - Independent Centre for Privacy Protection; Paul M Walsh - National Cancer Registry; Ieva Vincerževskienė - National Cancer Institute; Laura Steponavičienė - National Cancer Institute; Linda de Munck - Netherlands Comprehensive Cancer Organisation; Sabine Siesling - Netherlands Comprehensive Cancer Organisation; Sabine Siesling - University of Twente; Tom Børge Johannesen - Norwegian Institute of Public Health; Tom Børge Johannesen - Cancer Registry of Norway; Solveig Hofvind - Norwegian Institute of Public Health; Solveig Hofvind - Cancer Registry of Norway; Rita Calisto - Instituto Português de Oncologia Francisco Gentil; Maria José Bento - Universidade do Porto; Maria José Bento - Instituto Português de Oncologia Francisco Gentil; Filipa Alves da Costa - University of Lisbon; Filipa Alves da Costa - University Institute of Lisbon; Filipa Alves da Costa - Instituto Português de Oncologia Francisco Gentil; Alexandra Mayer - Instituto Português de Oncologia Francisco Gentil; Antonio Lourenço - Instituto Português de Oncologia Francisco Gentil; Tina Žagar - Institute of Oncology Ljubljana; Sonja Tomšič - Institute of Oncology Ljubljana; Miguel Rodríguez-Barranco - Instituto de Investigación Biosanitaria de Granada; Miguel Rodríguez-Barranco - Centro de Investigación Biomédica en Red de Epidemiología y Salud Pública; Miguel Rodríguez-Barranco - Andalusian School of Public Health; Maria-José Sánchez - Instituto de Investigación Biosanitaria de Granada; Maria-José Sánchez - Centro de Investigación Biomédica en Red de Epidemiología y Salud Pública; Maria-José Sánchez - Andalusian School of Public Health; Arantza López de Munain - Centro de Tecnologías Aeronauticas (Spain); Rafael Marcos‐Gragera - Universitat de Girona; Rafael Marcos‐Gragera - Josep Carreras Leukaemia Research Institute; Rafael Marcos‐Gragera - Cancer Genetics (United States); Rafael Marcos‐Gragera - Centro de Investigación Biomédica en Red de Epidemiología y Salud Pública; Arantza Sanvisens - Universitat de Girona; Arantza Sanvisens - Josep Carreras Leukaemia Research Institute; Arantza Sanvisens - Cancer Genetics (United States); A Sánchez Gil - Instituto Murciano de Investigación Biosanitaria; María‐Dolores Chirlaque López - Instituto Murciano de Investigación Biosanitaria; María‐Dolores Chirlaque López - Centro de Investigación Biomédica en Red de Epidemiología y Salud Pública; Jaume Galcerán - Hospital Universitari Sant Joan de Reus; Francina Saladié - Hospital Universitari Sant Joan de Reus; Kristina Sundquist - Skåne University Hospital; Jan Sundquist - Skåne University Hospital; Mats-Åke Persson - Skåne University Hospital; Marcel Blum - Swiss Cancer League; Mohsen Mousavi - Swiss Cancer League; Roger von Moos - Kantonsspital Graubünden; Olena Sumkina - National Cancer Institute; Anton Ryzhov - Taras Shevchenko National University of Kyiv; Michael Hoffmeister - German Cancer Research Center; Michael Hoffmeister - Heidelberg University; Hermann Brenner - German Cancer Research Center; Hermann Brenner - Heidelberg University",,"0000-0001-6269-5491; 0000-0001-6820-9124; 0000-0001-8004-4940; 0000-0001-8057-9291; 0000-0001-9824-3657; 0000-0001-9956-9990; 0000-0002-0532-1351; 0000-0002-1584-7293; 0000-0002-1783-4066; 0000-0002-2930-509X; 0000-0002-5151-5245; 0000-0002-8663-675X; 0000-0002-9155-7415; 0000-0003-0178-8939; 0000-0003-0490-1554; 0000-0003-0562-2514; 0000-0003-0589-8991; 0000-0003-2362-8514; 0000-0003-4099-0742; 0009-0008-9243-3896"
"Trends in local, regional and contralateral breast tumor recurrence within five years after diagnosis in the Netherlands: a population-based study including 121347 patients",10.1016/j.breast.2025.104673,"The Breast",2026-02-01,1,journal-article,"Elsevier BV","Joyce Meijer - Netherlands Comprehensive Cancer Organisation; Joyce Meijer - University of Twente; H.J.G.D van den Bongard - Amsterdam UMC Location Vrije Universiteit Amsterdam; Linetta B Koppert - Erasmus MC Cancer Institute; C.W Menke-van der Houven van Oordt - Amsterdam UMC Location Vrije Universiteit Amsterdam; Linda de Munck - Netherlands Comprehensive Cancer Organisation; Thiemo J A van Nijnatten - Maastricht University Medical Centre; Thiemo J A van Nijnatten - Maastricht University; Maurice J.C van der Sangen - Radboud University Nijmegen; Maurice J.C van der Sangen - Catharina Ziekenhuis; Robert‐Jan Schipper - Radboud University Nijmegen; Robert‐Jan Schipper - Catharina Ziekenhuis; MK Schmidt - The Netherlands Cancer Institute; MK Schmidt - Oncode Institute; Marjolein L Smidt - Maastricht University; Willem Vreuls - Thales (Netherlands); Marissa C van Maaren - Netherlands Comprehensive Cancer Organisation; S Siesling - Netherlands Comprehensive Cancer Organisation",,"0000-0001-6661-6017; 0000-0001-7211-5059; 0000-0002-2930-509X; 0000-0002-5549-324X; 0000-0002-5708-2559; 0000-0002-6431-3538; 0000-0002-7327-5916; 0000-0002-8328-1869; 0000-0003-1866-7367; 0000-0003-1944-6777"
"487MO Overall survival with first versus second-line use of CDK4/6 inhibitors in HR+/HER2- advanced breast cancer",10.1016/j.annonc.2025.08.911,"Annals of Oncology",2025-09-01,1,journal-article,"Elsevier BV","Noor Wortelboer - Erasmus MC Cancer Institute; Annemiek van Ommen‐Nijhof - The Netherlands Cancer Institute; Inge R Konings - The Netherlands Cancer Institute; Vincent van der Noort - The Netherlands Cancer Institute; E van den Pol - Netherlands Comprehensive Cancer Organisation; Cristina Guerrero Páez - Borstkankervereniging Nederland; Cristina Guerrero Páez - Dutch Cancer Society; S Bakker - Zaans Medisch Centrum; Sjoerd Hovenga - Ziekenhuis Nij Smellinghe; A Imholz - Deventer Ziekenhuis; Y.J.L Kamm - Maas Clinic; L van Leeuwen-Snoeks - Diakonessenhuis hospital; S Luykx - Tergooi; C M P W Mandigers - Canisius-Wilhelmina Ziekenhuis; A-M.V Riel - Elisabeth-TweeSteden Ziekenhuis; J Tol - Jeroen Bosch Ziekenhuis; A van de Wouw - VieCuri Medisch Centrum; Saskia M Wilting - Erasmus MC Cancer Institute; Agnes Jager - Erasmus MC Cancer Institute; Gabe S Sonke - The Netherlands Cancer Institute",,"0000-0001-8088-9628; 0000-0002-1797-1060; 0000-0002-2838-841X; 0000-0002-4910-4535; 0000-0002-7713-1450; 0000-0002-9574-4023; 0000-0003-2910-499X; 0009-0006-1649-748X"
"Oncological outcomes after radical hysterectomy followed by adjuvant (chemo)radiation or no further treatment in women with cervical cancer FIGO 2018 IB2-IIA2 – A multinational population-based cohort study",10.1016/j.ejca.2025.115664,"European Journal of Cancer",2025-09-01,1,journal-article,"Elsevier BV","Anna Norberg Hardie - Karolinska University Hospital; Hans H.B Wenzel - Netherlands Comprehensive Cancer Organisation; Tine Henrichsen Schnack - Odense University Hospital; Tine Henrichsen Schnack - Copenhagen University Hospital; Maaike A van der Aa - Netherlands Comprehensive Cancer Organisation; Pernille Tine Jensen - Aarhus University Hospital; Ruud L.M Bekkers - Maastricht University Medical Centre; Henrik Falconer - Karolinska University Hospital; Henrik Falconer - Karolinska Institutet",,"0000-0002-1637-6040; 0000-0002-2934-2704; 0000-0002-4577-8495; 0000-0002-6587-3772; 0000-0003-4427-9421; 0000-0003-4502-2724"
"AI as an independent second reader in detection of clinically relevant breast cancers within a population-based screening programme in the Netherlands: a retrospective cohort study",10.1016/j.landig.2025.100882,"The Lancet Digital Health",2025-08-01,2,journal-article,"Elsevier BV","Suzanne L van Winkel - Radboud University Medical Center; Suzanne L van Winkel - Radboud University Nijmegen; Jim Peters - Radboud University Nijmegen; Jim Peters - Radboud University Medical Center; Elizabeth Loehrer - Erasmus MC; Elizabeth Loehrer - Radboud University Nijmegen; Elizabeth Loehrer - Radboud University Medical Center; Jessie Gommers - Radboud University Medical Center; Jessie Gommers - Radboud University Nijmegen; Ioannis Sechopoulos - Radboud University Nijmegen; Ioannis Sechopoulos - Radboud University Medical Center; Ioannis Sechopoulos - University of Twente; Linda de Munck - Netherlands Comprehensive Cancer Organisation; Jonas Teuwen - The Netherlands Cancer Institute; Mireille J M Broeders - Dutch Expert Centre for Screening; Mireille J M Broeders - Radboud University Nijmegen; Mireille J M Broeders - Radboud University Medical Center; Nico Karssemeijer - Radboud University Nijmegen; Nico Karssemeijer - Radboud University Medical Center; Ritse M Mann - Radboud University Medical Center; Ritse M Mann - The Netherlands Cancer Institute; Ritse M Mann - Radboud University Nijmegen",,
"Comparative analysis of 5-year relative survival in adolescents and young adults with cancer relative to both children and adults in Europe (EUROCARE-6): Results from a population-based study",10.1016/j.ejca.2025.115535,"European Journal of Cancer",2025-08-01,1,journal-article,"Elsevier BV","Annalisa Trama - Fondazione IRCCS Istituto Nazionale dei Tumori; Silvia Rossi - Istituto Superiore di Sanità; Damien Bennett - The Northern Ireland Cancer Centre; Damien Bennett - Queen's University Belfast; Keiu Paapsi - National Institute for Health Development; Xavier Troussard - Université de Caen Normandie; Xavier Troussard - Centre Hospitalier Universitaire de Caen Normandie; Xavier Troussard - Conseil Régional de Basse-Normandie; Fabiola Giudici - Centro di Riferimento Oncologico; Fabiola Giudici - Istituti di Ricovero e Cura a Carattere Scientifico; Henrike E Karim‐Kos - Netherlands Comprehensive Cancer Organisation; Henrike E Karim‐Kos - Princess Máxima Center; Francesco Cerza - Istituto Superiore di Sanità; Jan Trallero - Institut d'Investigació Biomèdica de Girona; Jan Trallero - Institut Català d'Oncologia; Jan Trallero - Josep Carreras Leukaemia Research Institute; Rosalia Ragusa - Policlinico Universitario di Catania; Alexandra Mayer - Instituto Português de Oncologia Francisco Gentil; Frederik Peters - University Cancer Center Hamburg; Fabio Didoné - Fondazione IRCCS Istituto Nazionale dei Tumori; Laura Botta - Fondazione IRCCS Istituto Nazionale dei Tumori",,
"T-cell and antibody responses in immunocompromised patients with hematologic malignancies indicate strong potential of SARS-CoV-2 mRNA vaccines",10.3324/haematol.2024.287136,Haematologica,2025-05-29,1,journal-article,"Ferrata Storti Foundation (Haematologica)","Cilia R Pothast - Leiden University; Cilia R Pothast - University of Applied Sciences Leiden; Cilia R Pothast - Leiden University Medical Center; Quincy Hofsink - Amsterdam Neuroscience; Quincy Hofsink - Institute of Infection and Immunity; Quincy Hofsink - Amsterdam University Medical Centers; Quincy Hofsink - University of Amsterdam; Sabine Haggenburg - University of Amsterdam; Sabine Haggenburg - Amsterdam University Medical Centers; Romy C Dijkland - University of Applied Sciences Leiden; Sabine Haggenburg - Amsterdam Neuroscience; Sabine Haggenburg - Institute of Infection and Immunity; Romy C Dijkland - Leiden University Medical Center; Romy C Dijkland - Leiden University; Nienke J.E Haverkate - Amsterdam University Medical Centers; Nienke J.E Haverkate - University of Amsterdam; Johan van Meerloo - Vrije Universiteit Amsterdam; Johan van Meerloo - University of Amsterdam; Johan van Meerloo - Amsterdam Neuroscience; J.H Frederik Falkenburg - University of Applied Sciences Leiden; J.H Frederik Falkenburg - Leiden University; J.H Frederik Falkenburg - Leiden University Medical Center; Ruben A L de Groen - Leiden University; Ruben A L de Groen - University of Applied Sciences Leiden; Ruben A L de Groen - Leiden University Medical Center; Jaap A van Doesum - University Medical Center Groningen; Jaap A van Doesum - University of Groningen; Rob van Binnendijk - Radboud University Nijmegen; Rob van Binnendijk - National Institute for Public Health and the Environment; Rob van Binnendijk - Radboud University Medical Center; Gerco den Hartog - Netherlands Environmental Assessment Agency; Birgit I Lissenberg‐Witte - Amsterdam UMC Location Vrije Universiteit Amsterdam; Arnon P Kater - University of Amsterdam; Arnon P Kater - Amsterdam University Medical Centers; Arnon P Kater - Amsterdam Neuroscience; Gaby Smits - Netherlands Environmental Assessment Agency; Dorine Wouters - Amsterdam UMC Location Vrije Universiteit Amsterdam; Johan van Meerloo - Amsterdam University Medical Centers; Marian van de Meent - Leiden University Medical Center; Marian van de Meent - University of Applied Sciences Leiden; Marian van de Meent - Leiden University; Kayleigh van Dijk - University of Applied Sciences Leiden; Kayleigh van Dijk - Leiden University; Kayleigh van Dijk - Leiden University Medical Center; Michel S Bhoekhan - Amsterdam Neuroscience; Annoek E C Broers - Erasmus MC Cancer Institute; Michel S Bhoekhan - Institute of Infection and Immunity; Michel S Bhoekhan - Amsterdam University Medical Centers; Michel S Bhoekhan - University of Amsterdam; Nienke J.E Haverkate - Amsterdam Neuroscience; Nienke J.E Haverkate - Institute of Infection and Immunity; Ester M M van Leeuwen - University of Amsterdam; Ester M M van Leeuwen - Amsterdam University Medical Centers; Ester M M van Leeuwen - Amsterdam Neuroscience; Hetty J Bontkes - Amsterdam Neuroscience; Hetty J Bontkes - Amsterdam University Medical Centers; Hetty J Bontkes - Institute of Infection and Immunity; Neeltje A Kootstra - University of Amsterdam; Neeltje A Kootstra - Amsterdam Neuroscience; Neeltje A Kootstra - Institute of Infection and Immunity; Neeltje A Kootstra - Amsterdam University Medical Centers; Sandra Vogels-Nooijen - Netherlands Comprehensive Cancer Organisation; Debbie van Baarle - University Medical Center Groningen; Rory D De Vries - Erasmus MC; Rory D De Vries - Erasmus University Rotterdam; Tom van Meerten - University of Groningen; Tom van Meerten - University Medical Center Groningen; Pim Mutsaers - Erasmus MC Cancer Institute; Abraham Goorhuis - University of Amsterdam; Abraham Goorhuis - Amsterdam University Medical Centers; Abraham Goorhuis - Amsterdam Neuroscience; Inger S Nijhof - Amsterdam University Medical Centers; Inger S Nijhof - St. Antonius Ziekenhuis; Inger S Nijhof - Vrije Universiteit Amsterdam; Inger S Nijhof - Cancer Center Amsterdam; Mette D Hazenberg - Amsterdam University Medical Centers; Mette D Hazenberg - University of Amsterdam; Mette D Hazenberg - Sanquin; Mette D Hazenberg - Amsterdam Neuroscience; Mette D Hazenberg - Cancer Center Amsterdam; Mirjam H.M Heemskerk - Leiden University Medical Center; Mirjam H.M Heemskerk - University of Applied Sciences Leiden; Mirjam H.M Heemskerk - Leiden University; Caroline E Rutten - Amsterdam University Medical Centers; Caroline E Rutten - University of Amsterdam",,"0000-0001-5463-818X; 0000-0001-7423-6217; 0000-0001-9429-7754; 0000-0001-9448-1826; 0000-0002-2103-6315; 0000-0002-2998-2066; 0000-0002-3479-9303; 0000-0002-3562-293X; 0000-0002-3701-4735; 0000-0002-3924-8578; 0000-0002-5113-0249; 0000-0002-5581-6950; 0000-0002-5808-1443; 0000-0002-9761-3123; 0000-0002-9819-4813; 0000-0003-0118-0966; 0000-0003-0214-3219; 0000-0003-3190-1891; 0000-0003-4095-9307; 0000-0003-4890-0940; 0009-0004-0216-7071"
"Prognostic factors for return to work in breast cancer survivors",10.1002/14651858.cd015124.pub2,"Cochrane Database of Systematic Reviews",2025-05-07,1,journal-article,Wiley,"Sietske J Tamminga - University of Amsterdam; Sietske J Tamminga - Amsterdam University Medical Centers; Astrid de Wind - Amsterdam University Medical Centers; Astrid de Wind - University of Amsterdam; M A Greidanus - University of Amsterdam; M A Greidanus - Amsterdam University Medical Centers; Pieter Coenen - Amsterdam University Medical Centers; Pieter Coenen - Vrije Universiteit Amsterdam; Emilie Friberg - Karolinska Institutet; Hester S A Oldenburg - Oncode Institute; Hester S A Oldenburg - The Netherlands Cancer Institute; Saskia F A Duijts - Vrije Universiteit Amsterdam; Saskia F A Duijts - Netherlands Comprehensive Cancer Organisation; Saskia F A Duijts - Amsterdam University Medical Centers; Angela G E M de Boer - Amsterdam University Medical Centers; Angela G E M de Boer - University of Amsterdam",,"0000-0001-6025-5361; 0000-0001-7874-4243; 0000-0001-8626-1401; 0000-0001-8953-8824; 0000-0002-2228-1187; 0000-0002-4034-7063; 0000-0003-0022-3805; 0000-0003-1942-6848"
"Long-term survival for myeloid neoplasms and national health expenditure: A EUROCARE-6 retrospective, population-based study",10.1016/j.ejca.2025.115231,"European Journal of Cancer",2025-05-01,1,journal-article,"Elsevier BV","Claudia Vener - Fondazione IRCCS Istituto Nazionale dei Tumori; Roberto Lillini - Fondazione IRCCS Istituto Nazionale dei Tumori; Roberta De Angelis - Istituto Superiore di Sanità; S Bonfarnuzzo - Fondazione IRCCS Istituto Nazionale dei Tumori; Hélène A Poirel - Sciensano (Belgium); Annalisa Trama - Fondazione IRCCS Istituto Nazionale dei Tumori; Otto Visser - Netherlands Comprehensive Cancer Organisation; Xavier Troussard - Centre Hospitalier Universitaire de Caen Normandie; Rafael Marcos‐Gragera - Institut d'Investigació Biomèdica de Girona; Rafael Marcos‐Gragera - Institut Català d'Oncologia; Rafael Marcos‐Gragera - Centro de Investigación Biomédica en Red de Epidemiología y Salud Pública; Rafael Marcos‐Gragera - Universitat de Girona; Marc Maynadié - Université de Bourgogne; Elena Demuru - Istituto Superiore di Sanità; Corrado Di Benedetto - Istituto Superiore di Sanità; Tom Børge Johannesen - Cancer Registry of Norway; Tom Børge Johannesen - Norwegian Institute of Public Health; Marta Solans - Universitat de Girona; Marta Solans - Centro de Investigación Biomédica en Red de Epidemiología y Salud Pública; Keiu Paapsi - National Institute for Health Development; Marcela Guevara - Instituto de Salud Pública de Navarra; Marcela Guevara - Centro de Investigación Biomédica en Red; Marcela Guevara - Centro de Investigación Biomédica en Red de Epidemiología y Salud Pública; Seyed Mohsen Mousavi - Kantonsspital Graubünden; Roger von Moos - Kantonsspital Graubünden; Damien Bennett - Royal Victoria Hospital; Damien Bennett - Queen's University Belfast; Damien Bennett - University of Ulster; Rosalia Ragusa - Policlinico Universitario di Catania; Adrien Guilloteau - Université de Bourgogne; Charlene M McShane - Royal Victoria Hospital; Charlene M McShane - Queen's University Belfast; Charlene M McShane - Victoria Hospital; Charlene M McShane - University of Ulster; Silvia Rossi - Istituto Superiore di Sanità; Milena Sant - Fondazione IRCCS Istituto Nazionale dei Tumori",,
"Follow‐Up Adherence After Treatment With Curative Intent for Stage                     <scp>II</scp>                     and                     <scp>III</scp>                     Colorectal Cancer Patients",10.1002/cam4.70667,"Cancer Medicine",2025-02-27,1,journal-article,Wiley,"Tara C Boute - Amsterdam University Medical Centers; Tara C Boute - Vrije Universiteit Amsterdam; Rik van Eekelen - Amsterdam University Medical Centers; Rik van Eekelen - Vrije Universiteit Amsterdam; Marloes A.G Elferink - Netherlands Comprehensive Cancer Organisation; Lissenberg Witte Birgit - Amsterdam University Medical Centers; Lissenberg Witte Birgit - Vrije Universiteit Amsterdam; Johannes H W de Wilt - Radboud University Nijmegen; Johannes H W de Wilt - Radboud University Medical Center; Geraldine R Vink - Utrecht University; Geraldine R Vink - University Medical Center Utrecht; Geraldine R Vink - Netherlands Comprehensive Cancer Organisation; Marjolein J.E Greuter - Amsterdam University Medical Centers; Marjolein J.E Greuter - Vrije Universiteit Amsterdam; Veerle M.H Coupé - Amsterdam University Medical Centers; Veerle M.H Coupé - Vrije Universiteit Amsterdam",,"0000-0002-1631-8158; 0000-0002-3986-4776; 0000-0002-6151-3382; 0000-0002-6731-9660; 0000-0002-9045-3630; 0000-0002-9553-9791"
"Improving the Implementation of Patient-Reported Outcome Measure in Clinical Practice: Tackling Current Challenges With Innovative Digital Communication Technologies",10.2196/60777,"Journal of Medical Internet Research",2025-02-05,1,journal-article,"JMIR Publications Inc.","Kelly M de Ligt - Tilburg University; Kelly M de Ligt - The Netherlands Cancer Institute; Saar Hommes - Tilburg University; Ruben Vromans - Tilburg University; Eva Boomstra - The Netherlands Cancer Institute; Lonneke V van de Poll‐Franse - Tilburg University; Lonneke V van de Poll‐Franse - The Netherlands Cancer Institute; Lonneke V van de Poll‐Franse - Netherlands Comprehensive Cancer Organisation; Emiel Krahmer - Tilburg University",,"0000-0001-8040-1207; 0000-0001-9218-617X; 0000-0002-6304-7549; 0000-0002-6473-5570; 0000-0003-0413-6872; 0009-0006-4937-1656"
"Predisposing conditions in patients with small intestinal adenocarcinomas in the Netherlands: A 20‐year nationwide cohort study",10.1002/ijc.35354,"International Journal of Cancer",2025-02-05,1,journal-article,Wiley,"Jasmijn D G Linssen - Cancer Center Amsterdam; Jasmijn D G Linssen - Oncode Institute; Jasmijn D G Linssen - Amsterdam University Medical Centers; Jasmijn D G Linssen - University of Amsterdam; Pascale J M Schafrat - Cancer Center Amsterdam; Pascale J M Schafrat - Amsterdam University Medical Centers; Pascale J M Schafrat - University of Amsterdam; Pascale J M Schafrat - Oncode Institute; Tim R de Back - Cancer Center Amsterdam; Tim R de Back - Oncode Institute; Felice N van Erning - Catharina Ziekenhuis; Felice N van Erning - Radboud University Nijmegen; Felice N van Erning - Netherlands Comprehensive Cancer Organisation; Monique E van Leerdam - Leiden University Medical Center; Monique E van Leerdam - The Netherlands Cancer Institute; Evelien Dekker - Cancer Center Amsterdam; Evelien Dekker - Amsterdam University Medical Centers; Evelien Dekker - University of Amsterdam; Louis Vermeulen - Cancer Center Amsterdam; Louis Vermeulen - Oncode Institute; Ignace H J T de Hingh - Catharina Ziekenhuis; Ignace H J T de Hingh - Radboud University Nijmegen; Ignace H J T de Hingh - Netherlands Comprehensive Cancer Organisation; Ignace H J T de Hingh - Maastricht University; Dirkje W Sommeijer - Cancer Center Amsterdam; Dirkje W Sommeijer - Flevoziekenhuis",,"0000-0001-7974-5045; 0000-0002-4363-0745; 0000-0002-5205-8031; 0000-0002-5719-3208; 0000-0002-6066-789X; 0000-0003-0125-1429; 0009-0008-1008-1779"
"Measuring healthy life expectancy and determinants of poor perceived health: A population-based study among a subset of rare and common cancer survivors",10.1016/j.canep.2024.102706,"Cancer Epidemiology",2025-02-01,2,journal-article,"Elsevier BV","Eline de Heus - Radboud University Nijmegen; Eline de Heus - Radboud University Medical Center; Eline de Heus - Netherlands Comprehensive Cancer Organisation; Saskia F A Duijts - Netherlands Comprehensive Cancer Organisation; Saskia F A Duijts - Amsterdam University Medical Centers; Saskia F A Duijts - Vrije Universiteit Amsterdam; Jan Maarten van der Zwan - Netherlands Comprehensive Cancer Organisation; Carla M.L van Herpen - Radboud University Nijmegen; Carla M.L van Herpen - Radboud University Medical Center; Matthias A.W Merkx - Radboud University Nijmegen; Matthias A.W Merkx - Radboud University Medical Center; Matthias A.W Merkx - Netherlands Comprehensive Cancer Organisation; Mark J Rutherford - Centre international de recherche sur le cancer; Mark J Rutherford - University of Leicester; Isabelle Soerjomataram - Centre international de recherche sur le cancer",,
"Core Patient-Centered Outcomes for Adolescents and Young Adults with Cancer: A Comprehensive Review of the Literature from the STRONG-AYA Project",10.3390/cancers17030454,Cancers,2025-01-28,1,journal-article,"MDPI AG","Silvie H M Janssen - The Netherlands Cancer Institute; Silvie H M Janssen - Erasmus MC Cancer Institute; Silvie H M Janssen - Erasmus MC; Winette T.A van der Graaf - The Netherlands Cancer Institute; Winette T.A van der Graaf - Erasmus MC Cancer Institute; Winette T.A van der Graaf - Erasmus MC; Anna Hurley‐Wallace - University of Southampton; Carla Vlooswijk - Netherlands Comprehensive Cancer Organisation; Catarina S Padilla - Erasmus MC Cancer Institute; Catarina S Padilla - Erasmus MC; Catarina S Padilla - The Netherlands Cancer Institute; Charlotte Cairns - University of Southampton; C Tyler - University of Southampton; Emily I Holthuis - The Netherlands Cancer Institute; Gudrun Rohde - University of Agder; Gudrun Rohde - University College London; Gudrun Rohde - Marie Curie; Gudrun Rohde - Sørlandet Sykehus; Katherine Hunt - University of Southampton; Kirsty Way - University of Southampton; Konstantinos Angoumis - The Netherlands Cancer Institute; Lina H Lankhorst - The Netherlands Cancer Institute; Maarten F M Engel - Erasmus MC; Maria Rothmund - Universität Innsbruck; Maria Rothmund - Innsbruck Medical University; Milou J P Reuvers - The Netherlands Cancer Institute; Milou J P Reuvers - Erasmus MC Cancer Institute; Milou J P Reuvers - Erasmus MC; Nicole Collaço - University of Southampton; Richard Wagland - University of Southampton; Samantha C Sodergren - University of Southampton; Simone Hanebaum - The Netherlands Cancer Institute; Thom Legendal - The Netherlands Cancer Institute; Thomas J Cartledge - University of Southampton; Tom I Bootsma - Erasmus MC Cancer Institute; Tom I Bootsma - Erasmus MC; Tom I Bootsma - The Netherlands Cancer Institute; Yushi Bai - University of Manchester; Anne‐Sophie Darlington - University of Southampton; Olga Husson - The Netherlands Cancer Institute; Olga Husson - Erasmus MC Cancer Institute; Olga Husson - Erasmus MC",,"0000-0001-7549-3338; 0000-0001-8755-146X; 0000-0001-8790-1247; 0000-0001-8885-6302; 0000-0002-1387-8686; 0000-0002-1774-7042; 0000-0002-2556-4553; 0000-0002-5299-9165; 0000-0002-6173-7319; 0000-0002-6603-0507; 0000-0002-8538-7237; 0000-0002-9849-4074; 0000-0003-0968-9556; 0000-0003-1295-1615; 0000-0003-1398-9105; 0000-0003-1406-1739; 0000-0003-1821-3760; 0000-0003-1825-7587; 0000-0003-2147-0469; 0000-0003-4387-7278; 0009-0003-9663-6643; 0009-0006-9365-3407"
"Making the case for an International Childhood Cancer Data Partnership",10.1093/jnci/djaf003,"JNCI Journal of the National Cancer Institute",2025-01-12,2,journal-article,"Oxford University Press (OUP)","Gonçalo Forjaz - Westat (United States); Betsy Kohler - North American Association of Central Cancer Registries; Michel P Coleman - London Cancer; Michel P Coleman - London School of Hygiene & Tropical Medicine; E Steliarova-Foucher - Centre international de recherche sur le cancer; Serban Negoita - National Cancer Institute; Jaime M Guidry Auvil - National Cancer Institute; Fernanda Silva Michels - North American Association of Central Cancer Registries; Johanna Goderre - National Cancer Institute; Charles L Wiggins - New Mexico Cancer Center; Charles L Wiggins - University of New Mexico; Charles L Wiggins - UNM Comprehensive Cancer Center; Eric B Durbin - Markey Cancer Center; Gijs Geleijnse - Netherlands Comprehensive Cancer Organisation; Marc Henrion - Institut National du Cancer; Chris A Altmayer - Institut National du Cancer; Thomas Dubois - Institut National du Cancer; Lynne Penberthy - National Cancer Institute",,
"Cervical Cancer in the HPV-Vaccination Cohort in the Netherlands",10.2139/ssrn.5153600,Unknown,2025-01-01,2,posted-content,"Elsevier BV","Luc van Lonkhuijzen - University of Amsterdam; Luc van Lonkhuijzen - Amsterdam University Medical Centers; Constantijne H Mom - University Medical Center; Constantijne H Mom - University of Amsterdam; Maaike A van der Aa - Netherlands Comprehensive Cancer Organisation",,
"PrimerX: A Bayesian Multistage Cohort Embedded Randomised Trial to Evaluate the Role of Deferred Local Therapy of the Primary Tumour in Combination with Immune Checkpoint Inhibitor–based First-line Therapy in Metastatic Renal Cell Carcinoma Patients",10.1016/j.euros.2024.09.002,"European Urology Open Science",2024-12-01,1,journal-article,"Elsevier BV","Orlane Figaroa - University of Amsterdam; Orlane Figaroa - Amsterdam University Medical Centers; Patricia Zondervan - University of Amsterdam; Rob Kessels - University Medical Center Utrecht; Rob Kessels - Utrecht University; Johannes Berkhof - Vrije Universiteit Amsterdam; Johannes Berkhof - Amsterdam University Medical Centers; Maureen J.B Aarts - Maastricht University Medical Centre; Paul Hamberg - Franciscus Vlietland; Maartje Los - St. Antonius Ziekenhuis; Djura Piersma - Medisch Spectrum Twente; Bart Rikhof - Medisch Centrum Leeuwarden; Britt B.M Suelmann - University Medical Center Utrecht; Britt B.M Suelmann - Utrecht University; Metin Tascilar - Isala; Astrid van der Veldt - Erasmus MC; Paul C.M.S Verhagen - Erasmus MC; Hans M Westgeest - Amphia Ziekenhuis; Hilin Yildirim - Netherlands Comprehensive Cancer Organisation; Hilin Yildirim - University of Amsterdam; Axel Bex - The Netherlands Cancer Institute; Axel Bex - Royal Free London NHS Foundation Trust; Adriaan D Bins - University of Amsterdam; Adriaan D Bins - Amsterdam University Medical Centers",,
"Association Between PD-L1 Score and the Outcomes of Consolidation Durvalumab in a Large Nationwide Series of Patients With Stage III NSCLC Treated With Chemoradiotherapy",10.1016/j.cllc.2024.07.013,"Clinical Lung Cancer",2024-12-01,1,journal-article,"Elsevier BV","Ronald Damhuis - Netherlands Comprehensive Cancer Organisation; Idris Bahce - Amsterdam University Medical Centers; Suresh Senan - Amsterdam University Medical Centers",,
"Early versus deferred use of CDK4/6 inhibitors in advanced breast cancer",10.1038/s41586-024-08035-2,Nature,2024-11-27,4,journal-article,"Springer Nature","Gabe S Sonke - The Netherlands Cancer Institute; Annemiek van Ommen-Nijhof - The Netherlands Cancer Institute; Noor Wortelboer - Erasmus MC Cancer Institute; Vincent van der Noort - The Netherlands Cancer Institute; Astrid C P Swinkels - Netherlands Comprehensive Cancer Organisation; Hedwig M Blommestein - Erasmus University Rotterdam; Cristina Guerrero Paez - Dutch Cancer Society; L Mol - Netherlands Comprehensive Cancer Organisation; Aart Beeker - Spaarne Ziekenhuis; Aart Beeker - Spaarne Gasthuis; Karin Beelen - Rijnstate Hospital; Lisanne C Hamming - Medisch Centrum Leeuwarden; Joan B Heijns - Amphia Ziekenhuis; Aafke H Honkoop - Isala; Paul C de Jong - St. Antonius Ziekenhuis; Quirine C van Rossum‐Schornagel - Franciscus Vlietland; Quirine C van Rossum‐Schornagel - Sint Franciscus Gasthuis; Christa van Schaik-van de Mheen - Meander Medisch Centrum; Jolien Tol - Jeroen Bosch Ziekenhuis; Cathrien S Tromp-van Driel - Gelre Hospitals; Suzan Vrijaldenhoven - Northwest Hospital; Inge R Konings - Cancer Center Amsterdam; Agnes Jager - Erasmus MC Cancer Institute",,
"Metastatic recurrence in women diagnosed with non-metastatic breast cancer: a systematic review and meta-analysis",10.1186/s13058-024-01881-y,"Breast Cancer Research",2024-11-27,3,journal-article,"Springer Nature","Eileen Morgan - Centre international de recherche sur le cancer; Colette O’Neill - National Cancer Registry; Richa Shah - Centre international de recherche sur le cancer; Oliver Langselius - Centre international de recherche sur le cancer; Yaqi Su - Centre international de recherche sur le cancer; Clara Frick - Centre international de recherche sur le cancer; Hanna Fink - Centre international de recherche sur le cancer; Aude Bardot - Centre international de recherche sur le cancer; Paul Walsh - National Cancer Registry; Lou Gonsalves - Connecticut Department of Public Health; Jan F Nygård - Cancer Registry of Norway; Jan F Nygård - Norwegian Institute of Public Health; Serban Negoita - National Institutes of Health; Serban Negoita - National Cancer Institute; Esmeralda Ramirez‐Peña - National Institutes of Health; Esmeralda Ramirez‐Peña - National Cancer Institute; Nicoleta Antone - Institute of Oncology Prof. Dr. Ion Chiricuta; Miriam Mutebi - Aga Khan University Nairobi; Miriam Mutebi - Aga Khan University Hospital Nairobi; Sabine Siesling - Netherlands Comprehensive Cancer Organisation; Fátima Cardoso - Champalimaud Foundation; Julie R Gralow - American Society of Clinical Oncology; Isabelle Soerjomataram - Centre international de recherche sur le cancer; Melina Arnold - Centre international de recherche sur le cancer",,
"Survival and Health Care Burden of Children With Retinoblastoma in Europe",10.1001/jamaophthalmol.2024.4140,"JAMA Ophthalmology",2024-11-01,1,journal-article,"American Medical Association (AMA)","Gianni Virgili - Fondazione G.B. Bietti; Gianni Virgili - Azienda Ospedaliero-Universitaria Careggi; Gianni Virgili - Istituti di Ricovero e Cura a Carattere Scientifico; Riccardo Capocaccia - Fondazione Progetto Ematologia; Laura Botta - Fondazione IRCCS Istituto Nazionale dei Tumori; Damien Bennett - The Northern Ireland Cancer Centre; Theodora Hadjistilianou - Ospedale Santa Maria alle Scotte; Kaire Innos - National Institute for Health Development; Henrike E Karim‐Kos - Princess Máxima Center; Claudia E Kuehni - University of Bern; Claudia E Kuehni - Institute of Social and Preventive Medicine; Ursula Kühnel - University of Bern; Ursula Kühnel - Institute of Social and Preventive Medicine; Cinzia Mazzini - Azienda Ospedaliero-Universitaria Careggi; Adela Cañete - Universitat de València; Adela Cañete - Hospital Universitari i Politècnic La Fe; Adela Cañete - Fondazione IRCCS Istituto Nazionale dei Tumori; Keiu Paapsi - National Institute for Health Development; Mariacristina Parravano - Fondazione G.B. Bietti; Mariacristina Parravano - Istituti di Ricovero e Cura a Carattere Scientifico; Cécile M Ronckers - Johannes Gutenberg University Mainz; Cécile M Ronckers - University Medical Center of the Johannes Gutenberg University Mainz; Silvia Rossi - Istituto Superiore di Sanità; Charles Stiller - National Health Service; Giulio Vicini - Azienda Ospedaliero-Universitaria Careggi; Otto Visser - Netherlands Comprehensive Cancer Organisation; Gemma Gatta - Fondazione IRCCS Istituto Nazionale dei Tumori",,"0000-0001-7646-7422; 0000-0001-8957-2002; 0000-0002-1241-5866; 0000-0002-2223-7311; 0000-0002-2793-5338; 0000-0002-3006-7869; 0000-0002-5669-5097; 0000-0002-9267-2255; 0000-0002-9815-2904; 0000-0002-9960-2989; 0000-0003-1458-3254; 0000-0003-1496-1817; 0000-0003-2053-7078; 0000-0003-3524-4657; 0000-0003-4160-6458"
"Externally Controlled Studies Using Real-World Data in Patients With Hematological Cancers",10.1001/jamaoncol.2024.3466,"JAMA Oncology",2024-10-01,1,journal-article,"American Medical Association (AMA)","Sjoerd J F Hermans - Erasmus MC; Sjoerd J F Hermans - Erasmus MC Cancer Institute; N Maas - Erasmus MC Cancer Institute; N Maas - Erasmus MC; Yvette van Norden - Erasmus MC Cancer Institute; Yvette van Norden - Erasmus MC; Avinash G Dinmohamed - Netherlands Comprehensive Cancer Organisation; Elizabeth Berkx - Netherlands Comprehensive Cancer Organisation; Peter C Huijgens - Netherlands Comprehensive Cancer Organisation; Donna R Rivera - United States Food and Drug Administration; R Angelo de Claro - Center for Drug Evaluation and Research; R Angelo de Claro - United States Food and Drug Administration; Francesco Pignatti - European Medicines Agency; Jurjen Versluis - Erasmus MC; Jurjen Versluis - Erasmus MC Cancer Institute; Jan J Cornelissen - Erasmus MC Cancer Institute; Jan J Cornelissen - Erasmus MC; Jan J Cornelissen - European Medicines Agency",,"0000-0001-8362-1977; 0000-0001-9296-2474; 0000-0002-1864-4598; 0000-0002-3906-4584; 0000-0002-4565-4556; 0000-0002-4767-6716; 0000-0003-2372-1663; 0009-0006-9751-8122"
"Collecting Long-Term Outcomes in Population-Based Cancer Registry Data: The Case of Breast Cancer Recurrence",10.1200/go-24-00249,"JCO Global Oncology",2024-10-01,3,journal-article,"American Society of Clinical Oncology (ASCO)","Eileen Morgan - Centre international de recherche sur le cancer; Colette O’Neill - National Cancer Registry; Aude Bardot - Centre international de recherche sur le cancer; Patrick Paul Walsh - National Cancer Registry; Lou Gonsalves - Connecticut Department of Public Health; Sinéad Teresa Hawkins - The Northern Ireland Cancer Centre; Sinéad Teresa Hawkins - Queen's University Belfast; Jan F Nygård - Norwegian Institute of Public Health; Jan F Nygård - Cancer Registry of Norway; Serban Negoita - National Institutes of Health; Serban Negoita - National Cancer Institute; Esmeralda Ramirez‐Peña - Netherlands Comprehensive Cancer Organisation; Sabine Siesling - Netherlands Comprehensive Cancer Organisation; Sabine Siesling - University of Twente; Fátima Cardoso - Champalimaud Foundation; Julie R Gralow - American Society of Clinical Oncology; Isabelle Soerjomataram - Centre international de recherche sur le cancer; Melina Arnold - Centre international de recherche sur le cancer",,
"Survival and patient-reported outcomes of real-world high-risk stage II and stage III colon cancer patients after reduction of adjuvant CAPOX duration from 6 to 3 months",10.1016/j.ejca.2024.114207,"European Journal of Cancer",2024-09-01,1,journal-article,"Elsevier BV","Ingrid A Franken - University Medical Center Utrecht; Ingrid A Franken - Utrecht University; Miriam Koopman - Utrecht University; Wilhelmina M U van Grevenstein - University Medical Center Utrecht; Miriam Koopman - University Medical Center Utrecht; Frederieke H van der Baan - Utrecht University; Frederieke H van der Baan - University Medical Center Utrecht; Geraldine R Vink - Netherlands Comprehensive Cancer Organisation; Geraldine R Vink - Utrecht University; Geraldine R Vink - University Medical Center Utrecht; Anne M May - Utrecht University; Anne M May - University Medical Center Utrecht; Wilhelmina M U van Grevenstein - Utrecht University; Jeanine Roodhart - University Medical Center Utrecht; Jeanine Roodhart - Utrecht University",,"0000-0001-7551-9200; 0000-0002-3466-1777; 0000-0002-6731-9660; 0000-0002-7421-6547; 0000-0003-0512-6545; 0000-0003-1398-8970"
"Chemotherapy-Induced Peripheral Neuropathy in Patients With Gastroesophageal Cancer",10.6004/jnccn.2024.7014,"Journal of the National Comprehensive Cancer Network",2024-09-01,1,journal-article,"Harborside Press, LLC","M.J.M van Velzen - Amsterdam University Medical Centers; M.J.M van Velzen - University of Amsterdam; Nadia Haj Mohammad - Utrecht University; Lonneke V van de Poll‐Franse - Tilburg University; Nadia Haj Mohammad - University Medical Center Utrecht; Marieke Pape - University of Amsterdam; Marieke Pape - Amsterdam University Medical Centers; Marieke Pape - Netherlands Comprehensive Cancer Organisation; Mirjam A G Sprangers - Amsterdam University Medical Centers; Mirjam A G Sprangers - University of Amsterdam; Jessy Joy van Kleef - University of Amsterdam; Jessy Joy van Kleef - Amsterdam University Medical Centers; Bianca Mostert - Erasmus MC Cancer Institute; Laurens V Beerepoot - Elisabeth-TweeSteden Ziekenhuis; Marije Slingerland - Leiden University Medical Center; Elske C Gootjes - Radboud University Nijmegen; Elske C Gootjes - Radboud University Medical Center; Ronald Hoekstra - Ziekenhuis Groep Twente; Lonneke V van de Poll‐Franse - Netherlands Comprehensive Cancer Organisation; Lonneke V van de Poll‐Franse - The Netherlands Cancer Institute; Hanneke W.M van Laarhoven - University of Amsterdam; Hanneke W.M van Laarhoven - Amsterdam University Medical Centers",,
"Development and Implementation of Standardized, Structured Clinical Reporting for Oncology",10.3233/shti240663,"Studies in Health Technology and Informatics",2024-08-22,1,book-chapter,"IOS Press","Kees C.W.J Ebben - Netherlands Comprehensive Cancer Organisation; Kees C.W.J Ebben - Maastricht University Medical Centre; Astrid C.P Swinkels - Netherlands Comprehensive Cancer Organisation; Marijke M.A Dermois - Netherlands Comprehensive Cancer Organisation; Jurrian van der Werf - Netherlands Comprehensive Cancer Organisation; Lonneke R.E Vermeulen - Netherlands Comprehensive Cancer Organisation",,"0000-0002-0047-0948; 0000-0003-1069-2357"
"Development and Implementation of Semantic Information Standards for Oncology",10.3233/shti240664,"Studies in Health Technology and Informatics",2024-08-22,1,book-chapter,"IOS Press","Kees C.W.J Ebben - Netherlands Comprehensive Cancer Organisation; Kees C.W.J Ebben - Maastricht University Medical Centre; Lonneke R.E Vermeulen - Netherlands Comprehensive Cancer Organisation; Astrid C.P Swinkels - Netherlands Comprehensive Cancer Organisation; Matthijs Sloep - Netherlands Comprehensive Cancer Organisation; Jurrian van der Werf - Netherlands Comprehensive Cancer Organisation",,"0000-0002-0047-0948; 0000-0003-1069-2357; 0000-0003-3602-1885"
"Development and Implementation of Clinical Decision Algorithms for Oncology",10.3233/shti240662,"Studies in Health Technology and Informatics",2024-08-22,1,book-chapter,"IOS Press","Kees C.W.J Ebben - Netherlands Comprehensive Cancer Organisation; Kees C.W.J Ebben - Maastricht University Medical Centre; Thijs van Vegchel - Netherlands Comprehensive Cancer Organisation; Marieke Massa - Netherlands Comprehensive Cancer Organisation; Matthijs Sloep - Netherlands Comprehensive Cancer Organisation; Jurrian van der Werf - Netherlands Comprehensive Cancer Organisation",,"0000-0003-1069-2357; 0000-0003-3602-1885"
"Potentially Inappropriate End of Life Care and Healthcare Costs in the Last 30 Days of Life in Regions Providing Integrated Palliative Care in the Netherlands: A Registration-based Study",10.5334/ijic.7504,"International Journal of Integrated Care",2024-07-08,2,journal-article,"Ubiquity Press, Ltd.","Chantal F R Pereira - Netherlands Comprehensive Cancer Organisation; Anne-Floor Q Dijxhoorn - Nederlandse Vereniging voor Kindergeneeskunde; Anne-Floor Q Dijxhoorn - Leiden University Medical Center; Anne-Floor Q Dijxhoorn - Netherlands Comprehensive Cancer Organisation; Berdine Koekoek - Gelre Hospitals; Marijanne Engel - University Medical Center Utrecht; Marjon van Rijn - Vrije Universiteit Amsterdam; Marjon van Rijn - Amsterdam University Medical Centers; Marjon van Rijn - Amsterdam University of Applied Sciences; Judith Meijers - Maastricht University; Judith Meijers - Zuyderland Medisch Centrum; Jeroen Hasselaar - Radboud University Nijmegen; Jeroen Hasselaar - Radboud University Medical Center; Agnes van der Heide - Erasmus MC; Bregje D Onwuteaka‐Philipsen - Vrije Universiteit Amsterdam; Bregje D Onwuteaka‐Philipsen - Amsterdam University Medical Centers; M.H.J van den Beuken-van Everdingen - Maastricht University; Yvette M van der Linden - Leiden University Medical Center; M Boddaert - Netherlands Comprehensive Cancer Organisation; M Boddaert - Leiden University Medical Center; M Boddaert - Nederlandse Vereniging voor Kindergeneeskunde; Patrick Jeurissen - Radboud University Nijmegen; Patrick Jeurissen - Radboud University Medical Center; Matthias A.W Merkx - Radboud University Nijmegen; Matthias A.W Merkx - Radboud University Medical Center; Matthias A.W Merkx - Netherlands Comprehensive Cancer Organisation; Natasja Raijmakers - Netherlands Comprehensive Cancer Organisation; Natasja Raijmakers - Nederlandse Vereniging voor Kindergeneeskunde",,
"Disease relapse in relation to lymph node sampling in lung carcinoid patients",10.1530/erc-23-0202,"Endocrine Related Cancer",2024-06-10,1,journal-article,Bioscientifica,"Laura Moonen - Maastricht University Medical Centre; Jules L Derks - Maastricht University Medical Centre; Lisa M Hillen - Maastricht University Medical Centre; Robert Jan van Suylen - Jeroen Bosch Ziekenhuis; Michael den Bakker - Maasstad Ziekenhuis; Jan H von der Thüsen - Erasmus MC; Ronald Damhuis - Netherlands Comprehensive Cancer Organisation; Wienecke Buikhuisen - The Netherlands Cancer Institute; Jos G Maessen - Maastricht University Medical Centre; Alexander P.W.M Maat - Erasmus MC; Paul Van Schil - Antwerp University Hospital; Ernst‐Jan M Speel - Maastricht University Medical Centre; Anne‐Marie C Dingemans - Maastricht University Medical Centre",,"0000-0001-6105-182X; 0000-0001-7248-7047; 0000-0001-9699-4860; 0000-0002-0442-1879; 0000-0002-1962-8821; 0000-0002-3016-2989; 0000-0002-8553-2772; 0000-0002-8808-4952; 0000-0003-3230-7712; 0000-0003-3699-2534"
"Effects of Prognostic Communication Strategies on Prognostic Perceptions, Treatment Decisions and End-Of-Life Anticipation in Advanced Cancer: An Experimental Study among Analogue Patients",10.1016/j.jpainsymman.2024.02.563,"Journal of Pain and Symptom Management",2024-06-01,2,journal-article,"Elsevier BV","Naomi C.A van der Velden - Amsterdam University Medical Centers; Naomi C.A van der Velden - University of Amsterdam; Naomi C.A van der Velden - GGD Amsterdam; Naomi C.A van der Velden - Cancer Center Amsterdam; Ellen M.A Smets - University of Amsterdam; Ellen M.A Smets - GGD Amsterdam; Ellen M.A Smets - Cancer Center Amsterdam; Ellen M.A Smets - Amsterdam University Medical Centers; Linda Brom - Netherlands Comprehensive Cancer Organisation; Hanneke W.M van Laarhoven - Amsterdam University Medical Centers; Hanneke W.M van Laarhoven - University of Amsterdam; Hanneke W.M van Laarhoven - Cancer Center Amsterdam; Inge Henselmans - Amsterdam University Medical Centers; Inge Henselmans - University of Amsterdam; Inge Henselmans - GGD Amsterdam; Inge Henselmans - Cancer Center Amsterdam",,
"Incident Use of Hydroxychloroquine for the Treatment of Rheumatoid Arthritis and Systemic Lupus Erythematosus During the COVID‐19 Pandemic",10.1002/acr.25331,"Arthritis Care & Research",2024-05-09,1,journal-article,Wiley,"Núria Mercadé‐Besora - University of Oxford; Yuchen Guo - Nuffield Orthopaedic Centre; Yuchen Guo - University of Oxford; Mike Du - Nuffield Orthopaedic Centre; Mike Du - University of Oxford; Xintong Li - Nuffield Orthopaedic Centre; Xintong Li - University of Oxford; Juan Manuel Ramírez‐Anguita - Universitat Pompeu Fabra; Alberto Moreno - Hospital Universitario Virgen Macarena; Alberto Moreno - Instituto de Biomedicina de Sevilla; Alberto Moreno - Universidad de Sevilla; António Valente - Universidade Europeia; Felipe Villalobos - Institut Universitari d'Investigació en Atenció Primària Jordi Gol; Iek Cheng - Institute of Child Health; Iek Cheng - University College London; Lucía A Carrasco‐Ribelles - Institut Universitari d'Investigació en Atenció Primària Jordi Gol; Maaike M H van Swieten - Netherlands Comprehensive Cancer Organisation; Manon Merkelbach - VieCuri Medisch Centrum; Mary Magoya - Stellenbosch University; Paolo Lasalvia - Fondazione IRCCS Istituto Nazionale dei Tumori; Pau Pericas - Health Research Institute of the Balearic Islands; Paul Berg - IQVIA (United Kingdom); Pauline Bosco‐Lévy - Université de Bordeaux; Pauline Bosco‐Lévy - Bordeaux Population Health; Pauline Bosco‐Lévy - Centre d'Investigation Clinique Plurithématique de Bordeaux; Roberto Lillini - Fondazione IRCCS Istituto Nazionale dei Tumori; Rogério T Ribeiro - Associacao Protectora dos Diabeticos de Portugal; Trinamjot Kaur Bagga - National Institute of Pharmaceutical Education and Research; Vittoria Ramella - University of Pavia; Vittoria Ramella - Medivis (Italy); Sara Khalid - Nuffield Orthopaedic Centre; Sara Khalid - University of Oxford; Miguel Ángel Mayer - Hospital Del Mar; Ángela Leis - Hospital Del Mar; Annika M Jödicke - Nuffield Orthopaedic Centre; Annika M Jödicke - University of Oxford; Edward Burn - Nuffield Orthopaedic Centre; Edward Burn - University of Oxford; Daniel Prieto‐Alhambra - Nuffield Orthopaedic Centre; Daniel Prieto‐Alhambra - Erasmus MC; Daniel Prieto‐Alhambra - University of Oxford; Daniel Prieto‐Alhambra - Oxford BioMedica (United Kingdom); Martí Català - Nuffield Orthopaedic Centre; Martí Català - University of Oxford; Martí Català - Metropolitan University; Albert Prats‐Uribe - Nuffield Orthopaedic Centre; Albert Prats‐Uribe - University of Oxford; Albert Prats‐Uribe - Metropolitan University",,"0000-0001-8840-7208; 0000-0001-9263-1747; 0000-0001-9763-5974; 0000-0001-9808-9805; 0000-0001-9872-8670; 0000-0002-0000-0110; 0000-0002-0091-7519; 0000-0002-3031-7194; 0000-0002-3950-6346; 0000-0002-4264-220X; 0000-0002-5798-1298; 0000-0002-6872-5804; 0000-0002-6907-8354; 0000-0002-8509-0927; 0000-0002-9286-1128; 0000-0002-9517-8834; 0000-0003-0362-6298; 0000-0003-1010-8085; 0000-0003-1202-9153; 0000-0003-3308-9905; 0000-0003-4780-7111; 0009-0006-7948-3747"
"Treatment and survival of patients diagnosed with high-risk HR+/HER2− breast cancer in the Netherlands: a population-based retrospective cohort study",10.1016/j.esmoop.2024.103008,"ESMO Open",2024-05-01,1,journal-article,"Elsevier BV","Senna W M Lammers - Maastricht University Medical Centre; Marissa Meegdes - Maastricht University Medical Centre; Ingeborg J H Vriens - Maastricht University Medical Centre; Adri C Voogd - Maastricht University; L de Munck - Netherlands Comprehensive Cancer Organisation; T J A van Nijnatten - Maastricht University Medical Centre; K B M I Keymeulen - Maastricht University Medical Centre; Vivianne C G Tjan‐Heijnen - Maastricht University Medical Centre; Sandra M E Geurts - Maastricht University Medical Centre",,"0000-0002-3935-7440; 0000-0002-4265-9968; 0000-0002-7739-260X; 0000-0002-8041-2720; 0000-0002-8279-585X"
"Survival of European adolescents and young adults diagnosed with cancer in 2010–2014",10.1016/j.ejca.2024.113558,"European Journal of Cancer",2024-05-01,4,journal-article,"Elsevier BV","Annalisa Trama - Fondazione IRCCS Istituto Nazionale dei Tumori; Laura Botta - Fondazione IRCCS Istituto Nazionale dei Tumori; Charles Stiller - NHS England; Otto Visser - Netherlands Comprehensive Cancer Organisation; Adela Cañete-Nieto - Universitat de València; Ben D Spycher - Institute of Social and Preventive Medicine; Ben D Spycher - University of Bern; Magdalena Bielska‐Lasota - Holy Cross University; Alexander Katalinic - University of Lübeck; Claudia Vener - Fondazione IRCCS Istituto Nazionale dei Tumori; Kaire Innos - National Institute for Health Development; Rafael Marcos‐Gragera - Universitat de Girona; Rafael Marcos‐Gragera - Generalitat de Catalunya; Rafael Marcos‐Gragera - Centre for Biomedical Network Research on Rare Diseases; Rafael Marcos‐Gragera - Centro de Investigación Biomédica en Red de Epidemiología y Salud Pública; Rafael Marcos‐Gragera - Josep Carreras Leukaemia Research Institute; Rafael Marcos‐Gragera - Institut Català d'Oncologia; Keiu Paapsi - National Institute for Health Development; Marcela Guevara - Navarre Institute of Health Research; Marcela Guevara - Instituto de Salud Pública de Navarra; Marcela Guevara - Centro de Investigación Biomédica en Red de Epidemiología y Salud Pública; Elena Demuru - Istituto Superiore di Sanità; Andrea Eberle - Leibniz Institute for Prevention Research and Epidemiology - BIPS; Andrea Ferrari - Fondazione IRCCS Istituto Nazionale dei Tumori; Alice Bernasconi - Fondazione IRCCS Istituto Nazionale dei Tumori; Paolo Lasalvia - Fondazione IRCCS Istituto Nazionale dei Tumori",,
"Evaluation of a new two-step frailty assessment of head and neck patients in a prospective cohort",10.1007/s00405-024-08651-8,"European Archives of Oto-Rhino-Laryngology",2024-04-23,1,journal-article,"Springer Nature","Beniamino Vincenzoni Padovan - University Medical Center Groningen; Beniamino Vincenzoni Padovan - University of Groningen; M A J Bijl - University Medical Center Groningen; M A J Bijl - University of Groningen; Johannes A Langendijk - University Medical Center Groningen; Johannes A Langendijk - University of Groningen; Hans Paul van der Laan - University Medical Center Groningen; Hans Paul van der Laan - University of Groningen; Boukje A C van Dijk - Netherlands Comprehensive Cancer Organisation; Suzanne Festen - University Medical Center Groningen; György B Halmos - University Medical Center Groningen; György B Halmos - University of Groningen",,"0000-0001-5984-4716; 0000-0002-9080-690X; 0000-0003-1083-372X; 0000-0003-2460-2260; 0009-0008-5921-5723"
"Incidence, survival, and mortality of cancer in children and young adolescents in Belgium and the Netherlands in 2004–2015: A comparative population‐based study",10.1002/ijc.34918,"International Journal of Cancer",2024-03-13,1,journal-article,Wiley,"Hanne Peirelinck - Stimson Center; Hanne Peirelinck - Laboratoire de Tribologie et Dynamique des Systèmes; Maya Schulpen - Stimson Center; Maya Schulpen - Laboratoire de Tribologie et Dynamique des Systèmes; Maya Schulpen - Princess Máxima Center; Raoull Hoogendijk - Princess Máxima Center; An Van Damme - Cliniques Universitaires Saint-Luc; Rob Pieters - University Medical Center Utrecht; Rob Pieters - Princess Máxima Center; Nancy Van Damme - Stimson Center; Nancy Van Damme - Laboratoire de Tribologie et Dynamique des Systèmes; Henrike E Karim‐Kos - Princess Máxima Center; Henrike E Karim‐Kos - Netherlands Comprehensive Cancer Organisation",,"0000-0002-1241-5866; 0000-0002-7114-201X; 0000-0002-8033-2093; 0000-0003-2997-3570; 0000-0003-4636-7636; 0009-0006-1052-1709"
"A Dutch paediatric palliative care guideline: a systematic review and evidence-based recommendations for symptom treatment",10.1186/s12904-024-01367-w,"BMC Palliative Care",2024-03-13,1,journal-article,"Springer Nature","Kim C van Teunenbroek - Princess Máxima Center; Renée L Mulder - Princess Máxima Center; Inge M L Ahout - Radboud University Medical Center; Inge M L Ahout - Radboud University Nijmegen; Karen Bindels‐de Heus - Erasmus MC - Sophia Children’s Hospital; Catharina M Delsman-van Gelder - Máxima Medisch Centrum; Catharina M Delsman-van Gelder - Radboud University Nijmegen; Annemie F S Galimont-Collen - Bravis Ziekenhuis; Marinka A R de Groot - Emma Kinderziekenhuis; Katja M J Heitink‐Pollé - Princess Máxima Center; Jeffry Looijestijn - University Medical Center Groningen; Jeffry Looijestijn - University of Groningen; Maarten O Mensink - Princess Máxima Center; Selma Mulder - Wilhelmina Children's Hospital; Jolanda Schieving - Radboud University Nijmegen; Jolanda Schieving - Radboud University Medical Center; Antoinette Y N Schouten–van Meeteren - Princess Máxima Center; Hester Rippen - Stichting Kind en Groei; Brigitt C M Borggreve - Netherlands Comprehensive Cancer Organisation; Leontien C.M Kremer - Wilhelmina Children's Hospital; Eduard Verhagen - University Medical Center Groningen; Eduard Verhagen - University of Groningen; Erna Michiels - Princess Máxima Center; Kim van der Schoot - Princess Máxima Center; Leo van Vlimmeren - University of Amsterdam; Leo van Vlimmeren - Emma Kinderziekenhuis",,
"Cumulative incidence and timing of subsequent cutaneous squamous cell carcinomas stratified for patients with organ transplantation and hematologic malignancies: A nationwide cohort study",10.1016/j.jaad.2023.10.036,"Journal of the American Academy of Dermatology",2024-03-01,1,journal-article,"Elsevier BV","Celeste J Eggermont - Erasmus MC Cancer Institute; Loes M Hollestein - Erasmus MC Cancer Institute; Loes M Hollestein - Netherlands Comprehensive Cancer Organisation; Andrya Hollatz - Erasmus MC Cancer Institute; Marieke W.J Louwman - Netherlands Comprehensive Cancer Organisation; Antien L Mooyaart - Erasmus MC Cancer Institute; Tamar Nijsten - Erasmus MC Cancer Institute; Marlies Wakkee - Erasmus MC Cancer Institute",,"0000-0001-8578-901X; 0000-0001-8922-6791; 0000-0001-9011-6741; 0000-0001-9810-5780; 0000-0001-9940-2875; 0000-0002-1669-0283"
"Incidence, clinical management and prognosis of patients with small intestinal adenocarcinomas from 1999 through 2019: A nationwide Dutch cohort study",10.1016/j.ejca.2024.113529,"European Journal of Cancer",2024-03-01,1,journal-article,"Elsevier BV","Tim R de Back - Cancer Center Amsterdam; Tim R de Back - Oncode Institute; Jasmijn D G Linssen - Cancer Center Amsterdam; Jasmijn D G Linssen - Amsterdam University Medical Centers; Jasmijn D G Linssen - Oncode Institute; Jasmijn D G Linssen - University of Amsterdam; Felice N van Erning - Netherlands Comprehensive Cancer Organisation; Felice N van Erning - Radboud University Nijmegen; Felice N van Erning - Catharina Ziekenhuis; Caitlin S.E Verbakel - Vrije Universiteit Amsterdam; Pascale J M Schafrat - Cancer Center Amsterdam; Pascale J M Schafrat - Oncode Institute; Louis Vermeulen - Cancer Center Amsterdam; Louis Vermeulen - Oncode Institute; Ignace H J T de Hingh - Maastricht University; Ignace H J T de Hingh - Catharina Ziekenhuis; Ignace H J T de Hingh - Radboud University Nijmegen; Ignace H J T de Hingh - Netherlands Comprehensive Cancer Organisation; Dirkje W Sommeijer - Flevoziekenhuis; Dirkje W Sommeijer - Cancer Center Amsterdam",,
"Stereotactic Body and Conventional Radiotherapy for Painful Bone Metastases",10.1001/jamanetworkopen.2023.55409,"JAMA Network Open",2024-02-12,1,journal-article,"American Medical Association (AMA)","Bas J J Bindels - University Medical Center Utrecht; Joost J.C Verhoeff - University Medical Center Utrecht; Carole Mercier - Iridium Kankernetwerk; Roxanne Gal - Utrecht University; Roxanne Gal - University Medical Center Utrecht; Jorrit‐Jan Verlaan - University Medical Center Utrecht; Piet Dirix - Iridium Kankernetwerk; Yvette M van der Linden - Netherlands Comprehensive Cancer Organisation; Piet Ost - Ghent University; N Kasperts - University Medical Center Utrecht; Yvette M van der Linden - Leiden University Medical Center; Piet Ost - Iridium Kankernetwerk; Helena M Verkooijen - University Medical Center Utrecht; Helena M Verkooijen - Utrecht University; Joanne M van der Velden - University Medical Center Utrecht",,
"The increasing burden of testicular seminomas and non-seminomas in adolescents and young adults (AYAs): incidence, treatment, disease-specific survival and mortality trends in the Netherlands between 1989 and 2019",10.1016/j.esmoop.2023.102231,"ESMO Open",2024-02-01,2,journal-article,"Elsevier BV","Daniël J van der Meer - The Netherlands Cancer Institute; Daniël J van der Meer - Erasmus MC Cancer Institute; Daniël J van der Meer - Erasmus MC; Henrike E Karim‐Kos - Netherlands Comprehensive Cancer Organisation; Henrike E Karim‐Kos - Princess Máxima Center; Henk W Elzevier - Leiden University Medical Center; Marij Dinkelman-Smit - Erasmus MC Cancer Institute; Marij Dinkelman-Smit - Erasmus MC; J Martijn Kerst - The Netherlands Cancer Institute; V Atema - Netherlands Comprehensive Cancer Organisation; Vicky Lehmann - Cancer Center Amsterdam; Vicky Lehmann - Amsterdam University Medical Centers; Vicky Lehmann - Community Cancer Center; Olga Husson - The Netherlands Cancer Institute; Olga Husson - Erasmus MC Cancer Institute; Olga Husson - Erasmus MC; Winette T.A van der Graaf - Erasmus MC Cancer Institute; Winette T.A van der Graaf - Erasmus MC; Winette T.A van der Graaf - The Netherlands Cancer Institute",,
"Multinational Association of Supportive Care in Cancer (MASCC) clinical practice guidance for the prevention of breast cancer-related arm lymphoedema (BCRAL): international Delphi consensus-based recommendations",10.1016/j.eclinm.2024.102441,EClinicalMedicine,2024-02-01,2,journal-article,"Elsevier BV","Matthew P Wallen - Flinders University; Adrian Wai Chan - Tuen Mun Hospital; Narayanee Dick - Flinders University; Pierluigi Bonomo - Azienda Ospedaliero-Universitaria Careggi; Pierluigi Bonomo - University of Florence; Monique Bareham - Flinders University; Julie Ryan Wolf - University of Rochester; Corina van den Hurk - Netherlands Comprehensive Cancer Organisation; Margaret I Fitch - University of Toronto; Edward Kai‐Hua Chow - University of Toronto; Edward Kai‐Hua Chow - Sunnybrook Health Science Centre; Edward Kai‐Hua Chow - Health Sciences Centre; Raymond J Chan - Flinders University; Dominic C.W Chan - Flinders University; Sze Man Chan - Flinders University; Yolanda Chan - Flinders University; Margaret L McNeely - University of Toronto",,
"Nasopharyngeal carcinoma: nationwide trends in subtype-specific incidence and survival over 3 decades in a non-endemic area",10.1007/s00432-023-05547-8,"Journal of Cancer Research and Clinical Oncology",2024-01-29,1,journal-article,"Springer Nature","Jort S van Velsen - University of Groningen; Jort S van Velsen - University Medical Center Groningen; Bert van der Vegt - University Medical Center Groningen; Bert van der Vegt - University of Groningen; Boudewijn E C Plaat - University Medical Center Groningen; Boudewijn E C Plaat - University of Groningen; Johannes A Langendijk - University of Groningen; Johannes A Langendijk - University Medical Center Groningen; Boukje A C van Dijk - University Medical Center Groningen; Boukje A C van Dijk - Netherlands Comprehensive Cancer Organisation; Boukje A C van Dijk - University of Groningen; Sjoukje F Oosting - University of Groningen; Sjoukje F Oosting - University Medical Center Groningen",,"0000-0001-5984-4716; 0000-0001-8631-7727; 0000-0002-2613-1506; 0000-0003-1083-372X; 0000-0003-2754-6997"
"Treatment and outcomes for patients with relapsed or refractory diffuse large B-cell lymphoma: a contemporary, nationwide, population-based study in the Netherlands",10.1038/s41408-023-00970-z,"Blood Cancer Journal",2024-01-04,1,journal-article,"Springer Nature","Elise R A Pennings - University of Amsterdam; Elise R A Pennings - Amsterdam University Medical Centers; Müjde Durmaz - University of Amsterdam; Müjde Durmaz - Amsterdam University Medical Centers; Otto Visser - Netherlands Comprehensive Cancer Organisation; Eduardus F M Posthuma - Leiden University Medical Center; Djamila E Issa - Jeroen Bosch Ziekenhuis; Martine E.D Chamuleau - Cancer Center Amsterdam; Pieternella J Lugtenburg - Erasmus MC Cancer Institute; Marie José Kersten - Cancer Center Amsterdam",,"0000-0001-7674-2148; 0000-0002-0123-9182; 0000-0002-4512-7019; 0000-0002-5724-1484; 0000-0002-6735-8651; 0000-0002-8904-3802; 0000-0003-1496-1817"
"Disease-Free Survival of Patients With Muscle-Invasive Bladder Cancer Treated With Radical Cystectomy Versus Bladder-Preserving Therapy: A Nationwide Study",10.1016/j.ijrobp.2023.07.027,"International Journal of Radiation OncologyBiologyPhysics",2024-01-01,1,journal-article,"Elsevier BV","Katharina Brück - Netherlands Comprehensive Cancer Organisation; Katharina Brück - Amsterdam University Medical Centers; Richard P Meijer - University Medical Center Utrecht; Joost L Boormans - Erasmus MC Cancer Institute; Lambertus A Kiemeney - Radboud University Nijmegen; Lambertus A Kiemeney - Radboud University Medical Center; J Alfred Witjes - Radboud University Nijmegen; J Alfred Witjes - Radboud University Medical Center; Lisa M.C van Hoogstraten - Netherlands Comprehensive Cancer Organisation; Lisa M.C van Hoogstraten - Radboud University Nijmegen; Lisa M.C van Hoogstraten - Radboud University Medical Center; Michiel S van der Heijden - The Netherlands Cancer Institute; A Rogier T Donders - Radboud University Nijmegen; A Rogier T Donders - Radboud University Medical Center; Martine Franckena - Erasmus MC; Martine Franckena - Erasmus University Rotterdam; Carin A Uyl‐de Groot - Erasmus University Rotterdam; Anna M Leliveld - University Medical Center Groningen; Katja K.H Aben - Netherlands Comprehensive Cancer Organisation; Katja K.H Aben - Radboud University Nijmegen; Katja K.H Aben - Radboud University Medical Center; Maarten C.C.M Hulshof - Amsterdam University Medical Centers",,"0000-0001-5138-4348; 0000-0001-5240-3467; 0000-0001-5808-302X; 0000-0002-0214-2147; 0000-0002-0987-1342; 0000-0002-2368-1326; 0000-0002-4407-7881; 0000-0002-7028-0824; 0000-0003-0059-3857; 0000-0003-2510-7982"
"Krebsregistrierung in Europa",10.1007/s00761-023-01454-2,"Die Onkologie",2023-12-18,1,journal-article,"Springer Nature","Volker Arndt - German Cancer Research Center; Volker Arndt - DKFZ-ZMBH Alliance; Volker Arndt - Heidelberg University; Sabine Siesling - Netherlands Comprehensive Cancer Organisation",,
"Sebaceous carcinoma epidemiology, associated malignancies and Lynch/Muir-Torre syndrome screening in England from 2008 to 2018",10.1016/j.jaad.2023.03.046,"Journal of the American Academy of Dermatology",2023-12-01,1,journal-article,"Elsevier BV","Sam Cook - Royal Victoria Infirmary; Joanna Pethick - NHS Digital; Nour Kibbi - Stanford University; Loes M Hollestein - Netherlands Comprehensive Cancer Organisation; Loes M Hollestein - Erasmus MC Cancer Institute; Katrina Lavelle - NHS Digital; Isabella de Vere Hunt - Stanford University; Clare Turnbull - NHS Digital; Brian Rous - NHS Digital; Akhtar Husain - Royal Victoria Infirmary; John Burn - Newcastle University; Margreet Lüchtenborg - London Cancer; Margreet Lüchtenborg - King's College London; Margreet Lüchtenborg - NHS Digital; Francesco Santaniello - Health Data Research UK; Francesco Santaniello - NHS Digital; Fiona E McRonald - NHS Digital; Steven J Hardy - NHS Digital; Eleni Linos - Stanford University; Zoe C Venables - Norfolk and Norwich University Hospital; Zoe C Venables - University of East Anglia; Zoe C Venables - NHS Digital; Neil Rajan - Newcastle University; Neil Rajan - Royal Victoria Infirmary",,
"Palliative care for children: methodology for the development of a national clinical practice guideline",10.1186/s12904-023-01293-3,"BMC Palliative Care",2023-12-01,1,journal-article,"Springer Nature","Kim C van Teunenbroek - Princess Máxima Center; Leontien C.M Kremer - Princess Máxima Center; Eduard Verhagen - University Medical Center Groningen; Eduard Verhagen - University of Groningen; Hester Rippen - Stichting Kind en Groei; Brigitt C M Borggreve - Netherlands Comprehensive Cancer Organisation; Erna Michiels - Princess Máxima Center; Renée L Mulder - Princess Máxima Center; Inge M L Ahout - Princess Máxima Center; Inge M L Ahout - University of Groningen; Mattijs W Alsem - Princess Máxima Center; Mattijs W Alsem - University of Groningen; Esther M M van den Bergh - Princess Máxima Center; Esther M M van den Bergh - University of Groningen; Loes Berkhout - Princess Máxima Center; Loes Berkhout - University of Groningen; Karin G C B Bindels-de Heus - Princess Máxima Center; Karin G C B Bindels-de Heus - University of Groningen; Govert Brinkhorst - Princess Máxima Center; Govert Brinkhorst - University of Groningen; Arno Colenbrander - Princess Máxima Center; Arno Colenbrander - University of Groningen; Linda Corel - Princess Máxima Center; Linda Corel - University of Groningen; Catharina M Delsman-van Gelder - Princess Máxima Center; Catharina M Delsman-van Gelder - University of Groningen; Jennifer van Dijk - Princess Máxima Center; Jennifer van Dijk - University of Groningen; Jurrianne C Fahner - Princess Máxima Center; Jurrianne C Fahner - University of Groningen; Jeannette L Falkenburg - Princess Máxima Center; Jeannette L Falkenburg - University of Groningen; Laurent Favié - University of Groningen; Laurent Favié - Princess Máxima Center; Annemie F S Galimont-Collen - Princess Máxima Center; Annemie F S Galimont-Collen - University of Groningen; Karin Geleijns - Princess Máxima Center; Karin Geleijns - University of Groningen; Selma Mulder - Princess Máxima Center; Kim van der Schoot - Princess Máxima Center; Leo van Vlimmeren - Wilhelmina Children's Hospital",,"0000-0001-7380-303X; 0000-0001-9555-6922; 0000-0002-0414-9561; 0000-0002-7830-6742; 0009-0006-4035-0840"
"Nationwide treatment and outcomes of intrahepatic cholangiocarcinoma",10.1016/j.hpb.2023.06.019,HPB,2023-11-01,1,journal-article,"Elsevier BV","Pim B Olthof - University Medical Center Groningen; Pim B Olthof - Erasmus MC Cancer Institute; Stijn Franssen - Erasmus MC Cancer Institute; Anne‐Marleen van Keulen - Erasmus MC Cancer Institute; Lydia G van der Geest - Netherlands Comprehensive Cancer Organisation; Frederik J.H Hoogwater - University Medical Center Groningen; Minneke J Coenraad - Leiden University Medical Center; Lydi M.J.W van Driel - Erasmus MC; Joris I Erdmann - Amsterdam University Medical Centers; Nadia Haj Mohammad - University Medical Center Utrecht; Nadia Haj Mohammad - Utrecht University; Lara R Heij - RWTH Aachen University; Lara R Heij - Maastricht University; Heinz‐Josef Klümpen - Amsterdam University Medical Centers; Heinz‐Josef Klümpen - University of Amsterdam; Eric T.T.L Tjwa - Radboud University Nijmegen; Eric T.T.L Tjwa - Radboud University Medical Center; Liselot Valkenburg‐van Iersel - Maastricht University; Joanne Verheij - Amsterdam University Medical Centers; Joanne Verheij - University of Amsterdam; Bas Groot Koerkamp - Erasmus MC Cancer Institute",,"0000-0001-8233-1505; 0000-0002-0602-3356; 0000-0002-1691-1808; 0000-0002-2670-428X; 0000-0002-3098-9054; 0000-0002-3320-7185; 0000-0002-3434-4421; 0000-0002-4688-2921; 0000-0002-7290-1823; 0000-0002-8867-483X; 0000-0003-0616-7349; 0000-0003-1283-630X; 0000-0003-1637-5520; 0000-0003-1917-6973; 0000-0003-2925-9908"
"Trajectories of health‐related quality of life and symptom burden in patients with advanced cancer towards the end of life: Longitudinal results from the eQuiPe study",10.1002/cncr.35060,Cancer,2023-10-13,1,journal-article,Wiley,"Moyke A J Versluis - Tilburg University; Moyke A J Versluis - Netherlands Comprehensive Cancer Organisation; Natasja Raijmakers - Nederlandse Vereniging voor Kindergeneeskunde; Natasja Raijmakers - Netherlands Comprehensive Cancer Organisation; Arnold Baars - Ziekenhuis Gelderse Vallei; M.H.J van den Beuken-van Everdingen - Maastricht University Medical Centre; Alexander de Graeff - University Medical Center Utrecht; Mathijs P Hendriks - Northwest Hospital; Mathijs P Hendriks - Medisch Centrum Alkmaar; Wouter K de Jong - Ziekenhuis Gelderse Vallei; Jeroen S Kloover - Elisabeth-TweeSteden Ziekenhuis; Evelien Kuip - Radboud University Nijmegen; Evelien Kuip - Radboud University Medical Center; Caroline M.P.W Mandigers - Canisius-Wilhelmina Ziekenhuis; Dirkje W Sommeijer - Flevoziekenhuis; Dirkje W Sommeijer - Amsterdam University Medical Centers; Dirkje W Sommeijer - University of Amsterdam; Yvette M van der Linden - Leiden University; Yvette M van der Linden - Leiden University Medical Center; Yvette M van der Linden - Netherlands Comprehensive Cancer Organisation; Lonneke V van de Poll‐Franse - Tilburg University; Lonneke V van de Poll‐Franse - The Netherlands Cancer Institute; Lonneke V van de Poll‐Franse - Netherlands Comprehensive Cancer Organisation",,"0000-0001-6687-5393; 0000-0001-7791-2049; 0000-0001-7908-294X; 0000-0001-7974-5045; 0000-0002-2446-2862; 0000-0002-3000-2520; 0000-0002-5196-4358; 0000-0002-9003-6124; 0000-0002-9114-643X; 0000-0003-0413-6872"
"Impact of time-to-treatment on survival for early-stage non-small cell lung cancer in The Netherlands—a nationwide observational cohort study",10.21037/tlcr-23-256,"Translational Lung Cancer Research",2023-10-01,1,journal-article,"AME Publishing Company","Sosse E Klarenbeek - Radboud University Medical Center; Sosse E Klarenbeek - Radboud University Nijmegen; Mieke J Aarts - Netherlands Comprehensive Cancer Organisation; Michel M van den Heuvel - Radboud University Medical Center; Michel M van den Heuvel - Radboud Institute for Molecular Life Sciences; Michel M van den Heuvel - Radboud University Nijmegen; Mathias Prokop - Radboud University Medical Center; Mathias Prokop - Radboud University Nijmegen; Marcia Tummers - Radboud University Nijmegen; Marcia Tummers - Radboud University Medical Center; Olga C.J Schuurbiers-Siebers - Radboud University Nijmegen; Olga C.J Schuurbiers-Siebers - Radboud University Medical Center; Olga C.J Schuurbiers-Siebers - Radboud Institute for Molecular Life Sciences",,"0000-0001-5913-4554; 0000-0001-8157-8055; 0000-0001-9957-399X; 0000-0002-3230-9171; 0000-0002-6372-2153"
"The solitary versus supported experience: Care inequality between rare and common cancer patients",10.1002/pon.6216,Psycho-Oncology,2023-09-12,1,journal-article,Wiley,"Eline de Heus - Radboud University Nijmegen; Eline de Heus - Radboud University Medical Center; Eline de Heus - Netherlands Comprehensive Cancer Organisation; Kalinka van de Camp - Netherlands Comprehensive Cancer Organisation; Esmee Driehuis - Netherlands Comprehensive Cancer Organisation; Jan Maarten van der Zwan - Netherlands Comprehensive Cancer Organisation; Carla M.L van Herpen - Radboud University Nijmegen; Carla M.L van Herpen - Radboud University Medical Center; Matthias A.W Merkx - Radboud University Nijmegen; Matthias A.W Merkx - Radboud University Medical Center; Matthias A.W Merkx - Netherlands Comprehensive Cancer Organisation; Saskia F A Duijts - Netherlands Comprehensive Cancer Organisation; Saskia F A Duijts - Amsterdam University Medical Centers; Saskia F A Duijts - Cancer Center Amsterdam; Saskia F A Duijts - Vrije Universiteit Amsterdam",,"0000-0001-5130-5451; 0000-0001-6025-5361; 0000-0002-0019-7259; 0000-0002-0687-9760; 0000-0003-3271-5572"
"The cancer burden in the oldest‐old: Increasing numbers and disparities—A nationwide study in the Netherlands, 1990 to 2019",10.1002/ijc.34705,"International Journal of Cancer",2023-09-04,1,journal-article,Wiley,"Melinda S Schuurman - Netherlands Comprehensive Cancer Organisation; V.E.P.P Lemmens - Erasmus MC; V.E.P.P Lemmens - Netherlands Comprehensive Cancer Organisation; Johanneke E.A Portielje - Leiden University Medical Center; Maaike A van der Aa - Netherlands Comprehensive Cancer Organisation; Otto Visser - Netherlands Comprehensive Cancer Organisation; Avinash G Dinmohamed - Amsterdam University Medical Centers; Avinash G Dinmohamed - University of Amsterdam; Avinash G Dinmohamed - Netherlands Comprehensive Cancer Organisation; Avinash G Dinmohamed - Erasmus MC; Avinash G Dinmohamed - Vrije Universiteit Amsterdam",,"0000-0002-2934-2704; 0000-0002-4109-5734; 0000-0002-4767-6716; 0000-0002-5169-6306; 0000-0003-1496-1817; 0000-0003-4229-8821"
"Trends in the epidemiology of small-cell lung cancer: a Dutch nationwide population-based study over 1989–2020",10.1016/j.ejca.2023.112985,"European Journal of Cancer",2023-09-01,3,journal-article,"Elsevier BV","Daphne W Dumoulin - Erasmus MC Cancer Institute; Mieke J Aarts - Netherlands Comprehensive Cancer Organisation; Dirk De Ruysscher - Erasmus MC Cancer Institute; Joachim G.J.V Aerts - Erasmus MC Cancer Institute; Anne‐Marie C Dingemans - Erasmus MC Cancer Institute",,
"Prognostic Implication of KRAS G12C Mutation in a Real-World KRAS-Mutated Stage IV NSCLC Cohort Treated With Immunotherapy in The Netherlands",10.1016/j.jtocrr.2023.100543,"JTO Clinical and Research Reports",2023-09-01,1,journal-article,"Elsevier BV","Anneloes L Noordhof - Medisch Centrum Leeuwarden; Esther M Swart - Netherlands Comprehensive Cancer Organisation; Ronald Damhuis - Netherlands Comprehensive Cancer Organisation; Lizza Hendriks - Maastricht University; Peter W.A Kunst - OLVG; Mieke J Aarts - Netherlands Comprehensive Cancer Organisation; Wouter H van Geffen - Medisch Centrum Leeuwarden",,"0000-0001-7248-7047; 0000-0002-3521-2535; 0000-0002-5976-0974; 0000-0002-6269-6766"
"Personalised decision making to predict absolute metastatic risk in cutaneous squamous cell carcinoma: development and validation of a clinico-pathological model",10.1016/j.eclinm.2023.102150,EClinicalMedicine,2023-09-01,1,journal-article,"Elsevier BV","Barbara Rentroia‐Pacheco - Erasmus MC Cancer Institute; Barbara Rentroia‐Pacheco - Erasmus MC; Selin Tokez - Erasmus MC Cancer Institute; Selin Tokez - Erasmus MC; Edo M Bramer - Erasmus MC Cancer Institute; Edo M Bramer - Erasmus MC; Zoe C Venables - University of East Anglia; Zoe C Venables - National Cancer Registration Service; Zoe C Venables - NHS England; Zoe C Venables - Norfolk and Norwich University Hospital; Harmen J.G van de Werken - Erasmus MC Cancer Institute; Harmen J.G van de Werken - Erasmus MC; David van Klaveren - Erasmus MC; Antien L Mooyaart - Erasmus MC; Loes M Hollestein - Erasmus MC Cancer Institute; Loes M Hollestein - Erasmus MC; Loes M Hollestein - Netherlands Comprehensive Cancer Organisation; Marlies Wakkee - Erasmus MC Cancer Institute; Marlies Wakkee - Erasmus MC",,"0000-0001-8578-901X; 0000-0001-8922-6791; 0000-0001-9810-5780; 0000-0002-1640-2368; 0000-0002-2096-606X; 0000-0002-9794-1477; 0000-0002-9929-2693; 0000-0003-0073-4269"
"Dry mouth in patients with a life-limiting condition or frailty: a study protocol for two intervention studies and a nested qualitative sub-study (the Dry mOuth Project, DROP)",10.1186/s12904-023-01242-0,"BMC Palliative Care",2023-08-23,1,journal-article,"Springer Nature","Annelot I van der Meulen - Leiden University Medical Center; Ellen J M de Nijs - Leiden University Medical Center; Bénédicte J E G Coenegracht - Zuyderland Medisch Centrum; Arianne Brinkman‐Stoppelenburg - Netherlands Comprehensive Cancer Organisation; Evelien P J G Neis - Maastricht University; M.H.J van den Beuken-van Everdingen - Maastricht University; Arianne Brinkman‐Stoppelenburg - Leiden University Medical Center; Yvette M van der Linden - Netherlands Comprehensive Cancer Organisation; Yvette M van der Linden - Leiden University Medical Center",,"0000-0001-6377-1599; 0000-0002-2446-2862; 0000-0002-9003-6124"
"Nordcan.R: a new tool for federated analysis and quality assurance of cancer registry data",10.3389/fonc.2023.1098342,"Frontiers in Oncology",2023-08-08,2,journal-article,"Frontiers Media SA","Siri Larønningen - Cancer Registry of Norway; Anna Skog - Cancer Registry of Norway; Gerda Engholm - Danish Cancer Society; Jacques Ferlay - Centre international de recherche sur le cancer; Tom Børge Johannesen - Cancer Registry of Norway; Marnar Fríðheim Kristiansen - University of the Faroe Islands; Daan Knoors - Netherlands Comprehensive Cancer Organisation; Simon Mathis Kønig - Danish Cancer Society; Elínborg J Ólafsdóttir - Icelandic Cancer Society; Sasha Pejicic - National Board of Health and Welfare; David Pettersson - National Board of Health and Welfare; Charlotte Wessel Skovlund - Danish Cancer Society; Hans H Storm - Danish Cancer Society; Huidong Tian - Cancer Registry of Norway; Bjarte Aagnes - Cancer Registry of Norway; Joonas Miettinen - Finnish Cancer Registry",,"0000-0001-7223-8198; 0000-0001-8624-6754; 0000-0002-1052-0304; 0000-0002-3123-1747; 0000-0002-5337-6234; 0000-0002-6234-359X; 0000-0002-9313-1557; 0000-0003-0978-5281; 0000-0003-4927-6932"
"Depression, anxiety, and the risk of cancer: An individual participant data meta‐analysis",10.1002/cncr.34853,Cancer,2023-08-07,2,journal-article,Wiley,"Lonneke A van Tuijl - University Medical Center Groningen; Lonneke A van Tuijl - University of Groningen; Lonneke A van Tuijl - Utrecht University; Maartje Basten - University Medical Center Utrecht; Maartje Basten - Utrecht University; Kuan‐Yu Pan - Vrije Universiteit Amsterdam; Kuan‐Yu Pan - Amsterdam University Medical Centers; Kuan‐Yu Pan - Public Health Service of Amsterdam; Kuan‐Yu Pan - Karolinska Institutet; Roel Vermeulen - Utrecht University; Lützen Portengen - Utrecht University; Alexander de Graeff - University Medical Center Utrecht; Joost Dekker - Amsterdam University Medical Centers; Joost Dekker - Public Health Service of Amsterdam; Joost Dekker - Vrije Universiteit Amsterdam; Mirjam I Geerlings - University Medical Center Utrecht; Mirjam I Geerlings - Utrecht University; Mirjam I Geerlings - Vrije Universiteit Amsterdam; Mirjam I Geerlings - Amsterdam University Medical Centers; Mirjam I Geerlings - Amsterdam Neuroscience; Adriaan W Hoogendoorn - Amsterdam University Medical Centers; Adriaan W Hoogendoorn - GGZ inGeest; Adriaan W Hoogendoorn - Vrije Universiteit Amsterdam; Femke Lamers - Vrije Universiteit Amsterdam; Femke Lamers - Amsterdam University Medical Centers; Femke Lamers - Public Health Service of Amsterdam; Adri C Voogd - Maastricht University; Adri C Voogd - Netherlands Comprehensive Cancer Organisation; Jessica Abell - University College London; Philip Awadalla - University of Toronto; Philip Awadalla - Public Health Ontario; Philip Awadalla - Ontario Institute for Cancer Research; Aartjan T.F Beekman - Vrije Universiteit Amsterdam; Aartjan T.F Beekman - Amsterdam University Medical Centers; Ottar Bjerkeset - Norwegian University of Science and Technology; Ottar Bjerkeset - Nord University; Andy Boyd - University of Bristol; Yunsong Cui - Dalhousie University; N Charlotte Onland‐Moret - Utrecht University; Nolwenn Noisel - Centre Hospitalier Universitaire Sainte-Justine; N Charlotte Onland‐Moret - University Medical Center Utrecht; Philipp Frank - University College London; Henrike Galenkamp - Amsterdam University Medical Centers; Henrike Galenkamp - University of Amsterdam; Bert Garssen - University Medical Center Groningen; Bert Garssen - University of Groningen; Sean Hellingman - Wilfrid Laurier University; Martijn Huisman - Vrije Universiteit Amsterdam; Martijn Huisman - Amsterdam University Medical Centers; Anke Huss - Utrecht University; Melanie R Keats - Dalhousie University; Almar A L Kok - Amsterdam University Medical Centers; Almar A L Kok - Vrije Universiteit Amsterdam; Steinar Krokstad - Norwegian University of Science and Technology; Steinar Krokstad - Levanger Hospital; Flora E van Leeuwen - The Netherlands Cancer Institute; Annemarie I Luik - Erasmus MC; Yves Payette - Centre Hospitalier Universitaire Sainte-Justine; Brenda W.J.H Penninx - Vrije Universiteit Amsterdam; Brenda W.J.H Penninx - Amsterdam University Medical Centers; Ina Rissanen - University Medical Center Utrecht; Ina Rissanen - Utrecht University; Annelieke M Roest - University of Groningen; Rikje Ruiter - Erasmus MC; Rikje Ruiter - Maasstad Ziekenhuis; Robert A Schoevers - University of Groningen; Robert A Schoevers - University Medical Center Groningen; David Soave - Ontario Institute for Cancer Research; David Soave - Wilfrid Laurier University; Mandy Spaan - The Netherlands Cancer Institute; Judith G.M Rosmalen - University of Groningen; Andrew Steptoe - University College London; Karien Stronks - Amsterdam University Medical Centers; Karien Stronks - University of Amsterdam; Erik R Sund - Nord University; Erik R Sund - Norwegian University of Science and Technology; Erik R Sund - Levanger Hospital; Ellen Sweeney - Dalhousie University; Emma L Twait - Utrecht University; Emma L Twait - Vrije Universiteit Amsterdam; W M Monique Verschuren - University Medical Center Utrecht; Emma L Twait - University Medical Center Utrecht; Emma L Twait - Amsterdam University Medical Centers; Alison Teyhan - University of Bristol; W M Monique Verschuren - Utrecht University; W M Monique Verschuren - National Institute for Public Health and the Environment; Kimberly D van der Willik - The Netherlands Cancer Institute; Kimberly D van der Willik - Erasmus MC; Judith G.M Rosmalen - University Medical Center Groningen; Adelita V Ranchor - University Medical Center Groningen; Adelita V Ranchor - University of Groningen",,
"Fourth mRNA COVID-19 vaccination in immunocompromised patients with haematological malignancies (COBRA KAI): a cohort study",10.1016/j.eclinm.2023.102040,EClinicalMedicine,2023-07-01,1,journal-article,"Elsevier BV","Quincy Hofsink - Amsterdam University Medical Centers; Quincy Hofsink - University of Amsterdam; Sabine Haggenburg - Amsterdam University Medical Centers; Sabine Haggenburg - University of Amsterdam; Birgit I Lissenberg‐Witte - Vrije Universiteit Amsterdam; Birgit I Lissenberg‐Witte - Amsterdam University Medical Centers; Annoek E C Broers - Erasmus MC Cancer Institute; Jaap A van Doesum - University Medical Center Groningen; Jaap A van Doesum - University of Groningen; Rob van Binnendijk - Netherlands Environmental Assessment Agency; Gerco den Hartog - Radboud University Nijmegen; Gerco den Hartog - Radboud University Medical Center; Gerco den Hartog - National Institute for Public Health and the Environment; Michel S Bhoekhan - University of Amsterdam; Michel S Bhoekhan - Amsterdam University Medical Centers; Nienke J.E Haverkate - Amsterdam University Medical Centers; Nienke J.E Haverkate - University of Amsterdam; Johan van Meerloo - Amsterdam University Medical Centers; Johan van Meerloo - Vrije Universiteit Amsterdam; Judith A Burger - Amsterdam University Medical Centers; Judith A Burger - University of Amsterdam; Joey H Bouhuijs - Amsterdam University Medical Centers; Joey H Bouhuijs - University of Amsterdam; Gaby Smits - Netherlands Environmental Assessment Agency; Dorine Wouters - Amsterdam UMC Location Vrije Universiteit Amsterdam; Ester M M van Leeuwen - Amsterdam University Medical Centers; Ester M M van Leeuwen - University of Amsterdam; Hetty J Bontkes - Amsterdam UMC Location Vrije Universiteit Amsterdam; Neeltje A Kootstra - University of Amsterdam; Neeltje A Kootstra - Amsterdam University Medical Centers; Sandra Vogels-Nooijen - Netherlands Comprehensive Cancer Organisation; Nynke Y Rots - Netherlands Environmental Assessment Agency; Josine van Beek - Netherlands Environmental Assessment Agency; Mirjam H.M Heemskerk - Leiden University; Kazimierz Groen - Vrije Universiteit Amsterdam; Kazimierz Groen - Amsterdam University Medical Centers; Tom van Meerten - University Medical Center Groningen; Tom van Meerten - University of Groningen; Pim Mutsaers - Erasmus MC Cancer Institute; Marit J van Gils - Amsterdam University Medical Centers; Marit J van Gils - University of Amsterdam; Abraham Goorhuis - University of Amsterdam; Abraham Goorhuis - Amsterdam University Medical Centers; Caroline E Rutten - Amsterdam University Medical Centers; Caroline E Rutten - University of Amsterdam; Mette D Hazenberg - University of Amsterdam; Mette D Hazenberg - Sanquin; Mette D Hazenberg - Amsterdam University Medical Centers; Inger S Nijhof - St. Antonius Ziekenhuis; Inger S Nijhof - Vrije Universiteit Amsterdam; Inger S Nijhof - Amsterdam University Medical Centers; Yara Y Witte - Vrije Universiteit Amsterdam; Yara Y Witte - Amsterdam University Medical Centers; Wouter Olijhoek - Amsterdam UMC Location Vrije Universiteit Amsterdam",,"0000-0001-6320-9133; 0000-0001-7423-6217; 0000-0001-9429-7754; 0000-0001-9448-1826; 0000-0002-2103-6315; 0000-0002-3562-293X; 0000-0002-3701-4735; 0000-0002-3924-8578; 0000-0002-5113-0249; 0000-0002-5581-6950; 0000-0002-5808-1443; 0000-0002-6074-8542; 0000-0002-7170-7826; 0000-0002-7311-9921; 0000-0002-7735-9359; 0000-0003-0118-0966; 0000-0003-0214-3219; 0000-0003-3422-8161; 0000-0003-4095-9307; 0000-0003-4890-0940; 0009-0004-0216-7071"
"Genome-wide Association Study of Bladder Cancer Reveals New Biological and Translational Insights",10.1016/j.eururo.2023.04.020,"European Urology",2023-07-01,3,journal-article,"Elsevier BV","Stella Koutros - Division of Cancer Epidemiology and Genetics; Stella Koutros - National Cancer Institute; Lambertus A Kiemeney - Radboud University Nijmegen; Lambertus A Kiemeney - Radboud University Medical Center; Parichoy Pal Choudhury - American Cancer Society; Parichoy Pal Choudhury - Division of Cancer Epidemiology and Genetics; Parichoy Pal Choudhury - National Cancer Institute; Roger L Milne - Cancer Council Victoria; Roger L Milne - The University of Melbourne; Roger L Milne - Monash Health; Roger L Milne - Monash University; Evangelina López de Maturana - Spanish National Cancer Research Centre; Evangelina López de Maturana - Centro de Investigación Biomédica en Red de Cáncer; Yuanqing Ye - Zhejiang University; Joseph Vijai - Memorial Sloan Kettering Cancer Center; Oscar Flórez-Vargas - Division of Cancer Epidemiology and Genetics; Oscar Flórez-Vargas - National Cancer Institute; Lars Dyrskjøt - Aarhus University; Jonine D Figueroa - Division of Cancer Epidemiology and Genetics; Jonine D Figueroa - University of Edinburgh; Jonine D Figueroa - National Cancer Institute; Diptavo Dutta - National Cancer Institute; Diptavo Dutta - Division of Cancer Epidemiology and Genetics; Graham G Giles - Monash Health; Graham G Giles - The University of Melbourne; Graham G Giles - Monash University; Graham G Giles - Cancer Council Victoria; Michelle A.T Hildebrandt - The University of Texas MD Anderson Cancer Center; Kenneth Offit - Memorial Sloan Kettering Cancer Center; Manolis Kogevinas - Barcelona Institute for Global Health; Elisabete Weiderpass - Centre international de recherche sur le cancer; Marjorie L McCullough - American Cancer Society; Neal D Freedman - National Cancer Institute; Neal D Freedman - Division of Cancer Epidemiology and Genetics; Demetrius Albanes - National Cancer Institute; Demetrius Albanes - Division of Cancer Epidemiology and Genetics; Charles Kooperberg - Fred Hutch Cancer Center; Josep Lloreta - Memorial Sloan Kettering Cancer Center; Shengchao Alfred Li - Centre international de recherche sur le cancer",,"0000-0001-5294-5485; 0000-0001-5708-8961; 0000-0001-5764-7268; 0000-0001-7061-9851; 0000-0001-8330-4293; 0000-0001-9425-3911; 0000-0002-0857-0230; 0000-0002-2180-2032; 0000-0002-2368-1326; 0000-0002-4393-2612; 0000-0002-5100-623X; 0000-0002-6634-9040; 0000-0002-7933-151X; 0000-0002-7986-8560; 0000-0002-9605-0461; 0000-0003-0074-1098; 0000-0003-1644-9470; 0000-0003-2237-0128; 0000-0003-3025-6341; 0000-0003-4946-9099"
"Staging fluorodeoxyglucose positron emission tomography/computed tomography for muscle‐invasive bladder cancer: a nationwide population‐based study",10.1111/bju.16091,"BJU International",2023-06-15,1,journal-article,Wiley,"Anke Richters - Netherlands Comprehensive Cancer Organisation; Anke Richters - Radboud University Nijmegen; Anke Richters - Radboud University Medical Center; Noor van Ginkel - Amsterdam University Medical Centers; Noor van Ginkel - The Netherlands Cancer Institute; Richard P Meijer - University Medical Center Utrecht; Maurits Wondergem - The Netherlands Cancer Institute; Ivo G Schoots - Oncode Institute; Ivo G Schoots - The Netherlands Cancer Institute; Ivo G Schoots - Erasmus MC; André N Vis - Amsterdam UMC Location Vrije Universiteit Amsterdam; Lambertus A Kiemeney - Radboud University Nijmegen; Lambertus A Kiemeney - Radboud University Medical Center; Bas W.G van Rhijn - The Netherlands Cancer Institute; J Alfred Witjes - Radboud University Medical Center; Bas W.G van Rhijn - University of Regensburg; J Alfred Witjes - Radboud University Nijmegen; Katja K.H Aben - Netherlands Comprehensive Cancer Organisation; Katja K.H Aben - Radboud University Nijmegen; Katja K.H Aben - Radboud University Medical Center; Laura S Mertens - The Netherlands Cancer Institute",,
"Primary outcome analysis of the phase 3 SONIA trial (BOOG 2017-03) on selecting the optimal position of cyclin-dependent kinases 4 and 6 (CDK4/6) inhibitors for patients with hormone receptor-positive (HR+), HER2-negative (HER2-) advanced breast cancer (ABC).",10.1200/jco.2023.41.17_suppl.lba1000,"Journal of Clinical Oncology",2023-06-10,1,journal-article,"American Society of Clinical Oncology (ASCO)","Gabe S Sonke - The Netherlands Cancer Institute; Annemiek van Ommen-Nijhof - The Netherlands Cancer Institute; Noor Wortelboer - Erasmus MC Cancer Institute; Vincent van der Noort - The Netherlands Cancer Institute; Astrid C.P Swinkels - Netherlands Comprehensive Cancer Organisation; Hedwig M Blommestein - Erasmus University Rotterdam; Aart Beeker - Spaarne Ziekenhuis; Aart Beeker - Spaarne Gasthuis; Karin Beelen - Rijnstate Hospital; Lisanne C Hamming - Medisch Centrum Leeuwarden; Joan B Heijns - Amphia Ziekenhuis; Aafke H Honkoop - Isala; Paul C de Jong - St. Antonius Ziekenhuis; Quirine C van Rossum‐Schornagel - Franciscus Vlietland; Quirine C van Rossum‐Schornagel - Sint Franciscus Gasthuis; Christa van Schaik-van de Mheen - Meander Medisch Centrum; Jolien Tol - Jeroen Bosch Ziekenhuis; Cathrien Tromp-van Driel - Gelre Hospitals; Inge R Konings - Amsterdam University Medical Centers; Inge R Konings - Vrije Universiteit Amsterdam; Agnes Jager - Erasmus MC Cancer Institute",,
"Attendance characteristics of the breast and colorectal cancer screening programmes in a highly urbanised region of the Netherlands: a retrospective observational study",10.1136/bmjopen-2022-071354,"BMJ Open",2023-06-01,1,journal-article,BMJ,"Thomas H G Bongaerts - Leiden University Medical Center; Thomas H G Bongaerts - The Hague University of Applied Sciences; Frederike L Büchner - Leiden University Medical Center; Frederike L Büchner - The Hague University of Applied Sciences; Linda de Munck - Netherlands Comprehensive Cancer Organisation; Marloes A.G Elferink - Netherlands Comprehensive Cancer Organisation; Onno R Guicherit - Medisch Centrum Haaglanden; Mattijs E Numans - Leiden University Medical Center; Mattijs E Numans - The Hague University of Applied Sciences",,"0000-0001-8977-5344; 0000-0002-0368-5426; 0000-0002-2930-509X; 0000-0002-3242-0486; 0000-0002-3986-4776; 0000-0003-4862-1394"
"Surveillance for Pancreatic Cancer in High-Risk Individuals Leads to Improved Outcomes: A Propensity Score-Matched Analysis",10.1053/j.gastro.2023.02.032,Gastroenterology,2023-06-01,1,journal-article,"Elsevier BV","Derk C.F Klatte - Leiden University Medical Center; Bas Boekestijn - Leiden University Medical Center; Anke M Onnekink - Leiden University Medical Center; Friedo W Dekker - Leiden University Medical Center; Lydia G van der Geest - Netherlands Comprehensive Cancer Organisation; Martin N.J.M Wasser - Leiden University Medical Center; Shirin Feshtali - Leiden University Medical Center; J Sven D Mieog - Leiden University Medical Center; Saskia Luelmo - Leiden University Medical Center; Hans Morreau - Leiden University Medical Center; Thomas P Potjer - Leiden University Medical Center; Akin Inderson - Leiden University Medical Center; Jurjen J Boonstra - Leiden University Medical Center; Hans F A Vasen - Leiden University Medical Center; Jeanin E van Hooft - Leiden University Medical Center; Bert A Bonsing - Leiden University Medical Center; Monique E van Leerdam - Leiden University Medical Center; Monique E van Leerdam - The Netherlands Cancer Institute",,
"The use and misuse of risk prediction tools for clinical decision-making",10.1016/j.breast.2023.01.006,"The Breast",2023-06-01,1,journal-article,"Elsevier BV","Marissa C van Maaren - Netherlands Comprehensive Cancer Organisation; Marissa C van Maaren - University of Twente; Vinzenz Völkel - University of Regensburg; Marjan van Hezewijk - Radiotherapiegroep; Luc J A Strobbe - Canisius-Wilhelmina Ziekenhuis; Sabine Siesling - Netherlands Comprehensive Cancer Organisation; Sabine Siesling - University of Twente",,"0000-0002-0273-824X; 0000-0002-3840-3003; 0000-0002-5708-2559"
"The impact of routine ultrasonography on nodal metastasis in head and neck cutaneous squamous cell carcinoma: A retrospective multicentre cohort study",10.1111/jdv.19150,"Journal of the European Academy of Dermatology and Venereology",2023-05-06,1,journal-article,Wiley,"Celeste J Eggermont - Erasmus MC Cancer Institute; Lauren Eleanor Hilary Nené - Leiden University Medical Center; Fabiënne H J Koekelkoren - Erasmus MC Cancer Institute; Y R van der Toorn - Erasmus MC Cancer Institute; L D Snetselaar - Maastricht University; Madeline Kroah‐Hartman - University Medical Center Groningen; Roel E Genders - Leiden University Medical Center; Nicole W.J Kelleners-Smeets - Maastricht University; Loes M Hollestein - Erasmus MC Cancer Institute; Loes M Hollestein - Netherlands Comprehensive Cancer Organisation; Marloes S van Kester - University Medical Center Groningen; Marlies Wakkee - Erasmus MC Cancer Institute",,"0000-0001-6542-7740; 0000-0001-8578-901X; 0000-0001-8623-9298; 0000-0001-8922-6791; 0000-0001-9442-0898; 0000-0002-1669-0283; 0000-0002-7968-7145"
"Overall survival in advanced epidermal growth factor receptor mutated non-small cell lung cancer using different tyrosine kinase inhibitors in The Netherlands: a retrospective, nationwide registry study",10.1016/j.lanepe.2023.100592,"The Lancet Regional Health - Europe",2023-04-01,4,journal-article,"Elsevier BV","Rolof G.P Gijtenbeek - Medisch Centrum Leeuwarden; Ronald Damhuis - Netherlands Comprehensive Cancer Organisation; Anthonie J van der Wekken - University Medical Center Groningen; Anthonie J van der Wekken - University of Groningen; Lizza E.L Hendriks - Maastricht University Medical Centre; Harry J.M Groen - University Medical Center Groningen; Harry J.M Groen - University of Groningen; Wouter H van Geffen - Medisch Centrum Leeuwarden",,
"Photobiomodulation therapy for the prevention of acute radiation dermatitis: a systematic review and meta-analysis",10.1007/s00520-023-07673-y,"Supportive Care in Cancer",2023-03-23,1,journal-article,"Springer Nature","Margherita Gobbo - Ca' Foncello Hospital; Victoria Rico - McMaster University; Gustavo Nader Marta - Hospital Sírio-Libanês; Saverio Caini - Piedmont Reference Center for Epidemiology and Cancer Prevention; Julie Ryan Wolf - University of Rochester Medical Center; Corina van den Hurk - Netherlands Comprehensive Cancer Organisation; Mara Beveridge - University Hospitals of Cleveland; Henry Lam - Sunnybrook Health Science Centre; Henry Lam - Health Sciences Centre; Henry Lam - University of Toronto; Pierluigi Bonomo - Azienda Ospedaliero-Universitaria Careggi; Edward Chow - University of Toronto; Tara Behroozian - McMaster University",,
"Global trends in the epidemiology of bladder cancer: challenges for public health and clinical practice",10.1038/s41571-023-00744-3,"Nature Reviews Clinical Oncology",2023-03-13,2,journal-article,"Springer Nature","Lisa M.C van Hoogstraten - Netherlands Comprehensive Cancer Organisation; Alina Vrieling - Radboud University Nijmegen; Alina Vrieling - Radboud University Medical Center; Antoine G van der Heijden - Radboud University Nijmegen; Antoine G van der Heijden - Radboud University Medical Center; Manolis Kogevinas - Barcelona Institute for Global Health; Anke Richters - Radboud University Nijmegen; Anke Richters - Radboud University Medical Center; Lambertus A Kiemeney - Radboud University Nijmegen; Lambertus A Kiemeney - Radboud University Medical Center",,
"The Dutch Lung Cancer Audit-Radiotherapy (DLCA-R): Real-World Data on Stage III Non-Small Cell Lung Cancer Patients Treated With Curative Chemoradiation",10.1016/j.cllc.2022.11.008,"Clinical Lung Cancer",2023-03-01,1,journal-article,"Elsevier BV","C Tissing-Tan - Radiotherapiegroep; Antoinet van der Wel - Radiotherapeutisch Instituut Friesland; Antoinet van der Wel - GGD Haaglanden; Erwin M Wiegman - Isala; Ronald Damhuis - Netherlands Comprehensive Cancer Organisation; J Belderbos - The Netherlands Cancer Institute",,
"The effects of exposure to solar radiation on human health",10.1007/s43630-023-00375-8,"Photochemical & Photobiological Sciences",2023-03-01,4,journal-article,"Springer Nature","Rachel Ε Neale - QIMR Berghofer Medical Research Institute; Robyn Lucas - Australian National University; Scott N Byrne - The University of Sydney; Loes M Hollestein - Erasmus MC Cancer Institute; Lesley E Rhodes - Salford Royal Hospital; Seyhan Yazar - Garvan Institute of Medical Research; Antony R Young - King's College London; Marianne Berwick - New Mexico Cancer Center; Marianne Berwick - UNM Comprehensive Cancer Center; Marianne Berwick - University of New Mexico; Rachael A Ireland - The University of Sydney; Catherine M Olsen - The University of Queensland",,
"Locally Recurrent Rectal Cancer: Toward a Second Chance at Cure? A Population-Based, Retrospective Cohort Study",10.1245/s10434-023-13141-y,"Annals of Surgical Oncology",2023-02-15,1,journal-article,"Springer Nature","Hidde Swartjes - Radboud University Nijmegen; Hidde Swartjes - Radboud University Medical Center; Jan M van Rees - Erasmus MC Cancer Institute; Felice N van Erning - Netherlands Comprehensive Cancer Organisation; Marcel Verheij - Radboud University Nijmegen; Marcel Verheij - Radboud University Medical Center; Cornelis Verhoef - Erasmus MC Cancer Institute; Johannes H W de Wilt - Radboud University Nijmegen; Johannes H W de Wilt - Radboud University Medical Center; Pauline A J Vissers - Netherlands Comprehensive Cancer Organisation; Tijmen Koëter - Elisabeth-TweeSteden Ziekenhuis",,"0000-0001-7349-2032; 0000-0001-9980-8613; 0000-0002-0194-8798; 0000-0002-0677-888X; 0000-0002-1746-8684; 0000-0002-8079-7421; 0000-0003-0125-1429"
"Cancer treatment data available in European cancer registries: Where are we and where are we going?",10.3389/fonc.2023.1109978,"Frontiers in Oncology",2023-02-08,1,journal-article,"Frontiers Media SA","Francesco Giusti - Joint Research Centre; Carmen Martos - Joint Research Centre; Carmen Martos - Fundación para el Fomento de la Investigación Sanitaria y Biomédica de la Comunitat Valenciana; Annalisa Trama - Fondazione IRCCS Istituto Nazionale dei Tumori; Manola Bettio - Joint Research Centre; Arantza Sanvisens - Institut Català d'Oncologia; Arantza Sanvisens - Generalitat de Catalunya; Arantza Sanvisens - Institut d'Investigació Biomèdica de Girona; Riccardo A Audisio - Sahlgrenska University Hospital; Volker Arndt - Heidelberg University; Volker Arndt - German Cancer Research Center; Silvia Francisci - Istituto Superiore di Sanità; Gemma Gatta - Fondazione IRCCS Istituto Nazionale dei Tumori; Rafael Marcos‐Gragera - Institut Català d'Oncologia; Rafael Marcos‐Gragera - Generalitat de Catalunya; Rafael Marcos‐Gragera - Institut d'Investigació Biomèdica de Girona; Yolande Lievens - Ghent University Hospital; Claudia Allemani - London School of Hygiene & Tropical Medicine; Roberta De Angelis - Istituto Superiore di Sanità; Otto Visser - Netherlands Comprehensive Cancer Organisation",,
"One-year data on immunogenicity and breakthrough infections in patients with solid tumors vaccinated against COVID-19 during systemic cancer treatment",10.1016/j.esmoop.2023.100785,"ESMO Open",2023-02-01,1,journal-article,"Elsevier BV","Astrid A.M van der Veldt - Erasmus University Rotterdam; Sjoukje F Oosting - University Medical Center Groningen; Sjoukje F Oosting - University of Groningen; Rudolf S.N Fehrmann - University Medical Center Groningen; Rudolf S.N Fehrmann - University of Groningen; Corine H GeurtsvanKessel - Erasmus University Rotterdam; Rob van Binnendijk - Netherlands Environmental Assessment Agency; Anne‐Marie C Dingemans - Erasmus University Rotterdam; Egbert F Smit - The Netherlands Cancer Institute; T Jeroen N Hiltermann - University Medical Center Groningen; Gerco den Hartog - Netherlands Environmental Assessment Agency; Mathilde Jalving - University Medical Center Groningen; Mathilde Jalving - University of Groningen; Tatjana T Westphal - Netherlands Comprehensive Cancer Organisation; Arkajyoti Bhattacharya - University Medical Center Groningen; Arkajyoti Bhattacharya - University of Groningen; Faye de Wilt - Erasmus University Rotterdam; S.M Ernst - Erasmus University Rotterdam; Annemarie Boerma - University Medical Center Groningen; Annemarie Boerma - University of Groningen; L van Zijl - The Netherlands Cancer Institute; Guus F Rimmelzwaan - University of Veterinary Medicine Hannover, Foundation; Pia Kvistborg - The Netherlands Cancer Institute; Cécile A C M van - Utrecht University; Cécile A C M van - National Institute for Public Health and the Environment; Nynke Y Rots - Netherlands Environmental Assessment Agency; Debbie van Baarle - University Medical Center Groningen; Debbie van Baarle - University of Groningen; John B.A.G Haanen - The Netherlands Cancer Institute; Elisabeth G.E de Vries - University Medical Center Groningen; Elisabeth G.E de Vries - University of Groningen",,
"Circulating tumour DNA as biomarker for rectal cancer: A systematic review and meta-analyses",10.3389/fonc.2023.1083285,"Frontiers in Oncology",2023-01-30,1,journal-article,"Frontiers Media SA","Jan M van Rees - Erasmus MC Cancer Institute; Lissa Wullaert - Erasmus MC Cancer Institute; Alexander A.J Grüter - Vrije Universiteit Amsterdam; Yassmina Derraze - Vrije Universiteit Amsterdam; Pieter J Tanis - Erasmus MC Cancer Institute; Henk M.W Verheul - Erasmus MC Cancer Institute; John W.M Martens - Erasmus MC Cancer Institute; Saskia M Wilting - Erasmus MC Cancer Institute; Geraldine R Vink - Netherlands Comprehensive Cancer Organisation; Geraldine R Vink - University Medical Center Utrecht; Geraldine R Vink - Utrecht University; Jeroen L.A van Vugt - Erasmus MC Cancer Institute; Nick Beije - Erasmus MC Cancer Institute; Cornelis Verhoef - Erasmus MC Cancer Institute",,"0000-0001-5462-9486; 0000-0001-5981-922X; 0000-0002-0194-8798; 0000-0002-2838-841X; 0000-0002-3146-3310; 0000-0002-3428-3366; 0000-0002-6073-1003; 0000-0002-6731-9660; 0000-0002-8150-6040; 0000-0003-0033-9947"
"Update on Prevalence of Pain in Patients with Cancer 2022: A Systematic Literature Review and Meta-Analysis",10.3390/cancers15030591,Cancers,2023-01-18,2,journal-article,"MDPI AG","Rolf A H Snijders - Nederlandse Vereniging voor Kindergeneeskunde; Rolf A H Snijders - Netherlands Comprehensive Cancer Organisation; Linda Brom - Nederlandse Vereniging voor Kindergeneeskunde; Linda Brom - Netherlands Comprehensive Cancer Organisation; Maurice Theunissen - Maastricht University Medical Centre; M.H.J van den Beuken-van Everdingen - Maastricht University Medical Centre",,
"Risk of second primary malignancies in patients with chronic lymphocytic leukemia: a population-based study in the Netherlands, 1989-2019",10.1038/s41408-023-00784-z,"Blood Cancer Journal",2023-01-13,1,journal-article,"Springer Nature","Lina van der Straten - Netherlands Comprehensive Cancer Organisation; Mark‐David Levin - Albert Schweitzer Ziekenhuis; Manette A W Dinnessen - Netherlands Comprehensive Cancer Organisation; Otto Visser - Netherlands Comprehensive Cancer Organisation; Eduardus F M Posthuma - Reinier de Graaf Hospital; Jeanette K Doorduijn - Erasmus MC Cancer Institute; Anton W Langerak - Erasmus University Rotterdam; Anton W Langerak - Erasmus MC; Arnon P Kater - University of Amsterdam; Arnon P Kater - Amsterdam University Medical Centers; Avinash G Dinmohamed - University of Amsterdam; Avinash G Dinmohamed - Amsterdam University Medical Centers",,"0000-0001-5863-7897; 0000-0002-1014-0918; 0000-0002-2078-3220; 0000-0002-4767-6716; 0000-0002-9359-1203; 0000-0003-1496-1817; 0000-0003-2139-3547; 0000-0003-3190-1891"
"Quality of care and quality of life as experienced by patients with advanced cancer of a rare tumour type: results of the multicentre observational eQuiPe study",10.1007/s11764-022-01323-8,"Journal of Cancer Survivorship",2023-01-03,1,journal-article,"Springer Nature","Anouk van Oss - Netherlands Comprehensive Cancer Organisation; Saskia F A Duijts - Amsterdam University Medical Centers; Saskia F A Duijts - Vrije Universiteit Amsterdam; Saskia F A Duijts - Netherlands Comprehensive Cancer Organisation; Saskia F A Duijts - Cancer Center Amsterdam; Hanneke W.M van Laarhoven - Cancer Center Amsterdam; Hanneke W.M van Laarhoven - Amsterdam University Medical Centers; Hanneke W.M van Laarhoven - University of Amsterdam; Evelien Kuip - Radboud University Medical Center; Evelien Kuip - Radboud University Nijmegen; Natasja Raijmakers - Netherlands Comprehensive Cancer Organisation; Linda Brom - Netherlands Comprehensive Cancer Organisation",,"0000-0001-6025-5361; 0000-0002-3000-2520; 0000-0002-9114-643X; 0000-0003-1274-5643; 0009-0004-5699-9674"
"Clinicians’ experiences with cancer patients living longer with incurable cancer: a focus group study in the Netherlands",10.1017/s1463423622000500,"Primary Health Care Research and Development",2023-01-01,1,journal-article,"Cambridge University Press (CUP)","Hilde M Buiting - University of Amsterdam; Hilde M Buiting - The Netherlands Cancer Institute; Femke Botman - Amsterdam UMC Location Vrije Universiteit Amsterdam; Lilly‐Ann van der Velden - The Netherlands Cancer Institute; Linda Brom - Netherlands Comprehensive Cancer Organisation; Eva E Bolt - Amsterdam UMC Location Vrije Universiteit Amsterdam; Pieter de Mol - Ziekenhuis Gelderse Vallei; T J E M Bakker - Rotterdam University of Applied Sciences",,"0000-0002-3773-5436; 0000-0002-7717-2930; 0000-0003-0701-9874; 0009-0004-5699-9674"
"Fourth mRNA COVID-19 Vaccination in Immunocompromised Patients with Hematologic Malignancies",10.2139/ssrn.4375614,Unknown,2023-01-01,1,posted-content,"Elsevier BV","Quincy Hofsink - Amsterdam UMC Location University of Amsterdam; Quincy Hofsink - University of Amsterdam; Sabine Haggenburg - Amsterdam University Medical Centers; Birgit I Lissenberg‐Witte - University of Amsterdam; Jaap A van Doesum - University Medical Center Groningen; Robert Samuel van Binnendijk - National Institute for Public Health and the Environment; Gerco den Hartog - National Institute for Public Health and the Environment; Michel S Bhoekhan - Amsterdam University Medical Centers; Nienke J.E Haverkate - Amsterdam University Medical Centers; Johan van Meerloo - Amsterdam University Medical Centers; Judith A Burger - University of Amsterdam; Joey H Bouhuijs - University of Amsterdam; Ester M M van Leeuwen - Amsterdam University Medical Centers; Hetty J Bontkes - University of Amsterdam; Neeltje A Kootstra - University of Amsterdam; Nynke Y Rots - National Institute for Public Health and the Environment; Mirjam H.M Heemskerk - Leiden University Medical Center; Kazimierz Groen - Amsterdam University Medical Centers; Tom van Meerten - University of Groningen; Pim Mutsaers - Erasmus MC; Pim Mutsaers - Erasmus University Rotterdam; Marit J van Gils - University of Amsterdam; Abraham Goorhuis - Amsterdam University Medical Centers; Caroline E Rutten - Amsterdam University Medical Centers; Mette D Hazenberg - Amsterdam UMC Location University of Amsterdam; Mette D Hazenberg - University of Amsterdam; Inger S Nijhof - Amsterdam University Medical Centers",,
"International consensus on the initial diagnostic workup of cancer of unknown primary",10.1016/j.critrevonc.2022.103868,"Critical Reviews in Oncology/Hematology",2023-01-01,1,journal-article,"Elsevier BV","Iris van der Strate - Netherlands Comprehensive Cancer Organisation; Fatemeh Kazemzadeh - Radboud University Nijmegen; Fatemeh Kazemzadeh - Radboud University Medical Center; Irıs D Nagtegaal - Radboud University Nijmegen; Irıs D Nagtegaal - Radboud University Medical Center; Debbie Robbrecht - Erasmus MC Cancer Institute; A van de Wouw - VieCuri Medisch Centrum; Catarina S Padilla - Netherlands Comprehensive Cancer Organisation; Saskia F A Duijts - Netherlands Comprehensive Cancer Organisation; Saskia F A Duijts - University of Amsterdam; Saskia F A Duijts - Amsterdam University Medical Centers; Manel Esteller - Josep Carreras Leukaemia Research Institute; Manel Esteller - Universitat de Barcelona; Manel Esteller - Centro de Investigación Biomédica en Red de Cáncer; Manel Esteller - Institució Catalana de Recerca i Estudis Avançats; F Anthony Greco - Tennessee Oncology; F Anthony Greco - Sarah Cannon; Amir Qaseem - American College of Physicians; Pétur Snæbjörnsson - Oncode Institute; Pétur Snæbjörnsson - The Netherlands Cancer Institute; Sophie E M Veldhuijzen van Zanten - Erasmus University Rotterdam; Sophie E M Veldhuijzen van Zanten - Erasmus MC; Nicholas Pavlidis - University of Ioannina; Caroline Loef - Netherlands Comprehensive Cancer Organisation",,
"Barriers and facilitators that hospital clinicians perceive to discuss the personal values, wishes, and needs of patients in palliative care: a mixed-methods systematic review",10.1177/26323524231212510,"Palliative Care and Social Practice",2023-01-01,1,journal-article,"SAGE Publications","Sita de Vries - Heidelberg University; Sita de Vries - University Hospital Heidelberg; Sita de Vries - University Medical Center Utrecht; Sigrid Cornelia Johanna Maria Vervoort - University Medical Center Utrecht; Saskia Cornelia Constantia Maria Teunissen - University Medical Center Utrecht; Yvette Milene van der Linden - Leiden University Medical Center; Yvette Milene van der Linden - Netherlands Comprehensive Cancer Organisation; Mary‐Joanne Verhoef - Leiden University Medical Center; Everlien de Graaf - University Medical Center Utrecht",,"0000-0001-8528-4070; 0000-0002-3796-815X; 0000-0002-7478-7462"
"The measured distance between tumor cells and the peritoneal surface predicts the risk of peritoneal metastases and offers an objective means to differentiate between pT3 and pT4a colon cancer",10.1038/s41379-022-01154-z,"Modern Pathology",2022-12-01,1,journal-article,"Elsevier BV","Emma S Zwanenburg - Amsterdam University Medical Centers; Emma S Zwanenburg - Cancer Center Amsterdam; Emma S Zwanenburg - University of Amsterdam; D D Wisselink - Amsterdam University Medical Centers; Charlotte E.L Klaver - University of Amsterdam; Charlotte E.L Klaver - Amsterdam University Medical Centers; Charlotte E.L Klaver - Cancer Center Amsterdam; Jarmila D.W van der Bilt - University of Amsterdam; Jarmila D.W van der Bilt - Amsterdam University Medical Centers; Jarmila D.W van der Bilt - Cancer Center Amsterdam; Jarmila D.W van der Bilt - Flevoziekenhuis; Pieter J Tanis - Erasmus University Rotterdam; Pétur Snæbjörnsson - The Netherlands Cancer Institute; Caroline S Andeweg - St. Anna Ziekenhuis; D D Wisselink - Cancer Center Amsterdam; D D Wisselink - University of Amsterdam; Huib A Cense - Rode Kruis Ziekenhuis; Vivian P Bastiaenen - Amsterdam University Medical Centers; Vivian P Bastiaenen - University of Amsterdam; Willem A Bemelman - University of Amsterdam; Willem A Bemelman - Amsterdam University Medical Centers; Johanne G Bloemen - Catharina Ziekenhuis; Johanne G Bloemen - Radboud University Nijmegen; Frank C den Boer - Zaans Medisch Centrum; Djamila Boerma - St. Antonius Ziekenhuis; Daan ten Bokkel Huinink - Alexander Monro Ziekenhuis; Walter J.A Brokelman - Jeroen Bosch Ziekenhuis; Esther C J Consten - Meander Medisch Centrum; Geert-Jan Creemers - Catharina Ziekenhuis; Geert-Jan Creemers - Radboud University Nijmegen; Rogier M P H Crolla - Amphia Ziekenhuis; Jan‐Willem T Dekker - Reinier de Graaf Hospital; Jennifer Demelinne - Radboud University Nijmegen; Jennifer Demelinne - Catharina Ziekenhuis; Marc J van Det - Ziekenhuis Groep Twente; Karin K van Diepen - University Medical Center Utrecht; Pauline Evers - Netherlands Federation of University Medical Centres; Karin K van Diepen - Heidelberg University; Karin K van Diepen - University Hospital Heidelberg; Anna A W van Geloven - Tergooi; Marjolein Diepeveen - Erasmus University Rotterdam; Eino B van Duyn - Medisch Spectrum Twente; Esther D van den Ende - Ziekenhuis Groep Twente; Joost T Heikens - Jeroen Bosch Ziekenhuis; Erwin van der Harst - Maasstad Ziekenhuis; Jeroen Heemskerk - Laurentius Ziekenhuis; Daniël A Hess - St. Antonius Ziekenhuis; Bas Inberg - Streekziekenhuis Koningin Beatrix; Frank W.H Kloppenberg - Treant Zorggroep; Thomas J.M Kootstra - St. Antonius Ziekenhuis; R.T.J Kortekaas - Sint Franciscus Gasthuis; Maartje Los - St. Antonius Ziekenhuis; Eva V E Madsen - Erasmus University Rotterdam; H.C.J van der Mijle - Medisch Centrum Leeuwarden; Linda Mol - Netherlands Comprehensive Cancer Organisation; Peter A Neijenhuis - Alrijne Ziekenhuis; Koen P Rovers - Catharina Ziekenhuis; Simon W Nienhuijs - Catharina Ziekenhuis; Simon W Nienhuijs - Radboud University Nijmegen; Loes van den Nieuwenhof - Catharina Ziekenhuis; Loes van den Nieuwenhof - Radboud University Nijmegen; Koen Peeters - Leiden University Medical Center; Sebastiaan W Polle - University of Amsterdam; Sebastiaan W Polle - Amsterdam University Medical Centers; Jolien Pon - Amsterdam University Medical Centers; Jolien Pon - University of Amsterdam; Pieter Poortman - Westfriesgasthuis; Bert van Ramshorst - St. Antonius Ziekenhuis; Philip R de Reuver - Radboud University Nijmegen; Philip R de Reuver - Radboud University Medical Center; Philip R de Reuver - University Medical Center; Koen P Rovers - Radboud University Nijmegen; Johannes A Wegdam - Elkerliek Ziekenhuis; Roderick F Schmitz - Groene Hart Ziekenhuis; Dirkje W Sommeijer - University of Amsterdam; Dirkje W Sommeijer - Amsterdam University Medical Centers; Eric Sonneveld - Westfriesgasthuis; Sanne C Veltkamp - Ziekenhuis Amstelland; Maarten Vermaas - IJsselland Ziekenhuis; Victor J Verwaal - Radboud University Nijmegen; Emma C E Wassenaar - St. Antonius Ziekenhuis; Victor J Verwaal - Catharina Ziekenhuis; Edwin S van der Zaag - Gelre Hospitals; Johannes H W de Wilt - Radboud University Nijmegen; Johannes H W de Wilt - Radboud University Medical Center; Johannes H W de Wilt - University Medical Center; Marinke Westerterp - Medisch Centrum Haaglanden; Arjen J Witkamp - Heidelberg University; Arjen J Witkamp - University Medical Center Utrecht; Arjen J Witkamp - University Hospital Heidelberg; Karlijn Woensdregt - St. Anna Ziekenhuis; Mandy Zournas - St. Antonius Ziekenhuis",,"0000-0001-7974-5045; 0000-0001-8174-2134; 0000-0001-8433-964X; 0000-0001-8604-5354; 0000-0001-9212-1317; 0000-0002-0063-1705; 0000-0002-0104-9477; 0000-0002-0313-8844; 0000-0002-0545-2714; 0000-0002-1037-9945; 0000-0002-1086-8108; 0000-0002-1317-5614; 0000-0002-1411-7467; 0000-0002-1994-4568; 0000-0002-3146-3310; 0000-0002-3287-0233; 0000-0002-4155-1605; 0000-0002-4953-5271; 0000-0002-5006-2360; 0000-0002-5026-8377; 0000-0002-7525-9135; 0000-0002-8566-4222; 0000-0002-8711-9383; 0000-0002-9132-0821; 0000-0002-9332-1334; 0000-0002-9358-1996; 0000-0002-9447-8181; 0000-0003-0606-741X; 0000-0003-0865-0983; 0000-0003-2617-1791; 0000-0003-2643-3560; 0000-0003-3754-1137"
"The preventability of cancer in Europe: A quantitative assessment of avoidable cancer cases across 17 cancer sites and 38 countries in 2020",10.1016/j.ejca.2022.09.030,"European Journal of Cancer",2022-12-01,2,journal-article,"Elsevier BV","Citadel J Cabasag - Centre international de recherche sur le cancer; Jérôme Vignat - Centre international de recherche sur le cancer; Jacques Ferlay - Centre international de recherche sur le cancer; Volker Arndt - German Cancer Research Center; Volker Arndt - Heidelberg University; V.E.P.P Lemmens - Netherlands Comprehensive Cancer Organisation; Jaike Praagman - Netherlands Comprehensive Cancer Organisation; Freddie Bray - Centre international de recherche sur le cancer; Isabelle Soerjomataram - Centre international de recherche sur le cancer",,"0000-0001-9320-8684; 0000-0002-3248-7787; 0000-0002-4109-5734; 0000-0002-6017-741X; 0000-0002-6106-7407; 0000-0003-0680-0060; 0000-0003-4927-6932"
"Current and future burden of breast cancer: Global statistics for 2020 and 2040",10.1016/j.breast.2022.08.010,"The Breast",2022-12-01,18,journal-article,"Elsevier BV","Melina Arnold - Centre international de recherche sur le cancer; Eileen Morgan - Centre international de recherche sur le cancer; Harriet Rumgay - Centre international de recherche sur le cancer; Allini Mafra da Costa - Centre international de recherche sur le cancer; Deependra Singh - Centre international de recherche sur le cancer; Mathieu Laversanne - Centre international de recherche sur le cancer; Jérôme Vignat - Centre international de recherche sur le cancer; Julie R Gralow - American Society of Clinical Oncology; Fátima Cardoso - Champalimaud Foundation; Sabine Siesling - Netherlands Comprehensive Cancer Organisation; Sabine Siesling - University of Twente; Isabelle Soerjomataram - Centre international de recherche sur le cancer",,
"A Patient-Specific Fracture Risk Assessment Tool for Femoral Bone Metastases: Using the Bone Strength (BOS) Score in Clinical Practice",10.3390/cancers14235904,Cancers,2022-11-29,1,journal-article,"MDPI AG","Florieke Eggermont - Radboud University Nijmegen; Florieke Eggermont - Radboud University Medical Center; Florieke Eggermont - Radboud Institute for Molecular Life Sciences; Florieke Eggermont - University Medical Center; Yvette M van der Linden - Leiden University Medical Center; Yvette M van der Linden - Netherlands Comprehensive Cancer Organisation; Nico Verdonschot - Radboud University Nijmegen; Nico Verdonschot - Radboud University Medical Center; Nico Verdonschot - Radboud Institute for Molecular Life Sciences; Nico Verdonschot - University Medical Center; Nico Verdonschot - University of Twente; Edwin F Dierselhuis - Radboud University Medical Center; Edwin F Dierselhuis - University Medical Center; Edwin F Dierselhuis - Radboud University Nijmegen; Steven Ligthert - Radboud University Medical Center; Steven Ligthert - Radboud Institute for Molecular Life Sciences; Steven Ligthert - University Medical Center; Steven Ligthert - Radboud University Nijmegen; Thom Bitter - Radboud University Nijmegen; Thom Bitter - Radboud University Medical Center; Thom Bitter - Radboud Institute for Molecular Life Sciences; Thom Bitter - University Medical Center; Paulien G Westhoff - Radboud Institute for Molecular Life Sciences; Paulien G Westhoff - University Medical Center; Paulien G Westhoff - Radboud University Nijmegen; Paulien G Westhoff - Radboud University Medical Center; Esther Tanck - Radboud University Nijmegen; Esther Tanck - Radboud Institute for Molecular Life Sciences; Esther Tanck - Radboud University Medical Center; Esther Tanck - University Medical Center",,
"Stereotactic radiotherapy or metastasectomy for oligometastatic esophagogastric cancer: A nationwide population-based cohort study",10.1016/j.ctro.2022.08.012,"Clinical and Translational Radiation Oncology",2022-11-01,1,journal-article,"Elsevier BV","Tiuri E Kroese - Utrecht University; Tiuri E Kroese - University Medical Center Utrecht; Nikita K N Jorritsma - Utrecht University; Nikita K N Jorritsma - University Medical Center Utrecht; Hanneke W.M van Laarhoven - University of Amsterdam; Hanneke W.M van Laarhoven - Amsterdam University Medical Centers; Rob H.A Verhoeven - Amsterdam University Medical Centers; Rob H.A Verhoeven - Netherlands Comprehensive Cancer Organisation; Rob H.A Verhoeven - University of Amsterdam; Stella Mook - Utrecht University; Stella Mook - University Medical Center Utrecht; Nadia Haj Mohammad - University Medical Center Utrecht; Nadia Haj Mohammad - Utrecht University; Jelle P Ruurda - University Medical Center Utrecht; Jelle P Ruurda - Utrecht University; Peter S.N van Rossum - Utrecht University; Peter S.N van Rossum - University Medical Center Utrecht; Richard van Hillegersberg - Utrecht University; Richard van Hillegersberg - University Medical Center Utrecht",,
"ESMO Expert Consensus Statements on Cancer Survivorship: promoting high-quality survivorship care and research in Europe",10.1016/j.annonc.2022.07.1941,"Annals of Oncology",2022-11-01,7,journal-article,"Elsevier BV","Inês Vaz-Luís - Prédicteurs moléculaires et nouvelles cibles en oncologie; Inês Vaz-Luís - Institut Gustave Roussy; Marianna Masiero - University of Milan; Marianna Masiero - European Institute of Oncology; Guido Cavaletti - University of Milano-Bicocca; Andrés Cervantes - Universitat de València; Andrés Cervantes - Biomedical Research Institute; Andrés Cervantes - Instituto de Salud Carlos III; Andrés Cervantes - Centro de Investigación Biomédica en Red de Cáncer; Andrés Cervantes - INCLIVA Health Research Institute; Giuseppe Curigliano - University of Milan; Giuseppe Curigliano - European Institute of Oncology; Enriqueta Felip - Vall d'Hebron Hospital Universitari; Arlindo R Ferreira - Universidade Católica Portuguesa; Arlindo R Ferreira - Champalimaud Foundation; Patricia A Ganz - UCLA Health; Patricia A Ganz - UCLA Jonsson Comprehensive Cancer Center; Josephine Hegarty - University College Cork; Justin Y Jeon - Yonsei University; Justin Y Jeon - Severance Hospital; Christoffer Johansen - University of Copenhagen; Christoffer Johansen - Rigshospitalet; Florence Joly - Université de Caen Normandie; Katja-Daniela Jordan - Heidelberg University; Katja-Daniela Jordan - Klinikum Ernst von Bergmann; Bogda Koczwara - Flinders Medical Centre; Bogda Koczwara - Flinders University; Pernilla Lagergren - Karolinska Institutet; Pernilla Lagergren - Imperial College London; Matteo Lambertini - Ospedale Policlinico San Martino; Matteo Lambertini - University of Genoa; Helena Linardou - Metropolitan Hospital; Charles L Loprinzi - Mayo Clinic; Ann H Partridge - Harvard University; Ann H Partridge - Dana-Farber Cancer Institute; Stefan Rauh - Centre Hospitalier de Luxembourg; Karen Steindorf - National Center for Tumor Diseases; Karen Steindorf - Heidelberg University; Karen Steindorf - German Cancer Research Center; Winette T.A van der Graaf - Erasmus MC Cancer Institute; Winette T.A van der Graaf - Erasmus MC; Winette T.A van der Graaf - The Netherlands Cancer Institute; Lonneke V van de Poll‐Franse - The Netherlands Cancer Institute; Lonneke V van de Poll‐Franse - Tilburg University; Lonneke V van de Poll‐Franse - Netherlands Comprehensive Cancer Organisation; G Pentheroudakis - European Society for Medical Oncology; Solange Peters - European Society for Medical Oncology; Gabriella Pravettoni - European Institute of Oncology; Gabriella Pravettoni - University of Milan",,
"Routine and interval detection of locoregional breast cancer recurrences and risk of subsequent distant metastasis",10.1007/s10549-022-06757-3,"Breast Cancer Research and Treatment",2022-10-31,1,journal-article,"Springer Nature","Anouk H Eijkelboom - Netherlands Comprehensive Cancer Organisation; Linda de Munck - Netherlands Comprehensive Cancer Organisation; Maaike de Vries - University of Twente; Anne Brecht Francken - Isala; Mathijs P Hendriks - Northwest Hospital; Luc J A Strobbe - Canisius-Wilhelmina Ziekenhuis; Annemieke Witteveen - University of Twente; Marissa C van Maaren - University of Twente; Sabine Siesling - University of Twente",,"0000-0001-5581-6478; 0000-0001-6687-5393; 0000-0001-7210-8174; 0000-0002-0273-824X; 0000-0002-0660-0221; 0000-0002-2930-509X; 0000-0002-3840-3003; 0000-0002-5708-2559"
"Global survival trends for brain tumors, by histology: Analysis of individual records for 67,776 children diagnosed in 61 countries during 2000–2014 (CONCORD-3)",10.1093/neuonc/noac232,Neuro-Oncology,2022-10-10,8,journal-article,"Oxford University Press (OUP)","Fabio Girardi - London Cancer; Fabio Girardi - Istituti di Ricovero e Cura a Carattere Scientifico; Fabio Girardi - University College London; Fabio Girardi - London School of Hygiene & Tropical Medicine; Fabio Girardi - University College London Hospitals NHS Foundation Trust; Fabio Girardi - Istituto Oncologico Veneto; Charles Stiller - National Cancer Registration Service; V Di Carlo - London Cancer; Brigitte Lacour - Centre de Recherche Épidémiologie et Statistique; T C Tucker - University of Kentucky; T C Tucker - Markey Cancer Center; Otto Visser - Netherlands Comprehensive Cancer Organisation; Brigitte Lacour - Registre général des cancers de Lille et de sa région; Brigitte Lacour - Inserm; V Di Carlo - London School of Hygiene & Tropical Medicine; Brigitte Lacour - Université Paris Cité; Gemma Gatta - Fondazione IRCCS Istituto Nazionale dei Tumori; Charles Stiller - Public Health England; Claudia Allemani - Fondazione IRCCS Istituto Nazionale dei Tumori; S Bouzbid - University of Kentucky; S Bouzbid - Markey Cancer Center; M Hamdi-Chérif - CIRED; Rengaswamy Sankaranarayanan - London Cancer; Rengaswamy Sankaranarayanan - London School of Hygiene & Tropical Medicine; Siné Bayo - University of Kentucky; Florencia Moreno - Istituto Oncologico Veneto; Siné Bayo - Markey Cancer Center; T Cheick Bougadari - University of Kentucky; T Cheick Bougadari - Markey Cancer Center; Florencia Moreno - Istituti di Ricovero e Cura a Carattere Scientifico; S.S Manraj - Netherlands Comprehensive Cancer Organisation; M A Chaplin - London Cancer; Florencia Moreno - London Cancer; Florencia Moreno - London School of Hygiene & Tropical Medicine; Florencia Moreno - University College London Hospitals NHS Foundation Trust; Florencia Moreno - University College London; B Carballo Quintero - Inserm; B Carballo Quintero - Université Paris Cité; B Carballo Quintero - Centre de Recherche Épidémiologie et Statistique; C.L.A Veneziano - London School of Hygiene & Tropical Medicine; C.L.A Veneziano - London Cancer; M Aparicio Aravena - London Cancer; M Aparicio Aravena - London School of Hygiene & Tropical Medicine; S Torres Vargas - University of Kentucky; S Torres Vargas - Markey Cancer Center; Luis Eduardo Bravo - London Cancer; Luis Eduardo Bravo - London School of Hygiene & Tropical Medicine; Sandra Delgado - University of Kentucky; Sandra Delgado - Markey Cancer Center; Melissa Ramirez - London Cancer; Melissa Ramirez - London School of Hygiene & Tropical Medicine; M A Chaplin - London School of Hygiene & Tropical Medicine; Michel P Coleman - University College London; Michel P Coleman - London Cancer; Michel P Coleman - London School of Hygiene & Tropical Medicine; Michel P Coleman - University College London Hospitals NHS Foundation Trust; Claudia Allemani - London Cancer; Claudia Allemani - London School of Hygiene & Tropical Medicine; Lisa E Davis - London School of Hygiene & Tropical Medicine; Serena Kozie - Markey Cancer Center; T Freeman - University of Kentucky; T Freeman - Markey Cancer Center; Heather M Brown - University College London; Heather M Brown - University College London Hospitals NHS Foundation Trust; Heather M Brown - London School of Hygiene & Tropical Medicine; Lloyd Mueller - London Cancer; Sandy Kwong - University of Kentucky; Sandy Kwong - Markey Cancer Center; Bernard Bhakkan - Inserm; F Martínez-Reyes - Istituto Oncologico Veneto; F Martínez-Reyes - Istituti di Ricovero e Cura a Carattere Scientifico; F Martínez-Reyes - London Cancer; F Martínez-Reyes - London School of Hygiene & Tropical Medicine; F Martínez-Reyes - University College London Hospitals NHS Foundation Trust; F Martínez-Reyes - University College London; L Jaramillo - London School of Hygiene & Tropical Medicine; L Jaramillo - London Cancer; M Mendoza - London Cancer; Lyn Almon - London School of Hygiene & Tropical Medicine; Bernard Bhakkan - Université Paris Cité; M Mendoza - London School of Hygiene & Tropical Medicine; Lyn Almon - London Cancer; Lloyd Mueller - London School of Hygiene & Tropical Medicine; Heather M Brown - London Cancer; Bernard Bhakkan - Centre de Recherche Épidémiologie et Statistique; Ebert Poquioma - London Cancer; Ebert Poquioma - London School of Hygiene & Tropical Medicine; Enrique Barrios - London Cancer; Enrique Barrios - London School of Hygiene & Tropical Medicine; Eshwar Kumar - London Cancer; Eshwar Kumar - London School of Hygiene & Tropical Medicine; B Zhang - Inserm; B Zhang - Université Paris Cité; B Zhang - Centre de Recherche Épidémiologie et Statistique; Agnihotram V Ramanakumar - Netherlands Comprehensive Cancer Organisation; Lisa E Davis - London Cancer; Serena Kozie - University of Kentucky; B Hernández - Inserm; Molly Schwenn - London School of Hygiene & Tropical Medicine; S T Gershman - National Cancer Registration Service; S T Gershman - Public Health England; B Cromartie - Inserm; B Cromartie - Université Paris Cité; B Cromartie - Centre de Recherche Épidémiologie et Statistique; Brad Wohler - Inserm; Brad Wohler - Université Paris Cité; Brad Wohler - Centre de Recherche Épidémiologie et Statistique; Meg McKinley - London Cancer; Meg McKinley - London School of Hygiene & Tropical Medicine; B Hernández - Université Paris Cité; B Hernández - Centre de Recherche Épidémiologie et Statistique; Laura Ruppert - London Cancer; Laura Ruppert - London School of Hygiene & Tropical Medicine; Laura Ruppert - University College London Hospitals NHS Foundation Trust; Laura Ruppert - University College London; Suzanne Bentler - University of Kentucky; Suzanne Bentler - Markey Cancer Center; Bin Huang - Inserm; Bin Huang - Université Paris Cité; Bin Huang - Centre de Recherche Épidémiologie et Statistique; Lihua Liu - London Cancer; Timothy D Weaver - University of Kentucky; Timothy D Weaver - Markey Cancer Center; Michelle M Hood - London Cancer; Michelle M Hood - London School of Hygiene & Tropical Medicine; S Radhakrishnan - University of Kentucky; S Radhakrishnan - Markey Cancer Center; T Beran - University of Kentucky; T Beran - Markey Cancer Center; T A Janes - University of Kentucky; T A Janes - Markey Cancer Center; Lihua Liu - London School of Hygiene & Tropical Medicine; Molly Schwenn - London Cancer; H Yi - London School of Hygiene & Tropical Medicine; H Yi - University College London Hospitals NHS Foundation Trust; H M Ge - Fondazione IRCCS Istituto Nazionale dei Tumori; T H Wu - Markey Cancer Center; Yutong He - University College London Hospitals NHS Foundation Trust; Hua Zhao-lai - University College London; Hua Zhao-lai - University College London Hospitals NHS Foundation Trust; Hua Zhao-lai - London School of Hygiene & Tropical Medicine; Hua Zhao-lai - London Cancer; Min Fan - London School of Hygiene & Tropical Medicine; Min Fan - London Cancer; H Yi - University College London; S Chiodini - University of Kentucky; S Chiodini - Markey Cancer Center; Martin Whiteside - London Cancer; Martin Whiteside - London School of Hygiene & Tropical Medicine; Saroj Rai - University of Kentucky; Saroj Rai - Markey Cancer Center; Melanie Williams - London Cancer; Melanie Williams - London School of Hygiene & Tropical Medicine; S E Blankenship - Netherlands Comprehensive Cancer Organisation; Ling Yang - London Cancer; Ling Yang - London School of Hygiene & Tropical Medicine; Yutong He - London Cancer; Yutong He - London School of Hygiene & Tropical Medicine; T H Wu - University of Kentucky; Yutong He - University College London; Feng Jin - Istituto Oncologico Veneto; Feng Jin - Istituti di Ricovero e Cura a Carattere Scientifico; Feng Jin - London Cancer; Feng Jin - London School of Hygiene & Tropical Medicine; Feng Jin - University College London Hospitals NHS Foundation Trust; Feng Jin - University College London; H Yi - London Cancer; F Tobori - London Cancer; Huiming Zeng - University College London; Huiming Zeng - London Cancer; Huiming Zeng - London School of Hygiene & Tropical Medicine; Huiming Zeng - University College London Hospitals NHS Foundation Trust; A Demetriou - Netherlands Comprehensive Cancer Organisation; Manigreeva Krishnatreya - London Cancer; Fumitaka Moki - University College London Hospitals NHS Foundation Trust; Hidemi Ito - London Cancer; Hidemi Ito - London School of Hygiene & Tropical Medicine; Hidemi Ito - University College London Hospitals NHS Foundation Trust; Hidemi Ito - University College London; M Sato - London School of Hygiene & Tropical Medicine; M Sato - London Cancer; F Tobori - Istituto Oncologico Veneto; F Tobori - Istituti di Ricovero e Cura a Carattere Scientifico; F Tobori - London School of Hygiene & Tropical Medicine; F Tobori - University College London Hospitals NHS Foundation Trust; F Tobori - University College London; Masaya Hattori - London Cancer; Masaya Hattori - London School of Hygiene & Tropical Medicine; Fumitaka Moki - Istituto Oncologico Veneto; Manigreeva Krishnatreya - London School of Hygiene & Tropical Medicine; Fumitaka Moki - Istituti di Ricovero e Cura a Carattere Scientifico; Fumitaka Moki - London Cancer; Fumitaka Moki - London School of Hygiene & Tropical Medicine; Fumitaka Moki - University College London; Lital Keinan-Boker - London Cancer; Lital Keinan-Boker - London School of Hygiene & Tropical Medicine; Masahiko Sakaguchi - London Cancer; Hiromi Sugiyama - London Cancer; Hiromi Sugiyama - London School of Hygiene & Tropical Medicine; Hiromi Sugiyama - University College London Hospitals NHS Foundation Trust; Hiromi Sugiyama - University College London; Mai Utada - London Cancer; Mai Utada - London School of Hygiene & Tropical Medicine; Hiroto Narimatsu - London School of Hygiene & Tropical Medicine; Hiroto Narimatsu - University College London; Suleeporn Sangrajrang - University of Kentucky; M.M El Mistiri - Fondazione IRCCS Istituto Nazionale dei Tumori; A M Al Khater - London School of Hygiene & Tropical Medicine; Miwa Yoshitake - London School of Hygiene & Tropical Medicine; Miwa Yoshitake - London Cancer; Michiko Naito - London School of Hygiene & Tropical Medicine; Michiko Naito - London Cancer; Seiki Kanemura - Markey Cancer Center; Seiki Kanemura - University of Kentucky; Masahiko Sakaguchi - London School of Hygiene & Tropical Medicine; A M Al Khater - London Cancer; E Nansalmaa - London School of Hygiene & Tropical Medicine; E Nansalmaa - London Cancer; S Sangkitipaiboon - University of Kentucky; Hiroto Narimatsu - University College London Hospitals NHS Foundation Trust; M Nishimura - London Cancer; Farzaana Adam - University College London; Farzaana Adam - University College London Hospitals NHS Foundation Trust; Farzaana Adam - London School of Hygiene & Tropical Medicine; Farzaana Adam - London Cancer; M Nishimura - London School of Hygiene & Tropical Medicine; Farzaana Adam - Istituti di Ricovero e Cura a Carattere Scientifico; Farzaana Adam - Istituto Oncologico Veneto; E Alawadhi - London Cancer; E Alawadhi - London School of Hygiene & Tropical Medicine; Tomohiro Matsuda - University of Kentucky; Suleeporn Sangrajrang - Markey Cancer Center; S Sangkitipaiboon - Markey Cancer Center; Tomohiro Matsuda - Markey Cancer Center; Hiroto Narimatsu - London Cancer; Morgane Mounier - London School of Hygiene & Tropical Medicine; M Altinisik - London School of Hygiene & Tropical Medicine; Monika Hackl - London Cancer; Monika Hackl - London School of Hygiene & Tropical Medicine; Olga Aleinikova - Netherlands Comprehensive Cancer Organisation; Liesbet Van Eycken - London Cancer; Liesbet Van Eycken - London School of Hygiene & Tropical Medicine; Mario Šekerija - London Cancer; Mario Šekerija - London School of Hygiene & Tropical Medicine; Ladislav Dušek - London Cancer; T Köse - University of Kentucky; Ladislav Dušek - London School of Hygiene & Tropical Medicine; Miroslav Zvolský - London Cancer; Miroslav Zvolský - London School of Hygiene & Tropical Medicine; T Köse - Markey Cancer Center; T Gurbuz - University of Kentucky; T Gurbuz - Markey Cancer Center; Sultan Eser - University of Kentucky; Hutcha Sriplung - London Cancer; Hutcha Sriplung - London School of Hygiene & Tropical Medicine; Hutcha Sriplung - University College London Hospitals NHS Foundation Trust; Hutcha Sriplung - University College London; Sultan Eser - Markey Cancer Center; M Altinisik - London Cancer; Lina Steinrud Mørch - London Cancer; Lina Steinrud Mørch - London School of Hygiene & Tropical Medicine; Hans H Storm - London Cancer; Hans H Storm - London School of Hygiene & Tropical Medicine; Hans H Storm - University College London Hospitals NHS Foundation Trust; Hans H Storm - University College London; Margit Mägi - London Cancer; Margit Mägi - London School of Hygiene & Tropical Medicine; Michel Velten - London Cancer; Michel Velten - London School of Hygiene & Tropical Medicine; Édouard Cornet - London Cancer; Édouard Cornet - London School of Hygiene & Tropical Medicine; Anne–Marie Bouvier - London Cancer; Anne–Marie Bouvier - London School of Hygiene & Tropical Medicine; A.V Guizard - Netherlands Comprehensive Cancer Organisation; Véronique Bouvier - Netherlands Comprehensive Cancer Organisation; Sandrine Dabakuyo Yonli - University of Kentucky; Sandrine Dabakuyo Yonli - Markey Cancer Center; M Maynadié - London Cancer; M Maynadié - London School of Hygiene & Tropical Medicine; Morgane Mounier - London Cancer; B Lapôtre‐Ledoux - Université Paris Cité; B Lapôtre‐Ledoux - Inserm; B Lapôtre‐Ledoux - Centre de Recherche Épidémiologie et Statistique; M Daoulas - London Cancer; L Vaconnet - London Cancer; L Vaconnet - London School of Hygiene & Tropical Medicine; Anne‐Sophie Woronoff - University of Kentucky; Anne‐Sophie Woronoff - Markey Cancer Center; M Daoulas - London School of Hygiene & Tropical Medicine; M Robaszkiewicz - London Cancer; M Robaszkiewicz - London School of Hygiene & Tropical Medicine; Jacqueline Clavel - Centre de Recherche Épidémiologie et Statistique; Jacqueline Clavel - Hôpital Paul-Brousse; Jacqueline Clavel - Registre général des cancers de Lille et de sa région; Claire Poulalhon - Centre de Recherche Épidémiologie et Statistique; Claire Poulalhon - Hôpital Paul-Brousse; Claire Poulalhon - Registre général des cancers de Lille et de sa région; Emmanuel Désandes - Centre de Recherche Épidémiologie et Statistique; Emmanuel Désandes - Hôpital Paul-Brousse; Emmanuel Désandes - Génomique Fonctionnelle des Tumeurs Solides; Emmanuel Désandes - Registre général des cancers de Lille et de sa région; Marc Colonna - London School of Hygiene & Tropical Medicine; B Lacour - Centre de Recherche Épidémiologie et Statistique; B Lacour - Hôpital Paul-Brousse; B Lacour - Génomique Fonctionnelle des Tumeurs Solides; B Lacour - Registre général des cancers de Lille et de sa région; B Amadéo - Inserm; B Amadéo - Université Paris Cité; B Amadéo - Centre de Recherche Épidémiologie et Statistique; Sébastien Orazio - University of Kentucky; Sébastien Orazio - Markey Cancer Center; M Audoin - London Cancer; M Audoin - London School of Hygiene & Tropical Medicine; Sylvie Boyer - University of Kentucky; Sylvie Boyer - Markey Cancer Center; Brigitte Trétarre - Inserm; Brigitte Trétarre - Université Paris Cité; Brigitte Trétarre - Centre de Recherche Épidémiologie et Statistique; Marc Colonna - London Cancer; Sandrine Plouvier - University of Kentucky; Sandrine Plouvier - Markey Cancer Center; F Molinié - Istituto Oncologico Veneto; F Molinié - Istituti di Ricovero e Cura a Carattere Scientifico; F Molinié - London Cancer; F Molinié - London School of Hygiene & Tropical Medicine; F Molinié - University College London Hospitals NHS Foundation Trust; F Molinié - University College London; S Bara - University of Kentucky; S Bara - Markey Cancer Center; Florian Reinwald - London Cancer; Laëtitia Daubisse‐Marliac - London School of Hygiene & Tropical Medicine; Heide Wilsdorf-Köhler - London Cancer; Heide Wilsdorf-Köhler - London School of Hygiene & Tropical Medicine; Heide Wilsdorf-Köhler - University College London Hospitals NHS Foundation Trust; Heide Wilsdorf-Köhler - University College London; Michael Harney - London School of Hygiene & Tropical Medicine; Sabine Luttmann - University of Kentucky; Sabine Luttmann - Markey Cancer Center; Alice Nennecke - London Cancer; Alice Nennecke - London School of Hygiene & Tropical Medicine; Eunice Sirri - London Cancer; Eunice Sirri - London School of Hygiene & Tropical Medicine; Florian Reinwald - Istituto Oncologico Veneto; Florian Reinwald - Istituti di Ricovero e Cura a Carattere Scientifico; Florian Reinwald - London School of Hygiene & Tropical Medicine; Florian Reinwald - University College London Hospitals NHS Foundation Trust; Florian Reinwald - University College London; B Holleczek - Inserm; B Holleczek - Université Paris Cité; B Holleczek - Centre de Recherche Épidémiologie et Statistique; Vijay Kumar - Netherlands Comprehensive Cancer Organisation; Eleni Petridou - London Cancer; Eleni Petridou - London School of Hygiene & Tropical Medicine; Laufey Tryggvadóttír - London Cancer; Laufey Tryggvadóttír - London School of Hygiene & Tropical Medicine; H Sundseth - London Cancer; H Sundseth - London School of Hygiene & Tropical Medicine; H Sundseth - University College London Hospitals NHS Foundation Trust; H Sundseth - University College London; Michael Harney - London Cancer; Laëtitia Daubisse‐Marliac - London Cancer; Fabio Pannozzo - University College London Hospitals NHS Foundation Trust; Fabio Pannozzo - University College London; Francesco Cuccaro - University College London; Stefano Ferretti - Markey Cancer Center; Luigino Dal Maso - London Cancer; Michele Magoni - London Cancer; Michele Magoni - London School of Hygiene & Tropical Medicine; Anna Maria Lavecchia - London Cancer; Anna Maria Lavecchia - London School of Hygiene & Tropical Medicine; Fabio Pannozzo - London Cancer; Fabio Pannozzo - London School of Hygiene & Tropical Medicine; Erica Giacomazzi - London Cancer; Erica Giacomazzi - London School of Hygiene & Tropical Medicine; Stefano Ferretti - University of Kentucky; Fabio Pannozzo - Istituti di Ricovero e Cura a Carattere Scientifico; Luigino Dal Maso - London School of Hygiene & Tropical Medicine; Fabio Vittadello - Istituto Oncologico Veneto; Fabio Vittadello - Istituti di Ricovero e Cura a Carattere Scientifico; Fabio Pannozzo - Istituto Oncologico Veneto; Fabio Vittadello - London Cancer; Fabio Vittadello - London School of Hygiene & Tropical Medicine; Fabio Vittadello - University College London Hospitals NHS Foundation Trust; Fabio Vittadello - University College London; Enzo Coviello - London Cancer; Enzo Coviello - London School of Hygiene & Tropical Medicine; Francesco Cuccaro - Istituto Oncologico Veneto; Francesco Cuccaro - Istituti di Ricovero e Cura a Carattere Scientifico; Francesco Cuccaro - London Cancer; Francesco Cuccaro - London School of Hygiene & Tropical Medicine; Francesco Cuccaro - University College London Hospitals NHS Foundation Trust; Anna Luisa Caiazzo - London School of Hygiene & Tropical Medicine; Maria Michiara - London Cancer; Maria Michiara - London School of Hygiene & Tropical Medicine; Lorenza Boschetti - London Cancer; Lorenza Boschetti - London School of Hygiene & Tropical Medicine; F Quarta - Istituto Oncologico Veneto; F Quarta - Istituti di Ricovero e Cura a Carattere Scientifico; F Quarta - London Cancer; F Quarta - London School of Hygiene & Tropical Medicine; F Quarta - University College London Hospitals NHS Foundation Trust; F Quarta - University College London; Luca Cavalieri d’Oro - London School of Hygiene & Tropical Medicine; Luca Cavalieri d’Oro - London Cancer; M Rognoni - London Cancer; M Rognoni - London School of Hygiene & Tropical Medicine; Mario Fusco - London Cancer; Mario Fusco - London School of Hygiene & Tropical Medicine; M Usala - London Cancer; M Usala - London School of Hygiene & Tropical Medicine; Stefano Marguati - University of Kentucky; Stefano Marguati - Markey Cancer Center; Milena Maule - Fondazione IRCCS Istituto Nazionale dei Tumori; Franco Merletti - Istituto Oncologico Veneto; Franco Merletti - Istituti di Ricovero e Cura a Carattere Scientifico; Franco Merletti - London Cancer; Franco Merletti - London School of Hygiene & Tropical Medicine; Franco Merletti - University College London Hospitals NHS Foundation Trust; Franco Merletti - University College London; Eugenia Spata - London Cancer; Eugenia Spata - London School of Hygiene & Tropical Medicine; Tiziana Cassetti - Markey Cancer Center; Tiziana Cassetti - University of Kentucky; Fabio Falcini - Istituto Oncologico Veneto; Fabio Falcini - Istituti di Ricovero e Cura a Carattere Scientifico; Fabio Falcini - London Cancer; Fabio Falcini - London School of Hygiene & Tropical Medicine; Fabio Falcini - University College London Hospitals NHS Foundation Trust; Fabio Falcini - University College London; Sabrina Giorgetti - University of Kentucky; Sabrina Giorgetti - Markey Cancer Center; Anna Luisa Caiazzo - London Cancer; Fabrizio Stracci - Istituto Oncologico Veneto; S Maspero - Markey Cancer Center; F Bella - University College London; Fabrizio Stracci - Istituti di Ricovero e Cura a Carattere Scientifico; S Maspero - University of Kentucky; M Oniščuka - London School of Hygiene & Tropical Medicine; M Oniščuka - London Cancer; Fabrizio Stracci - University College London; Fabrizio Stracci - University College London Hospitals NHS Foundation Trust; Fabrizio Stracci - London School of Hygiene & Tropical Medicine; Fabrizio Stracci - London Cancer; F Bella - Istituto Oncologico Veneto; F Bella - Istituti di Ricovero e Cura a Carattere Scientifico; F Bella - London Cancer; Simona Carone - University of Kentucky; F Bella - London School of Hygiene & Tropical Medicine; F Bella - University College London Hospitals NHS Foundation Trust; Simona Carone - Markey Cancer Center; T Scuderi - Markey Cancer Center; T Scuderi - University of Kentucky; Maria Gentilini - London Cancer; Maria Gentilini - London School of Hygiene & Tropical Medicine; Stefano Rosso - Markey Cancer Center; Stefano Rosso - University of Kentucky; T Intrieri - Markey Cancer Center; T Intrieri - University of Kentucky; Fortunato Bianconi - Istituto Oncologico Veneto; Fortunato Bianconi - Istituti di Ricovero e Cura a Carattere Scientifico; Fortunato Bianconi - London Cancer; Fortunato Bianconi - London School of Hygiene & Tropical Medicine; Fortunato Bianconi - University College London Hospitals NHS Foundation Trust; Fortunato Bianconi - University College London; Massimo Rugge - London Cancer; Massimo Rugge - London School of Hygiene & Tropical Medicine; Manuel Zorzi - London Cancer; Manuel Zorzi - London School of Hygiene & Tropical Medicine; S Beggiato - University of Kentucky; S Beggiato - Markey Cancer Center; Massimo Vicentini - London Cancer; Massimo Vicentini - London School of Hygiene & Tropical Medicine; Seyed Mohsen Mousavi - London School of Hygiene & Tropical Medicine; T Gebauer - Markey Cancer Center; Magdalena Bielska‐Lasota - London School of Hygiene & Tropical Medicine; Branca Carrito - Inserm; Seyed Mohsen Mousavi - London Cancer; Laura Steponavičienė - London Cancer; Laura Steponavičienė - London School of Hygiene & Tropical Medicine; Sabine Siesling - University of Kentucky; Sabine Siesling - Markey Cancer Center; Siri Larønningen - Markey Cancer Center; Siri Larønningen - University of Kentucky; Maciej Trojanowski - London Cancer; Maciej Trojanowski - London School of Hygiene & Tropical Medicine; Tomasz Mierzwa - University of Kentucky; Tomasz Mierzwa - Markey Cancer Center; Beata Kościańska - Inserm; Beata Kościańska - Université Paris Cité; Beata Kościańska - Centre de Recherche Épidémiologie et Statistique; Branca Carrito - Université Paris Cité; Branca Carrito - Centre de Recherche Épidémiologie et Statistique; Vesna Zadnik - Netherlands Comprehensive Cancer Organisation; Tina Žagar - University of Kentucky; Tina Žagar - Markey Cancer Center; Marta De-La-Cruz - London Cancer; Marta De-La-Cruz - London School of Hygiene & Tropical Medicine; L Gusenkova - London Cancer; L Gusenkova - London School of Hygiene & Tropical Medicine; M Ramos Montserrat - London School of Hygiene & Tropical Medicine; Miguel Rodríguez‐Barranco - London School of Hygiene & Tropical Medicine; Miguel Rodríguez‐Barranco - London Cancer; M Ramos Montserrat - London Cancer; Eva Ardanáz - London Cancer; Eva Ardanáz - London School of Hygiene & Tropical Medicine; Marcela Guevara - London Cancer; Marcela Guevara - London School of Hygiene & Tropical Medicine; Marià Carulla - London Cancer; Marià Carulla - London School of Hygiene & Tropical Medicine; Magdalena Bielska‐Lasota - London Cancer; Montse Puigdemont - London School of Hygiene & Tropical Medicine; M Motnyk - London Cancer; M Motnyk - London School of Hygiene & Tropical Medicine; Montse Puigdemont - London Cancer; T Gebauer - University of Kentucky; Fernando Almela - London School of Hygiene & Tropical Medicine; Fernando Almela - University College London Hospitals NHS Foundation Trust; M Maspoli-Conconi - London Cancer; M Maspoli-Conconi - London School of Hygiene & Tropical Medicine; Laura Ortelli - London Cancer; Laura Ortelli - London School of Hygiene & Tropical Medicine; Sabine Rohrmann - University of Kentucky; Margaret Grayson - London Cancer; Margaret Grayson - London School of Hygiene & Tropical Medicine; Sabine Rohrmann - Markey Cancer Center; Miriam Wanner - London Cancer; Fernando Almela - University College London; Saira Khan - University of Kentucky; Benjamin Struchen - Université Paris Cité; H Rawcliffe - London Cancer; H Rawcliffe - London School of Hygiene & Tropical Medicine; H Rawcliffe - University College London Hospitals NHS Foundation Trust; Saira Khan - Markey Cancer Center; H Rawcliffe - University College London; Benjamin Struchen - Centre de Recherche Épidémiologie et Statistique; Elisabetta Rapiti - London Cancer; Elisabetta Rapiti - London School of Hygiene & Tropical Medicine; Benjamin Struchen - Inserm; Miriam Wanner - London School of Hygiene & Tropical Medicine; Fernando Almela - Istituto Oncologico Veneto; Fernando Almela - Istituti di Ricovero e Cura a Carattere Scientifico; Fernando Almela - London Cancer; Shuting Li - University of Kentucky; Elizabeth Chalker - London Cancer; Elizabeth Chalker - London School of Hygiene & Tropical Medicine; Bruna S Ragaini - Université Paris Cité; Bruna S Ragaini - Inserm; Helen E Thomas - Markey Cancer Center; Helen E Thomas - University of Kentucky; Shoni Philpot - Markey Cancer Center; Shoni Philpot - University of Kentucky; Hui You - University College London; Mark C Smith - London Cancer; Mark C Smith - London School of Hygiene & Tropical Medicine; Luc te Marvelde - London School of Hygiene & Tropical Medicine; Hui You - London Cancer; Valeria Savietto - Netherlands Comprehensive Cancer Organisation; Luc te Marvelde - London Cancer; Stephanie Dugdale - Markey Cancer Center; Stephanie Dugdale - University of Kentucky; Hui You - London School of Hygiene & Tropical Medicine; Shuting Li - Markey Cancer Center; M Matz - London Cancer; Hui You - University College London Hospitals NHS Foundation Trust; M Matz - London School of Hygiene & Tropical Medicine; Bruna S Ragaini - Centre de Recherche Épidémiologie et Statistique",,
"Overall and stage-specific survival of patients with screen-detected colorectal cancer in European countries: A population-based study in 9 countries",10.1016/j.lanepe.2022.100458,"The Lancet Regional Health - Europe",2022-10-01,5,journal-article,"Elsevier BV","Rafael Cardoso - University Hospital Heidelberg; Rafael Cardoso - National Center for Tumor Diseases; Rafael Cardoso - German Cancer Research Center; Rafael Cardoso - Heidelberg University; Feng Guo - German Cancer Research Center; Feng Guo - Heidelberg University; Thomas Heisser - Heidelberg University; Thomas Heisser - University Hospital Heidelberg; Thomas Heisser - German Cancer Research Center; Mef Nilbert - University of Copenhagen; Mef Nilbert - Danish Cancer Society; Jane Christensen - Danish Cancer Society; Anne–Marie Bouvier - Fédération Francophone de Cancérologie Digestive; Anne–Marie Bouvier - Inserm; Véronique Bouvier - Inserm; Guy Launoy - Université de Caen Normandie; Guy Launoy - Inserm; Guy Launoy - Normandie Université; Anne‐Sophie Woronoff - Centre Hospitalier Universitaire de Besançon; Paul M Walsh - National Cancer Registry; Carlo Senore - Azienda Ospedaliera Citta' della Salute e della Scienza di Torino; Stefano Rosso - Piedmont Reference Center for Epidemiology and Cancer Prevention; V.E.P.P Lemmens - Netherlands Comprehensive Cancer Organisation; V.E.P.P Lemmens - Erasmus MC; Marloes A.G Elferink - Netherlands Comprehensive Cancer Organisation; Sonja Tomšič - German Cancer Research Center; Sonja Tomšič - Heidelberg University; Sonja Tomšič - Institute of Oncology Ljubljana; Tina Žagar - University of Copenhagen; Tina Žagar - Danish Cancer Society; Arantza López de Munain - Centro de Tecnologías Aeronauticas (Spain); Rafael Marcos‐Gragera - National Center for Tumor Diseases; Rafael Marcos‐Gragera - German Cancer Research Center; Rafael Marcos‐Gragera - Heidelberg University; Rafael Marcos‐Gragera - University Hospital Heidelberg; Montse Puigdemont - Institut Català d'Oncologia; Montse Puigdemont - Generalitat de Catalunya; Montse Puigdemont - Institut d'Investigació Biomèdica de Girona; Jaume Galcerán - National Center for Tumor Diseases; Jaume Galcerán - German Cancer Research Center; Jaume Galcerán - Heidelberg University; Jaume Galcerán - Hospital Universitari Sant Joan de Reus; Jaume Galcerán - Institut de Recerca Biomèdica Catalunya Sud; Marià Carulla - Centro de Investigación Biomédica en Red de Epidemiología y Salud Pública; Marià Carulla - Instituto Murciano de Investigación Biosanitaria; Marià Carulla - Universidad de Murcia; Antonia Sánchez-Gil - Instituto Murciano de Investigación Biosanitaria; María‐Dolores Chirlaque - Centro de Investigación Biomédica en Red de Epidemiología y Salud Pública; María‐Dolores Chirlaque - Instituto Murciano de Investigación Biosanitaria; María‐Dolores Chirlaque - Universidad de Murcia; Michael Hoffmeister - German Cancer Research Center; Michael Hoffmeister - Heidelberg University; Hermann Brenner - National Center for Tumor Diseases; Hermann Brenner - German Cancer Research Center; Hermann Brenner - Heidelberg University",,
"Impact of the COVID-19 Pandemic on Colorectal Cancer Care in the Netherlands: A Population-based Study",10.1016/j.clcc.2022.02.005,"Clinical Colorectal Cancer",2022-09-01,2,journal-article,"Elsevier BV","Joyce Meijer - University of Twente; Joyce Meijer - Netherlands Comprehensive Cancer Organisation; Marloes A.G Elferink - Netherlands Comprehensive Cancer Organisation; Jolanda C van Hoeve - Netherlands Comprehensive Cancer Organisation; Jolanda C van Hoeve - University of Twente; Jeroen Buijsen - Maastro Clinic; Jeroen Buijsen - Maastricht University; Felice N van Erning - Netherlands Comprehensive Cancer Organisation; Irıs D Nagtegaal - Radboud University Nijmegen; Irıs D Nagtegaal - Radboud University Medical Center; Pieter J Tanis - University of Amsterdam; Pieter J Tanis - Amsterdam University Medical Centers; Geraldine R Vink - University Medical Center Utrecht; Geraldine R Vink - Utrecht University; Geraldine R Vink - Netherlands Comprehensive Cancer Organisation; Miriam L Wumkes - Jeroen Bosch Ziekenhuis; Ignace H J T de Hingh - Netherlands Comprehensive Cancer Organisation; Ignace H J T de Hingh - Catharina Ziekenhuis; Ignace H J T de Hingh - Radboud University Nijmegen; Sabine Siesling - Netherlands Comprehensive Cancer Organisation; Sabine Siesling - University of Twente",,"0000-0001-9521-8587; 0000-0002-0273-824X; 0000-0002-3146-3310; 0000-0002-3986-4776; 0000-0002-6731-9660; 0000-0002-7327-5916; 0000-0003-0125-1429; 0000-0003-0887-4127; 0000-0003-3133-6212; 0000-0003-3491-4268"
"Long-Term Safety Data on S-1 Administered After Previous Intolerance to Capecitabine-Containing Systemic Treatment for Metastatic Colorectal Cancer",10.1016/j.clcc.2022.02.004,"Clinical Colorectal Cancer",2022-09-01,1,journal-article,"Elsevier BV","Cornelis J.A Punt - Utrecht University; Cornelis J.A Punt - University Medical Center Utrecht; Johannes J.M Kwakman - University of Amsterdam; Linda Mol - Netherlands Comprehensive Cancer Organisation",,"0000-0002-4155-1605; 0000-0002-8187-7124; 0000-0003-0846-1445"
"Population-based study of treatment and outcome of recurrent oesophageal or junctional cancer",10.1093/bjs/znac290,"British Journal of Surgery",2022-08-23,1,journal-article,"Oxford University Press (OUP)","Marieke Pape - Amsterdam University Medical Centers; Marieke Pape - Netherlands Comprehensive Cancer Organisation; Marieke Pape - University of Amsterdam; Pauline A J Vissers - Netherlands Comprehensive Cancer Organisation; Pauline A J Vissers - Radboud University Nijmegen; Pauline A J Vissers - Radboud University Medical Center; David Bertwistle - Health Economics and Outcomes Research (United Kingdom); David Bertwistle - Bristol-Myers Squibb (United Kingdom); Laura McDonald - Bristol-Myers Squibb (United Kingdom); Laurens V Beerepoot - Elisabeth-TweeSteden Ziekenhuis; Mark I van Berge Henegouwen - University of Amsterdam; Mark I van Berge Henegouwen - Amsterdam University Medical Centers; Sjoerd M Lagarde - Erasmus University Rotterdam; Stella Mook - University Medical Center Utrecht; Stella Mook - Utrecht University; Nadia Haj Mohammad - University Medical Center Utrecht; Nadia Haj Mohammad - Utrecht University; Paul M Jeene - Radiotherapiegroep; Hanneke W.M van Laarhoven - University of Amsterdam; Hanneke W.M van Laarhoven - Amsterdam University Medical Centers; Rob H.A Verhoeven - Netherlands Comprehensive Cancer Organisation; Rob H.A Verhoeven - University of Amsterdam; Rob H.A Verhoeven - Amsterdam University Medical Centers",,
"Adherence to the Dutch Breast Cancer Guidelines for Surveillance in Breast Cancer Survivors: Real-World Data from a Pooled Multicenter Analysis",10.1093/oncolo/oyac126,"The Oncologist",2022-08-13,1,journal-article,"Oxford University Press (OUP)","Teresa Draeger - University of Regensburg; Teresa Draeger - University of Twente; Vinzenz Voelkel - University of Regensburg; Vinzenz Voelkel - University of Twente; K Schreuder - Netherlands Comprehensive Cancer Organisation; Jeroen Veltman - Ziekenhuis Groep Twente; Anneriet E Dassen - Medisch Spectrum Twente; Luc J A Strobbe - Canisius-Wilhelmina Ziekenhuis; Harald J Heijmans - Ziekenhuis Groep Twente; Ron Koelemij - St. Antonius Ziekenhuis; Catharina G M Groothuis‐Oudshoorn - University of Twente; Sabine Siesling - University of Twente; Sabine Siesling - Netherlands Comprehensive Cancer Organisation",,"0000-0002-0273-824X; 0000-0002-1155-1567; 0000-0002-2057-4904; 0000-0002-3840-3003; 0000-0002-4224-800X; 0000-0002-4875-5379; 0000-0002-5168-0822; 0000-0002-6824-3987"
"Evidence or Prejudice? Critical Re-Analysis of Randomized Controlled Trials Comparing Overall Survival After Cisplatin Versus Carboplatin-Based Regimens in Advanced Urothelial Carcinoma",10.1016/j.clgc.2021.12.017,"Clinical Genitourinary Cancer",2022-08-01,1,journal-article,"Elsevier BV","Anke Richters - Netherlands Comprehensive Cancer Organisation; Anke Richters - Radboud University Nijmegen; Anke Richters - Radboud University Medical Center; Lambertus A Kiemeney - Radboud University Nijmegen; Lambertus A Kiemeney - Radboud University Medical Center; Niven Mehra - Radboud University Nijmegen; Niven Mehra - Radboud University Medical Center; Hans M Westgeest - Amphia Ziekenhuis; Alison Birtle - Lancashire Teaching Hospitals NHS Foundation Trust; Alison Birtle - University of Lancashire; Richard T Bryan - University of Birmingham; Katja K.H Aben - Netherlands Comprehensive Cancer Organisation; Katja K.H Aben - Radboud University Nijmegen; Katja K.H Aben - Radboud University Medical Center",,
"Short- and long-term impact of cancer on employment and financial outcomes of adolescents and young adults (AYAs): a large population-based case-control registry study in the Netherlands",10.1016/j.esmoop.2022.100521,"ESMO Open",2022-08-01,2,journal-article,"Elsevier BV","Silvie H M Janssen - The Netherlands Cancer Institute; Daniël J van der Meer - The Netherlands Cancer Institute; Mies van Eenbergen - Netherlands Comprehensive Cancer Organisation; Mies van Eenbergen - Tilburg University; Winette T.A van der Graaf - The Netherlands Cancer Institute; Winette T.A van der Graaf - Erasmus MC Cancer Institute; Winette T.A van der Graaf - Erasmus MC; Olga Husson - Erasmus MC Cancer Institute; Olga Husson - The Netherlands Cancer Institute; Olga Husson - Erasmus MC",,
"The effect of delayed primary treatment initiation on adverse events and recurrence in older head and neck cancer patients",10.1016/j.radonc.2022.06.001,"Radiotherapy and Oncology",2022-08-01,1,journal-article,"Elsevier BV","Rosanne C Schoonbeek - University Medical Center Groningen; Rosanne C Schoonbeek - University of Groningen; Suzanne Festen - University Medical Center Groningen; Suzanne Festen - University of Groningen; Bernard F A M van der Laan - Medisch Centrum Haaglanden; Boudewijn E C Plaat - University Medical Center Groningen; Boudewijn E C Plaat - University of Groningen; Johannes A Langendijk - University Medical Center Groningen; Johannes A Langendijk - University of Groningen; Boukje A C van Dijk - University Medical Center Groningen; Boukje A C van Dijk - University of Groningen; Boukje A C van Dijk - Netherlands Comprehensive Cancer Organisation; György B Halmos - University Medical Center Groningen; György B Halmos - University of Groningen",,"0000-0001-5984-4716; 0000-0001-8631-7727; 0000-0002-3103-943X; 0000-0002-5016-2871; 0000-0002-9080-690X; 0000-0003-1083-372X; 0000-0003-2460-2260"
"ESTRO ACROP guidelines for external beam radiotherapy of patients with complicated bone metastases",10.1016/j.radonc.2022.06.002,"Radiotherapy and Oncology",2022-08-01,4,journal-article,"Elsevier BV","Eva Oldenburger - KU Leuven; Stephanie Brown - Mount Vernon Cancer Centre; Jonas Willmann - University Hospital of Zurich; Jonas Willmann - University of Zurich; Joanne M van der Velden - Leiden University Medical Center; Joanne M van der Velden - Netherlands Comprehensive Cancer Organisation; Mateusz Spałek - The Maria Sklodowska-Curie National Research Institute of Oncology; Yvette M van der Linden - Leiden University Medical Center; Yvette M van der Linden - Netherlands Comprehensive Cancer Organisation; Joanna Kaźmierska - Greater Poland Cancer Center; Joanna Kaźmierska - Poznan University of Medical Sciences; Johan Menten - KU Leuven; Nicolaus Andratschke - University Hospital of Zurich; Nicolaus Andratschke - University of Zurich; Peter Hoskin - Mount Vernon Cancer Centre; Peter Hoskin - Cancer Research UK Manchester Institute; Peter Hoskin - University of Manchester",,
"ESTRO ACROP guidelines for external beam radiotherapy of patients with uncomplicated bone metastases",10.1016/j.radonc.2022.05.024,"Radiotherapy and Oncology",2022-08-01,6,journal-article,"Elsevier BV","Joanne Van der Velden - Leiden University; Joanne Van der Velden - Netherlands Comprehensive Cancer Organisation; Jonas Willmann - University of Zurich; Jonas Willmann - University Hospital of Zurich; Mateusz Spałek - The Maria Sklodowska-Curie National Research Institute of Oncology; Eva Oldenburger - KU Leuven; Stephanie Brown - Mount Vernon Cancer Centre; Joanna Kaźmierska - Greater Poland Cancer Center; Joanna Kaźmierska - Poznan University of Medical Sciences; Nicolaus Andratschke - University Hospital of Zurich; Nicolaus Andratschke - University of Zurich; Johan Menten - KU Leuven; Yvette M van der Linden - Leiden University; Yvette M van der Linden - Netherlands Comprehensive Cancer Organisation; Peter Hoskin - University of Manchester; Peter Hoskin - Cancer Research UK Manchester Institute; Peter Hoskin - Mount Vernon Cancer Centre",,
"Long-term and serious harms of medical cannabis and cannabinoids for chronic pain: a systematic review of non-randomised studies",10.1136/bmjopen-2021-054282,"BMJ Open",2022-08-01,9,journal-article,BMJ,"Dena Zeraatkar - Impact; Dena Zeraatkar - Harvard University; Dena Zeraatkar - McMaster University; Matthew Cooper - McMaster University; Arnav Agarwal - University of Toronto; Robin W.M Vernooij - Netherlands Comprehensive Cancer Organisation; Gareth Leung - University of Cambridge; Kevin Loniewski - York University; Jared Dookie - Western University; Muhammad Muneeb Ahmed - McMaster University; Brian Y Hong - University of Toronto; Chris J Hong - Impact; Chris J Hong - University of Toronto; Patrick Jiho Hong - University of Toronto; Rachel Couban - McMaster University; Thomas Agoritsas - McMaster University; Jason W Busse - McMaster University",,
"Rare cancer and return to work: experiences and needs of patients and (health care) professionals",10.1080/09638288.2022.2099589,"Disability and Rehabilitation",2022-07-18,1,journal-article,"Informa UK Limited","Daphne L T Olischläger - Netherlands Comprehensive Cancer Organisation; Desiree Dona - Radboud University Medical Center; Heinz‐Josef Klümpen - Amsterdam University Medical Centers; Christina Malmose Stapelfeldt - Aarhus University; Desiree Dona - Radboud University Nijmegen; Eline de Heus - Radboud University Nijmegen; Eline de Heus - Radboud University Medical Center; Linda Brom - Netherlands Comprehensive Cancer Organisation; Li Xiang Y den Boer - Netherlands Comprehensive Cancer Organisation; Eline de Heus - Netherlands Comprehensive Cancer Organisation; Saskia F A Duijts - Netherlands Comprehensive Cancer Organisation; Saskia F A Duijts - Vrije Universiteit Amsterdam; Saskia F A Duijts - Amsterdam University Medical Centers",,
"Risk factors for metastatic cutaneous squamous cell carcinoma: Refinement and replication based on 2 nationwide nested case-control studies",10.1016/j.jaad.2022.02.056,"Journal of the American Academy of Dermatology",2022-07-01,1,journal-article,"Elsevier BV","Zoe C Venables - NHS Digital; Zoe C Venables - Norfolk and Norwich University Hospital; Loes M Hollestein - Netherlands Comprehensive Cancer Organisation; Hongchao Qi - Erasmus MC; Brian Rous - Norfolk and Norwich University Hospital; Antien L Mooyaart - Erasmus MC",,"0000-0001-8922-6791; 0000-0001-9810-5780; 0000-0002-7619-461X; 0000-0002-9929-2693; 0000-0003-0932-2076"
"Factors influencing the quality and functioning of oncological multidisciplinary team meetings: results of a systematic review",10.1186/s12913-022-08112-0,"BMC Health Services Research",2022-06-27,1,journal-article,"Springer Nature","Janneke E W Walraven - Radboud University Medical Center; Janneke E W Walraven - Radboud University Nijmegen; Jacobus J M van der Hoeven - Radboud University Nijmegen; Olga L van der Hel - Netherlands Comprehensive Cancer Organisation; Jacobus J M van der Hoeven - Radboud University Medical Center; Rob H.A Verhoeven - Amsterdam University Medical Centers; V.E.P.P Lemmens - Netherlands Comprehensive Cancer Organisation; Rob H.A Verhoeven - University of Amsterdam; Rob H.A Verhoeven - Netherlands Comprehensive Cancer Organisation; Rob H.A Verhoeven - Amsterdam Neuroscience; Ingrid M.E Desar - Radboud University Medical Center; Ingrid M.E Desar - Radboud University Nijmegen",,"0000-0001-7161-5369; 0000-0001-9678-1611; 0000-0002-4109-5734; 0000-0003-0945-8299; 0000-0003-1117-1959"
"Diagnosis, treatment and supportive management of chronic lymphocytic leukemia: recommendations of the Dutch HOVON CLL working group",10.1080/10428194.2022.2084731,"Leukemia & Lymphoma",2022-06-23,1,journal-article,"Informa UK Limited","Doreen G Te Raa - Ziekenhuis Gelderse Vallei; Lina van der Straten - Albert Schweitzer Ziekenhuis; Lina van der Straten - Netherlands Comprehensive Cancer Organisation; Lina van der Straten - Erasmus MC; Lina van der Straten - Erasmus University Rotterdam; Michel van Gelder - Maastricht University Medical Centre; Sabina Kersting - Haga Hospital; Mark‐David Levin - Albert Schweitzer Ziekenhuis; Rogier Mous - Utrecht University; Rogier Mous - University Medical Center Utrecht; Hanneke M Straaten - Rijnstate Hospital; Marten R Nijziel - Catharina Ziekenhuis; Marten R Nijziel - Radboud University Nijmegen; Ellen van der Spek - Rijnstate Hospital; Eduardus F M Posthuma - Reinier de Graaf Hospital; Eduardus F M Posthuma - Leiden University Medical Center; Hein P J Visser - Noordwest Ziekenhuisgroep; Marjolein van der Klift - Amphia Ziekenhuis; Mar Bellido - University Medical Center Groningen; Mar Bellido - University of Groningen; Jeanette K Doorduijn - Erasmus MC Cancer Institute; Anke H W Bruns - University Medical Center Utrecht; Anke H W Bruns - Utrecht University; Reinier A P Raijmakers - University Medical Center Utrecht; Reinier A P Raijmakers - Utrecht University; Arnon P Kater - Amsterdam University Medical Centers; Arnon P Kater - University of Amsterdam",,"0000-0001-7505-0780; 0000-0001-8698-4351; 0000-0001-9069-4939; 0000-0001-9864-5816; 0000-0002-1014-0918; 0000-0002-2420-2067; 0000-0002-9359-1203; 0000-0003-2139-3547; 0000-0003-3190-1891; 0000-0003-3333-1327"
"MASCC/ISOO expert opinion on the management of oral problems in patients with advanced cancer",10.1007/s00520-022-07211-2,"Supportive Care in Cancer",2022-06-18,2,journal-article,"Springer Nature","Jac A Jones - Royal Surrey County Hospital; Yanin Chávarri-Guerra - Instituto Nacional de Ciencias Médicas y Nutrición Salvador Zubirán; Luisa Barreto Costa Corrêa - Federal Police of Brazil; David Dean - Seattle Cancer Care Alliance; David Dean - Seattle University; David Dean - University of Washington; Joel B Epstein - City of Hope; Joel B Epstein - Sinai Health System; Eduardo Rodrigues Fregnani - Hospital Sírio-Libanês; Jiyeon Lee - Yonsei University; Yuhei Matsuda - Shimane University; Valeria Mercadante - Eastman Dental Hospital; Ragnhild Elisabeth Monsen - Lovisenberg Diakonale Høgskole; Ragnhild Elisabeth Monsen - University of Oslo; Natasja J H Rajimakers - Netherlands Comprehensive Cancer Organisation; Deborah Saunders - NOSM University; Enrique Soto‐Pérez‐de‐Celis - Instituto Nacional de Ciencias Médicas y Nutrición Salvador Zubirán; Mariana S Sousa - University of Technology Sydney; Arghavan Tonkaboni - Tehran University of Medical Sciences; Arjan Vissink - University Medical Center Groningen; Arjan Vissink - University of Groningen; Keng Soon Yeoh - Australian Dental Association; Andrew Davies - Trinity College Dublin; Andrew Davies - University College Dublin",,
"Patient involvement in clinical pathway development, implementation and evaluation – A scoping review of international literature",10.1016/j.pec.2021.10.007,"Patient Education and Counseling",2022-06-01,1,journal-article,"Elsevier BV","Anke Wind - Maastricht University; Anke Wind - Rijnstate Hospital; Christopher van der Linden - Maastricht University; Elmar Hartman - Rijnstate Hospital; Elmar Hartman - University of Twente; Sabine Siesling - Netherlands Comprehensive Cancer Organisation; Sabine Siesling - University of Twente; Wim H van Harten - The Netherlands Cancer Institute; Wim H van Harten - Oncode Institute; Wim H van Harten - Rijnstate Hospital; Wim H van Harten - University of Twente",,"0000-0001-9580-0489; 0000-0002-0273-824X; 0000-0002-1929-1560; 0000-0002-9368-2519"
"Personalized response-directed surgery and adjuvant therapy after neoadjuvant ipilimumab and nivolumab in high-risk stage III melanoma: the PRADO trial",10.1038/s41591-022-01851-x,"Nature Medicine",2022-06-01,3,journal-article,"Springer Nature","Irene L M Reijers - The Netherlands Cancer Institute; Alexander M Menzies - Melanoma Institute Australia; Alexander M Menzies - The University of Sydney; Alexander C.J van Akkooi - The University of Sydney; Alexander C.J van Akkooi - Melanoma Institute Australia; Judith M Versluis - The Netherlands Cancer Institute; N.M.J Van Den Heuvel - The Netherlands Cancer Institute; Robyn P.M Saw - Melanoma Institute Australia; Robyn P.M Saw - The University of Sydney; Thomas E Pennington - Melanoma Institute Australia; Thomas E Pennington - The University of Sydney; Ellen Kapiteijn - Leiden University Medical Center; Astrid A.M van der Veldt - Erasmus MC; Karijn P.M Suijkerbuijk - University Medical Center Utrecht; Geke A.P Hospers - University Medical Center Groningen; Geke A.P Hospers - University of Groningen; Elisa A Rozeman - The Netherlands Cancer Institute; W Martin C Klop - The Netherlands Cancer Institute; Winan J van Houdt - Oncode Institute; Winan J van Houdt - The Netherlands Cancer Institute; Karolina Sikorska - The Netherlands Cancer Institute; Jos A van der Hage - Leiden University Medical Center; Dirk J Grünhagen - Erasmus MC Cancer Institute; Michel W.J.M Wouters - Oncode Institute; Michel W.J.M Wouters - The Netherlands Cancer Institute; Arjen J Witkamp - University Medical Center Utrecht; Charlotte L Zuur - The Netherlands Cancer Institute; J Lijnsvelt - The Netherlands Cancer Institute; A Torres Acosta - The Netherlands Cancer Institute; Lindsay G Grijpink-Ongering - The Netherlands Cancer Institute; Maria Gonzalez - Melanoma Institute Australia; Maria Gonzalez - The University of Sydney; Katarzyna Jóźwiak - Medizinische Hochschule Brandenburg Theodor Fontane; Carolien Bierman - The Netherlands Cancer Institute; Kerwin F Shannon - Melanoma Institute Australia; Kerwin F Shannon - The University of Sydney; Sydney Ch’ng - The University of Sydney; Andrew J Colebatch - The University of Sydney; Andrew J Spillane - The University of Sydney; John B.A.G Haanen - Leiden University Medical Center; Robert V Rawson - The University of Sydney; Bart A van de Wiel - The Netherlands Cancer Institute; Lonneke V van de Poll‐Franse - The Netherlands Cancer Institute; Richard A Scolyer - The University of Sydney; Annelies H Boekhout - The Netherlands Cancer Institute; Georgina V Long - Royal North Shore Hospital; Christian U Blank - Leiden University Medical Center",,
"The gap between rare and common cancers still exists: Results from a population-based study in the Netherlands",10.1016/j.ejca.2022.03.001,"European Journal of Cancer",2022-05-01,3,journal-article,"Elsevier BV","Eline de Heus - Netherlands Comprehensive Cancer Organisation; Eline de Heus - Radboud University Nijmegen; Eline de Heus - Radboud University Medical Center; Saskia F A Duijts - University of Amsterdam; Saskia F A Duijts - Amsterdam University Medical Centers; Saskia F A Duijts - Netherlands Comprehensive Cancer Organisation; Jan Maarten van der Zwan - Netherlands Comprehensive Cancer Organisation; Ellen Kapiteijn - Leiden University Medical Center; Els J M Nieveen van Dijkum - University of Amsterdam; Els J M Nieveen van Dijkum - Amsterdam University Medical Centers; Carla M.L van Herpen - Radboud University Nijmegen; Carla M.L van Herpen - Radboud University Medical Center; Matthias A.W Merkx - Netherlands Comprehensive Cancer Organisation; Matthias A.W Merkx - Radboud University Medical Center; Matthias A.W Merkx - Radboud University Nijmegen",,
"Impact of the COVID-19-pandemic on patients with gynecological malignancies undergoing surgery: A Dutch population-based study using data from the ‘Dutch Gynecological Oncology Audit’",10.1016/j.ygyno.2022.02.013,"Gynecologic Oncology",2022-05-01,1,journal-article,"Elsevier BV","Marc Daniël Algera - Dutch Institute for Clinical Auditing; Marc Daniël Algera - Maastricht University; A.J Kruse - Isala; A.M.L.D van Haaften-de Jong - Haga Hospital; A.M.G van de Swaluw - Refaja Ziekenhuis; C.C.N Buis - Ziekenhuis Nij Smellinghe; Cornelis G Gerestein - Meander Medisch Centrum; Cornelis G Gerestein - University Medical Center Utrecht; C.M.W.H Smeets - Slingeland Ziekenhuis; Willemien J van Driel - The Netherlands Cancer Institute; B.F.M Slangen - Maastricht University; R Kruitwagen - Maastricht University; Michel W.J.M Wouters - Leiden University Medical Center; Michel W.J.M Wouters - Dutch Institute for Clinical Auditing; Astrid Baalbergen - Reinier de Graaf Hospital; A Dorien ten Cate - Spaarne Ziekenhuis; A Dorien ten Cate - Spaarne Gasthuis; A.L Aalders - Rijnstate Hospital; H.H Keizer - Medisch Centrum Leeuwarden; H.P.M Smedts - Amphia Ziekenhuis; Inge Ebisch - Canisius-Wilhelmina Ziekenhuis; Jonas van de Lande - Dutch Institute for Clinical Auditing; Jonas van de Lande - Spaarne Gasthuis; Jonas van de Lande - Spaarne Ziekenhuis; Jonas van de Lande - Leiden University Medical Center; Justine M Briët - Dutch Institute for Clinical Auditing; Justine M Briët - Leiden University Medical Center; Jolien de Waard - Leiden University Medical Center; Jolien de Waard - Dutch Institute for Clinical Auditing; Jeroen Diepstraten - Dutch Institute for Clinical Auditing; Jeroen Diepstraten - Leiden University Medical Center; J Lange - Maastricht University; Jan Willem Mens - Erasmus MC Cancer Institute; K Overmars - Maastricht University; Margriet A Huisman - Leiden University Medical Center; Margriet A Huisman - Dutch Institute for Clinical Auditing; Marjolein Kleppe - Dutch Institute for Clinical Auditing; Marjolein Kleppe - Leiden University Medical Center; Muriel van den Hende - Dutch Institute for Clinical Auditing; Muriel van den Hende - Leiden University Medical Center; Maaike A van der Aa - Leiden University Medical Center; Maaike A van der Aa - Dutch Institute for Clinical Auditing; Miriam Wüst - Dutch Institute for Clinical Auditing; Miriam Wüst - Maastricht University; Tanja C Stam - Medisch Centrum Haaglanden; W Minderhoud-Bassie - Leiden University Medical Center; Eva Maria Roes - Erasmus MC Cancer Institute; W Minderhoud-Bassie - Dutch Institute for Clinical Auditing; E.J.M van Es - St.Jans Gasthuis Weert; Dorry Boll - Catharina Ziekenhuis; Dorry Boll - Radboud University Nijmegen; Rafli van de Laar - VieCuri Medisch Centrum; D.H Ngo - Elkerliek Ziekenhuis; Elvira M Davelaar - Lange Land Ziekenhuis; E.A Ooms - Rode Kruis Ziekenhuis; E.B.L van Dorst - University Medical Center Utrecht; Channa E Schmeink - St. Anna Ziekenhuis; F.A Ten Cate - Spaarne Ziekenhuis; F.A Ten Cate - Spaarne Gasthuis; F.A Ten Cate - Ziekenhuis Bernhoven; Fleur E.M Rijcken - Alrijne Ziekenhuis; F.M.R Rosier-van Dunné - Tergooi; Guus Fons - Amsterdam UMC Location University of Amsterdam; Harold R Verhoeve - OLVG; H.T.C Nagel - Medisch Centrum Haaglanden",,"0000-0001-6173-0662; 0000-0001-7171-7146; 0000-0002-0107-1148; 0000-0002-0191-9225; 0000-0002-2934-2704; 0000-0002-5339-8505; 0000-0002-6363-8410; 0000-0002-7194-2797; 0000-0002-7504-4468; 0000-0002-7530-9817; 0000-0002-9437-0533; 0000-0003-0425-0595; 0000-0003-0490-2258; 0000-0003-2246-1994; 0000-0003-2811-3851"
"Limited impact of             <scp>COVID</scp>             ‐19‐related diagnostic delay on cutaneous melanoma and squamous cell carcinoma tumour characteristics: a nationwide pathology registry analysis",10.1111/bjd.21050,"British Journal of Dermatology",2022-05-01,2,journal-article,"Oxford University Press (OUP)","Tobias E Sangers - Erasmus MC Cancer Institute; Marlies Wakkee - Erasmus MC Cancer Institute; Tamar Nijsten - Erasmus MC Cancer Institute; Marieke W.J Louwman - Netherlands Comprehensive Cancer Organisation; Elisabeth H Jaspars - Amsterdam UMC Location Vrije Universiteit Amsterdam; Loes M Hollestein - Erasmus MC Cancer Institute",,"0000-0001-8578-901X; 0000-0001-8922-6791; 0000-0001-9011-6741; 0000-0001-9940-2875; 0000-0003-0948-5801"
"The current and future incidence and mortality of gastric cancer in 185 countries, 2020–40: A population-based modelling study",10.1016/j.eclinm.2022.101404,EClinicalMedicine,2022-05-01,8,journal-article,"Elsevier BV","Eileen Morgan - Centre international de recherche sur le cancer; Melina Arnold - Centre international de recherche sur le cancer; M Constanza Camargo - National Institutes of Health; M Constanza Camargo - National Cancer Institute; Andrea Gini - Centre international de recherche sur le cancer; Andrew T Kunzmann - Queen's University Belfast; Filip Meheus - Centre international de recherche sur le cancer; Rob H.A Verhoeven - Netherlands Comprehensive Cancer Organisation; Rob H.A Verhoeven - Amsterdam University Medical Centers; Jérôme Vignat - Centre international de recherche sur le cancer; Mathieu Laversanne - Centre international de recherche sur le cancer; Jacques Ferlay - Centre international de recherche sur le cancer; Isabelle Soerjomataram - Centre international de recherche sur le cancer",,
"Evaluating quality of care at the end of life and setting best practice performance standards: a population-based observational study using linked routinely collected administrative databases",10.1186/s12904-022-00927-2,"BMC Palliative Care",2022-04-12,1,journal-article,"Springer Nature","Mariska Oosterveld‐Vlug - Netherlands Institute for Health Services Research; M Heins - Netherlands Institute for Health Services Research; M Boddaert - Netherlands Comprehensive Cancer Organisation; Yvonne Engels - Radboud University Nijmegen; Yvonne Engels - Radboud University Medical Center; Agnes van der Heide - Erasmus MC; Bregje D Onwuteaka‐Philipsen - Vrije Universiteit Amsterdam; Bregje D Onwuteaka‐Philipsen - Amsterdam University Medical Centers; Anna K.L Reyners - University Medical Center Groningen; Anna K.L Reyners - University of Groningen; Anneke L Francke - Vrije Universiteit Amsterdam; Anneke L Francke - Amsterdam University Medical Centers",,
"Associations of hospital volume and hospital competition with short-term, middle-term and long-term patient outcomes after breast cancer surgery: a retrospective population-based study",10.1136/bmjopen-2021-057301,"BMJ Open",2022-04-01,2,journal-article,BMJ,"W van der Schors - Erasmus University Rotterdam; Ron Kemp - Netherlands Food and Consumer Product Safety Authority; Ron Kemp - Erasmus University Rotterdam; Jolanda van Hoeve - Netherlands Comprehensive Cancer Organisation; Jolanda van Hoeve - University of Twente; Vivianne C G Tjan‐Heijnen - Maastricht University Medical Centre; John H Maduro - Dialyse Centrum Groningen; Marie‐Jeanne Vrancken Peeters - The Netherlands Cancer Institute; Marie‐Jeanne Vrancken Peeters - Amsterdam University Medical Centers; Sabine Siesling - Netherlands Comprehensive Cancer Organisation; Sabine Siesling - University of Twente; Marco Varkevisser - Erasmus University Rotterdam",,
"Quality of life and quality of care as experienced by patients with advanced cancer and their relatives: A multicentre observational cohort study (eQuiPe)",10.1016/j.ejca.2022.01.039,"European Journal of Cancer",2022-04-01,1,journal-article,"Elsevier BV","Janneke van Roij - Netherlands Comprehensive Cancer Organisation; Janneke van Roij - Tilburg University; Janneke van Roij - Libra Revalidatie & Audiologie; Natasja Raijmakers - Netherlands Comprehensive Cancer Organisation; Laurien Ham - Netherlands Comprehensive Cancer Organisation; M.H.J van den Beuken-van Everdingen - Maastricht University; Ben van den Borne - Catharina Ziekenhuis; Ben van den Borne - Radboud University Nijmegen; Geert-Jan Creemers - Catharina Ziekenhuis; Geert-Jan Creemers - Radboud University Nijmegen; Jarmo Hunting - St. Antonius Ziekenhuis; Evelien Kuip - Radboud University Nijmegen; Evelien Kuip - Radboud University Medical Center; Lobke van Leeuwen - Diakonessenhuis hospital; Hanneke W.M van Laarhoven - University of Amsterdam; Hanneke W.M van Laarhoven - Amsterdam University Medical Centers; Caroline Mandigers - Canisius-Wilhelmina Ziekenhuis; Peter Nieboer - Wilhelmina Children's Hospital; Lilly‐Ann van der Velden - The Netherlands Cancer Institute; Lia van Zuylen - Erasmus MC Cancer Institute; Lia van Zuylen - Amsterdam University Medical Centers; John Gelissen - Tilburg University; Myrte Zijlstra - Netherlands Comprehensive Cancer Organisation; Myrte Zijlstra - St.Jans Gasthuis Weert; Linda Brom - Netherlands Comprehensive Cancer Organisation; Heidi P Fransen - Netherlands Comprehensive Cancer Organisation; Lonneke V van de Poll‐Franse - Netherlands Comprehensive Cancer Organisation; Lonneke V van de Poll‐Franse - The Netherlands Cancer Institute; Lonneke V van de Poll‐Franse - Tilburg University",,"0000-0002-2286-3806; 0000-0002-2446-2862; 0000-0002-3000-2520; 0000-0002-5232-6649; 0000-0002-7142-7605; 0000-0002-8808-7299; 0000-0002-9114-643X; 0000-0002-9358-1996; 0000-0003-0413-6872; 0000-0003-0787-3018; 0000-0003-1274-5643; 0009-0004-5699-9674"
"A population-based study describing characteristics, survival and the effect of TKI treatment on patients with EGFR mutated stage IV NSCLC in the Netherlands",10.1016/j.ejca.2022.01.038,"European Journal of Cancer",2022-04-01,3,journal-article,"Elsevier BV","Deirdre M.H.J ten Berge - Erasmus MC Cancer Institute; Deirdre M.H.J ten Berge - Elisabeth-TweeSteden Ziekenhuis; Deirdre M.H.J ten Berge - Erasmus University Rotterdam; Deirdre M.H.J ten Berge - Erasmus MC; Mieke J Aarts - Netherlands Comprehensive Cancer Organisation; Harry J.M Groen - University Medical Center Groningen; Harry J.M Groen - University of Groningen; Joachim G.J.V Aerts - Erasmus MC Cancer Institute; Jeroen S Kloover - Elisabeth-TweeSteden Ziekenhuis",,
"No increased risk of mature B-cell non-Hodgkin lymphoma after Q fever detected: results from a 16-year ecological analysis of the Dutch population incorporating the 2007–2010 Q fever outbreak",10.1093/ije/dyac053,"International Journal of Epidemiology",2022-03-30,1,journal-article,"Oxford University Press (OUP)","Jesper M Weehuizen - University Medical Center Utrecht; Jesper M Weehuizen - Utrecht University; Sonja E van Roeden - University Medical Center Utrecht; Sonja E van Roeden - Utrecht University; Sander J Hogewoning - Netherlands Comprehensive Cancer Organisation; Wim van der Hoek - Netherlands Environmental Assessment Agency; Marc J M Bonten - University Medical Center Utrecht; Marc J M Bonten - Utrecht University; Andy I M Hoepelman - University Medical Center Utrecht; Andy I M Hoepelman - Utrecht University; Chantal P Bleeker‐Rovers - Radboud University Nijmegen; Chantal P Bleeker‐Rovers - Radboud University Medical Center; Peter C Wever - Jeroen Bosch Ziekenhuis; Jan Jelrik Oosterheert - University Medical Center Utrecht; Jan Jelrik Oosterheert - Utrecht University",,"0000-0001-6146-3808; 0000-0001-7869-3167; 0000-0001-9419-216X; 0000-0002-5257-8512; 0000-0002-6514-7754; 0000-0002-9095-9201; 0000-0003-2331-112X; 0000-0003-4900-6262"
"Ovarian cancer today and tomorrow: A global assessment by world region and Human Development Index using <scp>GLOBOCAN</scp> 2020",10.1002/ijc.34002,"International Journal of Cancer",2022-03-30,3,journal-article,Wiley,"Citadel J Cabasag - Centre international de recherche sur le cancer; Paula J Fagan - Centre international de recherche sur le cancer; Paula J Fagan - Royal Marsden NHS Foundation Trust; Jacques Ferlay - Centre international de recherche sur le cancer; Jérôme Vignat - Centre international de recherche sur le cancer; Mathieu Laversanne - Centre international de recherche sur le cancer; Lihua Liu - University of Southern California; Maaike A van der Aa - Netherlands Comprehensive Cancer Organisation; Freddie Bray - Centre international de recherche sur le cancer; Isabelle Soerjomataram - Centre international de recherche sur le cancer",,
"Visualization formats of patient-reported outcome measures in clinical practice: a systematic review about preferences and interpretation accuracy",10.1186/s41687-022-00424-3,"Journal of Patient-Reported Outcomes",2022-03-03,1,journal-article,"Springer Nature","E A C Albers - The Netherlands Cancer Institute; Itske Fraterman - The Netherlands Cancer Institute; Iris Walraven - The Netherlands Cancer Institute; Erica A Wilthagen - The Netherlands Cancer Institute; Sanne B Schagen - The Netherlands Cancer Institute; Iris M C van der Ploeg - The Netherlands Cancer Institute; Michel W.J.M Wouters - The Netherlands Cancer Institute; Lonneke V van de Poll‐Franse - Netherlands Comprehensive Cancer Organisation; Kelly M de Ligt - The Netherlands Cancer Institute",,
"Population-based estimates of overtreatment with adjuvant systemic therapy in early breast cancer patients with data from the Netherlands and the USA",10.1007/s10549-022-06550-2,"Breast Cancer Research and Treatment",2022-03-03,1,journal-article,"Springer Nature","Max A A Ragusi - Utrecht University; Max A A Ragusi - University Medical Center Utrecht; Bas H M van der Velden - University Medical Center Utrecht; Bas H M van der Velden - Utrecht University; Marissa C van Maaren - University of Twente; Marissa C van Maaren - Netherlands Comprehensive Cancer Organisation; Elsken van der Wall - University Medical Center Utrecht; Elsken van der Wall - Utrecht University; Carla H van Gils - University Medical Center Utrecht; Carla H van Gils - Utrecht University; Ruud M Pijnappel - Utrecht University; Ruud M Pijnappel - University Medical Center Utrecht; Kenneth G A Gilhuijs - Utrecht University; Kenneth G A Gilhuijs - University Medical Center Utrecht; Sjoerd G Elias - University Medical Center Utrecht; Sjoerd G Elias - Utrecht University",,"0000-0002-2344-6182; 0000-0002-5708-2559; 0000-0002-6912-9414; 0000-0003-0817-7567; 0000-0003-2087-8649; 0000-0003-2568-6937; 0000-0003-3750-2824; 0000-0003-3903-4024"
"Systematic Review of Health Economic Evaluations Focused on Artificial Intelligence in Healthcare: The Tortoise and the Cheetah",10.1016/j.jval.2021.11.1362,"Value in Health",2022-03-01,3,journal-article,"Elsevier BV","Madelon M Voets - Netherlands Comprehensive Cancer Organisation; Madelon M Voets - University of Twente; Jeroen Veltman - University of Twente; Jeroen Veltman - Ziekenhuis Groep Twente; Cornelis H Slump - University of Twente; Sabine Siesling - Netherlands Comprehensive Cancer Organisation; Sabine Siesling - University of Twente; Hendrik Koffijberg - University of Twente",,
"SENTIREC – The sentinel node mapping in women with cervical cancer study – Patient-reported early lymphedema and its impact on quality of life",10.1016/j.ygyno.2021.12.024,"Gynecologic Oncology",2022-03-01,1,journal-article,"Elsevier BV","Sara Elisabeth Sponholtz - University of Southern Denmark; Sara Elisabeth Sponholtz - Odense University Hospital; Nicole P M Ezendam - Netherlands Comprehensive Cancer Organisation; Belle H de Rooij - Netherlands Comprehensive Cancer Organisation; Erik Thorlund Parner - Aarhus University; Ole Mogensen - Aarhus University Hospital; Ole Mogensen - Aarhus University; Malene Grubbe Hildebrandt - University of Southern Denmark; Malene Grubbe Hildebrandt - Odense University Hospital; Doris Schledermann - Odense University Hospital; Doris Schledermann - University of Southern Denmark; Algirdas Markauskas - Odense University Hospital; Ligita Paskeviciute Frøding - Copenhagen University Hospital; Katrine Fuglsang - Aarhus University Hospital; Sarah Marie Bjørnholt - Aarhus University; Sarah Marie Bjørnholt - Aarhus University Hospital; Pernille Tine Jensen - Aarhus University Hospital; Pernille Tine Jensen - University of Southern Denmark; Pernille Tine Jensen - Aarhus University",,"0000-0001-7655-9909; 0000-0001-9654-7876; 0000-0002-0172-0857; 0000-0002-1637-6040; 0000-0002-2040-1173; 0000-0002-4145-9120; 0000-0002-5878-4210; 0000-0003-2720-9018; 0000-0003-3661-1922; 0000-0003-4272-718X"
"Age-related Differences in Tumour Characteristics and Prognostic Factors for Disease Progression in Cutaneous Squamous Cell Carcinoma of the Head and Neck",10.2340/actadv.v101.347,"Acta Dermato-Venereologica",2022-02-22,1,journal-article,"Medical Journals Sweden AB","Alet J.G Leus - University Medical Center Groningen",,0000-0002-9338-487X
"The impact of the COVID‐19 pandemic on keratinocyte carcinoma in the Netherlands: Trends in diagnoses and magnitude of diagnostic delays",10.1111/jdv.17976,"Journal of the European Academy of Dermatology and Venereology",2022-02-09,1,journal-article,Wiley,"Ellis Slotman - University of Twente; Ellis Slotman - Netherlands Comprehensive Cancer Organisation; K Schreuder - Netherlands Comprehensive Cancer Organisation; Tamar Nijsten - Erasmus MC Cancer Institute; Marlies Wakkee - Erasmus MC Cancer Institute; Loes M Hollestein - Netherlands Comprehensive Cancer Organisation; Loes M Hollestein - Erasmus MC Cancer Institute; Antien L Mooyaart - Erasmus MC Cancer Institute; Sabine Siesling - University of Twente; Sabine Siesling - Netherlands Comprehensive Cancer Organisation; Marieke W.J Louwman - Netherlands Comprehensive Cancer Organisation",,
"Using guideline-based clinical decision support in oncological multidisciplinary team meetings: A prospective, multicenter concordance study",10.1093/intqhc/mzac007,"International Journal for Quality in Health Care",2022-02-07,2,journal-article,"Oxford University Press (OUP)","Kees C.W.J Ebben - Netherlands Comprehensive Cancer Organisation; Mathijs P Hendriks - Netherlands Comprehensive Cancer Organisation; Mathijs P Hendriks - Northwest Hospital; Mathijs P Hendriks - University of Twente; Lieke Markus - Netherlands Comprehensive Cancer Organisation; Milan Kos - Amsterdam University Medical Centers; Milan Kos - University of Amsterdam; Ignace H J T de Hingh - Catharina Ziekenhuis; Ignace H J T de Hingh - Radboud University Nijmegen; Jorg R Oddens - Amsterdam University Medical Centers; Jorg R Oddens - University of Amsterdam; Joost Rothbarth - Erasmus MC Cancer Institute; Johannes H.W de Wilt - Radboud University Medical Center; Johannes H.W de Wilt - Radboud University Nijmegen; Luc J A Strobbe - Canisius-Wilhelmina Ziekenhuis; Maud Bessems - Jeroen Bosch Ziekenhuis; Carsten T Mellema - Spaarne Ziekenhuis; Sabine Siesling - Netherlands Comprehensive Cancer Organisation; Sabine Siesling - University of Twente; Xander Verbeek - Netherlands Comprehensive Cancer Organisation",,
"Author response to: Transanal total mesorectal excision and low anterior resection syndrome",10.1093/bjs/znac013,"British Journal of Surgery",2022-02-04,2,journal-article,"Oxford University Press (OUP)","J Van Der Heijden - Radboud University Nijmegen; J Van Der Heijden - Radboud University Medical Center; Seyed M Qaderi - Radboud University Nijmegen; Seyed M Qaderi - Radboud University Medical Center; Rob H.A Verhoeven - Cancer Center Amsterdam; Rob H.A Verhoeven - Netherlands Comprehensive Cancer Organisation; Rob H.A Verhoeven - Amsterdam University Medical Centers; José A E Custers - Radboud University Nijmegen; José A E Custers - Radboud University Medical Center; Bastiaan Klarenbeek - Radboud University Nijmegen; Bastiaan Klarenbeek - Radboud University Medical Center; Adriana J G Maaskant-Braat - Radboud University Nijmegen; Adriana J G Maaskant-Braat - Máxima Medisch Centrum; Johannes H.W de Wilt - Radboud University Nijmegen; Johannes H.W de Wilt - Radboud University Medical Center",,
"Needs and preferences of breast cancer survivors regarding outcome-based shared decision-making about personalised post-treatment surveillance",10.1007/s11764-022-01178-z,"Journal of Cancer Survivorship",2022-02-04,1,journal-article,"Springer Nature","Jet W Ankersmid - University of Twente; Constance H.C Drossaert - University of Twente; Yvonne E A van Riet - Catharina Ziekenhuis; Yvonne E A van Riet - Radboud University Nijmegen; Luc J A Strobbe - Canisius-Wilhelmina Ziekenhuis; Sabine Siesling - Netherlands Comprehensive Cancer Organisation",,"0000-0002-0273-824X; 0000-0002-3840-3003; 0000-0002-4465-5768; 0000-0002-4562-8147; 0000-0002-7083-3169"
"Beyond median overall survival: Estimating multiple survival scenarios in patients with metastatic esophagogastric cancer.",10.1200/jco.2022.40.4_suppl.261,"Journal of Clinical Oncology",2022-02-01,1,journal-article,"American Society of Clinical Oncology (ASCO)","Marieke Pape - Netherlands Comprehensive Cancer Organisation; Steven C Kuijper - Amsterdam University Medical Centers; Pauline A J Vissers - Netherlands Comprehensive Cancer Organisation; Geert‐Jan Creemers - Catharina Ziekenhuis; Geert‐Jan Creemers - Radboud University Nijmegen; Hanneke W.M van Laarhoven - University of Amsterdam; Hanneke W.M van Laarhoven - Amsterdam University Medical Centers; Rob H.A Verhoeven - Netherlands Comprehensive Cancer Organisation",,"0000-0001-7035-7863; 0000-0001-9054-7541; 0000-0001-9678-1611; 0000-0002-0677-888X; 0000-0003-1274-5643"
"Cumulative incidence and disease-specific survival of metastatic cutaneous squamous cell carcinoma: A nationwide cancer registry study",10.1016/j.jaad.2021.09.067,"Journal of the American Academy of Dermatology",2022-02-01,1,journal-article,"Elsevier BV","Selin Tokez - Erasmus MC Cancer Institute; Marlies Wakkee - Erasmus MC Cancer Institute; Wilner Christopher Kan - Erasmus MC Cancer Institute; Zoe C Venables - Fulbourn Hospital; Zoe C Venables - Public Health England; Zoe C Venables - Norfolk and Norwich University Hospital; Antien L Mooyaart - Erasmus MC; Marieke W.J Louwman - Netherlands Comprehensive Cancer Organisation; Tamar Nijsten - Erasmus MC Cancer Institute; Loes M Hollestein - Netherlands Comprehensive Cancer Organisation; Loes M Hollestein - Erasmus MC Cancer Institute",,
"Symptomatic Skeletal Events and the Use of Bone Health Agents in a Real-World Treated Metastatic Castration Resistant Prostate Cancer Population: Results From the CAPRI-Study in the Netherlands",10.1016/j.clgc.2021.10.008,"Clinical Genitourinary Cancer",2022-02-01,1,journal-article,"Elsevier BV","Malou C.P Kuppen - Erasmus University Rotterdam; Hans M Westgeest - Amphia Ziekenhuis; Alfons J.M van den Eertwegh - Amsterdam University Medical Centers; Alfons J.M van den Eertwegh - Vrije Universiteit Amsterdam; R Jeroen A van Moorselaar - Vrije Universiteit Amsterdam; R Jeroen A van Moorselaar - Amsterdam University Medical Centers; Inge M van Oort - Radboud University Nijmegen; Inge M van Oort - Radboud University Medical Center; Metin Tascilar - Isala; Niven Mehra - Radboud University Nijmegen; Niven Mehra - Radboud University Medical Center; Jules Lavalaye - St. Antonius Ziekenhuis; Diederik M Somford - Canisius-Wilhelmina Ziekenhuis; Katja K.H Aben - Radboud University Nijmegen; Katja K.H Aben - Radboud University Medical Center; Katja K.H Aben - Netherlands Comprehensive Cancer Organisation; Andries M Bergman - The Netherlands Cancer Institute; Ronald de Wit - Erasmus MC Cancer Institute; A.C.M van den Bergh - University Medical Center Groningen; Carin A Uyl‐de Groot - Erasmus University Rotterdam; Winald R Gerritsen - Radboud University Nijmegen; Winald R Gerritsen - Radboud University Medical Center",,"0000-0001-5223-2549; 0000-0001-5808-302X; 0000-0001-7475-1489; 0000-0001-8908-1684; 0000-0002-0214-2147; 0000-0002-1954-090X; 0000-0002-2559-9254; 0000-0002-4794-1831; 0000-0002-5277-6586; 0000-0002-5735-3638; 0000-0002-8002-1869; 0000-0002-8730-567X; 0000-0003-2055-7474; 0000-0003-2196-1233"
"Adverse health effects after breast cancer up to 14 years after diagnosis",10.1016/j.breast.2021.12.001,"The Breast",2022-02-01,1,journal-article,"Elsevier BV","M Heins - Netherlands Institute for Health Services Research; Kelly M de Ligt - Netherlands Comprehensive Cancer Organisation; Kelly M de Ligt - University of Twente; Janneke Verloop - Netherlands Comprehensive Cancer Organisation; Sabine Siesling - Netherlands Comprehensive Cancer Organisation; Sabine Siesling - University of Twente; Joke C Korevaar - Netherlands Institute for Health Services Research",,"0000-0001-9218-617X; 0000-0001-9997-040X; 0000-0002-0273-824X; 0000-0002-1794-7407"
"Development and external validation of a prediction model for overall survival after resection of distal cholangiocarcinoma",10.1038/s41416-021-01687-1,"British Journal of Cancer",2022-01-17,1,journal-article,"Springer Nature","Ali Belkouz - University of Amsterdam; Ali Belkouz - Amsterdam University Medical Centers; Stijn van Roessel - Amsterdam University Medical Centers; Stijn van Roessel - University of Amsterdam; Marin Strijker - University of Amsterdam; Marin Strijker - Amsterdam University Medical Centers; Jacob L van Dam - Erasmus MC Cancer Institute; Lois A Daamen - University Medical Center Utrecht; Lydia G van der Geest - Netherlands Comprehensive Cancer Organisation; Alberto Balduzzi - University of Verona; Andrea Benedetti Cacciaguerra - University Hospital Southampton NHS Foundation Trust; Susan van Dieren - University of Amsterdam; Susan van Dieren - Amsterdam University Medical Centers; Joanne Verheij - University of Amsterdam; Joanne Verheij - Amsterdam University Medical Centers; Giuseppe Malleo - University of Verona; Mohammad Abu Hilal - University Hospital Southampton NHS Foundation Trust; Martijn G.H van Oijen - University of Amsterdam; Martijn G.H van Oijen - Amsterdam University Medical Centers; Chris Verslype - KU Leuven; Cornelis J.A Punt - University of Amsterdam; Cornelis J.A Punt - Amsterdam University Medical Centers; Marc G Besselink - University of Amsterdam; Marc G Besselink - Amsterdam University Medical Centers; Q Molenaar - University Medical Center Utrecht; Bas Groot Koerkamp - Erasmus MC Cancer Institute; Heinz‐Josef Klümpen - University of Amsterdam; Heinz‐Josef Klümpen - Amsterdam University Medical Centers",,"0000-0001-5467-2628; 0000-0001-6018-8816; 0000-0001-6886-8138; 0000-0001-7897-1710; 0000-0001-9227-7178; 0000-0002-3041-0452; 0000-0002-3084-0495; 0000-0002-3162-4639; 0000-0002-5753-1211; 0000-0002-6947-9035; 0000-0002-7290-1823; 0000-0003-0846-1445; 0000-0003-1283-630X; 0000-0003-1637-5520; 0000-0003-1917-6973; 0000-0003-2650-9350; 0000-0003-3857-466X; 0000-0003-4988-9624"
"Polygenic risk modeling for prediction of epithelial ovarian cancer risk",10.1038/s41431-021-00987-7,"European Journal of Human Genetics",2022-01-14,1,journal-article,"Springer Nature","Eileen Dareng - University of Cambridge; Muriel A Adank - The Netherlands Cancer Institute; Simona Agata - Istituto Oncologico Veneto; Simona Agata - Istituti di Ricovero e Cura a Carattere Scientifico; Daniel R Barnes - University of Cambridge; Michelle R Jones - Cedars-Sinai Medical Center; Xin Yang - University of Cambridge; Katja K.H Aben - Radboud University Medical Center; Jonathan P Tyrer - Cancer Research UK Cambridge Center; Katja K.H Aben - Netherlands Comprehensive Cancer Organisation; Katja K.H Aben - Radboud University Nijmegen; Jonathan P Tyrer - University of Cambridge; Elisa V Bandera - Rutgers Cancer Institute; Rósa B Barkardóttir - University of Iceland; Rósa B Barkardóttir - National University Hospital of Iceland; Daniel Barrowdale - University of Cambridge; Matthias W Beckmann - Comprehensive Cancer Center Erlangen; Matthias W Beckmann - Universitätsklinikum Erlangen; Alicia Beeghly‐Fadiel - Vanderbilt University; Alicia Beeghly‐Fadiel - Vanderbilt-Ingram Cancer Center; Javier Benı́tez - Spanish National Cancer Research Centre; Javier Benı́tez - Centre for Biomedical Network Research on Rare Diseases; Marina Bermisheva - Ufa Institute of Chemistry; Marcus Q Bernardini - Princess Margaret Cancer Centre; Marcus Q Bernardini - University Health Network; Line Bjørge - University of Bergen; Line Bjørge - Haukeland University Hospital; Amanda Black - National Cancer Institute; Amanda Black - Division of Cancer Epidemiology and Genetics; Natalia Bogdanova - Medizinische Hochschule Hannover; Bernardo Bonanni - European Institute of Oncology; Åke Borg - Skåne University Hospital; Åke Borg - Lund University; James D Brenton - Cancer Research UK; James D Brenton - University of Cambridge; Agnieszka Budziłowska - The Maria Sklodowska-Curie National Research Institute of Oncology; Ralf Bützow - University of Helsinki; Ralf Bützow - Helsinki University Hospital; Saundra S Buys - Huntsman Cancer Institute; Hui Cai - Vanderbilt-Ingram Cancer Center; Hui Cai - Vanderbilt University; Ian Campbell - Peter MacCallum Cancer Centre; Ian Campbell - The University of Melbourne; Rikki A Cannioto - Roswell Park Comprehensive Cancer Center; Hayley Cassingham - The Ohio State University; Jenny Chang‐Claude - University Hospital Heidelberg; Jenny Chang‐Claude - University Cancer Center Hamburg; Jenny Chang‐Claude - Universität Hamburg; Jenny Chang‐Claude - German Cancer Research Center; Jenny Chang‐Claude - Heidelberg University; Jenny Chang‐Claude - University Medical Center Hamburg-Eppendorf; Irene L Andrulis - Lunenfeld-Tanenbaum Research Institute; Irene L Andrulis - University of Toronto; Irene L Andrulis - Mount Sinai Hospital; Hoda Anton‐Culver - University of California, Irvine; Natalia Antonenkova - N.N. Alexandrov National Cancer Centre; Gerasimos Aravantinos - Hospital Agioi Anargyroi; Banu K Arun - The University of Texas MD Anderson Cancer Center; Annelie Augustinsson - Lund University; Judith Balmañà - Vall d'Hebron Hospital Universitari; Judith Balmañà - Vall d'Hebron Institute of Oncology; Elisa V Bandera - Rutgers, The State University of New Jersey; Yoke-Eng Chiew - Westmead Hospital; Stephen J Chanock - National Institutes of Health; Stephen J Chanock - National Cancer Institute; Stephen J Chanock - Division of Cancer Epidemiology and Genetics; Kexin Chen - Tianjin Medical University Cancer Institute and Hospital; Yoke-Eng Chiew - Westmead Institute for Medical Research; Yoke-Eng Chiew - The University of Sydney; Wendy K Chung - Columbia University; Kathleen Claes - Ghent University; Sarah V Colonna - Huntsman Cancer Institute; Fabienne Lesueur - Inserm; Fabienne Lesueur - Institut Curie; Fabienne Lesueur - École Nationale Supérieure des Mines de Paris; Noura Mebirouk - École Nationale Supérieure des Mines de Paris; Noura Mebirouk - Inserm; Noura Mebirouk - Institut Curie; Rita K Schmutzler - University Hospital Cologne; Rita K Schmutzler - University of Cologne; Diana Eccles - University of Southampton; D Gareth Evans - Manchester University NHS Foundation Trust; D Gareth Evans - St Mary's Hospital; D Gareth Evans - Manchester Academic Health Science Centre; D Gareth Evans - St. Mary's Hospital; Linda S Cook - University of New Mexico; Linda S Cook - Alberta Health Services; Fergus J Couch - Mayo Clinic; Mary B Daly - Fox Chase Cancer Center; Fanny Dao - Memorial Sloan Kettering Cancer Center; Miguel de la Hoya - Instituto de Investigación Sanitaria del Hospital Clínico San Carlos; Miguel de la Hoya - Centro de Investigación Biomédica en Red de Cáncer; Robin De Putter - Ghent University; Joe Dennis - University of Cambridge; Allison DePersia - NorthShore University HealthSystem; Allison DePersia - University of Chicago; Peter Devilee - Leiden University Medical Center; Orland Dı́ez - Vall d'Hebron Institute of Oncology; Orland Dı́ez - Hospital Valle del Nalón; Yuan Chun Ding - Beckman Research Institute; Yuan Chun Ding - City of Hope; Jennifer A Doherty - University of Utah; Jennifer A Doherty - Huntsman Cancer Institute; Susan M Domchek - University of Pennsylvania; Thilo Dörk - Medizinische Hochschule Hannover; Andreas du Bois - Helios Dr. Horst Schmidt Kliniken Wiesbaden; Andreas du Bois - Kliniken Essen-Mitte; Matthias Dürst - Jena University Hospital; Matthias Dürst - Friedrich Schiller University Jena; Heather Eliassen - Brigham and Women's Hospital; Heather Eliassen - Harvard University; Peter A Fasching - Comprehensive Cancer Center Erlangen; Peter A Fasching - Universitätsklinikum Erlangen; Peter A Fasching - University of California, Los Angeles; James M Flanagan - Ovarian Cancer Action; James M Flanagan - Imperial College London; Renée T Fortner - Heidelberg University; Renée T Fortner - German Cancer Research Center; Eva Macháčková - Masaryk Memorial Cancer Institute; Eitan Friedman - Sheba Medical Center; Eitan Friedman - Tel Aviv University; Patricia A Ganz - UCLA Jonsson Comprehensive Cancer Center; Judy E Garber - Dana-Farber Cancer Institute; Francesca Gensini - University of Florence; Graham G Giles - Cancer Council Victoria; Graham G Giles - The University of Melbourne; Graham G Giles - Monash Health; Graham G Giles - Monash University; Gord Glendon - Lunenfeld-Tanenbaum Research Institute; Gord Glendon - Mount Sinai Hospital; Andrew K Godwin - University of Kansas Medical Center; Marc T Goodman - Cedars-Sinai Medical Center; Mark H Greene - National Cancer Institute; Mark H Greene - Division of Cancer Epidemiology and Genetics; Jacek Gronwald - Pomeranian Medical University; Eric Hahnen - University of Cologne; Eric Hahnen - University Hospital Cologne; Christopher A Haiman - University of Southern California; Niclas Håkansson - Karolinska Institutet; Ute Hamann - Heidelberg University; Ute Hamann - German Cancer Research Center; Thomas van Overeem Hansen - Copenhagen University Hospital; Thomas van Overeem Hansen - Rigshospitalet; Holly R Harris - Fred Hutch Cancer Center; Holly R Harris - Seattle University; Holly R Harris - University of Washington; Mikael Hartman - National University Health System; Mikael Hartman - National University of Singapore; Florian Heitz - Helios Dr. Horst Schmidt Kliniken Wiesbaden; Florian Heitz - Charité - Universitätsmedizin Berlin; Florian Heitz - Kliniken Essen-Mitte; Florian Heitz - Humboldt-Universität zu Berlin; Florian Heitz - Freie Universität Berlin; Michelle A.T Hildebrandt - The University of Texas MD Anderson Cancer Center; Estrid Høgdall - Danish Cancer Society; Estrid Høgdall - University of Copenhagen; Estrid Høgdall - Herlev Hospital; Claus Høgdall - University of Copenhagen; Claus Høgdall - Rigshospitalet; John L Hopper - The University of Melbourne; Ruea‐Yea Huang - Roswell Park Comprehensive Cancer Center; Chad Huff - The University of Texas MD Anderson Cancer Center; Peter J Hulick - University of Chicago; Peter J Hulick - NorthShore University HealthSystem; David G Huntsman - BC Cancer Agency; David G Huntsman - University of British Columbia; Oskar T Johannsson - Reykjavík University; David G Huntsman - Vancouver General Hospital; Evgeny N Imyanitov - Institute of Oncology NN Petrov; Georgia Chenevix‐Trench - QIMR Berghofer Medical Research Institute; Annemieke H van der Hout - University Medical Center Groningen; Claudine Isaacs - Georgetown University Medical Center; Claudine Isaacs - Georgetown University; Anna Jakubowska - Pomeranian Medical University; Paul A James - Peter MacCallum Cancer Centre; Paul A James - The University of Melbourne; Ramūnas Janavičius - State Research Institute Centre for Innovative Medicine; Ramūnas Janavičius - Vilnius University; Allan Jensen - Danish Cancer Society; Diether Lambrechts - KU Leuven; Linda E Kelemen - Medical University of South Carolina; Oskar T Johannsson - National University Hospital of Iceland; Esther M John - Stanford University; Michael E Jones - Institute of Cancer Research; Daehee Kang - Seoul National University; Beth Y Karlan - University of California, Los Angeles; Anthony Karnezis - University of California Davis Medical Center; Linda E Kelemen - MUSC Hollings Cancer Center; Э К Хуснутдинова - Ufa Institute of Chemistry; Э К Хуснутдинова - St Petersburg University; Lambertus A Kiemeney - Radboud University Medical Center; Lambertus A Kiemeney - Radboud University Nijmegen; Byoung‐Gie Kim - Samsung Medical Center; Byoung‐Gie Kim - Sungkyunkwan University; Susanne K Kjær - Danish Cancer Society; Susanne K Kjær - University of Copenhagen; Susanne K Kjær - Rigshospitalet; Ian K Komenaka - City of Hope; Ian K Komenaka - Research Network (United States); Ian K Komenaka - Cancer Genetics (United States); Jolanta Kupryjańczyk - The Maria Sklodowska-Curie National Research Institute of Oncology; Allison W Kurian - Stanford University; Ava Kwong - University of Hong Kong; Ava Kwong - Hong Kong Sanatorium and Hospital; Diether Lambrechts - VIB-KU Leuven Center for Cancer Biology; Melissa C Larson - Mayo Clinic; Conxi Lázaro - Centro de Investigación Biomédica en Red de Cáncer; Conxi Lázaro - Institut d'Investigació Biomédica de Bellvitge; Conxi Lázaro - Institut Català d'Oncologia; Goska Leslie - University of Cambridge; Jenny Lester - University of California, Los Angeles; Jingmei Li - Tianjin Medical University Cancer Institute and Hospital; Jingmei Li - Genome Institute of Singapore; Jennifer T Loud - National Cancer Institute; Jennifer T Loud - Division of Cancer Epidemiology and Genetics; Karen H Lu - Cancer Genetics (United States); Jan Lubiński - Pomeranian Medical University; L Phuong - University of Pittsburgh; Siranoush Manoukian - Fondazione IRCCS Istituto Nazionale dei Tumori; Jeffrey R Marks - Duke University Hospital; Rayna K Matsuno - Cancer Center of Hawaii; Rayna K Matsuno - University of Hawaiʻi at Mānoa; Rayna K Matsuno - University of Hawaii Cancer Center; Rayna K Matsuno - University of Hawaii System; Keitaro Matsuo - Nagoya University; Keitaro Matsuo - Aichi Cancer Center; Taymaa May - Princess Margaret Cancer Centre; Lesley McGuffog - University of Cambridge; Esther M John - Lunenfeld-Tanenbaum Research Institute; Esther M John - Public Health Ontario; Iain A McNeish - Ovarian Cancer Action; Iain A McNeish - University of Glasgow; Iain A McNeish - Imperial College London; Usha Menon - MRC Clinical Trials Unit at UCL; Usha Menon - University College London; Austin Miller - Roswell Park Comprehensive Cancer Center; Austin Miller - NRG Oncology; Roger L Milne - Cancer Council Victoria; Roger L Milne - The University of Melbourne; Roger L Milne - Monash Health; Roger L Milne - Monash University; Taymaa May - University Health Network; Albina N Minlikeeva - Roswell Park Comprehensive Cancer Center; Francesmary Modugno - Magee-Womens Research Institute; Francesmary Modugno - UPMC Hillman Cancer Center; Francesmary Modugno - Cancer Research Center; Francesmary Modugno - University of Pittsburgh; Douglas A Levine - Memorial Sloan Kettering Cancer Center; Marco Montagna - Istituto Oncologico Veneto; Marco Montagna - Istituti di Ricovero e Cura a Carattere Scientifico; Kirsten B Moysich - Roswell Park Comprehensive Cancer Center; Elizabeth Munro - Oregon Health & Science University; Katherine L Nathanson - University of Pennsylvania; Susan L Neuhausen - City of Hope; Susan L Neuhausen - Beckman Research Institute; Douglas A Levine - NYU Langone Health; Dale P Sandler - National Institute of Environmental Health Sciences; Ingo B Runnebaum - Jena University Hospital; Heli Nevanlinna - Helsinki University Hospital; Heli Nevanlinna - University of Helsinki; Joanne Ngeow - National Cancer Centre Singapore; Joanne Ngeow - Nanyang Technological University; Henriette Roed Nielsen - Odense University Hospital; Finn Cilius Nielsen - Rigshospitalet; Finn Cilius Nielsen - Copenhagen University Hospital; Liene Ņikitina-Zaķe - Latvian Biomedical Research and Study Centre; Kunle Odunsi - Roswell Park Comprehensive Cancer Center; Kenneth Offit - Memorial Sloan Kettering Cancer Center; Edith Oláh - National Institute of Oncology; Siel Olbrecht - KU Leuven; Olufunmilayo I Olopade - University of Chicago; Olufunmilayo I Olopade - Cancer Genetics (United States); Sara H Olson - Memorial Sloan Kettering Cancer Center; Håkan Olsson - Lund University; Ana Osório - Spanish National Cancer Research Centre; Ana Osório - Centre for Biomedical Network Research on Rare Diseases; Laura Papi - University of Florence; Sue K Park - Seoul National University; Michael T Parsons - QIMR Berghofer Medical Research Institute; Harsha Pathak - University of Kansas Medical Center; Inge Søkilde Pedersen - Aalborg University Hospital; Ana Peixoto - Instituto Português de Oncologia Francisco Gentil; Tanja Pejović - Oregon Health & Science University; Pedro Pérez‐Segura - Instituto de Investigación Sanitaria del Hospital Clínico San Carlos; Pedro Pérez‐Segura - Centro de Investigación Biomédica en Red de Cáncer; Jennifer B Permuth - Moffitt Cancer Center; Beth N Peshkin - Georgetown University; Beth N Peshkin - Georgetown University Medical Center; Paolo Peterlongo - IFOM; Anna Piskorz - Cancer Research UK; Anna Piskorz - University of Cambridge; Darya Prokofyeva - Bashkir State University; Paolo Radice - Fondazione IRCCS Istituto Nazionale dei Tumori; Johanna Rantala - Karolinska Institutet; Marjorie J Riggan - Duke University Hospital; Cristina Rodríguez‐Antona - Spanish National Cancer Research Centre; Cristina Rodríguez‐Antona - Centre for Biomedical Network Research on Rare Diseases; Eric A Ross - Fox Chase Cancer Center; Mary Anne Rossing - Fred Hutch Cancer Center; Mary Anne Rossing - University of Washington; Mary Anne Rossing - Seattle University; Ingo B Runnebaum - Friedrich Schiller University Jena; Kathryn L Terry - Harvard University; Christian F Singer - Medical University of Vienna; Marta Santamariña - Fundación Pública Galega de Medicina Xenómica; Marta Santamariña - Instituto de Investigación Sanitaria de Santiago; Marta Santamariña - Centro de Investigación Biomédica en Red; Penny Soucy - Centre hospitalier universitaire de Québec; Penny Soucy - Université Laval; Veronica Wendy Setiawan - University of Southern California; Shan Kang - Hebei Medical University; Shan Kang - Fourth Hospital of Hebei Medical University; Weiva Sieh - Icahn School of Medicine at Mount Sinai; Jacques Simard - Centre hospitalier universitaire de Québec; Jacques Simard - Université Laval; Christian F Singer - Comprehensive Cancer Center Vienna; Anna P Sokolenko - Institute of Oncology NN Petrov; Honglin Song - University of Cambridge; Melissa C Southey - Cancer Council Victoria; Melissa C Southey - Monash Health; Melissa C Southey - Monash University; Helen Steed - Royal Alexandra Hospital; Dominique Stoppa‐Lyonnet - Inserm; Dominique Stoppa‐Lyonnet - Université Paris Cité; Dominique Stoppa‐Lyonnet - Institut Curie; Dominique Stoppa‐Lyonnet - Délégation Paris 5; Rebecca Sutphen - University of South Florida; Anthony J Swerdlow - Institute of Cancer Research; Yen Y Tan - Medical University of Vienna; Yen Y Tan - Comprehensive Cancer Center Vienna; Manuel R Teixeira - Instituto Português de Oncologia Francisco Gentil; Manuel R Teixeira - Universidade do Porto; Soo‐Hwang Teo - Cancer Research Malaysia; Soo‐Hwang Teo - University of Malaya; Kathryn L Terry - Brigham and Women's Hospital; Mary Beth Terry - Columbia University; Linda Titus - Dartmouth College; Britton Trabert - National Cancer Institute; Britton Trabert - Division of Cancer Epidemiology and Genetics; Ruth C Travis - Cancer Research UK Oxford Centre; Ruth C Travis - University of Oxford; Shelley S Tworoger - Moffitt Cancer Center; Ellen Valen - Haukeland University Hospital; Ellen Valen - University of Bergen; Anne M van Altena - Radboud University Nijmegen; Anne M van Altena - Radboud University Medical Center; Els Van Nieuwenhuysen - KU Leuven; Digna Velez Edwards - Vanderbilt University Medical Center; Robert A Vierkant - Mayo Clinic; Frances Wang - Duke University Hospital; Penelope M Webb - QIMR Berghofer Medical Research Institute; Clarice R Weinberg - National Institute of Environmental Health Sciences; Nicolas Wentzensen - National Cancer Institute; Nicolas Wentzensen - Division of Cancer Epidemiology and Genetics; Emily White - Fred Hutch Cancer Center; Pamela J Thompson - Cedars-Sinai Medical Center; Emily White - Seattle University; Emily White - University of Washington; Liv Cecilie Vestrheim Thomsen - Haukeland University Hospital; Liv Cecilie Vestrheim Thomsen - University of Bergen; Simon A Gayther - Cedars-Sinai Medical Center; Paul D.P Pharoah - University of Cambridge; Ellen L Goode - Mayo Clinic; Alice S Whittemore - Stanford University; Stacey J Winham - Mayo Clinic; Alicja Wolk - Karolinska Institutet; Alicja Wolk - Uppsala University; Yin Ling Woo - University Malaya Medical Centre; Yin Ling Woo - University of Malaya; Anna H Wu - University of Southern California; Yan Li - National Centre of Scientific Research ""Demokritos""; Drakoulis Yannoukakos - National Centre of Scientific Research ""Demokritos""; Wei Zheng - Vanderbilt University; Wei Zheng - Vanderbilt-Ingram Cancer Center; Argyrios Ziogas - University of California, Irvine; Kate Lawrenson - Cedars-Sinai Medical Center; Anna deFazio - Westmead Institute for Medical Research; Anna deFazio - Westmead Hospital; Anna deFazio - The University of Sydney; Susan J Ramus - Cancer Institute of New South Wales; Celeste Leigh Pearce - University of Michigan; Celeste Leigh Pearce - University of Southern California; Álvaro N.A Monteiro - Moffitt Cancer Center; Julie M Cunningham - Mayo Clinic; Joellen M Schildkraut - Emory University; Andrew Berchuck - Duke University Hospital; Mads Thomassen - Odense University Hospital; Darcy L Thull - Magee-Womens Hospital; Darcy L Thull - University of Pittsburgh; Marc Tischkowitz - McGill University; Marc Tischkowitz - University of Cambridge; Amanda E Toland - The Ohio State University; Diana Torres - Pontificia Universidad Javeriana; Diana Torres - German Cancer Research Center; Diana Torres - Heidelberg University; Nadine Tung - Beth Israel Deaconess Medical Center; Elizabeth J van Rensburg - University of Pretoria; Ana Vega - Fundación Pública Galega de Medicina Xenómica; Ana Vega - Centro de Investigación Biomédica en Red; Ana Vega - Servicio Gallego de Salud; Ana Vega - Instituto de Investigación Sanitaria de Santiago; Ana Vega - Complejo Hospitalario Universitario de Santiago; Barbara Wappenschmidt - University Hospital Cologne; Barbara Wappenschmidt - University of Cologne; Jeffrey N Weitzel - City of Hope; Kristin K Zorn - University of Pittsburgh; Antonis C Antoniou - University of Cambridge; Douglas F Easton - University of Cambridge; Zdeněk Kleibl - Charles University",,
"Characteristics and outcome of children with renal tumors in the Netherlands: The first five-year’s experience of national centralization",10.1371/journal.pone.0261729,"PLOS ONE",2022-01-13,4,journal-article,"Public Library of Science (PLoS)","Prakriti Roy - Princess Máxima Center; Sophie E van Peer - Princess Máxima Center; Martin M de Witte - Princess Máxima Center; Godelieve A.M Tytgat - Princess Máxima Center; Henrike E Karim‐Kos - Princess Máxima Center; Henrike E Karim‐Kos - Netherlands Comprehensive Cancer Organisation; Martine van Grotel - Princess Máxima Center; Cornelis P van de Ven - Princess Máxima Center; Annelies M C Mavinkurve‐Groothuis - Princess Máxima Center; Johannes H M Merks - Princess Máxima Center; Roland P Kuiper - Princess Máxima Center; Roland P Kuiper - University Medical Center Utrecht; Janna A Hol - Princess Máxima Center; Geert O Janssens - Princess Máxima Center; Geert O Janssens - University Medical Center Utrecht; Ronald R de Krijger - Princess Máxima Center; Ronald R de Krijger - University Medical Center Utrecht; Marjolijn C.J Jongmans - Princess Máxima Center; Marjolijn C.J Jongmans - University Medical Center Utrecht; Jarno Drost - Princess Máxima Center; Jarno Drost - Oncode Institute; Alida F W van der Steeg - Princess Máxima Center; Annemieke S Littooij - Princess Máxima Center; Annemieke S Littooij - Wilhelmina Children's Hospital; Annemieke S Littooij - University Medical Center Utrecht; Marc H W A Wijnen - Princess Máxima Center; Harm van Tinteren - Princess Máxima Center; Marry M van den Heuvel‐Eibrink - Princess Máxima Center",,"0000-0001-5484-9112; 0000-0001-6572-4374; 0000-0001-6871-1296; 0000-0001-7659-1028; 0000-0001-8745-0626; 0000-0001-9339-4253; 0000-0002-0331-713X; 0000-0002-1241-5866; 0000-0002-1839-0882; 0000-0002-2941-6179; 0000-0002-3156-5229; 0000-0002-4626-8702; 0000-0002-6984-3626; 0000-0002-7760-879X; 0000-0002-8849-8573; 0000-0003-0086-6691; 0000-0003-0168-7513; 0000-0003-2356-5197; 0000-0003-4928-3809"
"Primary or adjuvant chemoradiotherapy for cervical cancer with intraoperative lymph node metastasis – A review",10.1016/j.ctrv.2021.102311,"Cancer Treatment Reviews",2022-01-01,1,journal-article,"Elsevier BV","Hans H B Wenzel - Netherlands Comprehensive Cancer Organisation; Hans H B Wenzel - University Medical Center Groningen; Hans H B Wenzel - University of Groningen; Ester P Olthof - Netherlands Comprehensive Cancer Organisation; Ruud L.M Bekkers - Maastricht University Medical Centre; Ruud L.M Bekkers - Catharina Ziekenhuis; Ruud L.M Bekkers - Radboud University Nijmegen; Ingrid Boere - Erasmus MC Cancer Institute; V.E.P.P Lemmens - Erasmus MC; V.E.P.P Lemmens - Netherlands Comprehensive Cancer Organisation; Hans W Nijman - University Medical Center Groningen; Hans W Nijman - University of Groningen; Lukas J.A Stalpers - University of Amsterdam; Maaike A van der Aa - Netherlands Comprehensive Cancer Organisation; Jacobus van der Velden - University of Amsterdam; Constantijne H Mom - University of Amsterdam",,"0000-0001-9574-0295; 0000-0002-1821-3042; 0000-0002-2934-2704; 0000-0002-4109-5734; 0000-0002-4577-8495; 0000-0002-4857-6346; 0000-0002-5985-1163; 0000-0003-1941-7693; 0000-0003-2838-2031; 0000-0003-4502-2724"
"Impact of COVID-19 and suspension of colorectal cancer screening on incidence and stage distribution of colorectal cancers in the Netherlands",10.1016/j.ejca.2021.11.008,"European Journal of Cancer",2022-01-01,3,journal-article,"Elsevier BV","Esther Toes‐Zoutendijk - Erasmus MC; Geraldine R Vink - Netherlands Comprehensive Cancer Organisation; Geraldine R Vink - University Medical Center Utrecht; Geraldine R Vink - Utrecht University; Irıs D Nagtegaal - Radboud University Nijmegen; Irıs D Nagtegaal - Radboud University Medical Center; Manon C.W Spaander - Erasmus MC; Evelien Dekker - Amsterdam University Medical Centers; Monique E van Leerdam - Leiden University Medical Center; Monique E van Leerdam - The Netherlands Cancer Institute; Sabine Siesling - University of Twente; Sabine Siesling - Netherlands Comprehensive Cancer Organisation; Iris Lansdorp‐Vogelaar - Erasmus MC; Marloes A.G Elferink - Netherlands Comprehensive Cancer Organisation",,
"Hyperbaric oxygen treatment of mandibular osteoradionecrosis: Combined data from the two randomized clinical trials DAHANCA-21 and NWHHT2009-1",10.1016/j.radonc.2021.11.021,"Radiotherapy and Oncology",2022-01-01,3,journal-article,"Elsevier BV","Lone Forner - Copenhagen University Hospital; Lone Forner - Rigshospitalet; François J Dieleman - Radboud University Nijmegen; François J Dieleman - Radboud University Medical Center; François J Dieleman - University Medical Center Utrecht; Richard Shaw - University of Liverpool; Richard Shaw - Aintree University Hospital; Anastasios Kanatas - Leeds Teaching Hospitals NHS Trust; Chris Butterworth - Aintree University Hospital; Chris Butterworth - University of Liverpool; Göran Kjeller - University of Gothenburg; Jan Alsner - Aarhus University Hospital; Jens Overgaard - Aarhus University Hospital; Søren Hillerup - Copenhagen University Hospital; Søren Hillerup - Rigshospitalet; Ole Hyldegaard - Copenhagen University Hospital; Ole Hyldegaard - Rigshospitalet; Per Arnell - Sahlgrenska University Hospital; Christian von Buchwald - Copenhagen University Hospital; Christian von Buchwald - Rigshospitalet; J.H.A.M Kaanders - Radboud University Nijmegen; J.H.A.M Kaanders - Radboud University Medical Center; Ludi E Smeele - The Netherlands Cancer Institute; Lena Specht - University of Copenhagen; Lena Specht - Rigshospitalet; Jørgen Johansen - Odense University Hospital; Max J H Witjes - University Medical Center Groningen; Max J H Witjes - University of Groningen; Matthias A.W Merkx - Radboud University Nijmegen; Matthias A.W Merkx - Radboud University Medical Center; Matthias A.W Merkx - Netherlands Comprehensive Cancer Organisation; Erik C Jansen - Copenhagen University Hospital; Erik C Jansen - Rigshospitalet",,
"Impact of the COVID-19 outbreak on prostate cancer care in the Netherlands",10.1016/j.ctarc.2022.100553,"Cancer Treatment and Research Communications",2022-01-01,2,journal-article,"Elsevier BV","Désirée van Deukeren - Isala; Berdine L Heesterman - Netherlands Comprehensive Cancer Organisation; Lianne C G Roelofs - Netherlands Comprehensive Cancer Organisation; Lambertus A Kiemeney - Radboud University Medical Center; Lambertus A Kiemeney - Radboud University Nijmegen; J Alfred Witjes - Radboud University Medical Center; J Alfred Witjes - Radboud University Nijmegen; Tineke J Smilde - Jeroen Bosch Ziekenhuis; Geert J.L.H van Leenders - Erasmus University Rotterdam; Luca Incrocci - Erasmus University Rotterdam; Ben Vanneste - Maastro Clinic; Richard P Meijer - University Medical Center Utrecht; Sabine Siesling - University of Twente; Sabine Siesling - Netherlands Comprehensive Cancer Organisation; Bart P J van Bezooijen - Meander Medisch Centrum; Katja K.H Aben - Radboud University Nijmegen; Katja K.H Aben - Radboud University Medical Center; Katja K.H Aben - Netherlands Comprehensive Cancer Organisation",,
"Global, regional and national burden of primary liver cancer by subtype",10.1016/j.ejca.2021.11.023,"European Journal of Cancer",2022-01-01,5,journal-article,"Elsevier BV","Harriet Rumgay - Centre international de recherche sur le cancer; Jacques Ferlay - Centre international de recherche sur le cancer; Catherine de Martel - Centre international de recherche sur le cancer; Damien Georges - Centre international de recherche sur le cancer; Rongshou Zheng - Chinese Academy of Medical Sciences & Peking Union Medical College; Wenqiang Wei - Chinese Academy of Medical Sciences & Peking Union Medical College; V.E.P.P Lemmens - Erasmus MC; V.E.P.P Lemmens - Netherlands Comprehensive Cancer Organisation; Isabelle Soerjomataram - Centre international de recherche sur le cancer",,
"A nationwide study of the incidence and trends of first and multiple basal cell carcinomas in the Netherlands and prediction of future incidence*",10.1111/bjd.20871,"British Journal of Dermatology",2021-12-27,1,journal-article,Wiley,"K Schreuder - Netherlands Comprehensive Cancer Organisation; Loes M Hollestein - Netherlands Comprehensive Cancer Organisation; Loes M Hollestein - Erasmus MC Cancer Institute; Tamar Nijsten - Erasmus MC Cancer Institute; Marlies Wakkee - Erasmus MC Cancer Institute; Marieke W.J Louwman - Netherlands Comprehensive Cancer Organisation",,"0000-0001-8578-901X; 0000-0001-8922-6791; 0000-0001-9011-6741; 0000-0001-9940-2875; 0000-0002-4224-800X"
"The Increasing Prognostic and Predictive Roles of the Tumor Primary Chemosensitivity Assessed by CA-125 Elimination Rate Constant K (KELIM) in Ovarian Cancer: A Narrative Review",10.3390/cancers14010098,Cancers,2021-12-25,1,journal-article,"MDPI AG","Ambroise Lauby - Hospices Civils de Lyon; Olivier Colomban - Université Claude Bernard Lyon 1; Pauline Corbaux - Hospices Civils de Lyon; Julien Péron - Hospices Civils de Lyon; Julien Péron - Université Claude Bernard Lyon 1; Lilian van Wagensveld - Netherlands Comprehensive Cancer Organisation; Lilian van Wagensveld - Maastricht University; Witold Gertych - Hospices Civils de Lyon; Naoual Bakrin - Hospices Civils de Lyon; Naoual Bakrin - Université Claude Bernard Lyon 1; Pierre Descargues - Hospices Civils de Lyon; Jonathan Lopez - Hospices Civils de Lyon; Vahan Képénékian - Université Claude Bernard Lyon 1; Vahan Képénékian - Hospices Civils de Lyon; Olivier Gléhen - Université Claude Bernard Lyon 1; Olivier Gléhen - Hospices Civils de Lyon; Charles-André Philip - Hospices Civils de Lyon; Mojgan Devouassoux‐Shisheboran - Hospices Civils de Lyon; Michel Tod - Université Claude Bernard Lyon 1; Michel Tod - Hospices Civils de Lyon; Gilles Freyer - Hospices Civils de Lyon; Gilles Freyer - Université Claude Bernard Lyon 1; Benoît You - Hospices Civils de Lyon; Benoît You - Université Claude Bernard Lyon 1",,"0000-0001-6001-164X; 0000-0001-8832-2562; 0000-0001-9847-2564; 0000-0001-9885-8600; 0000-0002-1709-5152; 0000-0002-2802-4974; 0000-0002-3090-9237; 0000-0002-3177-8857; 0000-0002-4632-5586; 0000-0003-1233-5003; 0000-0003-1671-3470; 0000-0003-3296-0957; 0000-0003-3768-2378; 0000-0003-4036-3554; 0000-0003-4634-6712"
"Online Acceptance and Commitment Therapy (ACT) interventions for chronic pain: A systematic literature review",10.1016/j.invent.2021.100465,"Internet Interventions",2021-12-01,1,journal-article,"Elsevier BV","Daniëlle L van de Graaf - Tilburg University; Daniëlle L van de Graaf - Netherlands Comprehensive Cancer Organisation; Hester R Trompetter - Tilburg University; Tom Smeets - Tilburg University; Floortje Mols - Tilburg University; Floortje Mols - Netherlands Comprehensive Cancer Organisation",,"0000-0002-3773-0264; 0000-0002-6862-0172; 0000-0003-0818-2913; 0000-0003-4518-6999"
"The efficacy, challenges, and facilitators of telemedicine in post-treatment cancer survivorship care: an overview of systematic reviews",10.1016/j.annonc.2021.09.001,"Annals of Oncology",2021-12-01,3,journal-article,"Elsevier BV","Raymond J Chan - Queensland University of Technology; Raymond J Chan - Flinders University; Megan Crichton - Flinders University; Megan Crichton - Bond University; Fiona Crawford‐Williams - Flinders University; Fiona Crawford‐Williams - Queensland University of Technology; Oluwaseyifunmi Andi Agbejule - Queensland University of Technology; Oluwaseyifunmi Andi Agbejule - Flinders University; Kexin Yu - National University of Singapore; Nicolas H Hart - Flinders University; Fábio de Abreu Alves - AC Camargo Hospital; Fredrick D Ashbury - University of Calgary; Fredrick D Ashbury - University of Toronto; Fredrick D Ashbury - Public Health Ontario; Lawson Eng - Princess Margaret Cancer Centre; Lawson Eng - University Health Network; Lawson Eng - University of Toronto; Margaret I Fitch - University of Toronto; Hasmukh Jain - Tata Memorial Hospital; Hasmukh Jain - Homi Bhabha National Institute; Michael Jefford - The University of Melbourne; Michael Jefford - Peter MacCallum Cancer Centre; Dori Klemanski - The Ohio State University; Dori Klemanski - The Ohio State University Comprehensive Cancer Center – Arthur G. James Cancer Hospital and Richard J. Solove Research Institute; Bogda Koczwara - Flinders University; Bogda Koczwara - Flinders Medical Centre; Kiley Wei-Jen Loh - National Cancer Centre Singapore; Maya Prasad - Tata Memorial Hospital; Hope S Rugo - University of California, San Francisco; Enrique Soto‐Pérez‐de‐Celis - Instituto Nacional de Ciencias Médicas y Nutrición Salvador Zubirán; Corina van den Hurk - Netherlands Comprehensive Cancer Organisation; Alexandre Chan - University of California, Irvine",,
"Prognostic importance of concomitant non‐regional lymph node and bone metastases in men with newly diagnosed metastatic prostate cancer",10.1111/bju.15632,"BJU International",2021-11-25,1,journal-article,Wiley,"Berdine L Heesterman - Netherlands Comprehensive Cancer Organisation; Henk G van der Poel - The Netherlands Cancer Institute; Ivo G Schoots - Oncode Institute; Ivo G Schoots - The Netherlands Cancer Institute; Ivo G Schoots - Erasmus MC; Niven Mehra - Radboud University Nijmegen; Niven Mehra - Radboud University Medical Center; Katja K.H Aben - Netherlands Comprehensive Cancer Organisation",,"0000-0002-0214-2147; 0000-0002-4794-1831; 0000-0002-8772-1120; 0000-0002-9804-0603; 0000-0003-2428-4258"
"Immediate implant placement in edentulous oral cancer patients: a long-term retrospective analysis of 207 patients",10.1016/j.ijom.2021.01.015,"International Journal of Oral and Maxillofacial Surgery",2021-11-01,1,journal-article,"Elsevier BV","Jan‐Willem G H Wetzels - Radboud University Medical Center; Jan‐Willem G H Wetzels - Radboud University Nijmegen; Jan‐Willem G H Wetzels - University Medical Center Utrecht; Gert J Meijer - Radboud University Medical Center; Gert J Meijer - Radboud University Nijmegen; Anton F J de Haan - Radboud University Medical Center; Anton F J de Haan - Radboud University Nijmegen; Matthias A.W Merkx - Radboud University Nijmegen; Matthias A.W Merkx - Radboud University Medical Center; Matthias A.W Merkx - Netherlands Comprehensive Cancer Organisation; Caroline M Speksnijder - Radboud University Nijmegen; Caroline M Speksnijder - Radboud University Medical Center; Caroline M Speksnijder - University Medical Center Utrecht",,"0000-0001-7275-319X; 0000-0002-0687-9760; 0000-0002-1599-6731; 0000-0003-0540-3741"
"Oncologic outcomes after splenectomy during initial cytoreductive surgery in advanced epithelial ovarian cancer: a nationwide population‐based cohort study",10.1111/aogs.14286,"Acta Obstetricia et Gynecologica Scandinavica",2021-11-01,2,journal-article,Wiley,"Sherin A Said - Netherlands Comprehensive Cancer Organisation; Sherin A Said - Radboud University Nijmegen; Sherin A Said - Radboud University Medical Center; Maaike A van der Aa - Netherlands Comprehensive Cancer Organisation; Guus Veldmate - Radboud University Nijmegen; Guus Veldmate - Radboud University Medical Center; Joanne A de Hullu - Radboud University Nijmegen; Joanne A de Hullu - Radboud University Medical Center; Anne M van Altena - Radboud University Nijmegen; Anne M van Altena - Radboud University Medical Center",,
"Ethnic minority status as social determinant for COVID-19 infection, hospitalisation, severity, ICU admission and deaths in the early phase of the pandemic: a meta-analysis",10.1136/bmjgh-2021-007433,"BMJ Global Health",2021-11-01,1,journal-article,BMJ,"Charles Agyemang - Public Health Service of Amsterdam; Charles Agyemang - Amsterdam University Medical Centers; Charles Agyemang - University of Amsterdam; Anke Richters - Netherlands Comprehensive Cancer Organisation; Shahab Jolani - Maastricht University; Stevie Hendriks - Maastricht University; Saurabh Zalpuri - UCB Pharma (Netherlands); Evan Y Yu - Maastricht University; Bart G Pijls - Leiden University Medical Center; Maria Prins - Public Health Service of Amsterdam; Maria Prins - Amsterdam University Medical Centers; Maria Prins - University of Amsterdam; Karien Stronks - Public Health Service of Amsterdam; Karien Stronks - Amsterdam University Medical Centers; Karien Stronks - University of Amsterdam; Maurice P Zeegers - Maastricht University",,
"A population‐based linked cohort of cancer and primary care data: A new source to study the management of cancer in primary care",10.1111/ecc.13529,"European Journal of Cancer Care",2021-10-17,1,journal-article,Wiley,"Josephina G Kuiper - Pharmo Institute; Josephina G Kuiper - Erasmus MC; Myrthe P P van Herk‐Sukel - University Medical Center Utrecht; V.E.P.P Lemmens - Netherlands Comprehensive Cancer Organisation; V.E.P.P Lemmens - Erasmus MC; Ernst J Kuipers - Erasmus MC; Ron M C Herings - Pharmo Institute; Ron M C Herings - Amsterdam UMC Location Vrije Universiteit Amsterdam",,"0000-0002-0633-3098; 0000-0002-2561-8734; 0000-0002-4109-5734; 0000-0002-4487-3546; 0000-0003-0499-5917"
"Opposite Incidence Trends for Differentiated and Medullary Thyroid Cancer in Young Dutch Patients over a 30-Year Time Span",10.3390/cancers13205104,Cancers,2021-10-12,1,journal-article,"MDPI AG","Chantal A Lebbink - Wilhelmina Children's Hospital; Chantal A Lebbink - University Medical Center Utrecht; Chantal A Lebbink - Princess Máxima Center; Medard F M van den Broek - University Medical Center Utrecht; A.B.G Kwast - Netherlands Comprehensive Cancer Organisation; Joep P M Derikx - Amsterdam University Medical Centers; Joep P M Derikx - University of Amsterdam; Joep P M Derikx - Emma Kinderziekenhuis; Miranda P Dierselhuis - Princess Máxima Center; Schelto Kruijff - University Medical Center Groningen; Schelto Kruijff - University of Groningen; Thera P Links - University Medical Center Groningen; Thera P Links - University of Groningen; A.S Paul van Trotsenburg - Emma Kinderziekenhuis; A.S Paul van Trotsenburg - Amsterdam University Medical Centers; A.S Paul van Trotsenburg - University of Amsterdam; Gerlof D Valk - University Medical Center Utrecht; Menno R Vriens - University Medical Center Utrecht; A A Verrijn Stuart - Wilhelmina Children's Hospital; A A Verrijn Stuart - University Medical Center Utrecht; Hanneke M van Santen - Wilhelmina Children's Hospital; Hanneke M van Santen - University Medical Center Utrecht; Hanneke M van Santen - Princess Máxima Center; Henrike E Karim‐Kos - Netherlands Comprehensive Cancer Organisation",,"0000-0001-5327-1718; 0000-0001-5841-8344; 0000-0002-1241-5866; 0000-0002-3999-8854; 0000-0002-4656-2960; 0000-0002-5151-7320; 0000-0002-6773-6931; 0000-0002-9677-7441; 0000-0002-9897-334X; 0000-0003-0521-1125; 0000-0003-0694-7679"
"Adjustment disorder in cancer patients after treatment: prevalence and acceptance of psychological treatment",10.1007/s00520-021-06530-0,"Supportive Care in Cancer",2021-10-02,1,journal-article,"Springer Nature","Florie E van Beek - Vrije Universiteit Amsterdam; Lonneke M A Wijnhoven - Radboud University Nijmegen; Lonneke M A Wijnhoven - Radboud University Medical Center; José A E Custers - Radboud University Medical Center; José A E Custers - Radboud University Nijmegen; Karen Holtmaat - Vrije Universiteit Amsterdam; Belle H de Rooij - Netherlands Comprehensive Cancer Organisation; Nicole Horevoorts - Tilburg University; Nicole Horevoorts - Netherlands Comprehensive Cancer Organisation; Simone E J Eerenstein - Cancer Center Amsterdam; Simone E J Eerenstein - Amsterdam University Medical Centers; Luc J A Strobbe - Canisius-Wilhelmina Ziekenhuis; Inge M van Oort - Radboud University Nijmegen; Inge M van Oort - Radboud University Medical Center; Marije R Vergeer - Amsterdam University Medical Centers; Marije R Vergeer - Cancer Center Amsterdam; Judith B Prins - Radboud University Nijmegen; Judith B Prins - Radboud University Medical Center; Irma M Verdonck‐de Leeuw - Amsterdam University Medical Centers; Irma M Verdonck‐de Leeuw - Cancer Center Amsterdam; Irma M Verdonck‐de Leeuw - Vrije Universiteit Amsterdam; Femke Jansen - Cancer Center Amsterdam; Femke Jansen - Amsterdam University Medical Centers",,"0000-0001-5720-6091; 0000-0001-8409-1146; 0000-0001-9609-1784; 0000-0002-0111-0557; 0000-0002-0172-0857; 0000-0002-1067-3327; 0000-0002-1573-6040; 0000-0002-3840-3003; 0000-0002-4234-4704; 0000-0002-4507-4607; 0000-0002-5833-7007; 0000-0002-8002-1869; 0000-0003-4907-7183"
"Surgery without preoperative histological confirmation of lung cancer: what is the current clinical practice?",10.21037/jtd-21-617,"Journal of Thoracic Disease",2021-10-01,1,journal-article,"AME Publishing Company","Mohammad R Ghamati - Radboud University Nijmegen; Mohammad R Ghamati - Radboud University Medical Center; Mohammad R Ghamati - Isala; Wilson W L Li - Radboud University Nijmegen; Wilson W L Li - Radboud University Medical Center; Erik H.F.M van der Heijden - Radboud University Nijmegen; Erik H.F.M van der Heijden - Radboud University Medical Center; Ad F T M Verhagen - Radboud University Nijmegen; Ad F T M Verhagen - Radboud University Medical Center; Ronald Damhuis - Netherlands Comprehensive Cancer Organisation",,"0000-0001-7248-7047; 0000-0003-0852-9681; 0000-0003-3596-518X"
"Impact of the suspension and restart of the Dutch breast cancer screening program on breast cancer incidence and stage during the COVID-19 pandemic",10.1016/j.ypmed.2021.106602,"Preventive Medicine",2021-10-01,2,journal-article,"Elsevier BV","Anouk H Eijkelboom - Netherlands Comprehensive Cancer Organisation; Linda de Munck - Netherlands Comprehensive Cancer Organisation; Marc B I Lobbes - Maastricht University; Marc B I Lobbes - Zuyderland Medisch Centrum; Carla H van Gils - University Medical Center Utrecht; Jelle Wesseling - Leiden University Medical Center; Jelle Wesseling - The Netherlands Cancer Institute; Cristina Guerrero Paez - Dutch Cancer Society; Ruud M Pijnappel - University Medical Center Utrecht; Helena M Verkooijen - University Medical Center Utrecht; Mireille J M Broeders - Radboud University Nijmegen; Mireille J M Broeders - Radboud University Medical Center; Mireille J M Broeders - University Medical Center; Mireille J M Broeders - Dutch Expert Centre for Screening; Sabine Siesling - University of Twente; Sabine Siesling - Netherlands Comprehensive Cancer Organisation",,"0000-0001-9480-1623; 0000-0002-0273-824X; 0000-0002-0660-0221; 0000-0002-2103-6956; 0000-0002-2930-509X; 0000-0002-6912-9414; 0000-0002-8741-8148; 0000-0002-8940-2676; 0000-0003-0817-7567"
"Sex-differences in symptoms and functioning in >5000 cancer survivors: Results from the PROFILES registry",10.1016/j.ejca.2021.07.019,"European Journal of Cancer",2021-10-01,1,journal-article,"Elsevier BV","Sabine Oertelt‐Prigione - Charité - Universitätsmedizin Berlin; Sabine Oertelt‐Prigione - Radboud University Nijmegen; Sabine Oertelt‐Prigione - Radboud University Medical Center; Belle H de Rooij - Netherlands Comprehensive Cancer Organisation; Belle H de Rooij - Tilburg University; Floortje Mols - Tilburg University; Simone Oerlemans - Netherlands Comprehensive Cancer Organisation; Olga Husson - Institute of Cancer Research; Olga Husson - The Netherlands Cancer Institute; Dounya Schoormans - Tilburg University; John B.A.G Haanen - The Netherlands Cancer Institute; Lonneke V van de Poll‐Franse - Netherlands Comprehensive Cancer Organisation; Lonneke V van de Poll‐Franse - Tilburg University; Lonneke V van de Poll‐Franse - The Netherlands Cancer Institute",,
"The Risk of Cutaneous Squamous Cell Carcinoma Among Patients with Type 2 Diabetes Receiving Hydrochlorothiazide: A Cohort Study",10.1158/1055-9965.epi-21-0620,"Cancer Epidemiology Biomarkers & Prevention",2021-09-06,2,journal-article,"American Association for Cancer Research (AACR)","Jing Du - University of Groningen; Jing Du - University Medical Center Groningen; Gijs W.D Landman - University Medical Center Groningen; Gijs W.D Landman - University of Groningen; Gijs W.D Landman - Gelre Hospitals; Pauline A J Vissers - Netherlands Comprehensive Cancer Organisation; Marieke W.J Louwman - Netherlands Comprehensive Cancer Organisation; Nanne Kleefstra - University Medical Center Groningen; Nanne Kleefstra - University of Groningen; Nanne Kleefstra - GGZ Drenthe; Geertruida H de Bock - University Medical Center Groningen; Geertruida H de Bock - University of Groningen",,
"Healthcare Professionals’ Work-Related Stress in Palliative Care: A Cross-Sectional Survey",10.1016/j.jpainsymman.2021.04.004,"Journal of Pain and Symptom Management",2021-09-01,1,journal-article,"Elsevier BV","Anne-Floor Q Dijxhoorn - Netherlands Comprehensive Cancer Organisation; Linda Brom - Netherlands Comprehensive Cancer Organisation; Yvette M van der Linden - Leiden University; Carlo Leget - University of Humanistic Studies; Natasja Raijmakers - Netherlands Comprehensive Cancer Organisation",,"0000-0002-3000-2520; 0000-0002-6310-9914; 0000-0002-6647-8141; 0000-0002-9003-6124; 0009-0004-5699-9674"
"Reasons for not reaching or using web-based self-management applications, and the use and evaluation of Oncokompas among cancer survivors, in the context of a randomised controlled trial",10.1016/j.invent.2021.100429,"Internet Interventions",2021-09-01,1,journal-article,"Elsevier BV","Anja van der Hout - Amsterdam University Medical Centers; Anja van der Hout - Cancer Center Amsterdam; Anja van der Hout - Vrije Universiteit Amsterdam; Cornelia F van Uden–Kraan - Cancer Center Amsterdam; Karen Holtmaat - Vrije Universiteit Amsterdam; Karen Holtmaat - Amsterdam University Medical Centers; Karen Holtmaat - Cancer Center Amsterdam; Femke Jansen - Vrije Universiteit Amsterdam; Femke Jansen - Amsterdam University Medical Centers; Femke Jansen - Cancer Center Amsterdam; Birgit I Lissenberg‐Witte - Vrije Universiteit Amsterdam; N L Tiren-Verbeet - Erasmus MC; Grard A P Nieuwenhuijzen - Catharina Ziekenhuis; Grard A P Nieuwenhuijzen - Radboud University Nijmegen; José A Hardillo - Erasmus MC Cancer Institute; Robert J Baatenburg de Jong - Erasmus MC Cancer Institute; Dirkje W Sommeijer - Flevoziekenhuis; Dirkje W Sommeijer - University of Amsterdam; Dirkje W Sommeijer - Amsterdam University Medical Centers; Koen de Heer - University of Amsterdam; Koen de Heer - Amsterdam University Medical Centers; Koen de Heer - Flevoziekenhuis; C G Schaar - Gelre Hospitals; Robert-Jan Sedee - GGD Haaglanden; K Bosscha - Jeroen Bosch Ziekenhuis; Michiel W M van den Brekel - The Netherlands Cancer Institute; Japke F Petersen - The Netherlands Cancer Institute; Jimmie Honings - Radboud University Nijmegen; Jimmie Honings - Radboud University Medical Center; Robert P Takes - Radboud University Nijmegen; Robert P Takes - Radboud University Medical Center; Ilse Houtenbos - Spaarne Ziekenhuis; Ilse Houtenbos - Spaarne Gasthuis; W.T van den Broek - St. Anna Ziekenhuis; Remco de Bree - Radboud University Nijmegen; Remco de Bree - Radboud University Medical Center; P Jansen - Amsterdam University Medical Centers; P Jansen - Cancer Center Amsterdam; P Jansen - Vrije Universiteit Amsterdam; Simone E J Eerenstein - Amsterdam University Medical Centers; Simone E J Eerenstein - Cancer Center Amsterdam; Simone E J Eerenstein - Vrije Universiteit Amsterdam; C René Leemans - Vrije Universiteit Amsterdam; C René Leemans - Amsterdam University Medical Centers; Birgit I Lissenberg‐Witte - Amsterdam University Medical Centers; Cornelia F van Uden–Kraan - Vrije Universiteit Amsterdam; Cornelia F van Uden–Kraan - Amsterdam University Medical Centers; Josée M Zijlstra - Amsterdam University Medical Centers; Josée M Zijlstra - Cancer Center Amsterdam; Josée M Zijlstra - Vrije Universiteit Amsterdam; Pim Cuijpers - Radboud University Nijmegen; Pim Cuijpers - Radboud University Medical Center; Lonneke V van de Poll‐Franse - The Netherlands Cancer Institute; Lonneke V van de Poll‐Franse - Tilburg University; Lonneke V van de Poll‐Franse - Netherlands Comprehensive Cancer Organisation; Irma M Verdonck‐de Leeuw - Amsterdam University Medical Centers; Irma M Verdonck‐de Leeuw - Cancer Center Amsterdam; Irma M Verdonck‐de Leeuw - Vrije Universiteit Amsterdam",,"0000-0001-5077-3472; 0000-0001-5497-2743; 0000-0001-5580-5613; 0000-0001-7128-5814; 0000-0001-7236-264X; 0000-0001-7887-083X; 0000-0001-7974-5045; 0000-0001-8409-1146; 0000-0001-9448-1826; 0000-0002-0111-0557; 0000-0002-1067-3327; 0000-0002-2730-9353; 0000-0002-3898-416X; 0000-0002-4507-4607; 0000-0002-5837-5513; 0000-0002-6338-6743; 0000-0002-7961-3314; 0000-0003-0413-6872; 0000-0003-1074-5922; 0000-0003-4358-6729; 0000-0003-4655-6007; 0000-0003-4784-0499"
"Follow‐up after breast cancer: Variations, best practices, and opportunities for improvement according to health care professionals",10.1111/ecc.13505,"European Journal of Cancer Care",2021-08-27,1,journal-article,Wiley,"Jet W Ankersmid - University of Twente; Jet W Ankersmid - Santeon (Netherlands); Jolanda C van Hoeve - University of Twente; Jolanda C van Hoeve - Netherlands Comprehensive Cancer Organisation; Luc J A Strobbe - Canisius-Wilhelmina Ziekenhuis; Yvonne E A van Riet - Catharina Ziekenhuis; Yvonne E A van Riet - Radboud University Nijmegen; Cornelia F van Uden–Kraan - Santeon (Netherlands); Sabine Siesling - University of Twente; Sabine Siesling - Netherlands Comprehensive Cancer Organisation; Constance H.C Drossaert - University of Twente",,"0000-0002-0273-824X; 0000-0002-3840-3003; 0000-0002-3898-416X; 0000-0002-4465-5768; 0000-0002-4562-8147; 0000-0002-7083-3169; 0000-0003-3133-6212"
"Unmet supportive care needs of patients with rare cancer: A systematic review",10.1111/ecc.13502,"European Journal of Cancer Care",2021-08-18,1,journal-article,"Hindawi Limited","Eline de Heus - Netherlands Comprehensive Cancer Organisation; Eline de Heus - Radboud University Nijmegen; Eline de Heus - Radboud University Medical Center; Jan Maarten van der Zwan - Netherlands Comprehensive Cancer Organisation; Olga Husson - The Netherlands Cancer Institute; Anne‐Roos Frissen - Netherlands Comprehensive Cancer Organisation; Carla M.L van Herpen - Radboud University Nijmegen; Carla M.L van Herpen - Radboud University Medical Center; Matthias A.W Merkx - Netherlands Comprehensive Cancer Organisation; Matthias A.W Merkx - Radboud University Nijmegen; Matthias A.W Merkx - Radboud University Medical Center; Saskia F A Duijts - Netherlands Comprehensive Cancer Organisation; Saskia F A Duijts - Vrije Universiteit Amsterdam; Saskia F A Duijts - Amsterdam University Medical Centers",,"0000-0001-5130-5451; 0000-0001-6025-5361; 0000-0002-0019-7259; 0000-0002-0687-9760; 0000-0002-1387-8686; 0000-0002-2138-0220; 0000-0003-4004-3446"
"Improved risk estimation of locoregional recurrence, secondary contralateral tumors and distant metastases in early breast cancer: the INFLUENCE 2.0 model",10.1007/s10549-021-06335-z,"Breast Cancer Research and Treatment",2021-08-02,1,journal-article,"Springer Nature","Vinzenz Völkel - University of Regensburg; Teresa Draeger - University of Regensburg; Marissa C van Maaren - University of Twente; Linda de Munck - Netherlands Comprehensive Cancer Organisation; Luc J A Strobbe - Canisius-Wilhelmina Ziekenhuis; Gabe S Sonke - The Netherlands Cancer Institute; Marjanka K Schmidt - The Netherlands Cancer Institute; Marjan van Hezewijk - Radiotherapiegroep; Catharina G M Groothuis‐Oudshoorn - University of Twente; Sabine Siesling - Netherlands Comprehensive Cancer Organisation",,"0000-0001-8088-9628; 0000-0002-0273-824X; 0000-0002-1155-1567; 0000-0002-2228-429X; 0000-0002-2930-509X; 0000-0002-3840-3003; 0000-0002-4875-5379; 0000-0002-5708-2559"
"Clinical, Pathology, Genetic, and Molecular Features of Colorectal Tumors in Adolescents and Adults 25 Years or Younger",10.1016/j.cgh.2020.06.034,"Clinical Gastroenterology and Hepatology",2021-08-01,1,journal-article,"Elsevier BV","Richarda M de Voer - Radboud University Nijmegen; Richarda M de Voer - Radboud University Medical Center; Illja J Diets - Radboud University Nijmegen; Illja J Diets - Radboud University Medical Center; Rachel S van der Post - Radboud University Nijmegen; Rachel S van der Post - Radboud University Medical Center; Robbert D.A Weren - Radboud University Nijmegen; Robbert D.A Weren - Radboud University Medical Center; Eveline J Kamping - Radboud University Nijmegen; Eveline J Kamping - Radboud University Medical Center; Tessa J J de Bitter - Radboud University Nijmegen; Tessa J J de Bitter - Radboud University Medical Center; Lisa Elze - Radboud University Nijmegen; Lisa Elze - Radboud University Medical Center; Rob H.A Verhoeven - Radboud University Nijmegen; Rob H.A Verhoeven - Radboud University Medical Center; Rob H.A Verhoeven - Netherlands Comprehensive Cancer Organisation; Elisa Vink‐Börger - Radboud University Nijmegen; Elisa Vink‐Börger - Radboud University Medical Center; Astrid Eijkelenboom - Radboud University Nijmegen; Astrid Eijkelenboom - Radboud University Medical Center; Arjen R Mensenkamp - Radboud University Medical Center; Arjen R Mensenkamp - Radboud University Nijmegen; Irıs D Nagtegaal - Radboud University Nijmegen; Irıs D Nagtegaal - Radboud University Medical Center; Marjolijn C.J Jongmans - Radboud University Nijmegen; Marjolijn C.J Jongmans - Radboud University Medical Center; Marjolijn J.L Ligtenberg - Radboud University Medical Center; Marjolijn J.L Ligtenberg - Radboud University Nijmegen",,"0000-0001-6132-2116; 0000-0001-6572-4374; 0000-0001-7603-8898; 0000-0001-8264-8131; 0000-0001-9678-1611; 0000-0002-8222-0343; 0000-0002-8669-3834; 0000-0003-0887-4127; 0000-0003-1290-1474; 0000-0003-3805-877X"
"Determinants of delay and association with outcome in head and neck cancer: A systematic review",10.1016/j.ejso.2021.02.029,"European Journal of Surgical Oncology (EJSO)",2021-08-01,10,journal-article,"Elsevier BV","Rosanne C Schoonbeek - University Medical Center Groningen; Rosanne C Schoonbeek - University of Groningen; Julia Zwertbroek - University of Groningen; Julia Zwertbroek - University Medical Center Groningen; Boudewijn E C Plaat - University Medical Center Groningen; Boudewijn E C Plaat - University of Groningen; Robert P Takes - Radboud University Nijmegen; Robert P Takes - Radboud University Medical Center; Robert P Takes - University Medical Center; John A Ridge - Fox Chase Cancer Center; Primož Strojan - Institute of Oncology Ljubljana; Boukje A C van Dijk - Netherlands Comprehensive Cancer Organisation; Boukje A C van Dijk - University Medical Center Groningen; Boukje A C van Dijk - University of Groningen; György B Halmos - University Medical Center Groningen; György B Halmos - University of Groningen",,
"A Nationwide Study on the Impact of Routine Testing for EGFR Mutations in Advanced NSCLC Reveals Distinct Survival Patterns Based on EGFR Mutation Subclasses",10.3390/cancers13143641,Cancers,2021-07-20,2,journal-article,"MDPI AG","Bart Koopman - University Medical Center Groningen; Bart Koopman - University of Groningen; Betzabel N Cajiao Garcia - University Medical Center Groningen; Betzabel N Cajiao Garcia - University of Groningen; Ronald Damhuis - Netherlands Comprehensive Cancer Organisation; Anthonie J van der Wekken - University Medical Center Groningen; Anthonie J van der Wekken - University of Groningen; Harry J.M Groen - University Medical Center Groningen; Harry J.M Groen - University of Groningen; Ed Schuuring - University Medical Center Groningen; Ed Schuuring - University of Groningen; Stefan M Willems - University of Groningen; Stefan M Willems - University Medical Center Groningen; Léon C.L.T van Kempen - University Medical Center Groningen; Léon C.L.T van Kempen - University of Groningen",,
"International differences in lung cancer survival by sex, histological type and stage at diagnosis: an ICBP SURVMARK-2 Study",10.1136/thoraxjnl-2020-216555,Thorax,2021-07-19,7,journal-article,BMJ,"Marzieh Araghi - Centre international de recherche sur le cancer; Miranda M Fidler-Benaoudia - Alberta Health Services; Melina Arnold - Centre international de recherche sur le cancer; Miranda M Fidler-Benaoudia - College of the Holy Cross; Aude Bardot - Centre international de recherche sur le cancer; Jacques Ferlay - Centre international de recherche sur le cancer; Oliver Bucher - CancerCare Manitoba; Prithwish De - Cancer Care Ontario; Gerda Engholm - Danish Cancer Society; Anna Gavin - Queen's University Belfast; Anna Gavin - National Cancer Registry; Björn Möller - Cancer Registry of Norway; Nathalie Jacques - Nova Scotia Health Authority; Nathalie Jacques - CancerCare; Hanna Tervonen - Cancer Institute of New South Wales; Patrick Paul Walsh - National Cancer Registry; Ryan Woods - Simon Fraser University; Ryan Woods - Faculty of Public Health; Dianne L O’Connell - Cancer Research Center; Dianne L O’Connell - Cancer Council NSW; Dianne L O’Connell - The University of Sydney; David Baldwin - Nottingham University Hospitals NHS Trust; Mark Elwood - University of Auckland; Freddie Bray - Centre international de recherche sur le cancer; Alana Little - Cancer Institute of New South Wales; Serena Kozie - Saskatchewan Cancer Agency; Mark J Rutherford - Centre international de recherche sur le cancer; Mark J Rutherford - University of Leicester; Isabelle Soerjomataram - Centre international de recherche sur le cancer",,"0000-0001-5730-4791; 0000-0001-8273-9519; 0000-0001-8410-7160; 0000-0001-9594-9881; 0000-0002-1211-9709; 0000-0002-3248-7787; 0000-0002-5337-6234; 0000-0002-5858-928X; 0000-0002-6017-741X; 0000-0002-8784-5051; 0000-0002-9252-0235; 0000-0002-9520-2128; 0000-0003-0739-8835; 0000-0003-1557-6697; 0000-0003-1673-9451; 0000-0003-1700-6831; 0000-0003-3896-6401; 0000-0003-4927-6932; 0009-0009-2271-0576"
"Third-line Life-prolonging Drug Treatment in a Real-world Metastatic Castration-resistant Prostate Cancer Population: Results from the Dutch Castration-resistant Prostate Cancer Registry",10.1016/j.euf.2020.03.009,"European Urology Focus",2021-07-01,2,journal-article,"Elsevier BV","Jessica C.L Notohardjo - Amsterdam University Medical Centers; Jessica C.L Notohardjo - Vrije Universiteit Amsterdam; Malou C.P Kuppen - Erasmus University Rotterdam; Hans M Westgeest - Amphia Ziekenhuis; R Jeroen A van Moorselaar - Vrije Universiteit Amsterdam; R Jeroen A van Moorselaar - Amsterdam University Medical Centers; Niven Mehra - Radboud University Nijmegen; Niven Mehra - Radboud University Medical Center; Jules L.L.M Coenen - Isala; Inge M van Oort - Radboud University Nijmegen; Inge M van Oort - Radboud University Medical Center; Aad I de Vos - Ziekenhuis Bethesda; Walter L Vervenne - Deventer Ziekenhuis; A.C.M van den Bergh - University Medical Center Groningen; A.C.M van den Bergh - University of Groningen; Katja K.H Aben - Radboud University Nijmegen; Katja K.H Aben - Radboud University Medical Center; Katja K.H Aben - Netherlands Comprehensive Cancer Organisation; Diederik M Somford - Canisius-Wilhelmina Ziekenhuis; Andries M Bergman - The Netherlands Cancer Institute; Carin A Uyl‐de Groot - Erasmus University Rotterdam; Winald R Gerritsen - Radboud University Nijmegen; Winald R Gerritsen - Radboud University Medical Center; Alfons J.M van den Eertwegh - Amsterdam University Medical Centers; Alfons J.M van den Eertwegh - Vrije Universiteit Amsterdam",,"0000-0001-5223-2549; 0000-0001-5808-302X; 0000-0001-8199-6169; 0000-0001-8908-1684; 0000-0002-0214-2147; 0000-0002-2559-9254; 0000-0002-4794-1831; 0000-0002-5277-6586; 0000-0002-5735-3638; 0000-0002-8002-1869; 0000-0002-8730-567X; 0000-0003-2196-1233"
"Incidental findings during the diagnostic work-up in the head and neck cancer pathway: Effects on treatment delay and survival",10.1016/j.oraloncology.2021.105350,"Oral Oncology",2021-07-01,1,journal-article,"Elsevier BV","Rosanne C Schoonbeek - University Medical Center Groningen; Rosanne C Schoonbeek - University of Groningen; Frederike F.S Bult - University Medical Center Groningen; Frederike F.S Bult - University of Groningen; Boudewijn E C Plaat - University Medical Center Groningen; Boudewijn E C Plaat - University of Groningen; Max J H Witjes - University Medical Center Groningen; Max J H Witjes - University of Groningen; Anouk van der Hoorn - University Medical Center Groningen; Anouk van der Hoorn - University of Groningen; Boukje A C van Dijk - University Medical Center Groningen; Boukje A C van Dijk - University of Groningen; Boukje A C van Dijk - Netherlands Comprehensive Cancer Organisation; György B Halmos - University Medical Center Groningen; György B Halmos - University of Groningen",,"0000-0001-5984-4716; 0000-0001-8631-7727; 0000-0002-1060-5260; 0000-0002-3103-943X; 0000-0002-4135-3246; 0000-0003-2460-2260; 0000-0003-4649-327X"
"The association of socioeconomic status on treatment strategy in patients with stage I and II breast cancer in the Netherlands",10.1007/s10549-021-06308-2,"Breast Cancer Research and Treatment",2021-06-26,1,journal-article,"Springer Nature","Mando D Filipe - University Medical Center Utrecht; Sabine Siesling - Netherlands Comprehensive Cancer Organisation; Menno R Vriens - University Medical Center Utrecht; PJ van Diest - University Medical Center Utrecht; Arjen J Witkamp - University Medical Center Utrecht",,"0000-0002-0313-8844; 0000-0002-9869-7840; 0000-0003-0521-1125"
"Perspectives on returning to work of multiple myeloma patients: A qualitative interview study",10.1111/ecc.13481,"European Journal of Cancer Care",2021-06-21,1,journal-article,Wiley,"Christine Bennink - Amphia Ziekenhuis; Christine Bennink - Erasmus MC; Marjolein van der Klift - Amphia Ziekenhuis; Hans Scheurer - European Federation of Allergy and Airways Diseases Patients Associations; Pieter Sonneveld - Erasmus MC; Saskia F A Duijts - Netherlands Comprehensive Cancer Organisation; Saskia F A Duijts - Amsterdam University Medical Centers",,
"Meat consumption and cancer of unknown primary (CUP) risk: results from The Netherlands cohort study on diet and cancer",10.1007/s00394-021-02600-5,"European Journal of Nutrition",2021-06-21,2,journal-article,"Springer Nature","Karlijn S F M Hermans - Maastricht University; Piet A van den Brandt - Maastricht University; Caroline Loef - Netherlands Comprehensive Cancer Organisation; Rob L H Jansen - Maastricht University; Leo J Schouten - Maastricht University",,"0000-0001-8781-8099; 0000-0002-6911-5725; 0000-0002-7629-0820; 0000-0003-3361-7560"
"Adjuvant Aromatase Inhibitors or Tamoxifen Following Chemotherapy for Perimenopausal Breast Cancer Patients",10.1093/jnci/djab091,"JNCI Journal of the National Cancer Institute",2021-06-08,1,journal-article,"Oxford University Press (OUP)","Gwen Dackus - Oncode Institute; Gwen Dackus - The Netherlands Cancer Institute; Gwen Dackus - University Medical Center Utrecht; Katarzyna Jóźwiak - Oncode Institute; Katarzyna Jóźwiak - The Netherlands Cancer Institute; Katarzyna Jóźwiak - Medizinische Hochschule Brandenburg Theodor Fontane; Gabe S Sonke - The Netherlands Cancer Institute; Elsken van der Wall - University Medical Center Utrecht; P J van Diest - University Medical Center Utrecht; Sabine Siesling - Netherlands Comprehensive Cancer Organisation; Sabine Siesling - University of Twente; Michael Hauptmann - Oncode Institute; Michael Hauptmann - The Netherlands Cancer Institute; Michael Hauptmann - Medizinische Hochschule Brandenburg Theodor Fontane; Sabine C Linn - Oncode Institute; Sabine C Linn - The Netherlands Cancer Institute; Sabine C Linn - University Medical Center Utrecht",,"0000-0001-5541-0347; 0000-0001-8088-9628; 0000-0001-8539-0148; 0000-0002-0273-824X; 0000-0002-5873-4926; 0000-0002-9614-6586; 0000-0003-0658-2745; 0000-0003-2568-6937"
"Conditional regional recurrence risk: The effect of event-free years in different subtypes of breast cancer",10.1016/j.ejso.2020.11.122,"European Journal of Surgical Oncology (EJSO)",2021-06-01,1,journal-article,"Elsevier BV","M Vane - Maastricht University Medical Centre; M Moossdorff - Maastricht University Medical Centre; Marissa C van Maaren - University of Twente; Marissa C van Maaren - Netherlands Comprehensive Cancer Organisation; Sander M J van Kuijk - Maastricht University Medical Centre; Thiemo J A van Nijnatten - Maastricht University Medical Centre; Lori M van Roozendaal - Maastricht University Medical Centre; Evert-Jan G Boerma - Zuyderland Medisch Centrum; Johannes H.W de Wilt - Radboud University Nijmegen; Johannes H.W de Wilt - Radboud University Medical Center; Marjolein L Smidt - Maastricht University Medical Centre",,"0000-0001-6773-9668; 0000-0001-6782-5670; 0000-0002-0985-7786; 0000-0002-5708-2559; 0000-0002-6431-3538; 0000-0002-8328-1869; 0000-0003-2796-729X; 0000-0003-4514-5329; 0000-0003-4831-1679"
"Differences in health care experiences between rare cancer and common cancer patients: results from a national cross-sectional survey",10.1186/s13023-021-01886-2,"Orphanet Journal of Rare Diseases",2021-06-01,2,journal-article,"Springer Nature","Eline de Heus - Netherlands Comprehensive Cancer Organisation; Vivian Engelen - Netherlands Federation of University Medical Centres; Irene Dingemans - Netherlands Federation of University Medical Centres; Carol Richel - Borstkankervereniging Nederland; Marga Schrieks - Netherlands Federation of University Medical Centres; Jan Maarten van der Zwan - Netherlands Comprehensive Cancer Organisation; Marc G Besselink - University of Amsterdam; Marc G Besselink - Amsterdam University Medical Centers; Mark I van Berge Henegouwen - University of Amsterdam; Mark I van Berge Henegouwen - Amsterdam University Medical Centers; Carla M.L van Herpen - Radboud University Nijmegen; Carla M.L van Herpen - Radboud University Medical Center; Saskia F A Duijts - Vrije Universiteit Amsterdam; Saskia F A Duijts - Amsterdam University Medical Centers",,
"Long-term and serious harms of medical cannabis and cannabinoids for chronic pain: A systematic review of non-randomized studies",10.1101/2021.05.27.21257921,Unknown,2021-05-29,1,posted-content,"Cold Spring Harbor Laboratory","Dena Zeraatkar - Harvard University; Dena Zeraatkar - McMaster University; Dena Zeraatkar - Impact; Matthew Cooper - McMaster University; Arnav Agarwal - University of Toronto; Robin W.M Vernooij - Netherlands Comprehensive Cancer Organisation; Gareth Leung - University of Cambridge; Kevin Loniewski - York University; Kevin Loniewski - Seneca Polytechnic; Jared Dookie - Western University; Muhammad Muneeb Ahmed - McMaster University; Brian Y Hong - University of Toronto; Chris J Hong - University of Toronto; Patrick Jiho Hong - University of Toronto; Rachel Couban - McMaster University; Rachel Couban - Impact; Thomas Agoritsas - University Hospital of Geneva; Thomas Agoritsas - McMaster University; Thomas Agoritsas - Impact; Jason W Busse - McMaster University; Jason W Busse - Impact",,"0000-0001-5734-4566; 0000-0001-8672-2845; 0000-0002-0178-8712; 0000-0002-0931-7851; 0000-0002-2299-5673; 0000-0002-2539-5219; 0000-0002-6182-9969; 0000-0003-3663-1018; 0000-0003-4208-6247; 0000-0003-4287-0541"
"Prognostic impact of KRAS mutation status for patients with stage IV adenocarcinoma of the lung treated with first-line pembrolizumab monotherapy",10.1016/j.lungcan.2021.04.001,"Lung Cancer",2021-05-01,2,journal-article,"Elsevier BV","Anneloes L Noordhof - Medisch Centrum Leeuwarden; Ronald Damhuis - Netherlands Comprehensive Cancer Organisation; Lizza E.L Hendriks - Maastricht University; Adrianus J de Langen - The Netherlands Cancer Institute; Wim Timens - University Medical Center Groningen; Wim Timens - University of Groningen; Ben J.W Venmans - Medisch Centrum Leeuwarden; Wouter H van Geffen - Medisch Centrum Leeuwarden",,
"Ultra‐rare sarcomas: A consensus paper from the Connective Tissue Oncology Society community of experts on the incidence threshold and the list of entities",10.1002/cncr.33618,Cancer,2021-04-28,1,journal-article,Wiley,"George D Demetri - Dana-Farber Cancer Institute; George D Demetri - Harvard University; Elisabeth G Demicco - Mount Sinai Hospital; Elisabeth G Demicco - University of Toronto; Jayesh Desai - Peter MacCallum Cancer Centre; Mikael Eriksson - Skåne University Hospital; Mikael Eriksson - Lund University; Hans Gelderblom - Leiden University Medical Center; Suzanne George - Dana-Farber Cancer Institute; Jean‐Yves Blay - Université Claude Bernard Lyon 1; Suzanne George - Harvard University; Elizabeth H Baldini - Dana-Farber Brigham Cancer Center; Judith V.M.G Bovée - Leiden University Medical Center; RuRu Chun-Ju Chiang - Taiwan Geographic Information Center; RuRu Chun-Ju Chiang - National Taiwan University; Robin L Jones - Institute of Cancer Research; Bernd Kasper - University Medical Centre Mannheim; Bernd Kasper - Heidelberg University; Bernd Kasper - University Hospital Heidelberg; David G Kirsch - Duke Medical Center; Eugene S Kleinerman - The University of Texas MD Anderson Cancer Center; Axel Le Cesne - Institut Gustave Roussy; Jiwon Lim - National Cancer Center; Roberta Maestro - Centro di Riferimento Oncologico; Rafael Marcos‐Gragera - Generalitat de Catalunya; Rafael Marcos‐Gragera - Institut Català d'Oncologia; Javier Martín‐Broto - Hospital Universitario Virgen del Rocío; Olivier Mir - Institut Gustave Roussy; Shreyaskumar Patel - The University of Texas MD Anderson Cancer Center; Chandrajit P Raut - Dana-Farber Cancer Institute; Chandrajit P Raut - Harvard University; Albiruni R Abdul Razak - Princess Margaret Cancer Centre; Damon R Reed - Moffitt Cancer Center; Piotr Rutkowski - The Maria Sklodowska-Curie National Research Institute of Oncology; Chandrajit P Raut - Brigham and Women's Hospital; Marta Sbaraglia - University of Padua; Mrinal M Gounder - Memorial Sloan Kettering Cancer Center; Mrinal M Gounder - Cornell University; Abha A Gupta - Hospital for Sick Children; Abha A Gupta - Princess Margaret Cancer Centre; Rick L Haas - Oncode Institute; Rick L Haas - The Netherlands Cancer Institute; Rick L Haas - Leiden University Medical Center; Andrea Hayes‐Jardon - National Health Service; Peter Hohenberger - University Medical Centre Mannheim; Peter Hohenberger - Heidelberg University; Peter Hohenberger - University Hospital Heidelberg; Kevin B Jones - University of Utah; Robin L Jones - Royal Marsden NHS Foundation Trust; Inga‐Marie Schaefer - Brigham and Women's Hospital; Inga‐Marie Schaefer - Harvard University; D Strauß - Royal Marsden NHS Foundation Trust; D Strauß - Institute of Cancer Research; Kirsten Sundby Hall - Oslo University Hospital; William D Tap - Memorial Sloan Kettering Cancer Center; William D Tap - Cornell University; David M Thomas - Garvan Institute of Medical Research; Winette T.A van der Graaf - The Netherlands Cancer Institute; Winan J van Houdt - The Netherlands Cancer Institute; Otto Visser - Netherlands Comprehensive Cancer Organisation; Margaret von Mehren - Fox Chase Cancer Center; Andrew J Wagner - Dana-Farber Cancer Institute; Andrew J Wagner - Harvard University; Breelyn A Wilky - University of Colorado Denver; Breelyn A Wilky - University of Colorado Cancer Center; Young‐Joo Won - National Cancer Center; Christopher D.�M Fletcher - Brigham and Women's Hospital; Christopher D.�M Fletcher - Harvard University; Angelo Paolo Dei Tos - University of Padua; Annalisa Trama - European Institute of Oncology",,"0000-0001-5080-497X; 0000-0001-5359-5923; 0000-0001-6158-890X; 0000-0001-7190-120X; 0000-0001-7297-3221; 0000-0001-7350-6916; 0000-0001-7549-3338; 0000-0001-7657-9950; 0000-0001-7779-2796; 0000-0001-8135-4270; 0000-0001-8220-9833; 0000-0001-8425-8356; 0000-0001-8468-0119; 0000-0001-9270-8636; 0000-0001-9710-5500; 0000-0001-9824-3657; 0000-0001-9861-6740; 0000-0002-0026-2348; 0000-0002-0045-4809; 0000-0002-0825-5070; 0000-0002-1228-8940; 0000-0002-1284-8493; 0000-0002-2086-205X; 0000-0002-2126-8255; 0000-0002-2303-3468; 0000-0002-2527-5428; 0000-0002-3322-7792; 0000-0002-4384-9448; 0000-0002-6642-5592; 0000-0002-6761-4002; 0000-0002-7116-6513; 0000-0002-8006-8659; 0000-0002-8053-9537; 0000-0002-8238-2465; 0000-0002-8920-5429; 0000-0003-1155-0481; 0000-0003-1496-1817; 0000-0003-1531-2157; 0000-0003-2413-0697; 0000-0003-4173-3844; 0000-0003-4246-9344; 0000-0003-4834-4331"
"Nationwide evaluation of mutation-tailored treatment of gastrointestinal stromal tumors in daily clinical practice",10.1007/s10120-021-01190-9,"Gastric Cancer",2021-04-28,1,journal-article,"Springer Nature","Elisabeth M P Steeghs - Radboud University Nijmegen; Elisabeth M P Steeghs - Radboud University Medical Center; Hans Gelderblom - Leiden University Medical Center; Vincent K.Y Ho - Netherlands Comprehensive Cancer Organisation; Stefan M Willems - University Medical Center Groningen; Katrien Grünberg - Radboud University Medical Center; Katrien Grünberg - Radboud University Nijmegen; Marjolijn J.L Ligtenberg - Radboud University Medical Center; Marjolijn J.L Ligtenberg - Radboud University Nijmegen",,"0000-0001-7065-928X; 0000-0001-7439-8216; 0000-0001-9270-8636; 0000-0002-4164-5652; 0000-0003-1164-4365; 0000-0003-1290-1474"
"Experiences of patients with cancer with information and support for psychosocial consequences of reduced ability to eat: a qualitative interview study",10.1007/s00520-021-06217-6,"Supportive Care in Cancer",2021-04-21,1,journal-article,"Springer Nature","Nora Lize - Netherlands Comprehensive Cancer Organisation; Vera IJmker-Hemink - Radboud University Nijmegen; Vera IJmker-Hemink - Radboud University Medical Center; Rianne van Lieshout - Máxima Medisch Centrum; Rianne van Lieshout - Radboud University Nijmegen; Yvonne Wijnholds-Roeters - Máxima Medisch Centrum; Yvonne Wijnholds-Roeters - Radboud University Nijmegen; Manon van den Berg - Radboud University Nijmegen; Manon van den Berg - Radboud University Medical Center; Maggy Youssef-El Soud - Máxima Medisch Centrum; Maggy Youssef-El Soud - Radboud University Nijmegen; Sandra Beijer - Netherlands Comprehensive Cancer Organisation; Natasja Raijmakers - Nederlandse Vereniging voor Kindergeneeskunde",,"0000-0001-9898-6100; 0000-0002-0145-6144; 0000-0002-2265-4094; 0000-0002-2510-8179; 0000-0002-3000-2520; 0000-0002-7653-8195"
"Impact of the COVID-19 pandemic on diagnosis, stage, and initial treatment of breast cancer in the Netherlands: a population-based study",10.1186/s13045-021-01073-7,"Journal of Hematology & Oncology",2021-04-17,10,journal-article,"Springer Nature","Anouk H Eijkelboom - Netherlands Comprehensive Cancer Organisation; Linda de Munck - Netherlands Comprehensive Cancer Organisation; Marie-Jeanne T F D Vrancken Peeters - The Netherlands Cancer Institute; Marie-Jeanne T F D Vrancken Peeters - Amsterdam University Medical Centers; Mireille J M Broeders - Radboud University Nijmegen; Mireille J M Broeders - Radboud University Medical Center; Mireille J M Broeders - University Medical Center; Mireille J M Broeders - Dutch Expert Centre for Screening; Luc J A Strobbe - Canisius-Wilhelmina Ziekenhuis; Monique E.M.M Bos - Erasmus MC Cancer Institute; Marjanka K Schmidt - The Netherlands Cancer Institute; Cristina Guerrero Paez - Dutch Cancer Society; Marjolein L Smidt - Maastricht University Medical Centre; Marjolein L Smidt - Maastricht University; Maud Bessems - Jeroen Bosch Ziekenhuis; Janneke Verloop - Netherlands Comprehensive Cancer Organisation; Sabine C Linn - The Netherlands Cancer Institute; Sabine C Linn - University Medical Center Utrecht; Sabine C Linn - Heidelberg University; Sabine C Linn - University Hospital Heidelberg; Marc B.I Lobbes - Maastricht University; Marc B.I Lobbes - Zuyderland Medisch Centrum; Aafke H Honkoop - Isala; Desirée H J G van den Bongard - University of Amsterdam; Desirée H J G van den Bongard - Amsterdam University Medical Centers; Jelle Wesseling - The Netherlands Cancer Institute; Jelle Wesseling - Leiden University Medical Center; C Willemien Menke‐van der Houven van Oordt - Amsterdam UMC Location Vrije Universiteit Amsterdam; Vivianne C G Tjan‐Heijnen - Maastricht University Medical Centre; Sabine Siesling - Netherlands Comprehensive Cancer Organisation; Sabine Siesling - University of Twente",,
"Association between antihypertensive medications and risk of skin cancer in people older than 65 years: a population-based study",10.1503/cmaj.201971,"Canadian Medical Association Journal",2021-04-11,1,journal-article,"CMA Impact Inc.","Aaron M Drucker - Erasmus MC Cancer Institute; Aaron M Drucker - University of Toronto; Aaron M Drucker - Brown University; Aaron M Drucker - Netherlands Comprehensive Cancer Organisation; Aaron M Drucker - Peking University Cancer Hospital; Aaron M Drucker - Peking University; Loes M Hollestein - University of Toronto; Loes M Hollestein - Erasmus MC Cancer Institute; Loes M Hollestein - Peking University; Loes M Hollestein - Netherlands Comprehensive Cancer Organisation; Loes M Hollestein - Peking University Cancer Hospital; Loes M Hollestein - Brown University; Yingbo Na - Brown University; Yingbo Na - University of Toronto; Yingbo Na - Netherlands Comprehensive Cancer Organisation; Yingbo Na - Erasmus MC Cancer Institute; Yingbo Na - Peking University; Yingbo Na - Peking University Cancer Hospital; Martin A Weinstock - Peking University; Martin A Weinstock - Brown University; Martin A Weinstock - University of Toronto; Martin A Weinstock - Netherlands Comprehensive Cancer Organisation; Martin A Weinstock - Erasmus MC Cancer Institute; Martin A Weinstock - Peking University Cancer Hospital; Wenqing Li - Erasmus MC Cancer Institute; Wenqing Li - Brown University; Wenqing Li - Peking University Cancer Hospital; Wenqing Li - Peking University; Wenqing Li - University of Toronto; Wenqing Li - Netherlands Comprehensive Cancer Organisation; Husam Abdel‐Qadir - Netherlands Comprehensive Cancer Organisation; Husam Abdel‐Qadir - Peking University Cancer Hospital; Husam Abdel‐Qadir - Erasmus MC Cancer Institute; Husam Abdel‐Qadir - Peking University; Husam Abdel‐Qadir - University of Toronto; Husam Abdel‐Qadir - Brown University; An‐Wen Chan - Brown University; An‐Wen Chan - Netherlands Comprehensive Cancer Organisation; An‐Wen Chan - University of Toronto; An‐Wen Chan - Erasmus MC Cancer Institute; An‐Wen Chan - Peking University; An‐Wen Chan - Peking University Cancer Hospital",,
"Impaired Geriatric 8 Score is Associated with Worse Survival after Radiotherapy in Older Patients with Cancer",10.1016/j.clon.2020.09.002,"Clinical Oncology",2021-04-01,1,journal-article,"Elsevier BV","Judith G Middelburg - Erasmus MC; Rutger A Middelburg - Sanquin; Rutger A Middelburg - Leiden University Medical Center; M van Zwienen - Erasmus MC; M Mast - Medisch Centrum Haaglanden; A Bhawanie - Medisch Spectrum Twente; Jan J Jobsen - Medisch Spectrum Twente; Tom Rozema - Instituut Verbeeten; Huub Maas - Elisabeth-TweeSteden Ziekenhuis; Elisabeth D Geijsen - Amsterdam UMC Location University of Amsterdam; A.H van der Leest - University Medical Center Groningen; Desirée H J G van den Bongard - University Medical Center Utrecht; J Van Loon - Maastro Clinic; J Van Loon - Maastricht University; Tom Budiharto - Catharina Ziekenhuis; Tom Budiharto - Radboud University Nijmegen; Mieke J Aarts - Netherlands Comprehensive Cancer Organisation; C.H.J Terhaard - University Medical Center Utrecht; H Struikmans - Medisch Centrum Haaglanden",,
"Communication in decision aids for stage I–III colorectal cancer patients: a systematic review",10.1136/bmjopen-2020-044472,"BMJ Open",2021-04-01,1,journal-article,BMJ,"Saar Hommes - Tilburg University; Saar Hommes - Netherlands Comprehensive Cancer Organisation; Ruben Vromans - Tilburg University; Ruben Vromans - Netherlands Comprehensive Cancer Organisation; Felix J Clouth - Netherlands Comprehensive Cancer Organisation; Felix J Clouth - Tilburg University; Xander Verbeek - Netherlands Comprehensive Cancer Organisation; Ignace H J T de Hingh - Radboud University Nijmegen; Ignace H J T de Hingh - Catharina Ziekenhuis; Emiel Krahmer - Tilburg University",,"0000-0001-8040-1207; 0000-0002-6304-7549; 0000-0002-6473-5570; 0000-0002-8359-9228; 0000-0003-3491-4268"
"Salvage endoscopic resection after definitive chemoradiotherapy for esophageal cancer: a Western experience",10.1016/j.gie.2020.07.062,"Gastrointestinal Endoscopy",2021-04-01,2,journal-article,"Elsevier BV","Ali Al‐Kaabi - Radboud University Nijmegen; Ali Al‐Kaabi - Radboud University Medical Center; Erik J Schoon - Catharina Ziekenhuis; Erik J Schoon - Radboud University Nijmegen; Pierre H Deprez - Cliniques Universitaires Saint-Luc; Pierre H Deprez - UCLouvain; Stefan Seewald - Klinik Hirslanden; Stefan Groth - Klinik Hirslanden; Marc Giovannini - Institut Paoli-Calmettes; Barbara Braden - Oxford University Hospitals NHS Trust; Frieder Berr - Paracelsus Medical University; Arnaud Lemmers - Université Libre de Bruxelles; Jonathan Hoare - Imperial College Healthcare NHS Trust; Pradeep Bhandari - Portsmouth Hospitals NHS Trust; Rachel S van der Post - Radboud University Nijmegen; Rachel S van der Post - Radboud University Medical Center; Rob H.A Verhoeven - Netherlands Comprehensive Cancer Organisation; Rob H.A Verhoeven - Radboud University Nijmegen; Rob H.A Verhoeven - Radboud University Medical Center; Peter D Siersema - Radboud University Nijmegen; Peter D Siersema - Radboud University Medical Center",,
"Analysing the attributes of Comprehensive Cancer Centres and Cancer Centres across Europe to identify key hallmarks",10.1002/1878-0261.12950,"Molecular Oncology",2021-03-30,4,journal-article,Wiley,"Sebastian Kehrloesser - Cancer Research UK Cambridge Center; Sebastian Kehrloesser - University of Cambridge; Simon Oberst - Cancer Research UK Cambridge Center; Simon Oberst - University of Cambridge; Simon Oberst - Organisation of European Cancer Institutes; Willien Westerhuis - Netherlands Comprehensive Cancer Organisation; Astrid Wendler - Cancer Research UK Cambridge Center; Astrid Wendler - University of Cambridge; Anke Wind - Rijnstate Hospital; Harriët Blaauwgeers - Netherlands Comprehensive Cancer Organisation; Jean-Benoît Burrion - Université Libre de Bruxelles; Jean-Benoît Burrion - Institut Jules Bordet; Péter Nagy - National Institute of Oncology; Gunnar Sæter - Organisation of European Cancer Institutes; Gunnar Sæter - Oslo University Hospital; Eva Gustafsson - Karolinska University Hospital; Paolo De Paoli - Alleanza Contro il Cancro; József Lövey - National Institute of Oncology; József Lövey - Organisation of European Cancer Institutes; Claudio Lombardo - Organisation of European Cancer Institutes; Thierry Philip - Organisation of European Cancer Institutes; Thierry Philip - Institut Curie; Dominique de Valeriola - Organisation of European Cancer Institutes; Dominique de Valeriola - Institut Jules Bordet; Dominique de Valeriola - Université Libre de Bruxelles; Marjet Docter - Rijnstate Hospital; Femke Boomsma - Radiotherapeutisch Instituut Friesland; Mahasti Saghatchian - Hôpital américain de paris; Mahasti Saghatchian - Institut Gustave Roussy; Marek Svoboda - Masaryk Memorial Cancer Institute; Irène Philip - Centre Léon Bérard; Francesco Monetti - Ospedale Policlinico San Martino; Henk Hummel - Netherlands Comprehensive Cancer Organisation; R Otter - Organisation of European Cancer Institutes; Wim H van Harten - Organisation of European Cancer Institutes; Wim H van Harten - Rijnstate Hospital; Wim H van Harten - The Netherlands Cancer Institute; Wim H van Harten - University of Twente",,
"Conversion of a colorectal cancer guideline into clinical decision trees with assessment of validity",10.1093/intqhc/mzab051,"International Journal for Quality in Health Care",2021-03-24,1,journal-article,"Oxford University Press (OUP)","Lotte Keikes - University of Amsterdam; Lotte Keikes - Amsterdam University Medical Centers; Lotte Keikes - Netherlands Comprehensive Cancer Organisation; Milan Kos - University of Amsterdam; Milan Kos - Amsterdam University Medical Centers; Milan Kos - Netherlands Comprehensive Cancer Organisation; Xander Verbeek - Netherlands Comprehensive Cancer Organisation; Thijs van Vegchel - Netherlands Comprehensive Cancer Organisation; Irıs D Nagtegaal - Radboud University Nijmegen; Irıs D Nagtegaal - Radboud University Medical Center; Irıs D Nagtegaal - University Medical Center; Max J Lahaye - The Netherlands Cancer Institute; Alejandra Romero - Erasmus MC; S de Bruijn - Reinier de Graaf Hospital; Henk M.W Verheul - Radboud University Nijmegen; Henk M.W Verheul - Radboud University Medical Center; Henk M.W Verheul - University Medical Center; Heidi Rütten - Radboud University Nijmegen; Heidi Rütten - Radboud University Medical Center; Heidi Rütten - University Medical Center; Cornelis J.A Punt - University Medical Center Utrecht; Cornelis J.A Punt - Heidelberg University; Cornelis J.A Punt - University Hospital Heidelberg; Pieter J Tanis - Amsterdam University Medical Centers; Pieter J Tanis - University of Amsterdam; Martijn G.H van Oijen - Netherlands Comprehensive Cancer Organisation; Martijn G.H van Oijen - University of Amsterdam; Martijn G.H van Oijen - Amsterdam University Medical Centers",,"0000-0001-5981-922X; 0000-0001-7897-1710; 0000-0002-3146-3310; 0000-0002-3840-8410; 0000-0002-8444-202X; 0000-0002-9193-775X; 0000-0003-0400-9216; 0000-0003-0846-1445; 0000-0003-0887-4127; 0000-0003-4759-3280"
"The effects of new life-prolonging drugs for metastatic castration-resistant prostate cancer (mCRPC) patients in a real-world population",10.1038/s41391-021-00344-1,"Prostate Cancer and Prostatic Diseases",2021-03-21,4,journal-article,"Springer Nature","Hans M Westgeest - Amphia Ziekenhuis; Malou C.P Kuppen - Erasmus University Rotterdam; Alfons J.M van den Eertwegh - Amsterdam University Medical Centers; Alfons J.M van den Eertwegh - Vrije Universiteit Amsterdam; Ronald de Wit - Erasmus MC Cancer Institute; Andries M Bergman - The Netherlands Cancer Institute; R Jeroen A van Moorselaar - Amsterdam University Medical Centers; R Jeroen A van Moorselaar - Vrije Universiteit Amsterdam; J.L Coenen - Isala; A.C.M van den Bergh - University Medical Center Groningen; Diederik M Somford - Canisius-Wilhelmina Ziekenhuis; Niven Mehra - Radboud University Medical Center; Niven Mehra - Radboud University Nijmegen; Inge M van Oort - Radboud University Nijmegen; Inge M van Oort - Radboud University Medical Center; Katja K.H Aben - Radboud University Nijmegen; Katja K.H Aben - Netherlands Comprehensive Cancer Organisation; Katja K.H Aben - Radboud University Medical Center; Winald R Gerritsen - Radboud University Nijmegen; Winald R Gerritsen - Radboud University Medical Center; Carin A Uyl‐de Groot - Erasmus University Rotterdam",,"0000-0001-5223-2549; 0000-0001-5808-302X; 0000-0001-8908-1684; 0000-0002-0214-2147; 0000-0002-1954-090X; 0000-0002-2559-9254; 0000-0002-4794-1831; 0000-0002-5277-6586; 0000-0002-5735-3638; 0000-0002-8002-1869; 0000-0003-2196-1233"
"Nationwide treatment and outcomes of perihilar cholangiocarcinoma",10.1111/liv.14856,"Liver International",2021-03-12,1,journal-article,Wiley,"Anne‐Marleen van Keulen - Reinier de Graaf Hospital; Anne‐Marleen van Keulen - Erasmus MC Cancer Institute; Stijn Franssen - Erasmus MC Cancer Institute; Lydia G van der Geest - Netherlands Comprehensive Cancer Organisation; Marieke T de Boer - University Medical Center Groningen; Minneke J Coenraad - Leiden University Medical Center; Lydi M.J.W van Driel - Erasmus MC; Joris I Erdmann - Amsterdam University Medical Centers; Joris I Erdmann - University of Amsterdam; Nadia Haj Mohammad - Utrecht University; Nadia Haj Mohammad - University Medical Center Utrecht; Lara R Heij - RWTH Aachen University; Lara R Heij - Maastricht University; Heinz‐Josef Klümpen - Amsterdam University Medical Centers; Heinz‐Josef Klümpen - University of Amsterdam; Eric T.T.L Tjwa - Radboud University Medical Center; Eric T.T.L Tjwa - Radboud University Nijmegen; Liselot Valkenburg‐van Iersel - Maastricht University; Joanne Verheij - University of Amsterdam; Joanne Verheij - Amsterdam University Medical Centers; Bas Groot Koerkamp - Erasmus MC Cancer Institute; Pim B Olthof - Erasmus MC Cancer Institute; Pim B Olthof - Amsterdam University Medical Centers; Pim B Olthof - University of Amsterdam",,
"Conditional local recurrence risk: the effect of event-free years in different subtypes of breast cancer",10.1007/s10549-020-06040-3,"Breast Cancer Research and Treatment",2021-03-10,1,journal-article,"Springer Nature","M Moossdorff - Maastricht University Medical Centre; M Vane - Maastricht University Medical Centre; Thiemo J A van Nijnatten - Maastricht University Medical Centre; Marissa C van Maaren - University of Twente; Marissa C van Maaren - Netherlands Comprehensive Cancer Organisation; B Goorts - Maastricht University Medical Centre; Esther M Heuts - Maastricht University Medical Centre; Luc J A Strobbe - Canisius-Wilhelmina Ziekenhuis; Marjolein L Smidt - Maastricht University Medical Centre",,"0000-0002-0985-7786; 0000-0002-2999-2336; 0000-0002-3556-3407; 0000-0002-3840-3003; 0000-0002-5708-2559; 0000-0002-6431-3538; 0000-0002-8328-1869; 0000-0003-4514-5329"
"Validating a generic cancer consumer quality index in eight European countries, patient reported experiences and the influence of cultural differences",10.1186/s12885-021-07943-0,"BMC Cancer",2021-03-06,2,journal-article,"Springer Nature","Anke Wind - Rijnstate Hospital; Elmar Hartman - Rijnstate Hospital; Ramon R J P van Eekeren - Rijnstate Hospital; R P W F Wijn - Jeroen Bosch Ziekenhuis; Jana Halámková - Masaryk Memorial Cancer Institute; Johanna Mattson - Helsinki University Hospital; S Siesling - University of Twente; Willem H van Harten - University of Twente",,
"Is smoking an independent risk factor for developing cervical intra-epithelial neoplasia and cervical cancer? A systematic review and meta-analysis",10.1080/14737140.2021.1888719,"Expert Review of Anticancer Therapy",2021-03-05,5,journal-article,"Informa UK Limited","Gera E Nagelhout - IVO Addiction Research Institute; Gera E Nagelhout - Maastricht University; Renée M F Ebisch - Radboud University Nijmegen; Renée M F Ebisch - Radboud University Medical Center; Renée M F Ebisch - Catharina Ziekenhuis; Olga van der Hel - Netherlands Comprehensive Cancer Organisation; Gert‐Jan Meerkerk - IVO Addiction Research Institute; Tessa Magnée - IVO Addiction Research Institute; Thomas M de Bruijn - Zorginstituut Nederland; Barbara van Straaten - IVO Addiction Research Institute",,
"Ovarian cancer prognosis in women with endometriosis: a retrospective nationwide cohort study of 32,419 women",10.1016/j.ajog.2020.08.056,"American Journal of Obstetrics and Gynecology",2021-03-01,1,journal-article,"Elsevier BV","Marjolein Hermens - Radboud University Nijmegen; Marjolein Hermens - Radboud University Medical Center; Marjolein Hermens - Catharina Ziekenhuis; Anne M van Altena - Radboud University Nijmegen; Anne M van Altena - Radboud University Medical Center; Maaike A van der Aa - Netherlands Comprehensive Cancer Organisation; Johan Bulten - Radboud University Medical Center; Johan Bulten - Radboud University Nijmegen; Huib A.A.M van Vliet - Catharina Ziekenhuis; Huib A.A.M van Vliet - Radboud University Nijmegen; Albert G Siebers - Radboud University Nijmegen; Albert G Siebers - Radboud University Medical Center; Ruud L.M Bekkers - Catharina Ziekenhuis; Ruud L.M Bekkers - Radboud University Nijmegen; Ruud L.M Bekkers - Maastricht University",,"0000-0002-2934-2704; 0000-0002-4577-8495; 0000-0002-4994-4905; 0000-0002-6085-0678; 0000-0002-8168-6045; 0000-0003-2598-087X"
"Lung Cancer in the Netherlands",10.1016/j.jtho.2020.10.012,"Journal of Thoracic Oncology",2021-03-01,3,journal-article,"Elsevier BV","Lizza Hendriks - Maastricht University; Anne‐Marie C Dingemans - Erasmus MC Cancer Institute; Anne‐Marie C Dingemans - Maastricht University; Dirk K.M De Ruysscher - Maastro Clinic; Dirk K.M De Ruysscher - Maastricht University; Mieke J Aarts - Netherlands Comprehensive Cancer Organisation; Lidia Barberio - Lung Foundation Netherlands; Robin Cornelissen - Erasmus MC Cancer Institute; Koen J Hartemink - The Netherlands Cancer Institute; Michel M van den Heuvel - Radboud University Nijmegen; Michel M van den Heuvel - Radboud University Medical Center; Ed Schuuring - University of Groningen; Ed Schuuring - University Medical Center Groningen; Hans J.M Smit - Rijnstate Hospital; Anthonie J van der Wekken - University Medical Center Groningen; Anthonie J van der Wekken - University of Groningen; Egbert F Smit - The Netherlands Cancer Institute",,
"Variation in the Prescription of Androgen Deprivation Therapy in Intermediate- and High-risk Prostate Cancer Patients Treated with Radiotherapy in the Netherlands, and Adherence to European Association of Urology Guidelines: A Population-based Study",10.1016/j.euf.2019.11.005,"European Urology Focus",2021-03-01,1,journal-article,"Elsevier BV","Barbara Lily Thérèse Rijksen - The Netherlands Cancer Institute; Floris J Pos - The Netherlands Cancer Institute; Maarten C.C.M Hulshof - Amsterdam University Medical Centers; Robin W.M Vernooij - Netherlands Comprehensive Cancer Organisation; Hanneke Jansen - Netherlands Comprehensive Cancer Organisation; George van Andel - OLVG; Bart P Wijsman - Elisabeth-TweeSteden Ziekenhuis; D.M Somford - Canisius-Wilhelmina Ziekenhuis; Martijn B Busstra - Erasmus MC; R Jeroen A van Moorselaar - Amsterdam University Medical Centers; Christina A Hulsbergen‐van de Kaa - Thales (Netherlands); Geert J.L.H van Leenders - Erasmus MC; Paul Hamberg - Sint Franciscus Gasthuis; Franchette van den Berkmortel - Zuyderland Medisch Centrum; Jurgen J Fütterer - Radboud University Nijmegen; Jurgen J Fütterer - Radboud University Medical Center; Lambertus A Kiemeney - Radboud University Nijmegen; Lambertus A Kiemeney - Radboud University Medical Center; Inge M van Oort - Radboud University Nijmegen; Inge M van Oort - Radboud University Medical Center; Katja K.H Aben - Radboud University Medical Center; Katja K.H Aben - Netherlands Comprehensive Cancer Organisation; Katja K.H Aben - Radboud University Nijmegen",,"0000-0001-5054-3036; 0000-0001-5240-3467; 0000-0001-5734-4566; 0000-0001-6800-2879; 0000-0002-0214-2147; 0000-0002-0903-4149; 0000-0002-2368-1326; 0000-0002-2559-9254; 0000-0002-8002-1869; 0000-0002-8223-0250; 0000-0002-8592-1436; 0000-0003-2176-9102"
"COVID-19 vaccination: the VOICE for patients with cancer",10.1038/s41591-021-01240-w,"Nature Medicine",2021-02-15,2,journal-article,"Springer Nature","Astrid A.M van der Veldt - Erasmus MC Cancer Institute; Sjoukje F Oosting - University Medical Center Groningen; Sjoukje F Oosting - University of Groningen; Rudolf S.N Fehrmann - University Medical Center Groningen; Rudolf S.N Fehrmann - University of Groningen; Corine H GeurtsvanKessel - Erasmus MC; Mathilde Jalving - University Medical Center Groningen; Mathilde Jalving - University of Groningen; Guus F Rimmelzwaan - University of Veterinary Medicine Hannover, Foundation; Pia Kvistborg - The Netherlands Cancer Institute; Christian U Blank - The Netherlands Cancer Institute; Egbert F Smit - The Netherlands Cancer Institute; Valery E E P Lemmens - Erasmus MC; Valery E E P Lemmens - Netherlands Comprehensive Cancer Organisation; T Jeroen N Hiltermann - University Medical Center Groningen; T Jeroen N Hiltermann - University of Groningen; Marion Koopmans - Erasmus MC; Anke Huckriede - University of Groningen; Anke Huckriede - University Medical Center Groningen; Nynke Y Rots - Netherlands Environmental Assessment Agency; Cécile A C M van - Netherlands Environmental Assessment Agency; Debbie van Baarle - University Medical Center Groningen; Debbie van Baarle - University of Groningen; Debbie van Baarle - National Institute for Public Health and the Environment; John B.A.G Haanen - The Netherlands Cancer Institute; Elisabeth G.E de Vries - University of Groningen; Elisabeth G.E de Vries - University Medical Center Groningen",,
"Hospital volume is associated with postoperative mortality after radical cystectomy for treatment of bladder cancer",10.1111/bju.15334,"BJU International",2021-02-15,1,journal-article,Wiley,"Anke Richters - Netherlands Comprehensive Cancer Organisation; Anke Richters - Radboud University Nijmegen; Anke Richters - Radboud University Medical Center; Theodora M Ripping - Netherlands Comprehensive Cancer Organisation; Lambertus A Kiemeney - Radboud University Nijmegen; Lambertus A Kiemeney - Radboud University Medical Center; Anna M Leliveld - University Medical Center Groningen; Bas W.G van Rhijn - Caritas-Krankenhaus St. Josef; Bas W.G van Rhijn - University of Regensburg; Bas W.G van Rhijn - The Netherlands Cancer Institute; Jorg R Oddens - University of Amsterdam; Jorg R Oddens - Amsterdam University Medical Centers; R Jeroen A van Moorselaar - University of Amsterdam; R Jeroen A van Moorselaar - Amsterdam University Medical Centers; Catharina A Goossens‐Laan - Alrijne Ziekenhuis; Richard P Meijer - University Medical Center Utrecht; Joost L Boormans - Erasmus MC Cancer Institute; J Alfred Witjes - Radboud University Nijmegen; J Alfred Witjes - Radboud University Medical Center; Katja K.H Aben - Netherlands Comprehensive Cancer Organisation; Katja K.H Aben - Radboud University Nijmegen; Katja K.H Aben - Radboud University Medical Center",,"0000-0002-0214-2147; 0000-0002-1580-1543; 0000-0002-2368-1326; 0000-0002-2559-9254; 0000-0002-2913-3531; 0000-0002-6079-5613; 0000-0002-7028-0824; 0000-0003-0059-3857; 0000-0003-2510-7982"
"Characterization of Oligometastatic Disease in a Real-World Nationwide Cohort of 3447 Patients With de Novo Metastatic Breast Cancer",10.1093/jncics/pkab010,"JNCI Cancer Spectrum",2021-02-04,1,journal-article,"Oxford University Press (OUP)","Tessa G Steenbruggen - The Netherlands Cancer Institute; Michael Schaapveld - Oncode Institute; Michael Schaapveld - The Netherlands Cancer Institute; Hugo M Horlings - Oncode Institute; Hugo M Horlings - The Netherlands Cancer Institute; Joyce Sanders - Oncode Institute; Joyce Sanders - The Netherlands Cancer Institute; Sander J Hogewoning - Netherlands Comprehensive Cancer Organisation; Esther H Lips - Oncode Institute; Marie-Jeanne TFD Vrancken Peeters - Oncode Institute; Marie-Jeanne TFD Vrancken Peeters - The Netherlands Cancer Institute; Niels F.M Kok - Oncode Institute; Niels F.M Kok - The Netherlands Cancer Institute; T Wiersma - The Netherlands Cancer Institute; Laura J Esserman - University of California, San Francisco; Laura van ‘t Veer - University of California, San Francisco; Sabine C Linn - The Netherlands Cancer Institute; Sabine C Linn - University Medical Center Utrecht; Sabine Siesling - Netherlands Comprehensive Cancer Organisation; Sabine Siesling - University of Twente; Esther H Lips - The Netherlands Cancer Institute; Gabe S Sonke - University of Amsterdam; Gabe S Sonke - The Netherlands Cancer Institute",,"0000-0001-5541-0347; 0000-0001-6870-5785; 0000-0001-8088-9628; 0000-0001-8808-7005; 0000-0001-9202-4568; 0000-0002-0273-824X; 0000-0002-0551-7813; 0000-0002-6514-7754; 0000-0002-9838-8298; 0000-0003-3488-4935; 0000-0003-4390-7182; 0000-0003-4782-8828"
"Cachexia and Dietetic Interventions in Patients With Esophagogastric Cancer: A Multicenter Cohort Study",10.6004/jnccn.2020.7615,"Journal of the National Comprehensive Cancer Network",2021-02-01,1,journal-article,"Harborside Press, LLC","Willemieke P.M Dijksterhuis - Netherlands Comprehensive Cancer Organisation; Willemieke P.M Dijksterhuis - Amsterdam University Medical Centers; Willemieke P.M Dijksterhuis - University of Amsterdam; Anouk E.J Latenstein - Amsterdam University Medical Centers; Anouk E.J Latenstein - University of Amsterdam; Jessy Joy van Kleef - University of Amsterdam; Jessy Joy van Kleef - Amsterdam University Medical Centers; Rob H.A Verhoeven - Netherlands Comprehensive Cancer Organisation; J.H.M de Vries - Wageningen University & Research; Marije Slingerland - Leiden University Medical Center; Elles Steenhagen - Utrecht University; Elles Steenhagen - University Medical Center Utrecht; Joos Heisterkamp - Elisabeth-TweeSteden Ziekenhuis; Liesbeth Timmermans - Radboud University Nijmegen; Liesbeth Timmermans - Radboud University Medical Center; Liesbeth Timmermans - Community Care; M.A.E de van der Schueren - HAN University of Applied Sciences; Martijn G.H van Oijen - Amsterdam University Medical Centers; Martijn G.H van Oijen - University of Amsterdam; Martijn G.H van Oijen - Netherlands Comprehensive Cancer Organisation; Sandra Beijer - Netherlands Comprehensive Cancer Organisation; Hanneke W.M van Laarhoven - University of Amsterdam; Hanneke W.M van Laarhoven - Amsterdam University Medical Centers",,
"Skin melanoma deaths within 1 or 3 years from diagnosis in Europe",10.1002/ijc.33479,"International Journal of Cancer",2021-02-01,6,journal-article,Wiley,"Lidia Sacchetto - University of Turin; Lidia Sacchetto - Piedmont Reference Center for Epidemiology and Cancer Prevention; Lidia Sacchetto - Politecnico di Torino; Stefano Rosso - Piedmont Reference Center for Epidemiology and Cancer Prevention; Harry Comber - National Cancer Registry; Paolo Broganelli - Azienda Ospedaliera Citta' della Salute e della Scienza di Torino; Jaume Galcerán - Hospital Universitari Sant Joan de Reus; Alexander Katalinic - University of Lübeck; Marieke W.J Louwman - Netherlands Comprehensive Cancer Organisation; Trude Eid Robsahm - Cancer Registry of Norway; Laufey Tryggvadóttír - University of Iceland; Laufey Tryggvadóttír - Icelandic Cancer Society; Paul M Walsh - National Cancer Registry; Vesna Zadnik - Institute of Oncology Ljubljana; Roberto Zanetti - Piedmont Reference Center for Epidemiology and Cancer Prevention",,
"Perceived Care and Well-being of Patients With Cancer and Matched Norm Participants in the COVID-19 Crisis",10.1001/jamaoncol.2020.6093,"JAMA Oncology",2021-02-01,1,journal-article,"American Medical Association (AMA)","Lonneke V van de Poll‐Franse - Netherlands Comprehensive Cancer Organisation; Lonneke V van de Poll‐Franse - The Netherlands Cancer Institute; Lonneke V van de Poll‐Franse - Tilburg University; Belle H de Rooij - Tilburg University; Belle H de Rooij - Netherlands Comprehensive Cancer Organisation; Nicole Horevoorts - Tilburg University; Nicole Horevoorts - Netherlands Comprehensive Cancer Organisation; Anne M May - University Medical Center Utrecht; Anne M May - Utrecht University; Geraldine R Vink - Netherlands Comprehensive Cancer Organisation; Geraldine R Vink - University Medical Center Utrecht; Geraldine R Vink - Utrecht University; Miriam Koopman - University Medical Center Utrecht; Miriam Koopman - Utrecht University; Hanneke W.M van Laarhoven - Amsterdam University Medical Centers; Hanneke W.M van Laarhoven - University of Amsterdam; Marc G Besselink - University of Amsterdam; Marc G Besselink - Amsterdam University Medical Centers; Simone Oerlemans - Netherlands Comprehensive Cancer Organisation; Olga Husson - Netherlands Comprehensive Cancer Organisation; Olga Husson - The Netherlands Cancer Institute; Olga Husson - Institute of Cancer Research; Sandra Beijer - Netherlands Comprehensive Cancer Organisation; Nicole P M Ezendam - Netherlands Comprehensive Cancer Organisation; Nicole P M Ezendam - Tilburg University; Natasja Raijmakers - Netherlands Comprehensive Cancer Organisation; Barbara M Wollersheim - The Netherlands Cancer Institute; Meeke Hoedjes - Tilburg University; Sabine Siesling - University of Twente; Sabine Siesling - Netherlands Comprehensive Cancer Organisation; Mies van Eenbergen - Netherlands Comprehensive Cancer Organisation; Floortje Mols - Tilburg University; Floortje Mols - Netherlands Comprehensive Cancer Organisation",,"0000-0001-6731-3296; 0000-0001-6887-2882; 0000-0001-7551-9200; 0000-0002-0172-0857; 0000-0002-0273-824X; 0000-0002-1387-8686; 0000-0002-2510-8179; 0000-0002-3000-2520; 0000-0002-5145-9618; 0000-0002-5833-7007; 0000-0002-5878-4210; 0000-0002-6731-9660; 0000-0003-0413-6872; 0000-0003-0818-2913; 0000-0003-1274-5643; 0000-0003-1550-1978; 0000-0003-1595-7262; 0000-0003-2650-9350"
"Prevention and management of dermatological toxicities related to anticancer agents: ESMO Clinical Practice Guidelines☆",10.1016/j.annonc.2020.11.005,"Annals of Oncology",2021-02-01,3,journal-article,"Elsevier BV","Mario E Lacouture - Memorial Sloan Kettering Cancer Center; V Sibaud - Institut Claudius Regaud; Peter Arne Gerber - Heinrich Heine University Düsseldorf; Corina van den Hurk - Netherlands Comprehensive Cancer Organisation; Pablo Fernández‐Peñas - Westmead Hospital; Pablo Fernández‐Peñas - The University of Sydney; Daniele Santini - Università Campus Bio-Medico; Daniele Santini - Santa Maria Nuova Hospital; Franziska Jahn - Martin Luther University Halle-Wittenberg; Karin Jordan - University Hospital Heidelberg; Karin Jordan - Heidelberg University",,
"Extensive diagnostic work-up for patients with carcinoma of unknown primary",10.1007/s10585-021-10073-3,"Clinical & Experimental Metastasis",2021-01-30,1,journal-article,"Springer Nature","Laura L Meijer - Netherlands Comprehensive Cancer Organisation; Rob H.A Verhoeven - Netherlands Comprehensive Cancer Organisation; Ignace H J T de Hingh - Catharina Ziekenhuis; Ignace H J T de Hingh - Radboud University Nijmegen; Agnès J van de Wouw - VieCuri Medisch Centrum; Hanneke W.M van Laarhoven - University of Amsterdam; Hanneke W.M van Laarhoven - Amsterdam University Medical Centers; V.E.P.P Lemmens - Netherlands Comprehensive Cancer Organisation; Caroline Loef - Netherlands Comprehensive Cancer Organisation",,
"Treatment patterns and overall survival for recurrent esophageal or gastroesophageal junctional cancer: A nationwide European population-based study.",10.1200/jco.2021.39.3_suppl.186,"Journal of Clinical Oncology",2021-01-20,1,journal-article,"American Society of Clinical Oncology (ASCO)","Marieke Pape - Netherlands Comprehensive Cancer Organisation; Pauline A J Vissers - Netherlands Comprehensive Cancer Organisation; Laurens V Beerepoot - Elisabeth-TweeSteden Ziekenhuis; Mark I van Berge Henegouwen - Amsterdam UMC Location Vrije Universiteit Amsterdam; Stella Mook - Utrecht University; Stella Mook - University Medical Center Utrecht; David Bertwistle - Bristol-Myers Squibb (United States); Laura McDonald - Bristol-Myers Squibb (United States); Hanneke W.M van Laarhoven - University of Amsterdam; Hanneke W.M van Laarhoven - Amsterdam University Medical Centers; Rob H.A Verhoeven - Netherlands Comprehensive Cancer Organisation",,"0000-0001-8689-3134; 0000-0001-9054-7541; 0000-0001-9678-1611; 0000-0002-0313-814X; 0000-0002-0677-888X; 0000-0002-3040-4626; 0000-0002-7087-6548; 0000-0003-1274-5643"
"Disease-free and overall survival in nonmetastatic esophageal or gastroesophageal junctional cancer after treatment with curative intent: A nationwide population-based study.",10.1200/jco.2021.39.3_suppl.246,"Journal of Clinical Oncology",2021-01-20,1,journal-article,"American Society of Clinical Oncology (ASCO)","Marieke Pape - Netherlands Comprehensive Cancer Organisation; Pauline A J Vissers - Netherlands Comprehensive Cancer Organisation; Laurens V Beerepoot - Elisabeth-TweeSteden Ziekenhuis; Mark I van Berge Henegouwen - Amsterdam UMC Location Vrije Universiteit Amsterdam; Stella Mook - Utrecht University; Stella Mook - University Medical Center Utrecht; David Bertwistle - Bristol-Myers Squibb (United States); Laura McDonald - Bristol-Myers Squibb (United States); Hanneke W.M van Laarhoven - University of Amsterdam; Hanneke W.M van Laarhoven - Amsterdam University Medical Centers; Rob H.A Verhoeven - Netherlands Comprehensive Cancer Organisation",,"0000-0001-8689-3134; 0000-0001-9054-7541; 0000-0001-9678-1611; 0000-0001-9846-7626; 0000-0002-0313-814X; 0000-0002-0677-888X; 0000-0002-3040-4626; 0000-0003-1274-5643"
"International Trends in Esophageal Squamous Cell Carcinoma and Adenocarcinoma Incidence",10.14309/ajg.0000000000001121,"American Journal of Gastroenterology",2021-01-08,2,journal-article,"Ovid Technologies (Wolters Kluwer Health)","Harriet Rumgay - Centre international de recherche sur le cancer; Melina Arnold - Centre international de recherche sur le cancer; Mathieu Laversanne - Centre international de recherche sur le cancer; David C Whiteman - QIMR Berghofer Medical Research Institute; Aaron P Thrift - Baylor College of Medicine; Wenqiang Wei - Chinese Academy of Medical Sciences & Peking Union Medical College; V.E.P.P Lemmens - Netherlands Comprehensive Cancer Organisation; V.E.P.P Lemmens - Erasmus MC; Isabelle Soerjomataram - Centre international de recherche sur le cancer",,"0000-0002-0084-5308; 0000-0002-1568-7218; 0000-0002-1862-9371; 0000-0002-4109-5734; 0000-0002-6017-741X; 0000-0003-1700-6831; 0000-0003-2078-9056; 0000-0003-2563-9559"
"Use of Palliative Chemotherapy and ICU Admissions in Gastric and Esophageal Cancer Patients in the Last Phase of Life: A Nationwide Observational Study",10.3390/cancers13010145,Cancers,2021-01-05,1,journal-article,"MDPI AG","Joost Besseling - Amsterdam University Medical Centers; Joost Besseling - University of Amsterdam; Jan Reitsma - Zorgverzekeraars Nederland; Judith A van Erkelens - Stichting tot Steun VCVGZ; Maike H J Schepens - Zorgverzekeraars Nederland; Michiel P C Siroen - Centraal Ziekenfonds (Netherlands); Mark I van Berge Henegouwen - Amsterdam University Medical Centers; Mark I van Berge Henegouwen - University of Amsterdam; Laurens V Beerepoot - Elisabeth-TweeSteden Ziekenhuis; Theo van Voorthuizen - Rijnstate Hospital; Lia van Zuylen - Amsterdam University Medical Centers; Lia van Zuylen - University of Amsterdam; Rob H.A Verhoeven - Netherlands Comprehensive Cancer Organisation; Rob H.A Verhoeven - Amsterdam University Medical Centers; Rob H.A Verhoeven - University of Amsterdam; Hanneke W.M van Laarhoven - Amsterdam University Medical Centers; Hanneke W.M van Laarhoven - University of Amsterdam",,"0000-0001-8689-3134; 0000-0001-9678-1611; 0000-0002-2549-9659; 0000-0002-2844-4338; 0000-0002-2919-8626; 0000-0002-3040-4626; 0000-0002-7142-7605; 0000-0003-1274-5643; 0000-0003-4934-398X"
"Stage I non-small cell lung cancer: Treatment modalities, Dutch daily practice and future perspectives",10.1016/j.ctarc.2021.100404,"Cancer Treatment and Research Communications",2021-01-01,1,journal-article,"Elsevier BV","Jana S Hopstaken - Radboud University Nijmegen; Jana S Hopstaken - Radboud University Medical Center; Jana S Hopstaken - The Netherlands Cancer Institute; Julianne Cynthia de Ruiter - The Netherlands Cancer Institute; Ronald Damhuis - Netherlands Comprehensive Cancer Organisation; Adrianus J de Langen - The Netherlands Cancer Institute; Judi N.A van Diessen - The Netherlands Cancer Institute; Houke M Klomp - The Netherlands Cancer Institute; Elisabeth G Klompenhouwer - The Netherlands Cancer Institute; Koen J Hartemink - The Netherlands Cancer Institute",,"0000-0001-7248-7047; 0000-0001-7343-633X; 0000-0001-9301-8530; 0000-0002-0171-5986; 0000-0002-8553-7506; 0000-0003-4282-1096; 0000-0003-4999-8783"
"Demographic risk factors for COVID-19 infection, severity, ICU admission and death: a meta-analysis of 59 studies",10.1136/bmjopen-2020-044640,"BMJ Open",2021-01-01,3,journal-article,BMJ,"Bart G Pijls - Leiden University Medical Center; Shahab Jolani - Maastricht University; Anique Atherley - Maastricht University; Raissa T Derckx - Maastricht University; Janna I.R Dijkstra - Amsterdam University Medical Centers; Gregor H L M Franssen - Maastricht University; Stevie Hendriks - Maastricht University; Anke Richters - Netherlands Comprehensive Cancer Organisation; Saurabh Zalpuri - UCB Pharma (Netherlands); Maurice P Zeegers - Maastricht University",,
"Inappropriate end-of-life cancer care in a generalist and specialist palliative care model: a nationwide retrospective population-based observational study",10.1136/bmjspcare-2020-002302,"BMJ Supportive & Palliative Care",2020-12-22,3,journal-article,BMJ,"M Boddaert - Netherlands Comprehensive Cancer Organisation; Chantal Pereira - Netherlands Comprehensive Cancer Organisation; Chantal Pereira - Nederlandse Vereniging voor Kindergeneeskunde; Kris Vissers - Radboud University Nijmegen; Kris Vissers - Radboud University Medical Center; Yvette M van der Linden - Leiden University Medical Center; Natasja Raijmakers - Nederlandse Vereniging voor Kindergeneeskunde; Natasja Raijmakers - Netherlands Comprehensive Cancer Organisation; Heidi P Fransen - Nederlandse Vereniging voor Kindergeneeskunde; Heidi P Fransen - Netherlands Comprehensive Cancer Organisation",,
"Long-Term Cause-Specific Mortality in Hodgkin Lymphoma Patients",10.1093/jnci/djaa194,"JNCI Journal of the National Cancer Institute",2020-12-22,1,journal-article,"Oxford University Press (OUP)","Simone de Vries - Oncode Institute; Simone de Vries - The Netherlands Cancer Institute; Michael Schaapveld - Netherlands Comprehensive Cancer Organisation; Michael Schaapveld - The Netherlands Cancer Institute; Cécile P.M Janus - Erasmus MC Cancer Institute; Laurien A Daniëls - Leiden University Medical Center; Eefke Petersen - University Medical Center Utrecht; Richard W.M van der Maazen - Radboud University Nijmegen; Richard W.M van der Maazen - Radboud University Medical Center; Josée M Zijlstra - Amsterdam University Medical Centers; Max Beijert - University Medical Center Groningen; Marten R Nijziel - Catharina Ziekenhuis; Marten R Nijziel - Radboud University Nijmegen; Karijn Verschueren - Instituut Verbeeten; Leontien C.M Kremer - Princess Máxima Center; Anna M van Eggermond - Oncode Institute; Anna M van Eggermond - The Netherlands Cancer Institute; Pieternella J Lugtenburg - Erasmus MC Cancer Institute; Augustinus D G Krol - Leiden University Medical Center; Judith M Roesink - University Medical Center Utrecht; Wouter J Plattel - University Medical Center Groningen; Dick Johan van Spronsen - Radboud University Nijmegen; Dick Johan van Spronsen - Radboud University Medical Center; Gustaaf W van Imhoff - University Medical Center Groningen; Jan Paul de Boer - The Netherlands Cancer Institute; Berthe M.P Aleman - The Netherlands Cancer Institute; Flora E van Leeuwen - The Netherlands Cancer Institute; Flora E van Leeuwen - Oncode Institute",,
"The eHealth self-management application ‘Oncokompas’ that supports cancer survivors to improve health-related quality of life and reduce symptoms: which groups benefit most?",10.1080/0284186x.2020.1851764,"Acta Oncologica",2020-12-21,1,journal-article,"MJS Publishing, Medical Journals Sweden AB","Anja van der Hout - Cancer Center Amsterdam; Anja van der Hout - Vrije Universiteit Amsterdam; Anja van der Hout - Amsterdam University Medical Centers; Femke Jansen - Cancer Center Amsterdam; Femke Jansen - Vrije Universiteit Amsterdam; Birgit I Lissenberg‐Witte - Vrije Universiteit Amsterdam; Birgit I Lissenberg‐Witte - Amsterdam University Medical Centers; Cornelia F van Uden–Kraan - Cancer Center Amsterdam; Cornelia F van Uden–Kraan - Vrije Universiteit Amsterdam; Cornelia F van Uden–Kraan - Amsterdam University Medical Centers; Grard A P Nieuwenhuijzen - Radboud University Nijmegen; Grard A P Nieuwenhuijzen - Catharina Ziekenhuis; José A Hardillo - Erasmus MC Cancer Institute; Robert J Baatenburg de Jong - Erasmus MC Cancer Institute; N L Tiren-Verbeet - Erasmus MC; Dirkje W Sommeijer - Flevoziekenhuis; Dirkje W Sommeijer - Amsterdam University Medical Centers; Dirkje W Sommeijer - University of Amsterdam; Karen Holtmaat - Cancer Center Amsterdam; Karen Holtmaat - Amsterdam University Medical Centers; Karen Holtmaat - Vrije Universiteit Amsterdam; Femke Jansen - Amsterdam University Medical Centers; C René Leemans - Amsterdam University Medical Centers; Josée M Zijlstra - Amsterdam University Medical Centers; Josée M Zijlstra - Vrije Universiteit Amsterdam; Josée M Zijlstra - Cancer Center Amsterdam; Pim Cuijpers - Vrije Universiteit Amsterdam; Lonneke V van de Poll‐Franse - Tilburg University; Lonneke V van de Poll‐Franse - The Netherlands Cancer Institute; Simone E J Eerenstein - Amsterdam University Medical Centers; Koen de Heer - Flevoziekenhuis; Koen de Heer - University of Amsterdam; C G Schaar - Gelre Hospitals; Robert-Jan Sedee - GGD Haaglanden; K Bosscha - Jeroen Bosch Ziekenhuis; Michiel W M van den Brekel - The Netherlands Cancer Institute; Japke F Petersen - The Netherlands Cancer Institute; Jimmie Honings - Radboud University Nijmegen; Jimmie Honings - Radboud University Medical Center; Robert P Takes - Radboud University Nijmegen; Robert P Takes - Radboud University Medical Center; Ilse Houtenbos - Spaarne Ziekenhuis; Ilse Houtenbos - Spaarne Gasthuis; W.T van den Broek - St. Anna Ziekenhuis; Remco de Bree - Utrecht University; Remco de Bree - University Medical Center Utrecht; P Jansen - Elisabeth-TweeSteden Ziekenhuis; Simone E J Eerenstein - Cancer Center Amsterdam; Koen de Heer - Amsterdam University Medical Centers; Simone E J Eerenstein - Vrije Universiteit Amsterdam; C René Leemans - Vrije Universiteit Amsterdam; Irma M Verdonck‐de Leeuw - Vrije Universiteit Amsterdam; Irma M Verdonck‐de Leeuw - Amsterdam University Medical Centers; Irma M Verdonck‐de Leeuw - Cancer Center Amsterdam",,"0000-0001-5077-3472; 0000-0001-5497-2743; 0000-0001-5580-5613; 0000-0001-7128-5814; 0000-0001-7236-264X; 0000-0001-7887-083X; 0000-0001-7974-5045; 0000-0001-8409-1146; 0000-0001-9448-1826; 0000-0002-0111-0557; 0000-0002-1067-3327; 0000-0002-2730-9353; 0000-0002-3898-416X; 0000-0002-4507-4607; 0000-0002-5837-5513; 0000-0002-6338-6743; 0000-0002-7961-3314; 0000-0003-0413-6872; 0000-0003-1074-5922; 0000-0003-4358-6729; 0000-0003-4655-6007; 0000-0003-4784-0499"
"Comprehensive trends in incidence, treatment, survival and mortality of first primary invasive breast cancer stratified by age, stage and receptor subtype in the Netherlands between 1989 and 2017",10.1002/ijc.33417,"International Journal of Cancer",2020-12-16,4,journal-article,Wiley,"Daniël J van der Meer - The Netherlands Cancer Institute; Daniël J van der Meer - Netherlands Comprehensive Cancer Organisation; Daniël J van der Meer - Oncode Institute; Iris Kramer - Oncode Institute; Iris Kramer - The Netherlands Cancer Institute; Marissa C van Maaren - Netherlands Comprehensive Cancer Organisation; Marissa C van Maaren - University of Twente; P J van Diest - University Medical Center Utrecht; Sabine C Linn - The Netherlands Cancer Institute; Sabine C Linn - University Medical Center Utrecht; John H Maduro - University Medical Center Groningen; John H Maduro - University of Groningen; Luc J A Strobbe - Canisius-Wilhelmina Ziekenhuis; Sabine Siesling - Netherlands Comprehensive Cancer Organisation; Sabine Siesling - University of Twente; Marjanka K Schmidt - Oncode Institute; Marjanka K Schmidt - The Netherlands Cancer Institute; Adri C Voogd - Netherlands Comprehensive Cancer Organisation; Adri C Voogd - Maastricht University",,
"Onderdiagnostiek bij kanker door de COVID-19-crisis naar diagnose, leeftijd en provincie",10.1007/s12508-020-00289-1,"Tijdschrift voor gezondheidswetenschappen",2020-12-11,2,journal-article,"Springer Nature","Carin A Uyl‐de Groot - Erasmus University Rotterdam; Melinda S Schuurman - Netherlands Comprehensive Cancer Organisation; Peter C Huijgens - Netherlands Comprehensive Cancer Organisation; Jaike Praagman - Netherlands Comprehensive Cancer Organisation",,"0000-0001-5808-302X; 0000-0003-4229-8821"
"Metformin use and lung cancer survival: a population-based study in Norway",10.1038/s41416-020-01186-9,"British Journal of Cancer",2020-12-02,3,journal-article,"Springer Nature","Suzan Brancher - Universidade de São Paulo; Nathalie C Støer - Oslo University Hospital; Elisabete Weiderpass - Centre international de recherche sur le cancer; Ronald Damhuis - Netherlands Comprehensive Cancer Organisation; Tom Børge Johannesen - Oslo University Hospital; Tom Børge Johannesen - Cancer Registry of Norway; Edoardo Botteri - Oslo University Hospital; Edoardo Botteri - Cancer Registry of Norway; Trond‐Eirik Strand - Cancer Registry of Norway; Trond‐Eirik Strand - Oslo University Hospital",,"0000-0001-7248-7047; 0000-0001-8633-1633; 0000-0001-8994-9332; 0000-0002-1331-8961; 0000-0002-7561-3501; 0000-0002-9023-8068; 0000-0003-2237-0128"
"Should jaundice preclude resection in patients with gallbladder cancer? Results from a nation-wide cohort study",10.1016/j.hpb.2020.03.015,HPB,2020-12-01,1,journal-article,"Elsevier BV","Elise A J de Savornin Lohman - Radboud University Nijmegen; Elise A J de Savornin Lohman - Radboud University Medical Center; Hendrien Kuipers - University Medical Center Groningen; Mike van Dooren - Radboud University Nijmegen; Mike van Dooren - Radboud University Medical Center; Rob H.A Verhoeven - Netherlands Comprehensive Cancer Organisation; Rob H.A Verhoeven - Radboud University Nijmegen; Rob H.A Verhoeven - Radboud University Medical Center; Joris I Erdmann - Amsterdam University Medical Centers; Bas Groot Koerkamp - Erasmus University Rotterdam; Andries E Braat - Leiden University Medical Center; Jeroen Hagendoorn - Cancer Genomics Centre; Jeroen Hagendoorn - University Medical Center Utrecht; Jeroen Hagendoorn - St. Antonius Ziekenhuis; Freek Daams - Amsterdam University Medical Centers; Ronald M van Dam - Maastricht University; Ronald M van Dam - University Medical Center; Thomas M van Gulik - Amsterdam University Medical Centers; Marieke T de Boer - University Medical Center Groningen; Philip R de Reuver - Radboud University Nijmegen; Philip R de Reuver - Radboud University Medical Center",,"0000-0001-6323-6342; 0000-0001-6826-9629; 0000-0001-8233-1505; 0000-0001-8415-5090; 0000-0001-8737-3923; 0000-0001-9678-1611; 0000-0002-3284-8773; 0000-0002-8566-4222; 0000-0003-1917-6973; 0000-0003-2743-8128; 0000-0003-3615-2690; 0009-0008-0634-4740"
"Hospital-specific probability of cystectomy affects survival from muscle-invasive bladder cancer",10.1016/j.urolonc.2020.08.014,"Urologic Oncology: Seminars and Original Investigations",2020-12-01,1,journal-article,"Elsevier BV","Theodora M Ripping - Netherlands Comprehensive Cancer Organisation; J Alfred Witjes - Radboud University Medical Center; J Alfred Witjes - Radboud University Nijmegen; Richard P Meijer - University Medical Center Utrecht; Bas W.G van Rhijn - The Netherlands Cancer Institute; Jorg R Oddens - Amsterdam University Medical Centers; Catharina A Goossens‐Laan - Alrijne Ziekenhuis; Sasja F Mulder - Radboud University Nijmegen; Sasja F Mulder - Radboud University Medical Center; R Jeroen A van Moorselaar - Amsterdam University Medical Centers; Lambertus A Kiemeney - Radboud University Nijmegen; Lambertus A Kiemeney - Radboud University Medical Center; Katja K.H Aben - Radboud University Nijmegen; Katja K.H Aben - Radboud University Medical Center; Katja K.H Aben - Netherlands Comprehensive Cancer Organisation",,
"Diagnostic Strategies toward Clinical Implementation of Liquid Biopsy RAS/BRAF Circulating Tumor DNA Analyses in Patients with Metastatic Colorectal Cancer",10.1016/j.jmoldx.2020.09.002,"The Journal of Molecular Diagnostics",2020-12-01,1,journal-article,"Elsevier BV","Iris van ’t Erve - Oncode Institute; Iris van ’t Erve - The Netherlands Cancer Institute; Marjolein J.E Greuter - Amsterdam University Medical Centers; Marjolein J.E Greuter - Vrije Universiteit Amsterdam; Karen Bolhuis - University of Amsterdam; Karen Bolhuis - Amsterdam University Medical Centers; Daan C.L Vessies - The Netherlands Cancer Institute; Daan C.L Vessies - Oncode Institute; Alessandro Leal - Sidney Kimmel Comprehensive Cancer Center; Alessandro Leal - Johns Hopkins University; Geraldine R Vink - University Medical Center Utrecht; Geraldine R Vink - Utrecht University; Geraldine R Vink - Netherlands Comprehensive Cancer Organisation; Daan van den Broek - The Netherlands Cancer Institute; Daan van den Broek - Oncode Institute; Victor E Velculescu - Sidney Kimmel Comprehensive Cancer Center; Victor E Velculescu - Johns Hopkins University; Cornelis J.A Punt - University Medical Center Utrecht; Cornelis J.A Punt - Amsterdam University Medical Centers; Cornelis J.A Punt - University of Amsterdam; Gerrit A Meijer - Oncode Institute; Gerrit A Meijer - The Netherlands Cancer Institute; Veerle M.H Coupé - Amsterdam University Medical Centers; Veerle M.H Coupé - Vrije Universiteit Amsterdam; Remond J.A Fijneman - Oncode Institute; Remond J.A Fijneman - The Netherlands Cancer Institute",,"0000-0001-5196-1790; 0000-0001-7967-3213; 0000-0002-0514-9811; 0000-0002-6151-3382; 0000-0002-6731-9660; 0000-0002-7372-6625; 0000-0002-9553-9791; 0000-0003-0330-3130; 0000-0003-0846-1445; 0000-0003-1195-438X; 0000-0003-2076-5521; 0000-0003-3667-9185"
"Nationwide compliance with a multidisciplinary guideline on pancreatic cancer during 6-year follow-up",10.1016/j.pan.2020.10.032,Pancreatology,2020-12-01,1,journal-article,"Elsevier BV","Tara M Mackay - University of Amsterdam; Tara M Mackay - Amsterdam University Medical Centers; Anouk E.J Latenstein - University of Amsterdam; Anouk E.J Latenstein - Amsterdam University Medical Centers; Bert A Bonsing - Leiden University Medical Center; Bas Groot Koerkamp - Erasmus MC; Ignace H J T de Hingh - Netherlands Comprehensive Cancer Organisation; Ignace H J T de Hingh - Radboud University Nijmegen; Ignace H J T de Hingh - Catharina Ziekenhuis; Marjolein Y.V Homs - Erasmus MC; Jeanin E van Hooft - University of Amsterdam; Jeanin E van Hooft - Amsterdam University Medical Centers; Hanneke W.M van Laarhoven - University of Amsterdam; Hanneke W.M van Laarhoven - Amsterdam University Medical Centers; I Quintus Molenaar - University Medical Center Utrecht; I Quintus Molenaar - Utrecht University; I Quintus Molenaar - St. Antonius Ziekenhuis; Hjalmar C van Santvoort - St. Antonius Ziekenhuis; Hjalmar C van Santvoort - University Medical Center Utrecht; Hjalmar C van Santvoort - Utrecht University; Martijn W.J Stommel - Radboud University Nijmegen; Martijn W.J Stommel - Radboud University Medical Center; Judith de Vos‐Geelen - Maastricht University Medical Centre; Johanna W Wilmink - University of Amsterdam; Johanna W Wilmink - Amsterdam University Medical Centers; Olivier R Busch - University of Amsterdam; Olivier R Busch - Amsterdam University Medical Centers; Lydia G van der Geest - Netherlands Comprehensive Cancer Organisation; Marco J Bruno - Erasmus MC; Casper H.J van Eijck - Erasmus MC; Marc G Besselink - University of Amsterdam; Marc G Besselink - Amsterdam University Medical Centers",,"0000-0001-9181-5499; 0000-0001-9605-6831; 0000-0001-9828-2541; 0000-0002-1585-7184; 0000-0002-3730-6893; 0000-0002-4257-5254; 0000-0002-4424-0079; 0000-0002-9511-2157; 0000-0003-1274-5643; 0000-0003-1637-5520; 0000-0003-1917-6973; 0000-0003-2578-1766; 0000-0003-2650-9350; 0000-0003-3491-4268; 0000-0003-3492-4968; 0000-0003-4513-5737; 0009-0007-1218-2883"
"Risk of breast cancer in women after a salivary gland carcinoma or pleomorphic adenoma in the Netherlands",10.1002/cam4.3598,"Cancer Medicine",2020-11-28,1,journal-article,Wiley,"Matthijs H Valstar - The Netherlands Cancer Institute; Matthijs H Valstar - University of Amsterdam; Michael Schaapveld - The Netherlands Cancer Institute; Marie‐Louise F van Velthuysen - Erasmus University Rotterdam; Mischa de Ridder - The Netherlands Cancer Institute; Mischa de Ridder - Leiden University Medical Center; Marjanka K Schmidt - The Netherlands Cancer Institute; Boukje A C van Dijk - Netherlands Comprehensive Cancer Organisation; Boukje A C van Dijk - University Medical Center Groningen; Boukje A C van Dijk - University of Groningen; Alfons J M Balm - The Netherlands Cancer Institute; Alfons J M Balm - University of Amsterdam; Ludi E Smeele - The Netherlands Cancer Institute; Ludi E Smeele - University of Amsterdam",,"0000-0001-5984-4716; 0000-0001-9935-3217; 0000-0002-2228-429X; 0000-0002-2415-0893; 0000-0002-2530-3038; 0000-0002-9961-4760; 0000-0003-0435-9494; 0000-0003-4390-7182"
"Incidence, Survival, and Mortality Trends of Cancers Diagnosed in Adolescents and Young Adults (15–39 Years): A Population-Based Study in The Netherlands 1990–2016",10.3390/cancers12113421,Cancers,2020-11-18,2,journal-article,"MDPI AG","Daniël J van der Meer - The Netherlands Cancer Institute; Henrike E Karim‐Kos - Erasmus MC; Henrike E Karim‐Kos - Netherlands Comprehensive Cancer Organisation; Marianne van der Mark - Netherlands Comprehensive Cancer Organisation; Katja K.H Aben - Netherlands Comprehensive Cancer Organisation; Katja K.H Aben - Radboud University Nijmegen; Katja K.H Aben - Radboud University Medical Center; Rhodé M Bijlsma - University Medical Center Utrecht; Anita W Rijneveld - Erasmus MC Cancer Institute; Winette T.A van der Graaf - The Netherlands Cancer Institute; Winette T.A van der Graaf - Radboud University Nijmegen; Winette T.A van der Graaf - Radboud University Medical Center; Olga Husson - The Netherlands Cancer Institute; Olga Husson - Institute of Cancer Research",,
"Validation and reference values of the EORTC QLQ-CML24 questionnaire to assess health-related quality of life in patients with chronic myeloid leukemia",10.1080/10428194.2020.1838509,"Leukemia & Lymphoma",2020-11-06,1,journal-article,"Informa UK Limited","Fabio Efficace - Fondazione Gimema Onlus; Alessandra Iurlo - Fondazione IRCCS Ca' Granda Ospedale Maggiore Policlinico; Alessandra Iurlo - Ospedale Maggiore; Andrea Patriarca - Università degli Studi del Piemonte Orientale “Amedeo Avogadro”; Fabio Stagno - Azienda Ospedaliero-Universitaria Policlinico - Vittorio Emanuele; Ping Chong Bee - University Malaya Medical Centre; Ping Chong Bee - University of Malaya; Geneviève I C G Ector - Radboud University Nijmegen; Geneviève I C G Ector - Radboud University Medical Center; Isabella Capodanno - Azienda Sanitaria Unità Locale di Reggio Emilia; Isabella Capodanno - Istituti di Ricovero e Cura a Carattere Scientifico; Chiara Elena - Policlinico San Matteo Fondazione; Chiara Elena - Istituti di Ricovero e Cura a Carattere Scientifico; Massimiliano Bonifacio - University of Verona; Nicole M A Blijlevens - Radboud University Nijmegen; Nicole M A Blijlevens - Radboud University Medical Center; Chonghua Wan - Guangdong Medical College; Elisabetta Abruzzese - ASL Roma; Elisabetta Abruzzese - St. Eugenio Hospital; Massimo Breccia - Sapienza University of Rome; Francesco Cottone - Fondazione Gimema Onlus; Iris Okumura - Hospital de Clínicas Universidade Federal do Paraná; Simone Oerlemans - Netherlands Comprehensive Cancer Organisation; Nicola Cascavilla - Casa Sollievo della Sofferenza; Nicola Cascavilla - Istituti di Ricovero e Cura a Carattere Scientifico; Francesco Albano - University of Bari Aldo Moro; Vamsi Kota - Emory University; Monika Sztankay - Universität Innsbruck; Monika Sztankay - University Hospital Innsbruck; Maria Cristina Miggiano - Ospedale San Bortolo; Susanne Saußele - Heidelberg University; Susanne Saußele - University Hospital Heidelberg; Susanne Saußele - University Medical Centre Mannheim; Nicola Di Renzo - Ospedale Vito Fazzi; Federica Sorà - Università Cattolica del Sacro Cuore; Federica Sorà - Istituti di Ricovero e Cura a Carattere Scientifico; Fausto Castagnetti - IRCCS Azienda Ospedliero-Universitaria di Bologna Policlinico di Sant'Orsola; Fausto Castagnetti - University of Bologna; Michele Baccarani - IRCCS Azienda Ospedliero-Universitaria di Bologna Policlinico di Sant'Orsola; Michele Baccarani - University of Bologna; Marco Vignetti - Fondazione Gimema Onlus; Gianantonio Rosti - IRCCS Azienda Ospedliero-Universitaria di Bologna Policlinico di Sant'Orsola; Gianantonio Rosti - University of Bologna",,"0000-0001-5228-6491; 0000-0001-6240-8317; 0000-0001-7926-6052; 0000-0002-0058-7142; 0000-0002-0310-4206; 0000-0002-0602-2628; 0000-0002-1558-944X; 0000-0002-1801-2072; 0000-0002-4401-0812; 0000-0002-5065-5166; 0000-0002-5290-9289; 0000-0002-6091-1899; 0000-0002-7323-6837; 0000-0002-7938-1250; 0000-0002-7947-158X; 0000-0002-8901-2379; 0000-0002-9607-5298; 0000-0003-0357-5785; 0000-0003-0604-6934; 0000-0003-0716-1686; 0000-0003-1163-6162; 0000-0003-1278-604X; 0000-0003-1288-6104; 0000-0003-1595-7262; 0000-0003-1999-1687; 0000-0003-4253-760X; 0000-0003-4415-2906"
"The impact of the temporary suspension of national cancer screening programmes due to the COVID-19 epidemic on the diagnosis of breast and colorectal cancer in the Netherlands",10.1186/s13045-020-00984-1,"Journal of Hematology & Oncology",2020-11-04,6,journal-article,"Springer Nature","Avinash G Dinmohamed - Netherlands Comprehensive Cancer Organisation; Matteo Cellamare - Netherlands Comprehensive Cancer Organisation; Otto Visser - Netherlands Comprehensive Cancer Organisation; Linda de Munck - Netherlands Comprehensive Cancer Organisation; Marloes A.G Elferink - Netherlands Comprehensive Cancer Organisation; Pieter J Westenend - Albert Schweitzer Ziekenhuis; Jelle Wesseling - The Netherlands Cancer Institute; Mireille J M Broeders - Radboud University Nijmegen; Mireille J M Broeders - Radboud University Medical Center; Ernst J Kuipers - Erasmus MC; Matthias A.W Merkx - Netherlands Comprehensive Cancer Organisation; Sabine Siesling - University of Twente",,
"Contralateral breast cancer risk in patients with ductal carcinoma in situ and invasive breast cancer",10.1038/s41523-020-00202-8,"npj Breast Cancer",2020-11-03,1,journal-article,"Springer Nature","Daniele Giardiello - Oncode Institute; Daniele Giardiello - The Netherlands Cancer Institute; Iris Kramer - Oncode Institute; Iris Kramer - The Netherlands Cancer Institute; Maartje J Hooning - Erasmus MC Cancer Institute; Michael Hauptmann - Medizinische Hochschule Brandenburg Theodor Fontane; Esther H Lips - The Netherlands Cancer Institute; Esther H Lips - Oncode Institute; Elinor J Sawyer - King's College London; Alastair M Thompson - Baylor College of Medicine; Linda de Munck - Netherlands Comprehensive Cancer Organisation; Sabine Siesling - Netherlands Comprehensive Cancer Organisation; Jelle Wesseling - Oncode Institute; Jelle Wesseling - The Netherlands Cancer Institute; Ewout W Steyerberg - Leiden University Medical Center; Marjanka K Schmidt - Oncode Institute; Marjanka K Schmidt - The Netherlands Cancer Institute",,"0000-0001-6763-0857; 0000-0001-8285-4111; 0000-0001-8539-0148; 0000-0002-0273-824X; 0000-0002-0747-3762; 0000-0002-2228-429X; 0000-0002-2930-509X; 0000-0002-7787-0122; 0000-0002-8940-2676; 0000-0002-9005-9430; 0000-0003-0604-7267; 0000-0003-3488-4935"
"Validation of a clinicopathological and gene expression profile model for sentinel lymph node metastasis in primary cutaneous melanoma*",10.1111/bjd.19499,"British Journal of Dermatology",2020-11-02,2,journal-article,"Oxford University Press (OUP)","Evalyn E.A.P Mulder - Erasmus MC Cancer Institute; D Verver - Erasmus MC Cancer Institute; Antien L Mooyaart - Erasmus MC Cancer Institute; Astrid A.M van der Veldt - Erasmus MC Cancer Institute; Cornelis Verhoef - Erasmus MC Cancer Institute; Tamar Nijsten - Erasmus MC Cancer Institute; Dirk J Grünhagen - Erasmus MC Cancer Institute; Loes M Hollestein - Erasmus MC Cancer Institute; Loes M Hollestein - Netherlands Comprehensive Cancer Organisation",,
"Impact on Quality of Documentation and Workload of the Introduction of a National Information Standard for Tumor Board Reporting",10.1200/cci.19.00050,"JCO Clinical Cancer Informatics",2020-11-01,1,journal-article,"American Society of Clinical Oncology (ASCO)","Kees C.W.J Ebben - Netherlands Comprehensive Cancer Organisation; Melle Sieswerda - Netherlands Comprehensive Cancer Organisation; Ernest J T Luiten - Amphia Ziekenhuis; Joan B Heijns - Amphia Ziekenhuis; Carmen C van der Pol - Alrijne Ziekenhuis; Maud Bessems - Jeroen Bosch Ziekenhuis; Aafke H Honkoop - Isala; Mathijs P Hendriks - Northwest Hospital; Janneke Verloop - Netherlands Comprehensive Cancer Organisation; Xander Verbeek - Netherlands Comprehensive Cancer Organisation",,"0000-0001-6687-5393; 0000-0002-1045-2962; 0000-0002-8066-2164; 0000-0003-0199-576X; 0000-0003-1069-2357; 0000-0003-2025-0771"
"Hospital volume and beyond first-line palliative systemic treatment in metastatic oesophagogastric adenocarcinoma: A population-based study",10.1016/j.ejca.2020.08.010,"European Journal of Cancer",2020-11-01,1,journal-article,"Elsevier BV","Willemieke P.M Dijksterhuis - University of Amsterdam; Willemieke P.M Dijksterhuis - Amsterdam University Medical Centers; Willemieke P.M Dijksterhuis - Netherlands Comprehensive Cancer Organisation; Rob H.A Verhoeven - Netherlands Comprehensive Cancer Organisation; Marieke Pape - University of Amsterdam; Marieke Pape - Amsterdam University Medical Centers; Marieke Pape - Netherlands Comprehensive Cancer Organisation; Marije Slingerland - Leiden University Medical Center; Nadia Haj Mohammad - University Medical Center Utrecht; Nadia Haj Mohammad - Utrecht University; Nadia Haj Mohammad - Heidelberg University; Nadia Haj Mohammad - University Hospital Heidelberg; Judith de Vos‐Geelen - Maastricht University Medical Centre; Laurens V Beerepoot - Elisabeth-TweeSteden Ziekenhuis; Theo van Voorthuizen - Rijnstate Hospital; Geert‐Jan Creemers - Catharina Ziekenhuis; Geert‐Jan Creemers - Radboud University Nijmegen; V.E.P.P Lemmens - Erasmus University Rotterdam; V.E.P.P Lemmens - Erasmus MC; V.E.P.P Lemmens - Netherlands Comprehensive Cancer Organisation; Martijn G.H van Oijen - University of Amsterdam; Martijn G.H van Oijen - Amsterdam University Medical Centers; Martijn G.H van Oijen - Netherlands Comprehensive Cancer Organisation; Hanneke W.M van Laarhoven - University of Amsterdam; Hanneke W.M van Laarhoven - Amsterdam University Medical Centers",,
"Nationwide Real-world Cohort Study of First-line Tyrosine Kinase Inhibitor Treatment in Epidermal Growth Factor Receptor-mutated Non–small-cell Lung Cancer",10.1016/j.cllc.2020.05.019,"Clinical Lung Cancer",2020-11-01,1,journal-article,"Elsevier BV","Rolof G.P Gijtenbeek - Medisch Centrum Leeuwarden; Ronald Damhuis - Netherlands Comprehensive Cancer Organisation; Harry J.M Groen - University Medical Center Groningen; Harry J.M Groen - University of Groningen; Anthonie J van der Wekken - University Medical Center Groningen; Anthonie J van der Wekken - University of Groningen; Wouter H van Geffen - Medisch Centrum Leeuwarden",,"0000-0001-7175-0026; 0000-0001-7248-7047; 0000-0002-2978-5265; 0000-0002-4202-5914; 0000-0002-5976-0974"
"Cancer survivors' experiences with conversations about work‐related issues in the hospital setting",10.1002/pon.5529,Psycho-Oncology,2020-10-19,3,journal-article,Wiley,"Amber D Zegers - Vrije Universiteit Amsterdam; Amber D Zegers - Amsterdam University Medical Centers; Pieter Coenen - Vrije Universiteit Amsterdam; Pieter Coenen - Amsterdam University Medical Centers; Mirjam van Belzen - Netherlands Federation of University Medical Centres; Vivian Engelen - Netherlands Federation of University Medical Centres; Carol Richel - Borstkankervereniging Nederland; Desiree Dona - Radboud University Medical Center; Desiree Dona - Radboud University Nijmegen; Allard J van der Beek - Vrije Universiteit Amsterdam; Allard J van der Beek - Amsterdam University Medical Centers; Saskia F A Duijts - Vrije Universiteit Amsterdam; Saskia F A Duijts - Amsterdam University Medical Centers; Saskia F A Duijts - Netherlands Comprehensive Cancer Organisation",,
"Stage-specific trends in primary therapy and survival in follicular lymphoma: a nationwide population-based analysis in the Netherlands, 1989–2016",10.1038/s41375-020-01048-6,Leukemia,2020-10-12,1,journal-article,"Springer Nature","Manette A W Dinnessen - Netherlands Comprehensive Cancer Organisation; Marjolein van der Poel - Maastricht University; Sanne H Tonino - Amsterdam University Medical Centers; Sanne H Tonino - University of Amsterdam; Otto Visser - Netherlands Comprehensive Cancer Organisation; Nicole M A Blijlevens - Radboud University Nijmegen; Nicole M A Blijlevens - Radboud University Medical Center; Daphne de Jong - Amsterdam University Medical Centers; Daphne de Jong - Vrije Universiteit Amsterdam; King H Lam - Erasmus MC Cancer Institute; Marie José Kersten - Amsterdam University Medical Centers; Marie José Kersten - University of Amsterdam; Pieternella J Lugtenburg - Erasmus MC Cancer Institute; Avinash G Dinmohamed - Erasmus MC; Avinash G Dinmohamed - Netherlands Comprehensive Cancer Organisation; Avinash G Dinmohamed - Amsterdam University Medical Centers; Avinash G Dinmohamed - Vrije Universiteit Amsterdam; Avinash G Dinmohamed - Erasmus University Rotterdam",,"0000-0001-5863-7897; 0000-0002-1305-4150; 0000-0002-1801-2072; 0000-0002-3253-8759; 0000-0002-4767-6716; 0000-0002-6735-8651; 0000-0002-8904-3802; 0000-0002-9725-4060; 0000-0003-1496-1817; 0000-0003-3903-1085"
"Long-term survival after hyperthermic intraperitoneal chemotherapy using mitomycin C or oxaliplatin in colorectal cancer patients with synchronous peritoneal metastases: A nationwide comparative study",10.1016/j.ejso.2020.04.018,"European Journal of Surgical Oncology (EJSO)",2020-10-01,3,journal-article,"Elsevier BV","Checca Bakkers - Catharina Ziekenhuis; Checca Bakkers - Radboud University Nijmegen; Felice N van Erning - Netherlands Comprehensive Cancer Organisation; Koen P Rovers - Catharina Ziekenhuis; Koen P Rovers - Radboud University Nijmegen; Simon W Nienhuijs - Catharina Ziekenhuis; Simon W Nienhuijs - Radboud University Nijmegen; Jacobus W A Burger - Catharina Ziekenhuis; Jacobus W A Burger - Radboud University Nijmegen; V.E.P.P Lemmens - Netherlands Comprehensive Cancer Organisation; Arend G J Aalbers - The Netherlands Cancer Institute; Niels F.M Kok - The Netherlands Cancer Institute; Djamila Boerma - St. Antonius Ziekenhuis; Alexandra Brandt - Erasmus MC Cancer Institute; Patrick Hemmer - University Medical Center Groningen; Wilhelmina M van Grevenstein - University Medical Center Utrecht; Philip R de Reuver - Radboud University Nijmegen; Philip R de Reuver - Radboud University Medical Center; Pieter J Tanis - Amsterdam University Medical Centers; Pieter J Tanis - University of Amsterdam; Jurriaan B Tuynman - Amsterdam University Medical Centers; Ignace H J T de Hingh - Catharina Ziekenhuis; Ignace H J T de Hingh - Radboud University Nijmegen; Ignace H J T de Hingh - Maastricht University",,
"Scalp cooling to prevent chemotherapy-induced alopecia",10.1016/j.abd.2020.03.005,"Anais Brasileiros de Dermatologia",2020-09-01,4,journal-article,"Elsevier BV","Giselle de Barros Silva - Hospital Alemão Oswaldo Cruz; Kathryn Ciccolini - Mount Sinai Hospital; Aline Donati - Hospital do Servidor Público Municipal; Corina van den Hurk - Netherlands Comprehensive Cancer Organisation",,
"Applying Risk-Based Follow-Up Strategies on the Dutch Breast Cancer Population: Consequences for Care and Costs",10.1016/j.jval.2020.05.012,"Value in Health",2020-09-01,1,journal-article,"Elsevier BV","Teresa Draeger - University of Regensburg; Teresa Draeger - University of Twente; Vinzenz Voelkel - University of Regensburg; Vinzenz Voelkel - University of Twente; Catharina G M Groothuis‐Oudshoorn - University of Twente; Miha Lavrič - University of Twente; Jeroen Veltman - Ziekenhuis Groep Twente; Anneriet E Dassen - Medisch Spectrum Twente; Liesbeth Boersma - Maastro Clinic; Liesbeth Boersma - Maastricht University Medical Centre; Annemieke Witteveen - University of Twente; Gabe S Sonke - The Netherlands Cancer Institute; Hendrik Koffijberg - University of Twente; Sabine Siesling - Netherlands Comprehensive Cancer Organisation; Sabine Siesling - University of Twente",,"0000-0001-5581-6478; 0000-0001-7358-6434; 0000-0001-8088-9628; 0000-0001-9173-279X; 0000-0002-0273-824X; 0000-0002-1155-1567; 0000-0002-1753-0652; 0000-0002-2057-4904; 0000-0002-4875-5379; 0000-0002-6824-3987"
"Financial toxicity and employment status in cancer survivors. A systematic literature review",10.1007/s00520-020-05719-z,"Supportive Care in Cancer",2020-08-31,4,journal-article,"Springer Nature","Floortje Mols - Tilburg University; Bianca Tomalin - Flinders University; Bianca Tomalin - Flinders Medical Centre; Alison Pearce - University of Technology Sydney; Billingsley Kaambwa - Flinders University; Bogda Koczwara - Flinders Medical Centre; Bogda Koczwara - Flinders University",,
"Monitoring and evaluation of breast cancer screening programmes: selecting candidate performance indicators",10.1186/s12885-020-07289-z,"BMC Cancer",2020-08-24,8,journal-article,"Springer Nature","Sergei Muratov - McMaster University; Sergei Muratov - Impact; Carlos Canelo‐Aybar - Iberoamerican Cochrane Centre; Carlos Canelo‐Aybar - Centro de Investigación Biomédica en Red; Jean‐Éric Tarride - McMaster University; Jean‐Éric Tarride - Impact; Pablo Alonso‐Coello - Iberoamerican Cochrane Centre; Pablo Alonso‐Coello - Centro de Investigación Biomédica en Red; Nadya Dimitrova - Joint Research Centre; Bettina Borisch - University of Geneva; Xavier Castells - Hospital del Mar Research Institute; Xavier Castells - Municipal Institute for Medical Research; Xavier Castells - Hospital Del Mar; Stephen W Duffy - Queen Mary University of London; Markus Follmann - German Cancer Society; Livia Giordano - Azienda Ospedaliera Citta' della Salute e della Scienza di Torino; Solveig Hofvind - Cancer Registry of Norway; Annette Lebeau - University Medical Center Hamburg-Eppendorf; Annette Lebeau - Universität Hamburg; Cecily Quinn - St. Vincent's University Hospital; A Torresin - Metropolitana Milanese (Italy); Claudia Vialli - Joint Research Centre; Sabine Siesling - Netherlands Comprehensive Cancer Organisation; Antonio Ponti - Azienda Ospedaliera Citta' della Salute e della Scienza di Torino; Paolo Giorgi Rossi - Istituti di Ricovero e Cura a Carattere Scientifico; Paolo Giorgi Rossi - Azienda Sanitaria Unità Locale di Reggio Emilia; Holger J Schünemann - Impact; Holger J Schünemann - McMaster University; Lennarth Nyström - Umeå University; Mireille J M Broeders - Radboud University Medical Center; Mireille J M Broeders - Radboud University Nijmegen; Annett Janusch-Roi - University Medical Center Hamburg-Eppendorf; Annett Janusch-Roi - Universität Hamburg",,
"Adjuvant chemotherapy in small node-negative triple-negative breast cancer",10.1016/j.ejca.2020.04.033,"European Journal of Cancer",2020-08-01,1,journal-article,"Elsevier BV","Tessa G Steenbruggen - The Netherlands Cancer Institute; Erik van Werkhoven - The Netherlands Cancer Institute; Mette S van Ramshorst - OLVG; Mette S van Ramshorst - The Netherlands Cancer Institute; Vincent O Dezentjé - The Netherlands Cancer Institute; Marleen Kok - The Netherlands Cancer Institute; Sabine C Linn - University Medical Center Utrecht; Sabine C Linn - The Netherlands Cancer Institute; Sabine Siesling - Netherlands Comprehensive Cancer Organisation; Sabine Siesling - University of Twente; Gabe S Sonke - The Netherlands Cancer Institute",,"0000-0001-5541-0347; 0000-0001-6870-5785; 0000-0001-7469-7427; 0000-0001-7650-8407; 0000-0001-8088-9628; 0000-0001-9043-9815; 0000-0002-0273-824X"
"Cost-utility of an eHealth application ‘Oncokompas’ that supports cancer survivors in self-management: results of a randomised controlled trial",10.1007/s11764-020-00912-9,"Journal of Cancer Survivorship",2020-07-12,2,journal-article,"Springer Nature","Anja van der Hout - Vrije Universiteit Amsterdam; Femke Jansen - Vrije Universiteit Amsterdam; Cornelia F van Uden‐Kraan - Vrije Universiteit Amsterdam; Veerle M.H Coupé - Vrije Universiteit Amsterdam; Veerle M.H Coupé - Amsterdam University Medical Centers; Karen Holtmaat - Vrije Universiteit Amsterdam; Grard A P Nieuwenhuijzen - Radboud University Nijmegen; Grard A P Nieuwenhuijzen - Catharina Ziekenhuis; José A Hardillo - Erasmus MC; Robert J Baatenburg de Jong - Erasmus MC; N L Tiren-Verbeet - Erasmus MC; Dirkje W Sommeijer - Flevoziekenhuis; Koen de Heer - Flevoziekenhuis; C G Schaar - Gelre Hospitals; Robert-Jan Sedee - GGD Haaglanden; Koop Bosscha - Jeroen Bosch Ziekenhuis; Michiel W M van den Brekel - The Netherlands Cancer Institute; Japke F Petersen - The Netherlands Cancer Institute; Jimmie Honings - Radboud University Nijmegen; Jimmie Honings - Radboud University Medical Center; Robert P Takes - Radboud University Nijmegen; Robert P Takes - Radboud University Medical Center; Ilse Houtenbos - Spaarne Ziekenhuis; Ilse Houtenbos - Spaarne Gasthuis; W.T van den Broek - St. Anna Ziekenhuis; Remco de Bree - Utrecht University; Remco de Bree - University Medical Center Utrecht; P Jansen - Elisabeth-TweeSteden Ziekenhuis; Simone E J Eerenstein - Vrije Universiteit Amsterdam; Simone E J Eerenstein - Amsterdam University Medical Centers; C René Leemans - Vrije Universiteit Amsterdam; C René Leemans - Amsterdam University Medical Centers; Josée M Zijlstra - Vrije Universiteit Amsterdam; Josée M Zijlstra - Amsterdam University Medical Centers; Pim Cuijpers - Vrije Universiteit Amsterdam; Lonneke V van de Poll‐Franse - Netherlands Comprehensive Cancer Organisation; Irma M Verdonck–de Leeuw - Vrije Universiteit Amsterdam; Irma M Verdonck–de Leeuw - Amsterdam University Medical Centers",,"0000-0001-5077-3472; 0000-0001-5497-2743; 0000-0001-5580-5613; 0000-0001-7128-5814; 0000-0001-7236-264X; 0000-0001-7887-083X; 0000-0001-7974-5045; 0000-0001-8409-1146; 0000-0002-0111-0557; 0000-0002-1067-3327; 0000-0002-2730-9353; 0000-0002-3898-416X; 0000-0002-4507-4607; 0000-0002-5837-5513; 0000-0002-6338-6743; 0000-0002-7961-3314; 0000-0002-9553-9791; 0000-0003-0413-6872; 0000-0003-1074-5922; 0000-0003-4358-6729; 0000-0003-4655-6007; 0000-0003-4784-0499"
"Impact of mammographic screening and advanced cancer definition on the percentage of advanced-stage cancers in a steady-state breast screening programme in the Netherlands",10.1038/s41416-020-0968-6,"British Journal of Cancer",2020-07-09,1,journal-article,"Springer Nature","Linda de Munck - Netherlands Comprehensive Cancer Organisation; Sabine Siesling - Netherlands Comprehensive Cancer Organisation; Jacques Fracheboud - Erasmus MC; Gerard J den Heeten - Dutch Expert Centre for Screening; Mireille J M Broeders - Dutch Expert Centre for Screening; Geertruida H de Bock - University Medical Center Groningen; Geertruida H de Bock - University of Groningen",,"0000-0002-0273-824X; 0000-0002-2930-509X; 0000-0002-8741-8148; 0000-0003-3104-4471"
"Clinical decision trees support systematic evaluation of multidisciplinary team recommendations",10.1007/s10549-020-05769-1,"Breast Cancer Research and Treatment",2020-07-06,2,journal-article,"Springer Nature","Mathijs P Hendriks - Northwest Hospital; Xander Verbeek - Netherlands Comprehensive Cancer Organisation; Jeannette G van Manen - University of Twente; S.E van der Heijden - University of Twente; Shirley Go - Northwest Hospital; G.A Gooiker - Northwest Hospital; Thijs van Vegchel - Netherlands Comprehensive Cancer Organisation; Sabine Siesling - University of Twente; Agnes Jager - Erasmus MC Cancer Institute",,
"Long-Term Health-Related Quality of Life after Four Common Surgical Treatment Options for Breast Cancer and the Effect of Complications: A Retrospective Patient-Reported Survey among 1871 Patients",10.1097/prs.0000000000006887,"Plastic and Reconstructive Surgery",2020-07-01,2,journal-article,"Ovid Technologies (Wolters Kluwer Health)","Casimir A.E Kouwenberg - Ziekenhuis Groep Twente; Casimir A.E Kouwenberg - Erasmus MC; Casimir A.E Kouwenberg - University of Twente; Casimir A.E Kouwenberg - Almende (Netherlands); Casimir A.E Kouwenberg - Erasmus MC Cancer Institute; Casimir A.E Kouwenberg - Netherlands Comprehensive Cancer Organisation; Casimir A.E Kouwenberg - Medisch Spectrum Twente; Kelly M de Ligt - Erasmus MC Cancer Institute; Kelly M de Ligt - Netherlands Comprehensive Cancer Organisation; Kelly M de Ligt - Medisch Spectrum Twente; Kelly M de Ligt - Ziekenhuis Groep Twente; Kelly M de Ligt - Erasmus MC; Kelly M de Ligt - University of Twente; Kelly M de Ligt - Almende (Netherlands); Leonieke W Kranenburg - Erasmus MC Cancer Institute; Leonieke W Kranenburg - Netherlands Comprehensive Cancer Organisation; Leonieke W Kranenburg - Medisch Spectrum Twente; Leonieke W Kranenburg - Ziekenhuis Groep Twente; Leonieke W Kranenburg - Erasmus MC; Leonieke W Kranenburg - University of Twente; Leonieke W Kranenburg - Almende (Netherlands); Hinne A Rakhorst - University of Twente; Hinne A Rakhorst - Erasmus MC Cancer Institute; Hinne A Rakhorst - Netherlands Comprehensive Cancer Organisation; Hinne A Rakhorst - Medisch Spectrum Twente; Hinne A Rakhorst - Ziekenhuis Groep Twente; Hinne A Rakhorst - Erasmus MC; Hinne A Rakhorst - Almende (Netherlands); Daniëlle de Leeuw - Erasmus MC; Daniëlle de Leeuw - Ziekenhuis Groep Twente; Daniëlle de Leeuw - Erasmus MC Cancer Institute; Daniëlle de Leeuw - Netherlands Comprehensive Cancer Organisation; Daniëlle de Leeuw - Medisch Spectrum Twente; Daniëlle de Leeuw - University of Twente; Daniëlle de Leeuw - Almende (Netherlands); Sabine Siesling - Medisch Spectrum Twente; Sabine Siesling - Erasmus MC Cancer Institute; Sabine Siesling - Netherlands Comprehensive Cancer Organisation; Sabine Siesling - Ziekenhuis Groep Twente; Sabine Siesling - Erasmus MC; Sabine Siesling - University of Twente; Sabine Siesling - Almende (Netherlands); Jan J.V Busschbach - Erasmus MC Cancer Institute; Jan J.V Busschbach - Medisch Spectrum Twente; Jan J.V Busschbach - Ziekenhuis Groep Twente; Jan J.V Busschbach - Erasmus MC; Jan J.V Busschbach - University of Twente; Jan J.V Busschbach - Netherlands Comprehensive Cancer Organisation; Jan J.V Busschbach - Almende (Netherlands); Marc A.M Mureau - Medisch Spectrum Twente; Marc A.M Mureau - Ziekenhuis Groep Twente; Marc A.M Mureau - Netherlands Comprehensive Cancer Organisation; Marc A.M Mureau - Erasmus MC; Marc A.M Mureau - Erasmus MC Cancer Institute; Marc A.M Mureau - University of Twente; Marc A.M Mureau - Almende (Netherlands)",,"0000-0001-5941-1056; 0000-0001-6941-7734; 0000-0001-9218-617X; 0000-0002-0273-824X; 0000-0002-1663-6092; 0000-0002-8602-0381; 0000-0003-1336-3735"
"Survival of patients with early-stage cervical cancer after abdominal or laparoscopic radical hysterectomy: a nationwide cohort study and literature review",10.1016/j.ejca.2020.04.006,"European Journal of Cancer",2020-07-01,3,journal-article,"Elsevier BV","Hans H B Wenzel - Netherlands Comprehensive Cancer Organisation; Hans H B Wenzel - University Medical Center Groningen; Hans H B Wenzel - University of Groningen; R.G.V Smolders - Erasmus MC Cancer Institute; Jogchum Jan Beltman - Leiden University; Sandrina Lambrechts - Maastricht University Medical Centre; Hans Trum - The Netherlands Cancer Institute; Refika Yigit - University Medical Center Groningen; Refika Yigit - University of Groningen; Petra L.M Zusterzeel - Radboud University Nijmegen; Petra L.M Zusterzeel - Radboud University Medical Center; Ronald P Zweemer - University Medical Center Utrecht; Constantijne H Mom - University of Amsterdam; Ruud L.M Bekkers - Catharina Ziekenhuis; Ruud L.M Bekkers - Radboud University Nijmegen; Ruud L.M Bekkers - Maastricht University Medical Centre; V.E.P.P Lemmens - Netherlands Comprehensive Cancer Organisation; V.E.P.P Lemmens - Erasmus MC; Hans W Nijman - University Medical Center Groningen; Hans W Nijman - University of Groningen; Maaike A van der Aa - Netherlands Comprehensive Cancer Organisation",,
"Evaluating the Age-Based Recommendations for Long-Term Follow-Up in Breast Cancer",10.1634/theoncologist.2019-0973,"The Oncologist",2020-06-29,1,journal-article,"Oxford University Press (OUP)","Annemieke Witteveen - University of Twente; Linda de Munck - Netherlands Comprehensive Cancer Organisation; Linda de Munck - University Medical Center Groningen; Linda de Munck - University of Groningen; Catharina G M Groothuis‐Oudshoorn - University of Twente; Gabe S Sonke - The Netherlands Cancer Institute; Philip Poortmans - Iridium Kankernetwerk; Philip Poortmans - University of Antwerp; Liesbeth Boersma - Maastro Clinic; Liesbeth Boersma - Maastricht University; Liesbeth Boersma - Maastricht University Medical Centre; Marjolein L Smidt - Maastricht University Medical Centre; Ingrid Vliegen - Eindhoven University of Technology; Maarten J IJzerman - The University of Melbourne; Maarten J IJzerman - University of Twente; Sabine Siesling - University of Twente; Sabine Siesling - Netherlands Comprehensive Cancer Organisation",,"0000-0001-5581-6478; 0000-0001-5788-5805; 0000-0001-7400-2293; 0000-0001-8088-9628; 0000-0001-9173-279X; 0000-0002-0273-824X; 0000-0002-2930-509X; 0000-0002-4875-5379; 0000-0002-8328-1869"
"Radical prostatectomy versus deferred treatment for localised prostate cancer",10.1002/14651858.cd006590.pub3,"Cochrane Database of Systematic Reviews",2020-06-04,5,journal-article,Wiley,"Robin W.M Vernooij - Netherlands Comprehensive Cancer Organisation; Michelle Lancee - Netherlands Comprehensive Cancer Organisation; Anne Cleves - Velindre NHS Trust; Anne Cleves - Cardiff University; Philipp Dahm - Minneapolis VA Health Care System; Philipp Dahm - University of Minnesota; Chris H Bangma - Erasmus MC; Katja K.H Aben - Netherlands Comprehensive Cancer Organisation",,
"Evaluating the credibility of anchor based estimates of minimal important differences for patient reported outcomes: instrument development and reliability study",10.1136/bmj.m1714,BMJ,2020-06-04,2,journal-article,BMJ,"Tahira Devji - McMaster University; Tahira Devji - Impact; Alonso Carrasco–Labra - McMaster University; Alonso Carrasco–Labra - Impact; Anila Qasim - McMaster University; Anila Qasim - Impact; Mark Phillips - McMaster University; Mark Phillips - Impact; Bradley C Johnston - Dalhousie University; Bradley C Johnston - McMaster University; Bradley C Johnston - Impact; Niveditha Devasenapathy - Institute of Public Health Bengaluru; Niveditha Devasenapathy - Public Health Foundation of India; Dena Zeraatkar - McMaster University; Dena Zeraatkar - Impact; Meha Bhatt - McMaster University; Meha Bhatt - Impact; Xuejing Jin - University of Alberta; Romina Brignardello‐Petersen - McMaster University; Romina Brignardello‐Petersen - Impact; Olivia Urquhart - American Dental Association; Farid Foroutan - Impact; Farid Foroutan - McMaster University; Stefan Schandelmaier - McMaster University; Stefan Schandelmaier - Impact; Héctor Pardo‐Hernández - Centro de Investigación Biomédica en Red de Epidemiología y Salud Pública; Héctor Pardo‐Hernández - Iberoamerican Cochrane Centre; Robin W.M Vernooij - Netherlands Comprehensive Cancer Organisation; Hsiaomin Huang - University of Michigan; Yamna Rizwan - University of Guelph; Reed Siemieniuk - Impact; Reed Siemieniuk - McMaster University; Lyubov Lytvyn - McMaster University; Lyubov Lytvyn - Impact; Donald L Patrick - University of Washington; Shanil Ebrahim - McMaster University; Shanil Ebrahim - Impact; Toshi A Furukawa - Kyoto University; Gihad Nesrallah - Western University; Gihad Nesrallah - Humber River Regional Hospital; Gihad Nesrallah - St. Michael's Hospital; Holger J Schünemann - McMaster University; Holger J Schünemann - Impact; Mohit Bhandari - McMaster University; Mohit Bhandari - Impact; Lehana Thabane - McMaster University; Lehana Thabane - Impact; Gordon Guyatt - McMaster University; Gordon Guyatt - Impact",,
"Psychological Distress and Illness Perceptions in Thyroid Cancer Survivors: Does Age Matter?",10.1089/jayao.2019.0153,"Journal of Adolescent and Young Adult Oncology",2020-06-01,1,journal-article,"Mary Ann Liebert Inc","Olga Husson - Institute of Cancer Research; Olga Husson - The Netherlands Cancer Institute; Olga Husson - Royal Marsden NHS Foundation Trust; Hanneke Poort - Dana-Farber Cancer Institute; Ursula M Sansom‐Daly - UNSW Sydney; Ursula M Sansom‐Daly - Sydney Children's Hospital; Romana T Netea–Maier - Radboud University Medical Center; Romana T Netea–Maier - Radboud University Nijmegen; Thera P Links - University Medical Center Groningen; Thera P Links - University of Groningen; Floortje Mols - Netherlands Comprehensive Cancer Organisation; Floortje Mols - Tilburg University",,
"Preoperative Chemoradiotherapy Versus Immediate Surgery for Resectable and Borderline Resectable Pancreatic Cancer: Results of the Dutch Randomized Phase III PREOPANC Trial",10.1200/jco.19.02274,"Journal of Clinical Oncology",2020-06-01,3,journal-article,"American Society of Clinical Oncology (ASCO)","Eva Versteijne - Amsterdam University Medical Centers; Eva Versteijne - University of Amsterdam; Karin Groothuis - Netherlands Comprehensive Cancer Organisation; Janine M Akkermans-Vogelaar - Netherlands Comprehensive Cancer Organisation; Marc G Besselink - Amsterdam University Medical Centers; Marc G Besselink - University of Amsterdam; Bert A Bonsing - Leiden University Medical Center; Jeroen Buijsen - Maastro Clinic; Jeroen Buijsen - Maastricht University Medical Centre; Olivier R Busch - University of Amsterdam; Olivier R Busch - Amsterdam University Medical Centers; Geert-Jan Creemers - Catharina Ziekenhuis; Geert-Jan Creemers - Radboud University Nijmegen; Ronald M van Dam - Maastricht University Medical Centre; Ferry A.L.M Eskens - Erasmus MC Cancer Institute; Sebastiaan Festen - OLVG; Jan Willem B de Groot - Isala; Bas Groot Koerkamp - Erasmus MC Cancer Institute; Ignace H J T de Hingh - Catharina Ziekenhuis; Ignace H J T de Hingh - Radboud University Nijmegen; Marjolein Y.V Homs - Erasmus MC Cancer Institute; Jeanin E van Hooft - University of Amsterdam; Jeanin E van Hooft - Amsterdam University Medical Centers; Saskia Luelmo - Leiden University Medical Center; Karen J Neelis - Leiden University Medical Center; Joost J Nuyttens - Erasmus MC Cancer Institute; Gabriel Paardekooper - Isala; Gijs A Patijn - Isala; Maurice J.C van der Sangen - Catharina Ziekenhuis; Emile D Kerver - OLVG; Judith de Vos‐Geelen - Maastricht University Medical Centre; Johanna W Wilmink - University of Amsterdam; Johanna W Wilmink - Amsterdam University Medical Centers; Aeilko H Zwinderman - University of Amsterdam; Aeilko H Zwinderman - Amsterdam University Medical Centers; Cornelis J.A Punt - University of Amsterdam; Cornelis J.A Punt - Amsterdam University Medical Centers; Casper H.J van Eijck - Erasmus MC Cancer Institute; Maurice J.C van der Sangen - Radboud University Nijmegen; Mustafa Suker - Erasmus MC Cancer Institute; Geertjan van Tienhoven - University of Amsterdam; Geertjan van Tienhoven - Amsterdam University Medical Centers",,
"Patients’ perceptions of 70-gene signature testing: commonly changing the initial inclination to undergo or forego chemotherapy and reducing decisional conflict",10.1007/s10549-020-05683-6,"Breast Cancer Research and Treatment",2020-05-19,2,journal-article,"Springer Nature","Julia E C van Steenhoven - Utrecht University; Julia E C van Steenhoven - University Medical Center Utrecht; Julia E C van Steenhoven - Diakonessenhuis hospital; Bianca M den Dekker - Utrecht University; Bianca M den Dekker - University Medical Center Utrecht; Anne Kuijer - St. Antonius Ziekenhuis; P J van Diest - Utrecht University; P J van Diest - University Medical Center Utrecht; Johanna M Zuetenhorst - Sint Franciscus Gasthuis; Alex L.T Imholz - Deventer Ziekenhuis; Sabine Siesling - University of Twente; Sabine Siesling - Netherlands Comprehensive Cancer Organisation; Thijs van Dalen - Diakonessenhuis hospital",,
"Use of proton pump inhibitors and histamine-2 receptor antagonists and risk of gastric cancer in two population-based studies",10.1038/s41416-020-0860-4,"British Journal of Cancer",2020-05-05,1,journal-article,"Springer Nature","Peipei Liu - Queen's University Belfast; Úna C McMenamin - Queen's University Belfast; Brian T Johnston - Belfast Health and Social Care Trust; Peter Murchie - University of Aberdeen; Lisa Iversen - University of Aberdeen; Amanda Lee - University of Aberdeen; Pauline A J Vissers - Netherlands Comprehensive Cancer Organisation; Chris R Cardwell - Queen's University Belfast",,"0000-0001-8374-9823; 0000-0001-9304-0842; 0000-0001-9968-5991; 0000-0002-0677-888X; 0000-0002-2524-5229; 0000-0002-2689-4335; 0000-0002-6391-8893"
"Delivering long-term cancer care in primary care",10.3399/bjgp20x709481,"British Journal of General Practice",2020-04-30,1,journal-article,"Royal College of General Practitioners","Belle H de Rooij - Netherlands Comprehensive Cancer Organisation; Belle H de Rooij - Tilburg University; Nicole P M Ezendam - Netherlands Comprehensive Cancer Organisation; Nicole P M Ezendam - Tilburg University",,"0000-0002-0172-0857; 0000-0002-5878-4210"
"Results of neoadjuvant chemo(radio)therapy and resection for stage IIIA non-small cell lung cancer in The Netherlands",10.1080/0284186x.2020.1757150,"Acta Oncologica",2020-04-29,1,journal-article,"Informa UK Limited","Pieter J.M Joosten - The Netherlands Cancer Institute; Ronald Damhuis - Netherlands Comprehensive Cancer Organisation; Judi N.A van Diessen - The Netherlands Cancer Institute; J.A De Langen - The Netherlands Cancer Institute; J Belderbos - The Netherlands Cancer Institute; Egbert F Smit - The Netherlands Cancer Institute; Houke M Klomp - The Netherlands Cancer Institute; Alexander A F A Veenhof - The Netherlands Cancer Institute; Koen J Hartemink - The Netherlands Cancer Institute",,"0000-0001-7248-7047; 0000-0001-9301-8530; 0000-0002-6434-6436; 0000-0002-7329-6995; 0000-0003-4282-1096; 0000-0003-4999-8783"
"Addressing the needs of cancer survivors during the COVID-19 pandemic",10.1007/s11764-020-00884-w,"Journal of Cancer Survivorship",2020-04-25,9,journal-article,"Springer Nature","Larissa Nekhlyudov - Brigham and Women's Hospital; Larissa Nekhlyudov - Harvard University; Saskia F A Duijts - Vrije Universiteit Amsterdam; Saskia F A Duijts - Amsterdam University Medical Centers; Shawna V Hudson - Johnson University; Shawna V Hudson - Rutgers, The State University of New Jersey; Jennifer M Jones - Princess Margaret Cancer Centre; Justin Keogh - Bond University; Maryam B Lustberg - The Ohio State University; Katherine Clegg Smith - Johns Hopkins University; Amyé Tevaarwerk - University of Wisconsin–Madison; Xinhua Yu - University of Memphis; Michael Feuerstein - National Coalition for Cancer Survivorship",,
"MRI cT1–2 rectal cancer staging accuracy: a population-based study",10.1002/bjs.11590,"British Journal of Surgery",2020-04-16,1,journal-article,"Oxford University Press (OUP)","Robin Detering - University of Amsterdam; Robin Detering - Amsterdam University Medical Centers; S E van Oostendorp - Amsterdam UMC Location Vrije Universiteit Amsterdam; Vincent Meyer - Viaa Christian University of Applied Sciences; Susan van Dieren - Amsterdam University Medical Centers; Susan van Dieren - University of Amsterdam; Amanda C R K Bos - Netherlands Comprehensive Cancer Organisation; Jan Willem T Dekker - Reinier de Graaf Hospital; O Reerink - Isala; J.H.T.M van Waesberghe - Amsterdam UMC Location Vrije Universiteit Amsterdam; Leon M.G Moons - University Medical Center Utrecht; Regina G H Beets‐Tan - Oncode Institute; Regina G H Beets‐Tan - The Netherlands Cancer Institute; Roel Hompes - University of Amsterdam; Roel Hompes - Amsterdam University Medical Centers; H L Erik van Westreenen - Viaa Christian University of Applied Sciences; Pieter J Tanis - Amsterdam University Medical Centers; Pieter J Tanis - University of Amsterdam; Jurriaan B Tuynman - Amsterdam UMC Location Vrije Universiteit Amsterdam",,"0000-0001-5952-8000; 0000-0001-6094-8950; 0000-0001-7967-7791; 0000-0002-2412-7116; 0000-0002-3084-0495; 0000-0002-3146-3310; 0000-0002-3429-468X; 0000-0002-6913-9954; 0000-0002-6969-7956; 0000-0002-8533-5090; 0000-0003-1348-7973"
"Trends in Treatment and Survival of Gallbladder Cancer in the Netherlands; Identifying Gaps and Opportunities from a Nation-Wide Cohort",10.3390/cancers12040918,Cancers,2020-04-09,1,journal-article,"MDPI AG","E de Savornin Lohman - Radboud University Nijmegen; E de Savornin Lohman - Radboud University Medical Center; Tessa J.J de Bitter - Radboud University Nijmegen; Tessa J.J de Bitter - Radboud University Medical Center; Rob H.A Verhoeven - Radboud University Nijmegen; Rob H.A Verhoeven - Radboud University Medical Center; Rob H.A Verhoeven - Netherlands Comprehensive Cancer Organisation; Lydia G van der Geest - Netherlands Comprehensive Cancer Organisation; Jeroen Hagendoorn - University Medical Center; Jeroen Hagendoorn - Utrecht University; Nadia Haj Mohammad - University Medical Center Utrecht; Nadia Haj Mohammad - Utrecht University; Freek Daams - Amsterdam University Medical Centers; Heinz‐Josef Klümpen - Amsterdam University Medical Centers; Heinz‐Josef Klümpen - University of Amsterdam; Thomas van Gulik - Amsterdam University Medical Centers; Thomas van Gulik - University of Amsterdam; Joris I Erdmann - Amsterdam University Medical Centers; Joris I Erdmann - University of Amsterdam; M de Boer - University Medical Center Groningen; Frederik J.H Hoogwater - University Medical Center Groningen; Bas Groot Koerkamp - Erasmus University Rotterdam; Bas Groot Koerkamp - Erasmus MC; Andries E Braat - Leiden University Medical Center; Joanne Verheij - Amsterdam University Medical Centers; Irıs D Nagtegaal - Radboud University Nijmegen; Irıs D Nagtegaal - Radboud University Medical Center; C van Laarhoven - Radboud University Nijmegen; C van Laarhoven - Radboud University Medical Center; Peter van den Boezem - Radboud University Nijmegen; Peter van den Boezem - Radboud University Medical Center; R Van der Post - Radboud University Nijmegen; R Van der Post - Radboud University Medical Center; Philip de Reuver - Radboud University Nijmegen; Philip de Reuver - Radboud University Medical Center",,"0000-0001-6323-6342; 0000-0001-8233-1505; 0000-0001-8737-3923; 0000-0001-9678-1611; 0000-0002-3320-7185; 0000-0002-4688-2921; 0000-0002-7290-1823; 0000-0002-8669-3834; 0000-0003-0887-4127; 0000-0003-1283-630X; 0000-0003-1637-5520; 0000-0003-1917-6973; 0000-0003-3615-2690; 0000-0003-3668-1381"
"Effect of omission of surgery on survival in patients aged 80 years and older with early-stage hormone receptor-positive breast cancer",10.1002/bjs.11568,"British Journal of Surgery",2020-04-07,1,journal-article,"Oxford University Press (OUP)","Anna Z de Boer - Leiden University Medical Center; Nienke A de Glas - Leiden University Medical Center; Olaf M Dekkers - Leiden University Medical Center; Sabine Siesling - Netherlands Comprehensive Cancer Organisation; Sabine Siesling - University of Twente; Linda de Munck - Netherlands Comprehensive Cancer Organisation; Kelly M de Ligt - Netherlands Comprehensive Cancer Organisation; Kelly M de Ligt - University of Twente; Johanneke E.A Portielje - Leiden University Medical Center; Esther Bastiaannet - Leiden University Medical Center",,"0000-0001-8350-4252; 0000-0001-8469-9813; 0000-0001-9218-617X; 0000-0002-0273-824X; 0000-0002-1333-7580; 0000-0002-2930-509X; 0000-0002-4413-5308; 0000-0002-5169-6306"
"The Impact of Nocturia on Falls and Fractures: A Systematic Review and Meta-Analysis",10.1097/ju.0000000000000459,"Journal of Urology",2020-04-01,4,journal-article,"Ovid Technologies (Wolters Kluwer Health)","Jori S Pesonen - Tampere University; Jori S Pesonen - Tampere University Hospital; Robin W.M Vernooij - Netherlands Comprehensive Cancer Organisation; Rufus Cartwright - Imperial College London; Rufus Cartwright - Oxford University Hospitals NHS Trust; Yoshitaka Aoki - University of Fukui; Arnav Agarwal - University of Toronto; Altaf Mangera - Sheffield Teaching Hospitals NHS Foundation Trust; Alayne D Markland - University of Alabama; Alayne D Markland - Geriatric Research Education and Clinical Center; Johnson F Tsui - Hackensack University Medical Center; Henrikki Santti - University of Helsinki; Henrikki Santti - Helsinki University Hospital; Tomas L Griebling - University of Kansas; Alexey Pryalukhin - North-Western State Medical University named after I.I. Mechnikov; Alexey Pryalukhin - University Hospital Bonn; Jarno Riikonen - Tampere University; Jarno Riikonen - Tampere University Hospital; Riikka M Tähtinen - Tampere University; Riikka M Tähtinen - Tampere University Hospital; Camille P Vaughan - Geriatric Research Education and Clinical Center; Camille P Vaughan - Emory University; Theodore M Johnson - Emory University; Theodore M Johnson - Geriatric Research Education and Clinical Center; Diane Heels‐Ansdell - McMaster University; Diane Heels‐Ansdell - Impact; Gordon Guyatt - McMaster University; Gordon Guyatt - Impact; Kari A.O Tikkinen - University of Helsinki; Kari A.O Tikkinen - Helsinki University Hospital",,
"Early outcomes from the Dutch Upper Gastrointestinal Cancer Audit",10.1002/bjs.10303,Wiley,2020-03-26,1,works,Wiley,"Linde A D Busweiler - Dutch Institute for Clinical Auditing; Linde A D Busweiler - Leiden University; Bas P L Wijnhoven - Erasmus University Rotterdam; Mark I van Berge Henegouwen - Amsterdam UMC Location University of Amsterdam; D Henneman - Dutch Institute for Clinical Auditing; D Henneman - Leiden University; Nicole C.T van Grieken - Amsterdam UMC Location Vrije Universiteit Amsterdam; Michel W.J.M Wouters - Dutch Institute for Clinical Auditing; Michel W.J.M Wouters - Leiden University; Michel W.J.M Wouters - The Netherlands Cancer Institute; Richard van Hillegersberg - University Medical Center Utrecht; Johanna W van Sandick - The Netherlands Cancer Institute; K Bosscha - Jeroen Bosch Ziekenhuis; Annemieke Cats - The Netherlands Cancer Institute; Johan L Dikken - Leiden University; Johan L Dikken - Medisch Centrum Haaglanden; H.H Hartgrink - Leiden University Medical Center; P.C.M Pasker-de Jong - St. Antonius Ziekenhuis; V.E.P.P Lemmens - Erasmus University Rotterdam; V.E.P.P Lemmens - Netherlands Comprehensive Cancer Organisation; Grard A P Nieuwenhuijzen - Catharina Ziekenhuis; Grard A P Nieuwenhuijzen - Radboud University Nijmegen; John Th M Plukker - University Medical Center Groningen; Camiel Rosman - Radboud University Nijmegen; Camiel Rosman - Radboud University Medical Center; Tom Rozema - Instituut Verbeeten; Peter D Siersema - Radboud University Nijmegen; Peter D Siersema - Radboud University Medical Center; Geert W M Tetteroo - IJsselland Ziekenhuis; P Veldhuis - Netherlands Comprehensive Cancer Organisation; Francine E.M Voncken - The Netherlands Cancer Institute",,"0000-0001-5662-5286; 0000-0001-6173-0662; 0000-0001-6509-9804; 0000-0001-8689-3134; 0000-0001-9992-0760; 0000-0002-1208-6388; 0000-0002-4109-5734; 0000-0002-5837-5513; 0000-0002-6940-8499; 0000-0002-7134-261X; 0000-0002-7896-6118; 0000-0002-7961-3314; 0000-0002-8912-9892; 0000-0002-9152-3987; 0000-0003-1278-8547; 0000-0003-3255-1213"
"Introduction to special section on: current topics in cancer survivorship and work",10.1007/s11764-020-00868-w,"Journal of Cancer Survivorship",2020-03-23,1,journal-article,"Springer Nature","Angela G E M de Boer - Amsterdam University Medical Centers; Angela G E M de Boer - University of Amsterdam; M A Greidanus - Amsterdam University Medical Centers; M A Greidanus - University of Amsterdam; Carolyn S Dewa - University of California, Davis; Saskia F A Duijts - Amsterdam University Medical Centers; Saskia F A Duijts - Vrije Universiteit Amsterdam; Sietske J Tamminga - University of Amsterdam; Sietske J Tamminga - Amsterdam University Medical Centers",,
"De-escalation of axillary surgery in breast cancer patients treated in the neoadjuvant setting: a Dutch population-based study",10.1007/s10549-020-05589-3,"Breast Cancer Research and Treatment",2020-03-16,3,journal-article,"Springer Nature","Janine M Simons - Erasmus MC Cancer Institute; Linetta B Koppert - Erasmus MC Cancer Institute; Ernest J T Luiten - Amphia Ziekenhuis; Carmen C van der Pol - Alrijne Ziekenhuis; Sanaz Samiei - Maastricht University; Johannes H.W de Wilt - Radboud University Nijmegen; Johannes H.W de Wilt - Radboud University Medical Center; Sabine Siesling - Netherlands Comprehensive Cancer Organisation; Marjolein L Smidt - Maastricht University",,
"The Impact of Nocturia on Mortality: A Systematic Review and Meta-Analysis",10.1097/ju.0000000000000463,"Journal of Urology",2020-03-01,1,journal-article,"Ovid Technologies (Wolters Kluwer Health)","Jori S Pesonen - Tampere University; Jori S Pesonen - Päijät-Hämeen Keskussairaala; Jori S Pesonen - Tampere University Hospital; Rufus Cartwright - Oxford University Hospitals NHS Trust; Rufus Cartwright - Imperial College London; Robin W.M Vernooij - Netherlands Comprehensive Cancer Organisation; Yoshitaka Aoki - University of Fukui; Arnav Agarwal - University of Toronto; Altaf Mangera - Sheffield Teaching Hospitals NHS Foundation Trust; Alayne D Markland - University of Alabama at Birmingham; Alayne D Markland - Geriatric Research Education and Clinical Center; Johnson F Tsui - Hackensack University Medical Center; Henrikki Santti - University of Helsinki; Henrikki Santti - Helsinki University Hospital; Tomas L Griebling - University of Kansas; Alexey Pryalukhin - University Hospital Bonn; Alexey Pryalukhin - North-Western State Medical University named after I.I. Mechnikov; Jarno Riikonen - Tampere University; Jarno Riikonen - Tampere University Hospital; Riikka M Tähtinen - Tampere University; Riikka M Tähtinen - Tampere University Hospital; Camille P Vaughan - Geriatric Research Education and Clinical Center; Camille P Vaughan - Emory University; T M Johnson - Geriatric Research Education and Clinical Center; T M Johnson - Emory University; Anssi Auvinen - Tampere University; Diane Heels‐Ansdell - McMaster University; Diane Heels‐Ansdell - Impact; Gordon Guyatt - Impact; Gordon Guyatt - McMaster University; Kari A.O Tikkinen - University of Helsinki; Kari A.O Tikkinen - Helsinki University Hospital",,"0000-0001-5501-319X; 0000-0001-5734-4566; 0000-0001-6713-794X; 0000-0002-0931-7851; 0000-0002-1389-8214; 0000-0002-1727-3182; 0000-0002-3750-4160; 0000-0002-4310-0728; 0000-0002-6567-6744; 0000-0002-8014-5810; 0000-0003-0837-8326; 0000-0003-1125-4818; 0000-0003-2352-5718; 0000-0003-4362-801X"
"High sensitivity and negative predictive value of sentinel lymph node biopsy in a retrospective early stage oral cavity cancer cohort in the Northern Netherlands",10.1111/coa.13107,Wiley,2020-02-19,1,works,Wiley,"Koos Boeve - University of Groningen; Koos Boeve - University Medical Center Groningen; Kees‐Pieter Schepman - University Medical Center Groningen; Kees‐Pieter Schepman - University of Groningen; Ed Schuuring - University of Groningen; Ed Schuuring - University Medical Center Groningen; Jan L.N Roodenburg - University Medical Center Groningen; Jan L.N Roodenburg - University of Groningen; György B Halmos - University Medical Center Groningen; György B Halmos - University of Groningen; Boukje A C van Dijk - University Medical Center Groningen; Boukje A C van Dijk - University of Groningen; Boukje A C van Dijk - Netherlands Comprehensive Cancer Organisation; R.A.C Boorsma - Friesland College; Jan G.A.M de Visscher - Medisch Centrum Leeuwarden; Adrienne H Brouwers - University Medical Center Groningen; Adrienne H Brouwers - University of Groningen; Bert van der Vegt - University Medical Center Groningen; Bert van der Vegt - University of Groningen; Max J H Witjes - University Medical Center Groningen; Max J H Witjes - University of Groningen",,
"Implementation of contemporary chemotherapy for patients with metastatic pancreatic ductal adenocarcinoma: a population-based analysis",10.1080/0284186x.2020.1725241,"Acta Oncologica",2020-02-14,1,journal-article,"Informa UK Limited","Anouk E.J Latenstein - University of Amsterdam; Anouk E.J Latenstein - Amsterdam University Medical Centers; Tara M Mackay - University of Amsterdam; Tara M Mackay - Amsterdam University Medical Centers; Geert-Jan Creemers - Radboud University Nijmegen; Geert-Jan Creemers - Catharina Ziekenhuis; Casper H.J van Eijck - Erasmus University Rotterdam; Casper H.J van Eijck - Erasmus MC; Jan Willem B de Groot - Isala; Nadia Haj Mohammad - University Medical Center Utrecht; Nadia Haj Mohammad - Utrecht University; Marjolein Y.V Homs - Erasmus University Rotterdam; Marjolein Y.V Homs - Erasmus MC; Hanneke W.M van Laarhoven - University of Amsterdam; Hanneke W.M van Laarhoven - Amsterdam University Medical Centers; I Quintus Molenaar - St. Antonius Ziekenhuis; I Quintus Molenaar - University Medical Center Utrecht; Bert-Jan ten Tije - Amphia Ziekenhuis; Judith de Vos‐Geelen - Maastricht University; Marc G Besselink - University of Amsterdam; Marc G Besselink - Amsterdam University Medical Centers; Lydia G van der Geest - Netherlands Comprehensive Cancer Organisation; Johanna W Wilmink - Amsterdam University Medical Centers; Johanna W Wilmink - University of Amsterdam",,"0000-0001-9828-2541; 0000-0002-1043-5011; 0000-0002-1585-7184; 0000-0002-3730-6893; 0000-0002-4688-2921; 0000-0002-9358-1996; 0000-0002-9511-2157; 0000-0003-1274-5643; 0000-0003-1637-5520; 0000-0003-2578-1766; 0000-0003-2650-9350; 0000-0003-3492-4968"
"Practice variation on hospital level in the systemic treatment of metastatic colorectal cancer in The Netherlands: a population-based study",10.1080/0284186x.2020.1722320,"Acta Oncologica",2020-02-12,3,journal-article,"Informa UK Limited","Lotte Keikes - Netherlands Comprehensive Cancer Organisation; Lotte Keikes - University of Amsterdam; Lotte Keikes - Amsterdam University Medical Centers; Miriam Koopman - University Medical Center Utrecht; Miriam Koopman - Utrecht University; Martijn M Stuiver - Amsterdam University Medical Centers; Martijn M Stuiver - University of Amsterdam; V.E.P.P Lemmens - Netherlands Comprehensive Cancer Organisation; Martijn G.H van Oijen - University of Amsterdam; Martijn G.H van Oijen - Amsterdam University Medical Centers; Martijn G.H van Oijen - Netherlands Comprehensive Cancer Organisation; Cornelis J.A Punt - University of Amsterdam; Cornelis J.A Punt - Amsterdam University Medical Centers",,
"The Role of Fluorescence In Situ Hybridization for Predicting Recurrence after Adjuvant bacillus Calmette-Guérin in Patients with Intermediate and High Risk Nonmuscle Invasive Bladder Cancer: A Systematic Review and Meta-Analysis of Individual Patient Data",10.1097/ju.0000000000000566,"Journal of Urology",2020-02-01,1,journal-article,"Ovid Technologies (Wolters Kluwer Health)","Esmee I.M.L Liem - University of Amsterdam; Esmee I.M.L Liem - GTx (United States); Jorg R Oddens - University of Amsterdam; Robin W.M Vernooij - Netherlands Comprehensive Cancer Organisation; Roger Li - The University of Texas MD Anderson Cancer Center; Ashish M Kamat - The University of Texas MD Anderson Cancer Center; Colin P Dinney - The University of Texas MD Anderson Cancer Center; Lourdes Mengual - Consorci Institut D'Investigacions Biomediques August Pi I Sunyer; Antonio Alcaraz - Consorci Institut D'Investigacions Biomediques August Pi I Sunyer; Laura Izquierdo - Consorci Institut D'Investigacions Biomediques August Pi I Sunyer; Spasenija Savic - University Hospital of Basel; George N Thalmann - University Hospital of Basel; Lukas Bubendorf - University Hospital of Basel; Theo M de Reijke - University of Amsterdam",,"0000-0001-5734-4566; 0000-0001-5970-1803; 0000-0001-6015-2987; 0000-0001-7418-9422; 0000-0002-1908-3286; 0000-0002-5334-585X; 0000-0002-6079-5613; 0000-0002-8969-711X; 0000-0003-0651-7361; 0000-0003-1274-7200; 0000-0003-2612-5250; 0000-0003-3546-9928"
"The effectiveness of ibrutinib in chronic lymphocytic leukaemia: a nationwide, population‐based study in the Netherlands",10.1111/bjh.16391,"British Journal of Haematology",2020-01-28,1,journal-article,Wiley,"Lina van der Straten - Albert Schweitzer Ziekenhuis; Lina van der Straten - Netherlands Comprehensive Cancer Organisation; Mark‐David Levin - Albert Schweitzer Ziekenhuis; Otto Visser - Netherlands Comprehensive Cancer Organisation; Nicole M A Blijlevens - Radboud University Nijmegen; Nicole M A Blijlevens - Radboud University Medical Center; Jan J Cornelissen - Erasmus MC Cancer Institute; Jeanette K Doorduijn - Erasmus MC Cancer Institute; Arnon P Kater - Amsterdam University Medical Centers; Arnon P Kater - University of Amsterdam; Avinash G Dinmohamed - Erasmus MC; Avinash G Dinmohamed - Netherlands Comprehensive Cancer Organisation; Avinash G Dinmohamed - Erasmus MC Cancer Institute",,
"Survival continues to increase in chronic lymphocytic leukaemia: a population‐based analysis among 20 468 patients diagnosed in the Netherlands between 1989 and 2016",10.1111/bjh.16397,"British Journal of Haematology",2020-01-20,1,journal-article,Wiley,"Lina van der Straten - Netherlands Comprehensive Cancer Organisation; Lina van der Straten - Albert Schweitzer Ziekenhuis; Mark‐David Levin - Albert Schweitzer Ziekenhuis; Otto Visser - Netherlands Comprehensive Cancer Organisation; Eduardus F M Posthuma - Leiden University Medical Center; Eduardus F M Posthuma - Reinier de Graaf Hospital; Jeanette K Doorduijn - Erasmus MC Cancer Institute; Arnon P Kater - University of Amsterdam; Arnon P Kater - Amsterdam University Medical Centers; Avinash G Dinmohamed - Netherlands Comprehensive Cancer Organisation; Avinash G Dinmohamed - Erasmus MC Cancer Institute; Avinash G Dinmohamed - Erasmus MC",,"0000-0002-1014-0918; 0000-0002-4767-6716; 0000-0002-9359-1203; 0000-0003-1496-1817; 0000-0003-2139-3547; 0000-0003-3190-1891"
"Type of cancer treatment and cognitive symptoms in working cancer survivors: an 18-month follow-up study",10.1007/s11764-019-00839-w,"Journal of Cancer Survivorship",2020-01-15,1,journal-article,"Springer Nature","Johanna K Ehrenstein - University Medical Center Groningen; Johanna K Ehrenstein - University of Groningen; Sander K R van Zon - University Medical Center Groningen; Sander K R van Zon - University of Groningen; Saskia F A Duijts - Vrije Universiteit Amsterdam; Saskia F A Duijts - Amsterdam University Medical Centers; Boukje A C van Dijk - Netherlands Comprehensive Cancer Organisation; Heleen Dorland - University Medical Center Groningen; Heleen Dorland - University of Groningen; Sanne B Schagen - Oncode Institute; Sanne B Schagen - The Netherlands Cancer Institute; Ute Bültmann - University of Groningen; Ute Bültmann - University Medical Center Groningen",,
"Increased assessment of HER2 in metastatic gastroesophageal cancer patients: a nationwide population-based cohort study",10.1007/s10120-020-01039-7,"Gastric Cancer",2020-01-11,1,journal-article,"Springer Nature","Willemieke P.M Dijksterhuis - University of Amsterdam; Willemieke P.M Dijksterhuis - Amsterdam University Medical Centers; Rob H.A Verhoeven - Netherlands Comprehensive Cancer Organisation; Sybren L Meijer - Amsterdam University Medical Centers; Sybren L Meijer - University of Amsterdam; Marije Slingerland - Leiden University Medical Center; Nadia Haj Mohammad - University Medical Center Utrecht; Nadia Haj Mohammad - Utrecht University; Judith de Vos‐Geelen - Maastricht University Medical Centre; Laurens V Beerepoot - Elisabeth-TweeSteden Ziekenhuis; Theo van Voorthuizen - Rijnstate Hospital; Geert‐Jan Creemers - Catharina Ziekenhuis; Geert‐Jan Creemers - Radboud University Nijmegen; Martijn G.H van Oijen - Netherlands Comprehensive Cancer Organisation; Hanneke W.M van Laarhoven - University of Amsterdam; Hanneke W.M van Laarhoven - Amsterdam University Medical Centers",,
"Changes in body weight and serum liver tests associated with parenteral nutrition compared with no parenteral nutrition in patients with acute myeloid leukemia during remission induction treatment",10.1007/s00520-019-05251-9,"Supportive Care in Cancer",2020-01-08,1,journal-article,"Springer Nature","Rianne van Lieshout - Máxima Medisch Centrum; Rianne van Lieshout - Radboud University Nijmegen; Lidwine W Tick - Máxima Medisch Centrum; Lidwine W Tick - Radboud University Nijmegen; Jeanne P Dieleman - Radboud University Nijmegen; Jeanne P Dieleman - Máxima Medisch Centrum; Stephanie Custers - Maastricht University; M.S van Dongen - Radboud University Nijmegen; M.S van Dongen - Catharina Ziekenhuis; Debbie van der Lee - Máxima Medisch Centrum; Debbie van der Lee - Radboud University Nijmegen; Anne R Schaaphok - Netherlands Comprehensive Cancer Organisation; Merel Snellen - Netherlands Comprehensive Cancer Organisation; Harry C Schouten - Maastricht University; Sandra Beijer - Netherlands Comprehensive Cancer Organisation",,"0000-0001-9898-6100; 0000-0002-0771-5231; 0000-0002-2384-4797; 0000-0002-2510-8179"
"Nationwide trends in incidence, treatment and survival of pancreatic ductal adenocarcinoma",10.1016/j.ejca.2019.11.002,"European Journal of Cancer",2020-01-01,1,journal-article,"Elsevier BV","Anouk E.J Latenstein - University of Amsterdam; Anouk E.J Latenstein - Amsterdam University Medical Centers; Lydia G van der Geest - Netherlands Comprehensive Cancer Organisation; Bert A Bonsing - Leiden University Medical Center; Bas Groot Koerkamp - Erasmus University Rotterdam; Bas Groot Koerkamp - Erasmus MC; Nadia Haj Mohammad - University Medical Center Utrecht; Nadia Haj Mohammad - Utrecht University; Ignace H J T de Hingh - Catharina Ziekenhuis; Ignace H J T de Hingh - Radboud University Nijmegen; Vincent E de Meijer - University Medical Center Groningen; Vincent E de Meijer - University of Groningen; I Quintus Molenaar - St. Antonius Ziekenhuis; I Quintus Molenaar - University Medical Center Utrecht; Hjalmar C van Santvoort - St. Antonius Ziekenhuis; Hjalmar C van Santvoort - University Medical Center Utrecht; Geertjan van Tienhoven - University of Amsterdam; Geertjan van Tienhoven - Amsterdam University Medical Centers; Joanne Verheij - University of Amsterdam; Joanne Verheij - Amsterdam University Medical Centers; Pauline A J Vissers - Netherlands Comprehensive Cancer Organisation; Judith de Vos‐Geelen - Maastricht University; Olivier R Busch - University of Amsterdam; Olivier R Busch - Amsterdam University Medical Centers; Casper H.J van Eijck - Erasmus University Rotterdam; Casper H.J van Eijck - Erasmus MC; Hanneke W.M van Laarhoven - University of Amsterdam; Hanneke W.M van Laarhoven - Amsterdam University Medical Centers; Marc G Besselink - University of Amsterdam; Marc G Besselink - Amsterdam University Medical Centers; Johanna W Wilmink - University of Amsterdam; Johanna W Wilmink - Amsterdam University Medical Centers",,"0000-0001-9605-6831; 0000-0002-0677-888X; 0000-0002-1585-7184; 0000-0002-2516-2263; 0000-0002-4688-2921; 0000-0002-7900-5917; 0000-0002-9511-2157; 0000-0003-1274-5643; 0000-0003-1283-630X; 0000-0003-1637-5520; 0000-0003-1917-6973; 0000-0003-2578-1766; 0000-0003-2650-9350; 0000-0003-3491-4268; 0000-0003-3492-4968; 0000-0003-4513-5737; 0009-0007-1218-2883"
"Multicenter randomized controlled trial to evaluate the efficacy and tolerability of frozen gloves for the prevention of chemotherapy-induced peripheral neuropathy",10.1016/j.annonc.2019.09.006,"Annals of Oncology",2020-01-01,2,journal-article,"Elsevier BV","Antoinetta J M Beijers - Máxima Medisch Centrum; Antoinetta J M Beijers - Radboud University Nijmegen; Cynthia S Bonhof - Netherlands Comprehensive Cancer Organisation; Cynthia S Bonhof - Tilburg University; Floortje Mols - Netherlands Comprehensive Cancer Organisation; Floortje Mols - Tilburg University; J Ophorst - Máxima Medisch Centrum; J Ophorst - Radboud University Nijmegen; Judith de Vos‐Geelen - Maastricht University; E Jacobs - Elkerliek Ziekenhuis; Lonneke V van de Poll‐Franse - The Netherlands Cancer Institute; Lonneke V van de Poll‐Franse - Netherlands Comprehensive Cancer Organisation; Lonneke V van de Poll‐Franse - Tilburg University; Gerard Vreugdenhil - Máxima Medisch Centrum; Gerard Vreugdenhil - Radboud University Nijmegen; Gerard Vreugdenhil - Maastricht University",,
"Correction: Nutritional Recommendations (NutriRECS) on Consumption of Red and Processed Meat",10.7326/l19-0822,"Annals of Internal Medicine",2019-12-31,1,journal-article,"American College of Physicians",,,
"Olanzapine Versus Haloperidol for Treatment of Delirium in Patients with Advanced Cancer: A Phase III Randomized Clinical Trial",10.1634/theoncologist.2019-0470,"The Oncologist",2019-12-08,3,journal-article,Wiley,"Maurice J D L van der Vorst - Amsterdam University Medical Centers; Maurice J D L van der Vorst - Vrije Universiteit Amsterdam; Maurice J D L van der Vorst - Rijnstate Hospital; Elisabeth C W Neefjes - Amsterdam University Medical Centers; Elisabeth C W Neefjes - Vrije Universiteit Amsterdam; M Boddaert - Netherlands Comprehensive Cancer Organisation; Bea A T T Verdegaal - Amsterdam University Medical Centers; Bea A T T Verdegaal - Vrije Universiteit Amsterdam; Aart Beeker - Spaarne Ziekenhuis; Aart Beeker - Spaarne Gasthuis; Saskia Teunissen - University Medical Center Utrecht; Aartjan T.F Beekman - Amsterdam University Medical Centers; Aartjan T.F Beekman - Vrije Universiteit Amsterdam; Janneke Wilschut - Vrije Universiteit Amsterdam; Janneke Wilschut - Amsterdam University Medical Centers; Johannes Berkhof - Amsterdam University Medical Centers; Johannes Berkhof - Vrije Universiteit Amsterdam; W W A Zuurmond - Vrije Universiteit Amsterdam; W W A Zuurmond - Amsterdam University Medical Centers; Henk M.W Verheul - Amsterdam University Medical Centers; Henk M.W Verheul - Vrije Universiteit Amsterdam",,
"Pathology Image Exchange: The Dutch Digital Pathology Platform for Exchange of Whole-Slide Images for Efficient Teleconsultation, Telerevision, and Virtual Expert Panels",10.1200/cci.18.00146,"JCO Clinical Cancer Informatics",2019-12-01,2,journal-article,"American Society of Clinical Oncology (ASCO)","P J van Diest - University Medical Center Utrecht; Jaap van Ekris - Delta Institute for Theoretical Physics; Roos J Leguit - University Medical Center Utrecht; Xander Verbeek - Netherlands Comprehensive Cancer Organisation; Myrtle van der Wel - University Medical Center Utrecht; Shoko Vos - University Medical Center Utrecht; Stefan M Willems - University Medical Center Utrecht; Konnie M Hebeda - Radboud University Nijmegen; Michiel van den Brand - Radboud University Nijmegen; Michiel van den Brand - Radboud University Medical Center; Konnie M Hebeda - Radboud University Medical Center; Katrien Grünberg - Radboud University Nijmegen; Katrien Grünberg - Radboud University Medical Center",,
"Transformation of the National Breast Cancer Guideline Into Data-Driven Clinical Decision Trees",10.1200/cci.18.00150,"JCO Clinical Cancer Informatics",2019-12-01,1,journal-article,"American Society of Clinical Oncology (ASCO)","Xander Verbeek - Netherlands Comprehensive Cancer Organisation; Thijs van Vegchel - Netherlands Comprehensive Cancer Organisation; Maurice J.C van der Sangen - Radboud University Nijmegen; Maurice J.C van der Sangen - Catharina Ziekenhuis; Luc J A Strobbe - Canisius-Wilhelmina Ziekenhuis; J W S Merkus - Haga Hospital; Harmien M Zonderland - University of Amsterdam; Carolien H Smorenburg - Oncode Institute; Carolien H Smorenburg - The Netherlands Cancer Institute; Agnes Jager - Erasmus MC Cancer Institute; Sabine Siesling - Netherlands Comprehensive Cancer Organisation; Sabine Siesling - University of Twente",,"0000-0002-1046-2634; 0000-0002-3840-3003; 0000-0002-7713-1450; 0000-0003-1866-7367"
"Improvement of Care in Patients With Colorectal Cancer: Influence of the Introduction of Standardized Structured Reporting for Pathology",10.1200/cci.18.00104,"JCO Clinical Cancer Informatics",2019-12-01,3,journal-article,"American Society of Clinical Oncology (ASCO)","Caro E Sluijter - Radboud University Medical Center; Caro E Sluijter - Radboud University Nijmegen; Frans van Workum - Radboud University Nijmegen; Frans van Workum - Radboud University Medical Center; Carlijn van de Water - Radboud University Medical Center; Carlijn van de Water - Radboud University Nijmegen; Otto Visser - Netherlands Comprehensive Cancer Organisation; Irıs D Nagtegaal - Radboud University Nijmegen; Irıs D Nagtegaal - Radboud University Medical Center",,
"Gender medicine and oncology: report and consensus of an ESMO workshop",10.1093/annonc/mdz414,"Annals of Oncology",2019-12-01,5,journal-article,"Elsevier BV","Dorothea Wagner - University of Lausanne; Sabine Oertelt‐Prigione - Radboud University Nijmegen; Sabine Oertelt‐Prigione - Radboud University Medical Center; Alex A Adjei - Mayo Clinic; Thierry Buclin - University of Lausanne; Valérie Cristina - University of Lausanne; Chantal Csajka - University of Lausanne; Chantal Csajka - University of Geneva; George Coukos - Swiss Cancer Center Léman; George Coukos - University of Lausanne; U Dafni - National and Kapodistrian University of Athens; U Dafni - University of Lausanne; G Paolo Dotto - Massachusetts General Hospital; G Paolo Dotto - University of Lausanne; Michel Ducreux - Université Paris-Saclay; Michel Ducreux - Institut Gustave Roussy; Jacques Fellay - École Polytechnique Fédérale de Lausanne; Jacques Fellay - University of Lausanne; John B.A.G Haanen - The Netherlands Cancer Institute; Arnaud Hocquelet - University of Lausanne; V.E.P.P Lemmens - Erasmus University Rotterdam; V.E.P.P Lemmens - Netherlands Comprehensive Cancer Organisation; Murielle Mauer - European Organisation for Research and Treatment of Cancer; Markus Moehler - University Medical Center of the Johannes Gutenberg University Mainz; Markus Moehler - Johannes Gutenberg University Mainz; Solange Peters - University of Lausanne; Berna C Özdemir - University of Lausanne",,
"Role of patient preferences in clinical practice guidelines: a multiple methods study using guidelines from oncology as a case",10.1136/bmjopen-2019-032483,"BMJ Open",2019-12-01,2,journal-article,BMJ,"Fania R Gärtner - Leiden University Medical Center; Johanneke E.A Portielje - Leiden University Medical Center; Miranda Langendam - Amsterdam UMC Location University of Amsterdam; Désirée A E Hairwassers - Borstkankervereniging Nederland; Thomas Agoritsas - McMaster University; Thomas Agoritsas - Impact; Thomas Agoritsas - University Hospital of Geneva; B Gijsen - Netherlands Comprehensive Cancer Organisation; Gerrit‐Jan Liefers - Leiden University Medical Center; Arwen H Pieterse - Leiden University Medical Center; Anne M Stiggelbout - Leiden University Medical Center",,
"Cancer-related cognitive problems at work: experiences of survivors and professionals",10.1007/s11764-019-00830-5,"Journal of Cancer Survivorship",2019-11-25,1,journal-article,"Springer Nature","Kete M Klaver - The Netherlands Cancer Institute; Saskia F A Duijts - Vrije Universiteit Amsterdam; Saskia F A Duijts - Amsterdam University Medical Centers; Ellen G Engelhardt - The Netherlands Cancer Institute; Chantal Geusgens - Zuyderland Medisch Centrum; Maureen J.B Aarts - Maastricht University Medical Centre; Rudolf Ponds - Maastricht University; Allard J van der Beek - Vrije Universiteit Amsterdam; Allard J van der Beek - Amsterdam University Medical Centers; Sanne B Schagen - University of Amsterdam",,
"Primary therapy and survival among patients with nodular lymphocyte‐predominant Hodgkin lymphoma: a population‐based analysis in the Netherlands, 1993–2016",10.1111/bjh.16290,"British Journal of Haematology",2019-11-04,1,journal-article,Wiley,"Hidde L A Posthuma - Vrije Universiteit Amsterdam; Hidde L A Posthuma - Amsterdam University Medical Centers; Josée M Zijlstra - Amsterdam University Medical Centers; Josée M Zijlstra - Vrije Universiteit Amsterdam; Otto Visser - Netherlands Comprehensive Cancer Organisation; Pieternella J Lugtenburg - Erasmus MC Cancer Institute; Marie José Kersten - University of Amsterdam; Marie José Kersten - Amsterdam University Medical Centers; Avinash G Dinmohamed - Erasmus MC; Avinash G Dinmohamed - Vrije Universiteit Amsterdam; Avinash G Dinmohamed - Amsterdam University Medical Centers; Avinash G Dinmohamed - University of Amsterdam; Avinash G Dinmohamed - Netherlands Comprehensive Cancer Organisation",,"0000-0001-8162-5982; 0000-0002-4767-6716; 0000-0002-6735-8651; 0000-0002-8904-3802; 0000-0003-1074-5922; 0000-0003-1496-1817"
"The global burden of urinary bladder cancer: an update",10.1007/s00345-019-02984-4,"World Journal of Urology",2019-11-01,2,journal-article,"Springer Nature","Anke Richters - Netherlands Comprehensive Cancer Organisation; Katja K.H Aben - Netherlands Comprehensive Cancer Organisation; Lambertus A Kiemeney - Radboud University Nijmegen; Lambertus A Kiemeney - Radboud University Medical Center",,
"Incidence of acute promyelocytic leukemia across Europe: results of RARECAREnet—a population-based study",10.21037/sci.2019.10.03,"Stem Cell Investigation",2019-11-01,1,journal-article,"AME Publishing Company","Avinash G Dinmohamed - Amsterdam University Medical Centers; Avinash G Dinmohamed - Netherlands Comprehensive Cancer Organisation; Avinash G Dinmohamed - Erasmus MC; Avinash G Dinmohamed - Vrije Universiteit Amsterdam; Avinash G Dinmohamed - University of Amsterdam; Otto Visser - Netherlands Comprehensive Cancer Organisation",,
"The EORTC QLQ-C30 Summary Score as Prognostic Factor for Survival of Patients with Cancer in the “Real-World”: Results from the Population-Based PROFILES Registry",10.1634/theoncologist.2019-0348,"The Oncologist",2019-10-31,1,journal-article,"Oxford University Press (OUP)","Olga Husson - The Netherlands Cancer Institute; Olga Husson - Institute of Cancer Research; Olga Husson - Royal Marsden NHS Foundation Trust; Belle H de Rooij - Tilburg University; Belle H de Rooij - Netherlands Comprehensive Cancer Organisation; Jacobien M Kieffer - The Netherlands Cancer Institute; Simone Oerlemans - Netherlands Comprehensive Cancer Organisation; Floortje Mols - Tilburg University; Floortje Mols - Netherlands Comprehensive Cancer Organisation; Neil K Aaronson - The Netherlands Cancer Institute; Winette T.A van der Graaf - Radboud University Medical Center; Winette T.A van der Graaf - Radboud University Nijmegen; Winette T.A van der Graaf - The Netherlands Cancer Institute; Lonneke V van de Poll‐Franse - The Netherlands Cancer Institute; Lonneke V van de Poll‐Franse - Tilburg University; Lonneke V van de Poll‐Franse - Netherlands Comprehensive Cancer Organisation",,"0000-0001-7549-3338; 0000-0002-0172-0857; 0000-0002-1387-8686; 0000-0003-0413-6872; 0000-0003-0818-2913; 0000-0003-1595-7262; 0000-0003-2042-9245; 0000-0003-2574-4850"
"Malignant Peritoneal Mesothelioma: Patterns of Care and Survival in the Netherlands: A Population-Based Study",10.1245/s10434-019-07803-z,"Annals of Surgical Oncology",2019-10-16,1,journal-article,"Springer Nature","Nadine L de Boer - Erasmus MC Cancer Institute; Job P van Kooten - Erasmus MC Cancer Institute; Ronald Damhuis - Netherlands Comprehensive Cancer Organisation; Joachim G.J.V Aerts - Erasmus MC Cancer Institute; Cornelis Verhoef - Erasmus MC Cancer Institute; Eva V E Madsen - Erasmus MC Cancer Institute",,
"From presentation to paper: Gender disparities in oncological research",10.1002/ijc.32660,"International Journal of Cancer",2019-10-11,1,journal-article,Wiley,"Willemieke P.M Dijksterhuis - Amsterdam Neuroscience; Willemieke P.M Dijksterhuis - Netherlands Comprehensive Cancer Organisation; Willemieke P.M Dijksterhuis - Amsterdam University Medical Centers; Willemieke P.M Dijksterhuis - University of Amsterdam; Charlotte I Stroes - Amsterdam Neuroscience; Charlotte I Stroes - Amsterdam University Medical Centers; Charlotte I Stroes - University of Amsterdam; D Ivanković - Royal Marsden NHS Foundation Trust; Wan‐Ling Tan - National Cancer Centre Singapore; Suthinee Ithimakin - Siriraj Hospital; Suthinee Ithimakin - Mahidol University; Antonio Calles - Hospital General Universitario Gregorio Marañón; Martijn G.H van Oijen - Amsterdam Neuroscience; Martijn G.H van Oijen - Netherlands Comprehensive Cancer Organisation; Martijn G.H van Oijen - Amsterdam University Medical Centers; Martijn G.H van Oijen - University of Amsterdam; Rob H.A Verhoeven - Netherlands Comprehensive Cancer Organisation; Jorge Barriuso - University of Manchester; Jorge Barriuso - Cancer Research UK Manchester Institute; Jorge Barriuso - The Christie NHS Foundation Trust; Sjoukje F Oosting - University Medical Center Groningen; Sjoukje F Oosting - University of Groningen; Andrew J.S Furness - Royal Marsden NHS Foundation Trust; Ivana Božović‐Spasojević - Oncology Institute of Vojvodina; Carlos Gomez‐Roca - Centre Hospitalier Universitaire de Toulouse; Carlos Gomez‐Roca - Institut universitaire du cancer de Toulouse Oncopole; Hanneke W.M van Laarhoven - Amsterdam Neuroscience; Hanneke W.M van Laarhoven - Amsterdam University Medical Centers; Hanneke W.M van Laarhoven - University of Amsterdam",,"0000-0001-7897-1710; 0000-0001-8976-6843; 0000-0001-9678-1611; 0000-0002-2358-9730; 0000-0002-3516-6743; 0000-0002-4205-6112; 0000-0002-5641-9105; 0000-0002-8043-2529; 0000-0003-1274-5643; 0000-0003-2754-6997"
"Improving Information Provision on Chemotherapy-Induced Alopecia and Scalp Cooling: A Comprehensive Approach Including A Website and Web-Based Decision Tool",10.4103/apjon.apjon_19_19,"Asia-Pacific Journal of Oncology Nursing",2019-10-01,1,journal-article,"Elsevier BV","Corina van den Hurk - Netherlands Comprehensive Cancer Organisation; Paulien Keizer-Heldens - Rijnstate Hospital; Ilse Raats - Dutch Institute for Healthcare Improvement; Kim Hoeijmakers - Netherlands Comprehensive Cancer Organisation; Floortje Mols - Tilburg University; Floortje Mols - Netherlands Comprehensive Cancer Organisation",,
"Health-Related Values and Preferences Regarding Meat Consumption",10.7326/m19-1326,"Annals of Internal Medicine",2019-10-01,2,journal-article,"American College of Physicians","Claudia Valli - Iberoamerican Cochrane Centre; Claudia Valli - Universitat Autònoma de Barcelona; Montserrat Rabassa - Iberoamerican Cochrane Centre; Bradley C Johnston - Dalhousie University; Bradley C Johnston - McMaster University; Ruben Kuijpers - Wageningen University & Research; Anna Prokop‐Dorner - Jagiellonian University; J Zając - Jagiellonian University; Dawid Storman - Jagiellonian University; Monika Storman - Jagiellonian University; Monika Storman - Medical University of Warsaw; Małgorzata M Bała - Jagiellonian University; Iván Solà - Iberoamerican Cochrane Centre; Iván Solà - Centro de Investigación Biomédica en Red de Epidemiología y Salud Pública; Robin W.M Vernooij - Netherlands Comprehensive Cancer Organisation; Robin W.M Vernooij - Dalhousie University; Gordon Guyatt - McMaster University; Dena Zeraatkar - McMaster University; Mi Ah Han - Chosun University; Pablo Alonso‐Coello - Iberoamerican Cochrane Centre; Pablo Alonso‐Coello - Centro de Investigación Biomédica en Red de Epidemiología y Salud Pública; Pablo Alonso‐Coello - Biomedical Research Institute",,
"Real-world use of radium-223 for treatment of metastatic castration resistant-prostate cancer (mCRPC): Results from the Dutch CAPRI registry",10.1093/annonc/mdz248.026,"Annals of Oncology",2019-10-01,1,journal-article,"Elsevier BV","Malou C.P Kuppen - Erasmus University Rotterdam; Hans M Westgeest - Amphia Ziekenhuis; A.J.M van den Eertwegh - Vrije Universiteit Amsterdam; A.J.M van den Eertwegh - Amsterdam University Medical Centers; Jeroen van Moorselaar - Vrije Universiteit Amsterdam; Jeroen van Moorselaar - Amsterdam University Medical Centers; N Mehra - Radboud University Nijmegen; N Mehra - Radboud University Medical Center; J.L Coenen - Isala; Inge M van Oort - Radboud University Medical Center; Inge M van Oort - Radboud University Nijmegen; A.C.M van den Bergh - University Medical Center Groningen; Jules Lavalaye - St. Antonius Ziekenhuis; Katja K.H Aben - Netherlands Comprehensive Cancer Organisation; Diederik M Somford - Canisius-Wilhelmina Ziekenhuis; Ronald de Wit - Erasmus MC; Andries M Bergman - The Netherlands Cancer Institute; Carin A Uyl‐de Groot - Erasmus University Rotterdam; Winald R Gerritsen - Radboud University Medical Center; Winald R Gerritsen - Radboud University Nijmegen",,
"Unprocessed Red Meat and Processed Meat Consumption: Dietary Guideline Recommendations From the Nutritional Recommendations (NutriRECS) Consortium",10.7326/m19-1621,"Annals of Internal Medicine",2019-10-01,16,journal-article,"American College of Physicians","Bradley C Johnston - McMaster University; Bradley C Johnston - Texas A&M University; Bradley C Johnston - Dalhousie University; Mi Ah Han - Chosun University; Robin W.M Vernooij - Dalhousie University; Robin W.M Vernooij - Netherlands Comprehensive Cancer Organisation; Claudia Valli - Iberoamerican Cochrane Centre; Claudia Valli - Biomedical Research Institute; Regina El Dib - Universidade Estadual Paulista (Unesp); Regina El Dib - Dalhousie University; Patrick J Stover - Texas A&M University; Susan J Fairweather‐Tait - University of East Anglia; Grzegorz Wójcik - Jagiellonian University; Russell J de Souza - Population Health Research Institute; Joerg J Meerpohl - University of Freiburg; Pablo Alonso‐Coello - Iberoamerican Cochrane Centre; Pablo Alonso‐Coello - Biomedical Research Institute; Małgorzata M Bała - Jagiellonian University; Chirag J Patel - Harvard University; Benjamin Djulbegović - City of Hope; Dena Zeraatkar - McMaster University; Gordon Guyatt - McMaster University",,
"Effect of Lower Versus Higher Red Meat Intake on Cardiometabolic and Cancer Outcomes",10.7326/m19-0622,"Annals of Internal Medicine",2019-10-01,17,journal-article,"American College of Physicians","Dena Zeraatkar - McMaster University; Bradley C Johnston - McMaster University; Jessica Bartoszko - McMaster University; Kevin J Cheung - McMaster University; Małgorzata M Bała - Jagiellonian University; Claudia Valli - Iberoamerican Cochrane Centre; Claudia Valli - Biomedical Research Institute; Montserrat Rabassa - Iberoamerican Cochrane Centre; Montserrat Rabassa - Biomedical Research Institute; Daegan Sit - University of British Columbia; Kirolos Milio - McMaster University; Behnam Sadeghirad - McMaster University; Arnav Agarwal - University of Toronto; Adriana M Zea - McMaster University; Yung Lee - McMaster University; Mi Ah Han - Chosun University; Robin W.M Vernooij - Netherlands Comprehensive Cancer Organisation; Pablo Alonso‐Coello - Iberoamerican Cochrane Centre; Pablo Alonso‐Coello - Biomedical Research Institute; Gordon Guyatt - McMaster University; Regina El Dib - Universidade Estadual Paulista (Unesp)",,
"Reduction of Red and Processed Meat Intake and Cancer Mortality and Incidence",10.7326/m19-0699,"Annals of Internal Medicine",2019-10-01,17,journal-article,"American College of Physicians","Mi Ah Han - Chosun University; Dena Zeraatkar - McMaster University; Gordon Guyatt - McMaster University; Robin W.M Vernooij - Netherlands Comprehensive Cancer Organisation; Robin W.M Vernooij - Dalhousie University; Regina El Dib - Universidade Estadual Paulista (Unesp); Regina El Dib - Dalhousie University; Ying Zhang - Beijing University of Chinese Medicine; Abdullah Algarni - Asir Central Hospital; Gareth Leung - McMaster University; Dawid Storman - Jagiellonian University; Claudia Valli - Iberoamerican Cochrane Centre; Montserrat Rabassa - Iberoamerican Cochrane Centre; Nadia Rehman - McMaster University; Michael K Parvizian - McMaster University; Max Zworth - McMaster University; Jessica Bartoszko - McMaster University; Luciane Cruz Lopes - Universidade de Sorocaba; Daegan Sit - University of British Columbia; Małgorzata M Bała - Jagiellonian University; Pablo Alonso‐Coello - Iberoamerican Cochrane Centre; Pablo Alonso‐Coello - Biomedical Research Institute; Bradley C Johnston - Dalhousie University; Bradley C Johnston - McMaster University",,
"Patterns of Red and Processed Meat Consumption and Risk for Cardiometabolic and Cancer Outcomes",10.7326/m19-1583,"Annals of Internal Medicine",2019-10-01,19,journal-article,"American College of Physicians","Robin W.M Vernooij - Dalhousie University; Robin W.M Vernooij - Netherlands Comprehensive Cancer Organisation; Dena Zeraatkar - McMaster University; Mi Ah Han - Chosun University; Regina El Dib - Dalhousie University; Max Zworth - McMaster University; Kirolos Milio - McMaster University; Daegan Sit - University of British Columbia; Yung Lee - McMaster University; Huda Gomaa - Alexandria University; Claudia Valli - Iberoamerican Cochrane Centre; Mateusz J Świerz - Jagiellonian University; Yaping Chang - McMaster University; Steven Hanna - McMaster University; Paula Brauer - University of Guelph; John L Sievenpiper - University of Toronto; John L Sievenpiper - St. Michael's Hospital; Russell J de Souza - McMaster University; Pablo Alonso‐Coello - Iberoamerican Cochrane Centre; Pablo Alonso‐Coello - Centro de Investigación Biomédica en Red de Epidemiología y Salud Pública; Pablo Alonso‐Coello - Biomedical Research Institute; Małgorzata M Bała - Jagiellonian University; Gordon Guyatt - McMaster University; Bradley C Johnston - Dalhousie University; Bradley C Johnston - McMaster University",,
"Red and Processed Meat Consumption and Risk for All-Cause Mortality and Cardiometabolic Outcomes",10.7326/m19-0655,"Annals of Internal Medicine",2019-10-01,25,journal-article,"American College of Physicians","Dena Zeraatkar - McMaster University; Mi Ah Han - Chosun University; Gordon Guyatt - McMaster University; Robin W.M Vernooij - Netherlands Comprehensive Cancer Organisation; Robin W.M Vernooij - Dalhousie University; Regina El Dib - Dalhousie University; Kevin J Cheung - McMaster University; Kirolos Milio - McMaster University; Max Zworth - McMaster University; Jessica Bartoszko - McMaster University; Yung Lee - McMaster University; J Zając - Jagiellonian University; Anna Prokop‐Dorner - Jagiellonian University; Calvin Ka-Fung Lo - University of British Columbia; Małgorzata M Bała - Jagiellonian University; Pablo Alonso‐Coello - Centro de Investigación Biomédica en Red de Epidemiología y Salud Pública; Pablo Alonso‐Coello - Biomedical Research Institute; Steven Hanna - McMaster University; Bradley C Johnston - McMaster University; Bradley C Johnston - Dalhousie University",,
"The MELFO Study: A Multicenter, Prospective, Randomized Clinical Trial on the Effects of a Reduced Stage-Adjusted Follow-Up Schedule on Cutaneous Melanoma IB–IIC Patients—Results After 3 Years",10.1245/s10434-019-07825-7,"Annals of Surgical Oncology",2019-09-18,2,journal-article,"Springer Nature","Eric A Deckers - University Medical Center Groningen; Eric A Deckers - University of Groningen; Josette E H M Hoekstra‐Weebers - University Medical Center Groningen; Josette E H M Hoekstra‐Weebers - University of Groningen; Samantha Damude - University Medical Center Groningen; Samantha Damude - University of Groningen; Anne Brecht Francken - Isala; Sylvia ter Meulen - The Netherlands Cancer Institute; Esther Bastiaannet - Leiden University Medical Center; Harald J Hoekstra - University Medical Center Groningen; Harald J Hoekstra - University of Groningen",,
"Moderators of Exercise Effects on Cancer-related Fatigue: A Meta-analysis of Individual Patient Data",10.1249/mss.0000000000002154,"Medicine &amp Science in Sports &amp Exercise",2019-09-13,2,journal-article,"Ovid Technologies (Wolters Kluwer Health)","Jonna K van Vulpen - Utrecht University; Jonna K van Vulpen - University Medical Center Utrecht; Kerry S Courneya - University of Alberta; Neil K Aaronson - The Netherlands Cancer Institute; Paul B Jacobsen - National Cancer Institute; Mai J M Chinapaw - Amsterdam UMC Location Vrije Universiteit Amsterdam; Karen Steindorf - Heidelberg University; Karen Steindorf - National Center for Tumor Diseases; Karen Steindorf - German Cancer Research Center; Melinda L Irwin - University Medical Center Utrecht; Melinda L Irwin - Utrecht University; Martijn M Stuiver - Utrecht University; Martijn M Stuiver - University Medical Center Utrecht; Maike G Sweegers - Vrije Universiteit Amsterdam; Maike G Sweegers - Amsterdam University Medical Centers; Petra H Peeters - University Medical Center Utrecht; Maike G Sweegers - Cancer Center Amsterdam; Petra H Peeters - Utrecht University; Nanette Mutrie - Utrecht University; Amanda Daley - National Center for Tumor Diseases; Amanda Daley - German Cancer Research Center; Amanda Daley - Heidelberg University; Amanda Daley - Utrecht University; Amanda Daley - University Medical Center Utrecht; Alex McConnachie - Amsterdam University Medical Centers; Alex McConnachie - Vrije Universiteit Amsterdam; Martin Bohus - Vrije Universiteit Amsterdam; Martin Bohus - Amsterdam University Medical Centers; Martin Bohus - Utrecht University; Martin Bohus - University Medical Center Utrecht; Lene Thorsen - Vrije Universiteit Amsterdam; Lene Thorsen - Amsterdam University Medical Centers; Lene Thorsen - Cancer Center Amsterdam; Lene Thorsen - University of Alberta; Karl‐Heinz Schulz - University Medical Center Hamburg-Eppendorf; Karl‐Heinz Schulz - Universität Hamburg; Karl‐Heinz Schulz - Amsterdam University Medical Centers; Karl‐Heinz Schulz - Vrije Universiteit Amsterdam; Sandra C Hayes - Amsterdam University Medical Centers; Sandra C Hayes - University Medical Center Utrecht; Sandra C Hayes - Utrecht University; Sandra C Hayes - Vrije Universiteit Amsterdam; Kathleen A Griffith - University Medical Center Utrecht; Kathleen A Griffith - Utrecht University; Kathleen A Griffith - Cancer Center Amsterdam; Ilse Mesters - University Medical Center Utrecht; Ilse Mesters - Utrecht University; Ilse Mesters - University of Alberta; Hans Knoop - University Medical Center Utrecht; Hans Knoop - Utrecht University; Martine M Goedendorp - The Netherlands Cancer Institute; Martine M Goedendorp - National Cancer Institute; Martine M Goedendorp - University Medical Center Utrecht; Martine M Goedendorp - Utrecht University; Nanette Mutrie - University Medical Center Utrecht; Kathryn H Schmitz - Cancer Center Amsterdam; Kerri M Winters‐Stone - Oregon Health & Science University; Camille E Short - Amsterdam University Medical Centers; Camille E Short - The Netherlands Cancer Institute; Camille E Short - Vrije Universiteit Amsterdam; Erica L James - Vrije Universiteit Amsterdam; Erica L James - Amsterdam University Medical Centers; Erica L James - National Cancer Institute; Ronald C Plotnikoff - Amsterdam University Medical Centers; Ronald C Plotnikoff - Vrije Universiteit Amsterdam; Martina E Schmidt - National Center for Tumor Diseases; Martina E Schmidt - Heidelberg University; Martina E Schmidt - German Cancer Research Center; Miranda J Velthuis - University of Alberta; Cornelia M Ulrich - National Center for Tumor Diseases; Cornelia M Ulrich - German Cancer Research Center; Cornelia M Ulrich - Heidelberg University; Cornelia M Ulrich - Vrije Universiteit Amsterdam; Cornelia M Ulrich - Amsterdam University Medical Centers; Marc van Beurden - The Netherlands Cancer Institute; Marc van Beurden - Oncode Institute; Hester SA Oldenburg - The Netherlands Cancer Institute; Hester SA Oldenburg - Oncode Institute; Gabe S Sonke - Oncode Institute; Gabe S Sonke - The Netherlands Cancer Institute; Wim H van Harten - Utrecht University; Wim H van Harten - Cancer Center Amsterdam; Wim H van Harten - University Medical Center Utrecht; Wim H van Harten - The Netherlands Cancer Institute; Kathryn H Schmitz - Amsterdam University Medical Centers; Kathryn H Schmitz - Vrije Universiteit Amsterdam; Miranda J Velthuis - Netherlands Comprehensive Cancer Organisation; Willem van Mechelen - Amsterdam UMC Location Vrije Universiteit Amsterdam; Marie José Kersten - University of Amsterdam; Marie José Kersten - Amsterdam University Medical Centers; Frans Nollet - Amsterdam University Medical Centers; Frans Nollet - The Netherlands Cancer Institute; Frans Nollet - University of Amsterdam; Jennifer Wenzel - Sidney Kimmel Comprehensive Cancer Center; Jennifer Wenzel - National Cancer Institute; Jennifer Wenzel - Johns Hopkins University; Joachim Wiskemann - Vrije Universiteit Amsterdam; Joachim Wiskemann - Amsterdam University Medical Centers; Joachim Wiskemann - Cancer Center Amsterdam; Irma M Verdonck–de Leeuw - Amsterdam University Medical Centers; Irma M Verdonck–de Leeuw - University Medical Center; Irma M Verdonck–de Leeuw - Cancer Center Amsterdam; Irma M Verdonck–de Leeuw - Vrije Universiteit Amsterdam; Johannes Brug - University Medical Center Utrecht; Johannes Brug - Utrecht University; Johannes Brug - University of Alberta; Johannes Brug - Amsterdam University Medical Centers; Johannes Brug - Vrije Universiteit Amsterdam; Anne M May - University Medical Center Utrecht; Anne M May - Utrecht University; Laurien M Buffart - Vrije Universiteit Amsterdam; Laurien M Buffart - Amsterdam University Medical Centers; Laurien M Buffart - Cancer Center Amsterdam",,
"The Clinician Guideline Determinants Questionnaire was developed and validated to support tailored implementation planning",10.1016/j.jclinepi.2019.05.024,"Journal of Clinical Epidemiology",2019-09-01,3,journal-article,"Elsevier BV","Anna R Gagliardi - Toronto General Hospital; Anna R Gagliardi - University of Toronto; Melissa J Armstrong - University of Florida; Susanne Bernhardsson - University of Gothenburg; Susanne Bernhardsson - Region Västra Götaland; M.A.H Fleuren - Vrije Universiteit Amsterdam; Héctor Pardo‐Hernández - Iberoamerican Cochrane Centre; Robin W.M Vernooij - Netherlands Comprehensive Cancer Organisation; Melina L Willson - The University of Sydney; Melina L Willson - National Health and Medical Research Council; Laura Brereton - National Kidney Foundation; Craig Lockwood - Adelaide University; Yasser Sami Amer - King Saud University",,"0000-0001-5734-4566; 0000-0001-8212-7678; 0000-0002-2163-1907; 0000-0002-5721-809X; 0000-0002-8931-9696; 0000-0003-1881-6537; 0000-0003-3714-0309; 0000-0003-3722-676X; 0000-0003-4097-2317"
"Effects and moderators of exercise on sleep in adults with cancer: Individual patient data and aggregated meta-analyses",10.1016/j.jpsychores.2019.109746,"Journal of Psychosomatic Research",2019-09-01,2,journal-article,"Elsevier BV","Paquito Bernard - Université Laval; Paquito Bernard - Université du Québec à Montréal; Josée Savard - Université Laval; Karen Steindorf - National Center for Tumor Diseases; Karen Steindorf - German Cancer Research Center; Karen Steindorf - Heidelberg University; Maike G Sweegers - Vrije Universiteit Amsterdam; Maike G Sweegers - Amsterdam University Medical Centers; Kerry S Courneya - University of Alberta; Robert U Newton - Edith Cowan University; Neil K Aaronson - The Netherlands Cancer Institute; Paul B Jacobsen - Moffitt Cancer Center; Anne M May - University Medical Center Utrecht; Anne M May - Utrecht University; Daniel A Galvão - Edith Cowan University; Mai J M Chinapaw - Vrije Universiteit Amsterdam; Mai J M Chinapaw - Amsterdam University Medical Centers; Martijn M Stuiver - The Netherlands Cancer Institute; Kathleen A Griffith - University of Maryland, Baltimore; Ilse Mesters - Maastricht University; Hans Knoop - University of Amsterdam; Hans Knoop - Amsterdam University Medical Centers; Martine M Goedendorp - Central Institute of Mental Health; Martine M Goedendorp - University Medical Center Groningen; Martine M Goedendorp - University of Groningen; M Bohus - Central Institute of Mental Health; M Bohus - University of Antwerp; Lene Thorsen - Oslo University Hospital; Martina E Schmidt - National Center for Tumor Diseases; Martina E Schmidt - German Cancer Research Center; Martina E Schmidt - Heidelberg University; Cornelia M Ulrich - Huntsman Cancer Institute; Cornelia M Ulrich - University of Utah; Gabe S Sonke - Vrije Universiteit Amsterdam; Gabe S Sonke - Amsterdam University Medical Centers; Wim H van Harten - Vrije Universiteit Amsterdam; Wim H van Harten - Amsterdam University Medical Centers; Miranda J Velthuis - Vrije Universiteit Amsterdam; Miranda J Velthuis - Amsterdam University Medical Centers; Dennis R Taaffe - Edith Cowan University; Dennis R Taaffe - Netherlands Comprehensive Cancer Organisation; Dennis R Taaffe - Université Laval; Dennis R Taaffe - Oregon Health & Science University; Dennis R Taaffe - Amsterdam University Medical Centers; Dennis R Taaffe - Vrije Universiteit Amsterdam; Willem van Mechelen - Vrije Universiteit Amsterdam; Willem van Mechelen - Amsterdam University Medical Centers; Marie José Kersten - Vrije Universiteit Amsterdam; Marie José Kersten - Amsterdam University Medical Centers; Frans Nollet - University of Maryland, Baltimore; Jennifer Wenzel - Vrije Universiteit Amsterdam; Jennifer Wenzel - Amsterdam University Medical Centers; Joachim Wiskemann - Vrije Universiteit Amsterdam; Joachim Wiskemann - Amsterdam University Medical Centers; Irma M Verdonck–de Leeuw - Maastricht University; Johannes Brug - Vrije Universiteit Amsterdam; Johannes Brug - Amsterdam University Medical Centers; Laurien M Buffart - Amsterdam University Medical Centers; Laurien M Buffart - Vrije Universiteit Amsterdam; Laurien M Buffart - National Institute for Public Health and the Environment",,
"Extending the RIGHT statement for reporting adapted practice guidelines in healthcare: the RIGHT-Ad@pt Checklist protocol",10.1136/bmjopen-2019-031767,"BMJ Open",2019-09-01,2,journal-article,BMJ,"Yang Song - Iberoamerican Cochrane Centre; Andrea Darzi - American University of Beirut; Mónica Ballesteros - Vall d'Hebron Hospital Universitari; Laura Martínez García - Iberoamerican Cochrane Centre; Laura Martínez García - Centro de Investigación Biomédica en Red de Epidemiología y Salud Pública; Pablo Alonso‐Coello - McMaster University; Pablo Alonso‐Coello - Iberoamerican Cochrane Centre; Pablo Alonso‐Coello - Centro de Investigación Biomédica en Red de Epidemiología y Salud Pública; Pablo Alonso‐Coello - Impact; Thurayya Arayssi - Weill Cornell Medical College in Qatar; Soumyadeep Bhaumik - George Institute for Global Health; Yaolong Chen - Lanzhou University; Françoise Cluzeau - Imperial College London; Davina Ghersi - National Health and Medical Research Council; Paulina Fuentes Padilla - Universidad de Antofagasta; Étienne V Langlois - Alliance for Health Policy and Systems Research; Étienne V Langlois - World Health Organization; Holger J Schünemann - McMaster University; Holger J Schünemann - Impact; Robin W.M Vernooij - Netherlands Comprehensive Cancer Organisation; Elie A Akl - Impact; Elie A Akl - American University of Beirut; Elie A Akl - McMaster University",,
"Population-based study of the effect of preoperative breast MRI on the surgical management of ductal carcinoma <i>in situ</i>",10.1002/bjs.11299,"British Journal of Surgery",2019-08-06,2,journal-article,"Oxford University Press (OUP)","Kristien Keymeulen - Maastricht University Medical Centre; Sandra M E Geurts - Maastricht University Medical Centre; Marc B I Lobbes - Maastricht University Medical Centre; Marc B I Lobbes - Zuyderland Medisch Centrum; Esther M Heuts - Maastricht University Medical Centre; Luciën E M Duijm - Canisius-Wilhelmina Ziekenhuis; Luciën E M Duijm - Dutch Expert Centre for Screening; Loes Kooreman - Maastricht University Medical Centre; Adri C Voogd - Maastricht University Medical Centre; Adri C Voogd - Netherlands Comprehensive Cancer Organisation; Vivianne C G Tjan‐Heijnen - Maastricht University Medical Centre",,"0000-0001-5992-7087; 0000-0001-8226-8665; 0000-0002-1952-7609; 0000-0002-2103-6956; 0000-0002-2999-2336; 0000-0002-3935-7440; 0000-0002-4265-9968; 0000-0002-8041-2720"
"Repeat breast-conserving therapy for ipsilateral breast cancer recurrence: A systematic review",10.1016/j.ejso.2019.02.008,"European Journal of Surgical Oncology (EJSO)",2019-08-01,1,journal-article,"Elsevier BV","Coco J E F Walstra - Catharina Ziekenhuis; Coco J E F Walstra - Radboud University Nijmegen; Robert‐Jan Schipper - Catharina Ziekenhuis; Robert‐Jan Schipper - Radboud University Nijmegen; Ingrid G M Poodt - Catharina Ziekenhuis; Ingrid G M Poodt - Radboud University Nijmegen; Yvonne E van Riet - Catharina Ziekenhuis; Yvonne E van Riet - Radboud University Nijmegen; Adri C Voogd - Netherlands Comprehensive Cancer Organisation; Adri C Voogd - Maastricht University; Maurice J.C van der Sangen - Catharina Ziekenhuis; Maurice J.C van der Sangen - Radboud University Nijmegen; Grard A P Nieuwenhuijzen - Catharina Ziekenhuis; Grard A P Nieuwenhuijzen - Radboud University Nijmegen",,"0000-0001-7211-5059; 0000-0001-9137-7599; 0000-0002-5837-5513; 0000-0002-7484-7672; 0000-0002-8041-2720; 0000-0003-1866-7367"
"Outcome of surgery in advanced ovarian cancer varies between geographical regions; opportunities for improvement in The Netherlands",10.1016/j.ejso.2019.04.009,"European Journal of Surgical Oncology (EJSO)",2019-08-01,1,journal-article,"Elsevier BV","Maite Timmermans - Maastricht University Medical Centre; Maite Timmermans - Netherlands Comprehensive Cancer Organisation; Gabe S Sonke - The Netherlands Cancer Institute; B.F.M Slangen - Maastricht University Medical Centre; Astrid Baalbergen - Reinier de Graaf Hospital; Ruud L.M Bekkers - Catharina Ziekenhuis; Ruud L.M Bekkers - Radboud University Nijmegen; Guus Fons - Amsterdam UMC Location University of Amsterdam; Cornelis G Gerestein - Meander Medisch Centrum; A.J Kruse - Isala; A.J Kruse - Maastricht University Medical Centre; Eva Maria Roes - Erasmus University Rotterdam; Petra L.M Zusterzeel - Radboud University Nijmegen; Petra L.M Zusterzeel - Radboud University Medical Center; Koen Van de Vijver - Cancer Research Institute Ghent; Koen Van de Vijver - Ghent University Hospital; Roy F.P.M Kruitwagen - Maastricht University Medical Centre; Maaike A van der Aa - Netherlands Comprehensive Cancer Organisation",,"0000-0001-8088-9628; 0000-0001-9547-6367; 0000-0002-1305-9541; 0000-0002-2026-9790; 0000-0002-2934-2704; 0000-0002-4577-8495; 0000-0002-9119-8328; 0000-0003-0490-2258; 0000-0003-2811-3851"
"Assessing the quality and communicative aspects of patient decision aids for early-stage breast cancer treatment: a systematic review",10.1007/s10549-019-05351-4,"Breast Cancer Research and Treatment",2019-07-24,1,journal-article,"Springer Nature","Ruben Vromans - Tilburg University; Kim Tenfelde - Tilburg University; Steffen Pauws - Tilburg University; Mies van Eenbergen - Netherlands Comprehensive Cancer Organisation; Ingeborg Mares-Engelberts - Erasmus University Rotterdam; Ingeborg Mares-Engelberts - Erasmus MC; Galina Velikova - University of Leeds; Lonneke V van de Poll‐Franse - Netherlands Comprehensive Cancer Organisation; Emiel Krahmer - Tilburg University",,"0000-0001-6731-3296; 0000-0001-8040-1207; 0000-0002-6304-7549; 0000-0002-6924-4738; 0000-0003-0413-6872; 0000-0003-1899-5942; 0000-0003-2257-9239"
"Metastatic Uveal Melanoma: Treatment Strategies and Survival—Results from the Dutch Melanoma Treatment Registry",10.3390/cancers11071007,Cancers,2019-07-18,1,journal-article,"MDPI AG","Anouk Jochems - Leiden University Medical Center; Anouk Jochems - Dutch Institute for Clinical Auditing; Monique K Van der Kooij - Leiden University Medical Center; Marta Fiocco - Leiden University; Maartje G Schouwenburg - Leiden University Medical Center; Maartje G Schouwenburg - Dutch Institute for Clinical Auditing; M Franken - Erasmus University Rotterdam; Jan‐Willem B de Groot - Isala; Geke A.P Hospers - University Medical Center Groningen; Rutger H.T Koornstra - Radboud University Nijmegen; Rutger H.T Koornstra - Radboud University Medical Center; Wim H.J Kruit - Erasmus MC Cancer Institute; Marieke W.J Louwman - Netherlands Comprehensive Cancer Organisation; Djura Piersma - Medisch Spectrum Twente; Rozemarijn S van Rijn - Medisch Centrum Leeuwarden; Karijn P.M Suijkerbuijk - University Medical Center Utrecht; Albert J ten Tije - Amphia Ziekenhuis; Gerard Vreugdenhil - Máxima Medisch Centrum; Gerard Vreugdenhil - Radboud University Nijmegen; Michel W.J.M Wouters - The Netherlands Cancer Institute; Michel W.J.M Wouters - Dutch Institute for Clinical Auditing; Michiel C.T van Zeijl - Leiden University Medical Center; Michiel C.T van Zeijl - Dutch Institute for Clinical Auditing; Koos J.M van der Hoeven - Leiden University Medical Center; Koos J.M van der Hoeven - Radboud University Nijmegen; Koos J.M van der Hoeven - Radboud University Medical Center; John B.A.G Haanen - The Netherlands Cancer Institute; Maureen J.B Aarts - Maastricht University Medical Centre; Alexander C.J van Akkooi - The Netherlands Cancer Institute; Franchette W.P.J van den Berkmortel - Zuyderland Medisch Centrum; Christian U Blank - The Netherlands Cancer Institute; Alfonsus J.M van den Eertwegh - Amsterdam University Medical Centers; Ellen Kapiteijn - Leiden University Medical Center",,
"The European study on centralisation of childhood cancer treatment",10.1016/j.ejca.2019.04.024,"European Journal of Cancer",2019-07-01,11,journal-article,"Elsevier BV","Gemma Gatta - Fondazione IRCCS Istituto Nazionale dei Tumori; Laura Botta - Fondazione IRCCS Istituto Nazionale dei Tumori; Harry Comber - National Cancer Registry; Nadya Dimitrova - Bulgarian National Bank; Maarit K Leinonen - Cancer Society of Finland; Maarit K Leinonen - Finnish Cancer Registry; Kathy Pritchard‐Jones - Great Ormond Street Hospital; Kathy Pritchard‐Jones - University College London; Sabine Siesling - Netherlands Comprehensive Cancer Organisation; Annalisa Trama - Fondazione IRCCS Istituto Nazionale dei Tumori; Jan Maarten van der Zwan - Netherlands Comprehensive Cancer Organisation; Otto Visser - Netherlands Comprehensive Cancer Organisation; Tina Žagar - Institute of Oncology Ljubljana",,
"Treatment patterns and associated factors in patients with advanced epithelial ovarian cancer: a population-based study",10.1136/ijgc-2019-000489,"International Journal of Gynecological Cancer",2019-07-01,5,journal-article,BMJ,"Myrte Zijlstra - Netherlands Comprehensive Cancer Organisation; Maite Timmermans - Haga Hospital; Maite Timmermans - Netherlands Comprehensive Cancer Organisation; Heidi P Fransen - Netherlands Comprehensive Cancer Organisation; Maaike A van der Aa - Netherlands Comprehensive Cancer Organisation; A.K.L Reyners - University of Groningen; A.K.L Reyners - University Medical Center Groningen; Natasja Raijmakers - Netherlands Comprehensive Cancer Organisation; Lonneke V van de Poll‐Franse - Tilburg University; Lonneke V van de Poll‐Franse - Netherlands Comprehensive Cancer Organisation; Lonneke V van de Poll‐Franse - The Netherlands Cancer Institute",,"0000-0002-2286-3806; 0000-0002-2934-2704; 0000-0002-3000-2520; 0000-0002-9119-8328; 0000-0003-0413-6872"
"The gap in postoperative outcome between older and younger patients with stage I-III colorectal cancer has been bridged; results from the Netherlands cancer registry",10.1016/j.ejca.2019.04.036,"European Journal of Cancer",2019-07-01,1,journal-article,"Elsevier BV","Nelleke P.M Brouwer - University Medical Center; Nelleke P.M Brouwer - Radboud University Medical Center; Nelleke P.M Brouwer - Radboud University Nijmegen; Thea C Heil - Radboud University Nijmegen; Marcel G M Olde Rikkert - Radboud University Medical Center; Marcel G M Olde Rikkert - University Medical Center; Marcel G M Olde Rikkert - Radboud University Nijmegen; V.E.P.P Lemmens - Erasmus MC; H.J.T Rutten - Catharina Ziekenhuis; H.J.T Rutten - Radboud University Nijmegen; H.J.T Rutten - Maastricht University; Johannes H.W de Wilt - Radboud University Nijmegen; Johannes H.W de Wilt - Radboud University Medical Center; Johannes H.W de Wilt - University Medical Center; V.E.P.P Lemmens - Netherlands Comprehensive Cancer Organisation; Thea C Heil - Radboud University Medical Center; Thea C Heil - University Medical Center; Felice N van Erning - Netherlands Comprehensive Cancer Organisation",,"0000-0001-6773-9668; 0000-0002-2268-9668; 0000-0002-4109-5734; 0000-0002-7058-2013; 0000-0003-0125-1429; 0000-0003-1397-1677; 0000-0003-2532-950X"
"Population-based patterns of treatment and survival for patients with stage I and II non-small cell lung cancer aged 65–74 years and 75 years or older",10.1016/j.jgo.2019.03.001,"Journal of Geriatric Oncology",2019-07-01,1,journal-article,"Elsevier BV","Elisabeth J.M Driessen - VieCuri Medisch Centrum; Elisabeth J.M Driessen - Maastricht University Medical Centre; Deniece D.E.M.A Detillon - Amphia Ziekenhuis; Gerbern P Bootsma - Zuyderland Medisch Centrum; Dirk De Ruysscher - Maastro Clinic; Dirk De Ruysscher - Maastricht University Medical Centre; Eelco J Veen - Amphia Ziekenhuis; Mieke J Aarts - Netherlands Comprehensive Cancer Organisation; M.L.G Janssen‐Heijnen - Maastricht University Medical Centre; M.L.G Janssen‐Heijnen - VieCuri Medisch Centrum",,0000-0001-8401-8176
"Communicative aspects of decision aids for localized prostate cancer treatment – A systematic review",10.1016/j.urolonc.2019.04.005,"Urologic Oncology: Seminars and Original Investigations",2019-07-01,3,journal-article,"Elsevier BV","Ruben Vromans - Tilburg University; Mies van Eenbergen - Netherlands Comprehensive Cancer Organisation; Steffen Pauws - Tilburg University; Steffen Pauws - Philips (Netherlands); Gijs Geleijnse - Netherlands Comprehensive Cancer Organisation; Henk G van der Poel - The Netherlands Cancer Institute; Lonneke V van de Poll‐Franse - The Netherlands Cancer Institute; Lonneke V van de Poll‐Franse - Netherlands Comprehensive Cancer Organisation; Lonneke V van de Poll‐Franse - Tilburg University; Emiel Krahmer - Tilburg University",,"0000-0001-6731-3296; 0000-0001-8040-1207; 0000-0002-0947-8970; 0000-0002-6304-7549; 0000-0002-8772-1120; 0000-0003-0413-6872; 0000-0003-2257-9239"
"Impact of a Dedicated Multidisciplinary Research and Treatment Network on Outcomes of Muscle-Invasive Bladder Cancer Patients",10.23937/2378-3419/1410105,"International Journal of Cancer and Clinical Research",2019-06-30,1,journal-article,"ClinMed International Library","Robbrecht Debbie G - Erasmus MC; Verhoeven Rob HA - Netherlands Comprehensive Cancer Organisation; Vries Peter de - Zuyderland Medisch Centrum; Heijden Michiel S van der - The Netherlands Cancer Institute; Boormans Joost L - Erasmus MC Cancer Institute; Wit Ronald de - Erasmus MC",,
"Quality of Life During Palliative Systemic Therapy for Esophagogastric Cancer: Systematic Review and Meta-Analysis",10.1093/jnci/djz133,"JNCI Journal of the National Cancer Institute",2019-06-28,1,journal-article,"Oxford University Press (OUP)","Jessy Joy van Kleef - Amsterdam University Medical Centers; Jessy Joy van Kleef - University of Amsterdam; Emil ter Veer - Amsterdam University Medical Centers; Emil ter Veer - University of Amsterdam; Héctor G van den Boorn - Amsterdam University Medical Centers; Héctor G van den Boorn - University of Amsterdam; Sandor Schokker - Amsterdam University Medical Centers; Sandor Schokker - University of Amsterdam; Lok Lam Ngai - Amsterdam University Medical Centers; Lok Lam Ngai - University of Amsterdam; Mariska J Prins - University of Amsterdam; Mariska J Prins - Amsterdam University Medical Centers; Nadia Haj Mohammad - University Medical Center Utrecht; Nadia Haj Mohammad - Utrecht University; Lonneke V van de Poll‐Franse - Tilburg University; Lonneke V van de Poll‐Franse - Netherlands Comprehensive Cancer Organisation; Lonneke V van de Poll‐Franse - The Netherlands Cancer Institute; Aeilko H Zwinderman - Amsterdam University Medical Centers; Martijn G.H van Oijen - Amsterdam University Medical Centers; Martijn G.H van Oijen - University of Amsterdam; Mirjam A G Sprangers - Amsterdam University Medical Centers; Mirjam A G Sprangers - University of Amsterdam; Hanneke W.M van Laarhoven - Amsterdam University Medical Centers; Hanneke W.M van Laarhoven - University of Amsterdam",,"0000-0001-7897-1710; 0000-0001-8083-7430; 0000-0002-3728-6933; 0000-0002-4688-2921; 0000-0002-9432-7199; 0000-0003-0361-3139; 0000-0003-0413-6872; 0000-0003-0969-3766; 0000-0003-1274-5643; 0000-0003-3180-7790; 0000-0003-4269-834X"
"Facilitating validation of prediction models: a comparison of manual and semi-automated validation using registry-based data of breast cancer patients in the Netherlands",10.1186/s12874-019-0761-5,"BMC Medical Research Methodology",2019-06-08,2,journal-article,"Springer Nature","Cornelia D van Steenbeek - Netherlands Comprehensive Cancer Organisation; Marissa C van Maaren - Netherlands Comprehensive Cancer Organisation; Sabine Siesling - Netherlands Comprehensive Cancer Organisation; Annemieke Witteveen - Netherlands Comprehensive Cancer Organisation; Xander Verbeek - Netherlands Comprehensive Cancer Organisation; Hendrik Koffijberg - University of Twente",,
"Bone sarcoma incidence in the Netherlands",10.1016/j.canep.2019.03.002,"Cancer Epidemiology",2019-06-01,2,journal-article,"Elsevier BV","Louren M Goedhart - University Medical Center Groningen; Vincent K.Y Ho - Netherlands Comprehensive Cancer Organisation; P D S Dijkstra - Leiden University Medical Center; H.W.B Schreuder - Radboud University Nijmegen; H.W.B Schreuder - Radboud University Medical Center; Gerard R Schaap - Amsterdam University Medical Centers; Joris J W Ploegmakers - University Medical Center Groningen; Ingrid C.M van der Geest - Radboud University Nijmegen; Ingrid C.M van der Geest - Radboud University Medical Center; Michiel A J van de Sande - Leiden University Medical Center; Jos A M Bramer - Amsterdam University Medical Centers; Albert J.H Suurmeijer - University Medical Center Groningen; Paul C Jutte - University Medical Center Groningen",,
"The effect of adjuvant chemotherapy on survival in patients with FIGO stage I high-grade serous ovarian cancer",10.1016/j.ygyno.2019.03.257,"Gynecologic Oncology",2019-06-01,1,journal-article,"Elsevier BV","J O A M van Baal - The Netherlands Cancer Institute; Koen Van de Vijver - Ghent University Hospital; Koen Van de Vijver - The Netherlands Cancer Institute; Koen Van de Vijver - Cancer Research Institute Ghent; Marc Daniël Algera - The Netherlands Cancer Institute; Maaike A van der Aa - Netherlands Comprehensive Cancer Organisation; Gabe S Sonke - The Netherlands Cancer Institute; Willemien J van Driel - The Netherlands Cancer Institute; Gemma G Kenter - The Netherlands Cancer Institute; Frédéric Amant - The Netherlands Cancer Institute; Frédéric Amant - KU Leuven; C.A.R Lok - The Netherlands Cancer Institute",,
"POPULATION‐BASED STUDY ON DIFFERENT REGIMENS OF R‐CHOP IN PATIENTS WITH NEWLY DIAGNOSED DIFFUSE LARGE B‐CELL LYMPHOMA IN THE NETHERLANDS SUPPORTS THE USE OF 6 CYCLES OF R‐CHOP21",10.1002/hon.61_2630,"Hematological Oncology",2019-06-01,1,journal-article,Wiley,"Djamila E Issa - Jeroen Bosch Ziekenhuis; Avinash G Dinmohamed - Netherlands Comprehensive Cancer Organisation; Mariëlle J Wondergem - Amsterdam University Medical Centers; Mariëlle J Wondergem - Vrije Universiteit Amsterdam; Hedwig M Blommestein - Erasmus University Rotterdam; Peter C Huijgens - Netherlands Comprehensive Cancer Organisation; Pieternella J Lugtenburg - Erasmus MC Cancer Institute; Otto Visser - Netherlands Comprehensive Cancer Organisation; Sonja Zweegman - Amsterdam University Medical Centers; Sonja Zweegman - Vrije Universiteit Amsterdam; Martine E.D Chamuleau - Vrije Universiteit Amsterdam; Martine E.D Chamuleau - Amsterdam University Medical Centers",,"0000-0002-0123-9182; 0000-0002-4512-7019; 0000-0002-4767-6716; 0000-0002-5011-1820; 0000-0002-5846-0531; 0000-0002-6735-8651; 0000-0003-1496-1817"
"The Philosophy of Evidence-Based Principles and Practice in Nutrition",10.1016/j.mayocpiqo.2019.02.005,"Mayo Clinic Proceedings: Innovations, Quality & Outcomes",2019-06-01,1,journal-article,"Elsevier BV","Bradley C Johnston - McMaster University; Bradley C Johnston - Impact; Bradley C Johnston - Dalhousie University; John L Seivenpiper - University of Toronto; John L Seivenpiper - St. Michael's Hospital; Robin W.M Vernooij - Dalhousie University; Robin W.M Vernooij - Netherlands Comprehensive Cancer Organisation; Russell J de Souza - Population Health Research Institute; Russell J de Souza - University of Toronto; Russell J de Souza - St. Michael's Hospital; David J.A Jenkins - St. Michael's Hospital; David J.A Jenkins - University of Toronto; Dena Zeraatkar - McMaster University; Dena Zeraatkar - Impact; Dennis M Bier - Children's Nutrition Research Center at Baylor College of Medicine; Gordon Guyatt - McMaster University; Gordon Guyatt - Impact",,
"Synoptic reporting increases quality of upper gastrointestinal cancer pathology reports",10.1007/s00428-019-02586-w,"Virchows Archiv",2019-05-29,2,journal-article,"Springer Nature","Nikolaj Baranov - Radboud University Medical Center; Nikolaj Baranov - Radboud University Nijmegen; Irıs D Nagtegaal - Radboud University Medical Center; Irıs D Nagtegaal - Radboud University Nijmegen; Nicole C.T van Grieken - Amsterdam UMC Location Vrije Universiteit Amsterdam; Rob H.A Verhoeven - Netherlands Comprehensive Cancer Organisation; Camiel Rosman - Radboud University Nijmegen; Camiel Rosman - Radboud University Medical Center; Rachel S van der Post - Radboud University Nijmegen; Rachel S van der Post - Radboud University Medical Center",,
"Making Patients Fit for Surgery",10.1097/phm.0000000000001221,"American Journal of Physical Medicine & Rehabilitation",2019-05-14,4,journal-article,"Ovid Technologies (Wolters Kluwer Health)",,,
"Trends in frequency and outcome of high‐risk breast lesions at core needle biopsy in women recalled at biennial screening mammography, a multiinstitutional study",10.1002/ijc.32353,"International Journal of Cancer",2019-05-02,1,journal-article,Wiley,"Jacky D Luiten - Elisabeth-TweeSteden Ziekenhuis; Jacky D Luiten - Maastricht University; Bram Korte - Catharina Ziekenhuis; Bram Korte - Radboud University Nijmegen; Adri C Voogd - Maastricht University; Adri C Voogd - Netherlands Comprehensive Cancer Organisation; Willem Vreuls - Canisius-Wilhelmina Ziekenhuis; Ernest J T Luiten - Amphia Ziekenhuis; Luc J A Strobbe - Canisius-Wilhelmina Ziekenhuis; Matthieu Rutten - Jeroen Bosch Ziekenhuis; Menno L Plaisier - Radboud University Nijmegen; Menno L Plaisier - Máxima Medisch Centrum; Paul N.M Lohle - Elisabeth-TweeSteden Ziekenhuis; Marianne J H Hooijen - St. Anna Ziekenhuis; Vivianne C G Tjan‐Heijnen - Maastricht University; Lucien E M Duijm - Canisius-Wilhelmina Ziekenhuis; Lucien E M Duijm - Dutch Expert Centre for Screening",,"0000-0001-6661-6017; 0000-0001-7374-2257; 0000-0001-7479-9677; 0000-0001-8651-6646; 0000-0002-3840-3003; 0000-0002-3935-7440; 0000-0002-7919-1393; 0000-0002-8041-2720; 0000-0003-0199-576X; 0000-0003-3323-3196"
"Hair disorders in cancer survivors",10.1016/j.jaad.2018.03.056,"Journal of the American Academy of Dermatology",2019-05-01,1,journal-article,"Elsevier BV","Azael Freites‐Martínez - Memorial Sloan Kettering Cancer Center; Jerry Shapiro - New York University; Corina van den Hurk - Netherlands Comprehensive Cancer Organisation; Shari Goldfarb - Memorial Sloan Kettering Cancer Center; Joaquín J Jiménez - University of Miami; Anthony Rossi - Memorial Sloan Kettering Cancer Center; Ralf Paus - NIHR Manchester Biomedical Research Centre; Ralf Paus - University of Manchester; Mario E Lacouture - Memorial Sloan Kettering Cancer Center",,
"Perioperative systemic therapy and cytoreductive surgery with HIPEC versus upfront cytoreductive surgery with HIPEC alone for isolated resectable colorectal peritoneal metastases: protocol of a multicentre, open-label, parallel-group, phase II-III, randomised, superiority study (CAIRO6)",10.1186/s12885-019-5545-0,"BMC Cancer",2019-04-25,2,journal-article,"Springer Nature","Koen P Rovers - Radboud University Nijmegen; Koen P Rovers - Catharina Ziekenhuis; Checca Bakkers - Radboud University Nijmegen; Checca Bakkers - Catharina Ziekenhuis; Geert A Simkens - Radboud University Nijmegen; Geert A Simkens - Catharina Ziekenhuis; Jacobus W A Burger - Radboud University Nijmegen; Jacobus W A Burger - Catharina Ziekenhuis; Simon W Nienhuijs - Catharina Ziekenhuis; Simon W Nienhuijs - Radboud University Nijmegen; Geert-Jan Creemers - Catharina Ziekenhuis; Geert-Jan Creemers - Radboud University Nijmegen; Anna M.J Thijs - Radboud University Nijmegen; Anna M.J Thijs - Catharina Ziekenhuis; Alexandra R M Brandt‐Kerkhof - Erasmus University Rotterdam; Eva V E Madsen - Erasmus University Rotterdam; Ninos Ayez - Erasmus University Rotterdam; Nadine L de Boer - Erasmus University Rotterdam; Esther van Meerten - Erasmus MC Cancer Institute; Jurriaan B Tuynman - Amsterdam University Medical Centers; Miranda Kusters - Amsterdam University Medical Centers; Nina R Sluiter - Amsterdam University Medical Centers; Henk M.W Verheul - Amsterdam University Medical Centers; Hans van Vliet - Amsterdam University Medical Centers; Marinus J Wiezer - St. Antonius Ziekenhuis; Djamila Boerma - St. Antonius Ziekenhuis; Emma C E Wassenaar - St. Antonius Ziekenhuis; Maartje Los - St. Antonius Ziekenhuis; Cornelis B Hunting - St. Antonius Ziekenhuis; Arend G J Aalbers - The Netherlands Cancer Institute; Niels F.M Kok - The Netherlands Cancer Institute; Koert F.D Kuhlmann - The Netherlands Cancer Institute; Henk Boot - The Netherlands Cancer Institute; Myriam Chalabi - The Netherlands Cancer Institute; Schelto Kruijff - University Medical Center Groningen; Lukas B Been - University Medical Center Groningen; Robert J van Ginkel - University Medical Center Groningen; Derk Jan A de Groot - University Medical Center Groningen; Rudolf S.N Fehrmann - University Medical Center Groningen; Johannes H.W de Wilt - Radboud University Nijmegen; Johannes H.W de Wilt - Radboud University Medical Center; Andreas J A Bremers - Radboud University Nijmegen; Andreas J A Bremers - Radboud University Medical Center; Philip R de Reuver - Radboud University Nijmegen; Philip R de Reuver - Radboud University Medical Center; Sandra A Radema - Radboud University Nijmegen; Sandra A Radema - Radboud University Medical Center; Karin H Herbschleb - Radboud University Medical Center; Karin H Herbschleb - Radboud University Nijmegen; Wilhelmina M U van Grevenstein - University Medical Center Utrecht; Arjen J Witkamp - University Medical Center Utrecht; Miriam Koopman - University Medical Center Utrecht; Nadia Haj Mohammad - University Medical Center Utrecht; Eino B van Duyn - Medisch Spectrum Twente; W J B Mastboom - Medisch Spectrum Twente; Leonie J Mekenkamp - Medisch Spectrum Twente; Joost Nederend - Catharina Ziekenhuis; Joost Nederend - Radboud University Nijmegen; Max J Lahaye - The Netherlands Cancer Institute; Pétur Snæbjörnsson - The Netherlands Cancer Institute; Cornelis Verhoef - Erasmus University Rotterdam; Hanneke W.M van Laarhoven - Amsterdam University Medical Centers; Jeanette M Bouma - Netherlands Comprehensive Cancer Organisation; Onno Kranenburg - University Medical Center Utrecht; Iris van ‘t Erve - The Netherlands Cancer Institute; Remond J.A Fijneman - The Netherlands Cancer Institute; Patrick Hemmer - University Medical Center Groningen; Cornelis J.A Punt - Amsterdam University Medical Centers; Pieter J Tanis - Amsterdam University Medical Centers; Ignace H J T de Hingh - Catharina Ziekenhuis; Ignace H J T de Hingh - Radboud University Nijmegen",,
"Measuring health-related quality of life in colorectal cancer patients: systematic review of measurement properties of the EORTC QLQ-CR29",10.1007/s00520-019-04764-7,"Supportive Care in Cancer",2019-04-13,3,journal-article,"Springer Nature","Anja van der Hout - Vrije Universiteit Amsterdam; Koen Ilja Neijenhuijs - Vrije Universiteit Amsterdam; Femke Jansen - Vrije Universiteit Amsterdam; Cornelia F van Uden‐Kraan - Vrije Universiteit Amsterdam; Neil K Aaronson - Oncode Institute; Neil K Aaronson - The Netherlands Cancer Institute; Mogens Grøenvold - Bispebjerg Hospital; Mogens Grøenvold - Copenhagen University Hospital; Bernhard Holzner - Innsbruck Medical University; Bernhard Holzner - Universität Innsbruck; Caroline B Terwee - Amsterdam University Medical Centers; Lonneke V van de Poll‐Franse - Oncode Institute; Lonneke V van de Poll‐Franse - The Netherlands Cancer Institute; Pim Cuijpers - Vrije Universiteit Amsterdam; Irma M Verdonck–de Leeuw - Amsterdam University Medical Centers",,"0000-0001-5497-2743; 0000-0002-0111-0557; 0000-0002-3389-3621; 0000-0002-3898-416X; 0000-0002-4507-4607; 0000-0002-6664-3514; 0000-0003-0413-6872; 0000-0003-2574-4850; 0000-0003-4358-6729; 0000-0003-4570-2826"
"Screening for distant metastases in patients with ipsilateral breast tumor recurrence: the impact of different imaging modalities on distant recurrence-free interval",10.1007/s10549-019-05205-z,"Breast Cancer Research and Treatment",2019-04-06,1,journal-article,"Springer Nature","Ingrid G M Poodt - Catharina Ziekenhuis; Ingrid G M Poodt - Radboud University Nijmegen; Robert‐Jan Schipper - Catharina Ziekenhuis; Robert‐Jan Schipper - Radboud University Nijmegen; Bianca T A de Greef - Maastricht University; Guusje Vugts - Catharina Ziekenhuis; Guusje Vugts - Radboud University Nijmegen; Adriana J G Maaskant-Braat - Radboud University Nijmegen; Adriana J G Maaskant-Braat - Máxima Medisch Centrum; Frits H Jansen - Catharina Ziekenhuis; Frits H Jansen - Radboud University Nijmegen; Dirk Wyndaele - Radboud University Nijmegen; Dirk Wyndaele - Catharina Ziekenhuis; Adri C Voogd - Maastricht University; Adri C Voogd - Netherlands Comprehensive Cancer Organisation; Grard A P Nieuwenhuijzen - Catharina Ziekenhuis; Grard A P Nieuwenhuijzen - Radboud University Nijmegen",,"0000-0001-7211-5059; 0000-0001-9137-7599; 0000-0001-9964-0291; 0000-0002-5837-5513; 0000-0002-8041-2720; 0000-0003-1698-1301"
"Hospital volume and outcome in rectal cancer patients; results of a population-based study in the Netherlands",10.1016/j.ejso.2018.12.018,"European Journal of Surgical Oncology (EJSO)",2019-04-01,1,journal-article,"Elsevier BV","J.A.W Hagemans - Erasmus MC Cancer Institute; W Alberda - Erasmus MC Cancer Institute; Moniek Verstegen - Radboud University Nijmegen; Moniek Verstegen - Radboud University Medical Center; Johannes H.W de Wilt - Radboud University Nijmegen; Johannes H.W de Wilt - Radboud University Medical Center; Cornelis Verhoef - Erasmus MC Cancer Institute; Marloes A.G Elferink - Netherlands Comprehensive Cancer Organisation; Jacobus W A Burger - Catharina Ziekenhuis; Jacobus W A Burger - Radboud University Nijmegen",,"0000-0001-6773-9668; 0000-0001-9980-8613; 0000-0002-2558-4335; 0000-0002-3986-4776; 0000-0002-8371-509X; 0000-0003-1988-0186"
"Treatment and survival of resected and unresected distal cholangiocarcinoma: a nationwide study",10.1080/0284186x.2019.1590634,"Acta Oncologica",2019-03-25,1,journal-article,"Informa UK Limited","Marin Strijker - Amsterdam University Medical Centers; Marin Strijker - University of Amsterdam; Ali Belkouz - University of Amsterdam; Lydia G van der Geest - Netherlands Comprehensive Cancer Organisation; Ali Belkouz - Amsterdam University Medical Centers; Vincent E de Meijer - University Medical Center Groningen; Vincent E de Meijer - University of Groningen; Nadia Haj Mohammad - University Medical Center Utrecht; Philip R de Reuver - Radboud University Nijmegen; Philip R de Reuver - Radboud University Medical Center; Joanne Verheij - University of Amsterdam; Joanne Verheij - Amsterdam University Medical Centers; Judith de Vos‐Geelen - Maastricht University; Johanna W Wilmink - Amsterdam University Medical Centers; Johanna W Wilmink - University of Amsterdam; Bas Groot Koerkamp - Erasmus MC; Heinz‐Josef Klümpen - University of Amsterdam; Heinz‐Josef Klümpen - Amsterdam University Medical Centers; Nadia Haj Mohammad - Utrecht University; Thomas M van Gulik - University of Amsterdam; Thomas M van Gulik - Amsterdam University Medical Centers; Jeanin E van Hooft - Amsterdam University Medical Centers; Jeanin E van Hooft - University of Amsterdam; Marc G Besselink - University of Amsterdam; Marc G Besselink - Amsterdam University Medical Centers",,
"Longitudinal regret and information satisfaction after deciding on treatment for localized prostate cancer with or without a decision aid. Results at one-year follow-up in the PCPCC trial",10.1016/j.pec.2018.10.006,"Patient Education and Counseling",2019-03-01,1,journal-article,"Elsevier BV","Maarten Cuypers - Tilburg University; Maarten Cuypers - Radboud University Nijmegen; Maarten Cuypers - Radboud University Medical Center; Romy E D Lamers - Elisabeth-TweeSteden Ziekenhuis; Paul J.M Kil - Elisabeth-TweeSteden Ziekenhuis; Lonneke V van de Poll‐Franse - Netherlands Comprehensive Cancer Organisation; Lonneke V van de Poll‐Franse - Tilburg University; Lonneke V van de Poll‐Franse - The Netherlands Cancer Institute; Marieke de Vries - Radboud University Nijmegen",,
"Increased survival of non low-grade and deep-seated soft tissue sarcoma after surgical management in high-volume hospitals: a nationwide study from the Netherlands",10.1016/j.ejca.2019.01.005,"European Journal of Cancer",2019-03-01,1,journal-article,"Elsevier BV","Melissa Vos - Erasmus MC Cancer Institute; Harriet G T Blaauwgeers - Netherlands Comprehensive Cancer Organisation; Vincent K.Y Ho - Netherlands Comprehensive Cancer Organisation; Winan J van Houdt - The Netherlands Cancer Institute; Jos A van der Hage - Leiden University Medical Center; Lukas B Been - University Medical Center Groningen; Lukas B Been - University of Groningen; Johannes J Bonenkamp - Radboud University Nijmegen; Johannes J Bonenkamp - Radboud University Medical Center; Johannes J Bonenkamp - University Medical Center; Marc H.A Bemelmans - Maastricht University; Thijs van Dalen - University Medical Center Utrecht; Thijs van Dalen - Heidelberg University; Thijs van Dalen - University Hospital Heidelberg; Rick L Haas - The Netherlands Cancer Institute; Dirk J Grünhagen - Erasmus MC Cancer Institute; Cornelis Verhoef - Erasmus MC Cancer Institute",,
"One‐carbon metabolism biomarkers and risk of urothelial cell carcinoma in the European prospective investigation into cancer and nutrition",10.1002/ijc.32165,"International Journal of Cancer",2019-02-13,2,journal-article,Wiley,"Alina Vrieling - Radboud University Nijmegen; Alina Vrieling - Radboud University Medical Center; H Bas Bueno‐de‐Mesquita - National Institute for Public Health and the Environment; H Bas Bueno‐de‐Mesquita - Imperial College London; H Bas Bueno‐de‐Mesquita - University Medical Center Utrecht; H Bas Bueno‐de‐Mesquita - University of Malaya; Martine M Ros - Radboud University Nijmegen; Martine M Ros - Radboud University Medical Center; Martine M Ros - National Institute for Public Health and the Environment; Ellen Kampman - Radboud University Nijmegen; Ellen Kampman - Radboud University Medical Center; Ellen Kampman - Wageningen University & Research; Katja K.H Aben - Radboud University Nijmegen; Katja K.H Aben - Radboud University Medical Center; Katja K.H Aben - Netherlands Comprehensive Cancer Organisation; Frederike L Büchner - Netherlands Environmental Assessment Agency; Eugène Jansen - Netherlands Environmental Assessment Agency; Nina Roswall - Danish Cancer Society; Anne Tjønneland - Danish Cancer Society; Marie‐Christine Boutron‐Ruault - Centre de recherche en Epidémiologie et Santé des Populations; Marie‐Christine Boutron‐Ruault - Inserm; Marie‐Christine Boutron‐Ruault - Université Paris-Sud; Claire Cadeau - Centre de recherche en Epidémiologie et Santé des Populations; Claire Cadeau - Inserm; Claire Cadeau - Université Paris-Sud; Jenny Chang‐Claude - German Cancer Research Center; Jenny Chang‐Claude - University Cancer Center Hamburg; Jenny Chang‐Claude - Universität Hamburg; Jenny Chang‐Claude - University Medical Center Hamburg-Eppendorf; Rudolf Kaaks - German Cancer Research Center; Steffen Weikert - German Institute of Human Nutrition; Steffen Weikert - Vivantes Klinikum; Heiner Boeing - German Institute of Human Nutrition; Antonia Trichopoulou - National and Kapodistrian University of Athens; Antonia Trichopoulou - Hellenic Health Foundation; Παγώνα Λάγιου - National and Kapodistrian University of Athens; Παγώνα Λάγιου - Harvard University; Παγώνα Λάγιου - Academy of Athens; Dimitrios Trichopoulos - Hellenic Health Foundation; Dimitrios Trichopoulos - Harvard University; Dimitrios Trichopoulos - Academy of Athens; Sabina Sieri - Fondazione IRCCS Istituto Nazionale dei Tumori; Domenico Palli - Piedmont Reference Center for Epidemiology and Cancer Prevention; Salvatore Panico - Federico II University Hospital; Petra H Peeters - Imperial College London; Petra H Peeters - University Medical Center Utrecht; Elisabete Weiderpass - UiT The Arctic University of Norway; Elisabete Weiderpass - Cancer Registry of Norway; Elisabete Weiderpass - Karolinska Institutet; Elisabete Weiderpass - University of Helsinki; Guri Skeie - UiT The Arctic University of Norway; Paula Jakszyn - Institut Català d'Oncologia; María‐Dolores Chirlaque - Centro de Investigación Biomédica en Red de Epidemiología y Salud Pública; Eva Ardanáz - Centro de Investigación Biomédica en Red de Epidemiología y Salud Pública; Eva Ardanáz - Instituto de Salud Pública de Navarra; María‐José Sánchez - Centro de Investigación Biomédica en Red de Epidemiología y Salud Pública; María‐José Sánchez - Instituto de Investigación Biosanitaria de Granada; María‐José Sánchez - Andalusian School of Public Health; María‐José Sánchez - Universidad de Granada; Roy Ehrnström - Skåne University Hospital; Johan Malm - Lund University; Börje Ljungberg - Umeå University; Kay‐Tee Khaw - University of Cambridge; Nicholas J Wareham - MRC Epidemiology Unit; Nicholas J Wareham - University of Cambridge; Paul Brennan - Centre international de recherche sur le cancer; Mattias Johansson - Centre international de recherche sur le cancer; Mattias Johansson - Umeå University; Elio Ríboli - Imperial College London; Lambertus A Kiemeney - Radboud University Nijmegen; Lambertus A Kiemeney - Radboud University Medical Center",,"0000-0001-5201-172X; 0000-0001-6795-6080; 0000-0001-8434-2013; 0000-0001-8919-1971; 0000-0001-8977-5344; 0000-0001-9242-3040; 0000-0002-0214-2147; 0000-0002-0518-8714; 0000-0002-2368-1326; 0000-0002-3116-5081; 0000-0002-3151-5897; 0000-0002-3358-1775; 0000-0002-4121-3753; 0000-0002-5498-8312; 0000-0002-5558-2437; 0000-0002-5956-5693; 0000-0002-7204-6396; 0000-0002-8178-2125; 0000-0002-8606-7075; 0000-0002-8802-2903; 0000-0002-9365-7313; 0000-0003-0672-8847; 0000-0003-1422-2993; 0000-0003-2237-0128; 0000-0003-2476-4251; 0000-0003-3071-1658; 0000-0003-3751-3929; 0000-0003-4385-2097; 0000-0003-4817-0757"
"Do people improve health behavior after their partner is diagnosed with cancer? A prospective study in the Danish diet, Cancer and Health Cohort",10.1080/0284186x.2018.1557342,"Acta Oncologica",2019-02-01,1,journal-article,"Informa UK Limited","Nicole P M Ezendam - Netherlands Comprehensive Cancer Organisation; Nicole P M Ezendam - Tilburg University; Randi V Karlsen - Danish Cancer Society; Jane Christensen - Danish Cancer Society; Anne Tjønneland - Danish Cancer Society; Lonneke V van de Poll‐Franse - The Netherlands Cancer Institute; Lonneke V van de Poll‐Franse - Netherlands Comprehensive Cancer Organisation; Lonneke V van de Poll‐Franse - Tilburg University; Annika von Heymann - Danish Cancer Society; Christoffer Johansen - Danish Cancer Society; Christoffer Johansen - University of Copenhagen; Pernille Envold Bidstrup - Danish Cancer Society",,"0000-0002-0009-2991; 0000-0002-0900-5575; 0000-0002-4384-206X; 0000-0002-5878-4210; 0000-0002-7465-562X; 0000-0002-9704-6800; 0000-0003-0413-6872; 0000-0003-4385-2097"
"Folic Acid and Vitamin B12 Supplementation and the Risk of Cancer: Long-term Follow-up of the B Vitamins for the Prevention of Osteoporotic Fractures (B-PROOF) Trial",10.1158/1055-9965.epi-17-1198,"Cancer Epidemiology Biomarkers & Prevention",2019-02-01,2,journal-article,"American Association for Cancer Research (AACR)","Sadaf Oliai Araghi - Erasmus MC; Jessica C Kiefte–de Jong - Leiden University Medical Center; Jessica C Kiefte–de Jong - Erasmus MC; Jessica C Kiefte–de Jong - The Hague University of Applied Sciences; Suzanne C van Dijk - Erasmus MC; Karin M A Swart - Amsterdam UMC Location Vrije Universiteit Amsterdam; Hanneke W.M van Laarhoven - Amsterdam UMC Location University of Amsterdam; Natasja M van Schoor - Amsterdam UMC Location Vrije Universiteit Amsterdam; C.P.G.M de Groot - Wageningen University & Research; V.E.P.P Lemmens - Erasmus MC; V.E.P.P Lemmens - Netherlands Comprehensive Cancer Organisation; Bruno H Stricker - Erasmus MC; André G Uitterlinden - Erasmus MC; Nathalie van der Velde - Erasmus MC; Nathalie van der Velde - Public Health Service of Amsterdam; Nathalie van der Velde - Amsterdam University of Applied Sciences; Nathalie van der Velde - University of Amsterdam",,
"Changes in health-related quality of life among gynecologic cancer survivors during the two years after initial treatment: a longitudinal analysis",10.1080/0284186x.2018.1560498,"Acta Oncologica",2019-01-30,1,journal-article,"MJS Publishing, Medical Journals Sweden AB","Nathalie Zandbergen - Netherlands Comprehensive Cancer Organisation; Belle H de Rooij - Netherlands Comprehensive Cancer Organisation; Belle H de Rooij - Tilburg University; M Caroline Vos - Elisabeth-TweeSteden Ziekenhuis; Johanna M.A Pijnenborg - Radboud University Nijmegen; Johanna M.A Pijnenborg - Radboud University Medical Center; Dorry Boll - Catharina Ziekenhuis; Dorry Boll - Radboud University Nijmegen; Roy F.P.M Kruitwagen - Maastricht University; Lonneke V van de Poll‐Franse - Netherlands Comprehensive Cancer Organisation; Lonneke V van de Poll‐Franse - Tilburg University; Lonneke V van de Poll‐Franse - The Netherlands Cancer Institute; Nicole P M Ezendam - Tilburg University; Nicole P M Ezendam - Netherlands Comprehensive Cancer Organisation",,
"A conditional model predicting the 10-year annual extra mortality risk compared to the general population: a large population-based study in Dutch breast cancer patients",10.1371/journal.pone.0210887,"PLOS ONE",2019-01-24,1,journal-article,"Public Library of Science (PLoS)","Marissa C van Maaren - University of Twente; Marissa C van Maaren - Netherlands Comprehensive Cancer Organisation; Robert F Kneepkens - Achmea (Netherlands); Peter C Huijgens - Netherlands Comprehensive Cancer Organisation; V.E.P.P Lemmens - Netherlands Comprehensive Cancer Organisation; V.E.P.P Lemmens - Erasmus MC; Rob H.A Verhoeven - Netherlands Comprehensive Cancer Organisation; Sabine Siesling - University of Twente; Sabine Siesling - Netherlands Comprehensive Cancer Organisation",,"0000-0001-9678-1611; 0000-0002-0273-824X; 0000-0002-4109-5734; 0000-0002-5708-2559; 0000-0002-7529-6163"
"Multimodal prehabilitation in colorectal cancer patients to improve functional capacity and reduce postoperative complications: the first international randomized controlled trial for multimodal prehabilitation",10.1186/s12885-018-5232-6,"BMC Cancer",2019-01-22,4,journal-article,"Springer Nature","Stefanus J van Rooijen - Radboud University Nijmegen; Stefanus J van Rooijen - Máxima Medisch Centrum; Francesco Carli - Montreal General Hospital; Francesco Carli - McGill University; Susanne Oksbjerg Dalton - Danish Cancer Society; Gwendolyn A Thomas - Máxima Medisch Centrum; Gwendolyn A Thomas - Radboud University Nijmegen; Rasmus Dahlin Bojesen - Zealand University Hospital Køge; Morgan Le Guen - Hôpital Foch; Nicolas Barizien - Hôpital Foch; Rashami Awasthi - Montreal General Hospital; Rashami Awasthi - McGill University; Enrico Maria Minnella - Montreal General Hospital; Enrico Maria Minnella - McGill University; Sandra Beijer - Netherlands Comprehensive Cancer Organisation; Graciela Martínez‐Palli - Hospital Clínic de Barcelona; Graciela Martínez‐Palli - Universitat de Barcelona; Graciela Martínez‐Palli - Consorci Institut D'Investigacions Biomediques August Pi I Sunyer; Rianne van Lieshout - Máxima Medisch Centrum; Rianne van Lieshout - Radboud University Nijmegen; Ismail Gögenür - Zealand University Hospital Køge; Carlo V Feo - University of Ferrara; Christoffer Johansen - Rigshospitalet; Celena Scheede‐Bergdahl - McGill University; Rudi M H Roumen - Radboud University Nijmegen; Rudi M H Roumen - Máxima Medisch Centrum; Goof Schep - Máxima Medisch Centrum; Goof Schep - Radboud University Nijmegen; Gerrit D Slooter - Máxima Medisch Centrum; Gerrit D Slooter - Radboud University Nijmegen",,
"Efficacy of anastrozole after tamoxifen in early breast cancer patients with chemotherapy‐induced ovarian function failure",10.1002/ijc.32093,"International Journal of Cancer",2019-01-16,2,journal-article,Wiley,"Irene E.G van Hellemond - Maastricht University; Ingeborg J H Vriens - Maastricht University; Petronella G.M Peer - Radboud University Nijmegen; Petronella G.M Peer - Radboud University Medical Center; Astrid C.P Swinkels - Netherlands Comprehensive Cancer Organisation; Carolien H Smorenburg - Medisch Centrum Alkmaar; Caroline Seynaeve - Erasmus MC Cancer Institute; Maurice J.C van der Sangen - Catharina Ziekenhuis; Maurice J.C van der Sangen - Radboud University Nijmegen; Judith R Kroep - Leiden University Medical Center; Hiltje de Graaf - Medisch Centrum Leeuwarden; Aafke H Honkoop - Isala; Frans Erdkamp - Zuyderland Medisch Centrum; Franchette W.P.J van den Berkmortel - Zuyderland Medisch Centrum; Maaike de Boer - Maastricht University; W Roos - Ziekenhuis Gelderse Vallei; Sabine C Linn - The Netherlands Cancer Institute; Alexander L.T Imholz - Deventer Ziekenhuis; Vivianne C G Tjan‐Heijnen - Maastricht University",,"0000-0001-5541-0347; 0000-0001-6775-7364; 0000-0002-0047-0948; 0000-0002-0835-8651; 0000-0002-1046-2634; 0000-0002-3935-7440; 0000-0002-4793-4666; 0000-0002-8066-2164; 0000-0003-1866-7367; 0000-0003-2671-1903"
"Factors associated with an adverse work outcome in breast cancer survivors 5–10 years after diagnosis: a cross-sectional study",10.1007/s11764-018-0731-7,"Journal of Cancer Survivorship",2019-01-14,1,journal-article,"Springer Nature","Sietske J Tamminga - University of Amsterdam; Sietske J Tamminga - Netherlands Center for Occupational Diseases; Sietske J Tamminga - Amsterdam University Medical Centers; Pieter Coenen - Vrije Universiteit Amsterdam; Pieter Coenen - Amsterdam University Medical Centers; Carmen Paalman - Oncode Institute; Carmen Paalman - The Netherlands Cancer Institute; Angela G E M de Boer - Amsterdam University Medical Centers; Angela G E M de Boer - University of Amsterdam; Angela G E M de Boer - Netherlands Center for Occupational Diseases; Neil K Aaronson - Oncode Institute; Neil K Aaronson - The Netherlands Cancer Institute; Hester S A Oldenburg - Oncode Institute; Hester S A Oldenburg - The Netherlands Cancer Institute; Flora E van Leeuwen - Oncode Institute; Flora E van Leeuwen - The Netherlands Cancer Institute; Allard J van der Beek - Vrije Universiteit Amsterdam; Allard J van der Beek - Amsterdam University Medical Centers; Saskia F A Duijts - Oncode Institute; Saskia F A Duijts - The Netherlands Cancer Institute; Michael Schaapveld - Oncode Institute; Michael Schaapveld - The Netherlands Cancer Institute",,
"Dermatofibrosarcoma Protuberans Re-excision and Recurrence Rates in the Netherlands Between 1989 and 2016",10.2340/00015555-3287,"Acta Dermato-Venereologica",2019-01-01,2,journal-article,"Medical Journals Sweden AB","C Lee - Erasmus MC Cancer Institute; Wei‐Chih Kan - Erasmus MC Cancer Institute; Sonia Gran - University of Nottingham; Marc A.M Mureau - Erasmus MC Cancer Institute; Hywel C Williams - University of Nottingham; Rubeta Matin - Churchill Hospital; Rubeta Matin - University of Oxford; R van den Bos - Erasmus MC Cancer Institute; Loes M Hollestein - Netherlands Comprehensive Cancer Organisation; Loes M Hollestein - Erasmus MC Cancer Institute",,
"Health-related Quality of Life in Cutaneous Lymphomas: Past, Present and Future",10.2340/00015555-3171,"Acta Dermato-Venereologica",2019-01-01,1,journal-article,"Medical Journals Sweden AB","Constanze Jonak - Medical University of Vienna; S Porkert - Medical University of Vienna; Simone Oerlemans - Netherlands Comprehensive Cancer Organisation; Evangelia Papadavid - National and Kapodistrian University of Athens; Kevin Molloy - NIHR Surgical Reconstruction and Microbiology Research Centre; Antonio Cozzio - Vienna General Hospital; Antonio Cozzio - Kantonsspital St. Gallen; Fabio Efficace - Center for Outcomes Research and Clinical Epidemiology; Julia Scarisbrick - NIHR Surgical Reconstruction and Microbiology Research Centre",,"0000-0002-2347-436X; 0000-0002-5065-5166; 0000-0002-7747-5712; 0000-0002-8011-4408; 0000-0002-8634-102X; 0000-0003-1595-7262"
"Minimally Invasive Versus Open Distal Pancreatectomy (LEOPARD)",10.1097/sla.0000000000002979,"Annals of Surgery",2019-01-01,4,journal-article,"Ovid Technologies (Wolters Kluwer Health)","Thijs de Rooij - University of Amsterdam; Thijs de Rooij - Amsterdam University Medical Centers; Jony van Hilst - University of Amsterdam; Jony van Hilst - Amsterdam University Medical Centers; Hjalmar van Santvoort - St. Antonius Ziekenhuis; Hjalmar van Santvoort - University Medical Center Utrecht; Djamila Boerma - St. Antonius Ziekenhuis; Djamila Boerma - University Medical Center Utrecht; Peter van den Boezem - Radboud University Medical Center; Peter van den Boezem - Radboud University Nijmegen; Freek Daams - Amsterdam University Medical Centers; Ronald M van Dam - Maastricht University; Ronald M van Dam - Universitätsklinikum Aachen; C Dejong - Maastricht University; C Dejong - Universitätsklinikum Aachen; Eino van Duyn - University of Amsterdam; Eino van Duyn - Amsterdam University Medical Centers; Eino van Duyn - University Hospital Southampton NHS Foundation Trust; Marcel G W Dijkgraaf - University of Amsterdam; Marcel G W Dijkgraaf - Amsterdam University Medical Centers; Casper H.J van Eijck - St. Antonius Ziekenhuis; Casper H.J van Eijck - University Medical Center Utrecht; Sebastiaan Festen - Radboud University Nijmegen; Sebastiaan Festen - Radboud University Medical Center; Michael F Gerhards - Radboud University Medical Center; Michael F Gerhards - Radboud University Nijmegen; Bas Groot Koerkamp - St. Antonius Ziekenhuis; Bas Groot Koerkamp - University Medical Center Utrecht; Ignace H J T de Hingh - Amsterdam University Medical Centers; Ignace H J T de Hingh - Netherlands Comprehensive Cancer Organisation; Geert Kazemier - Amsterdam University Medical Centers; Joost M Klaase - University Medical Center Groningen; Joost M Klaase - Netherlands Comprehensive Cancer Organisation; Ruben H de Kleine - Amsterdam University Medical Centers; Ruben H de Kleine - University Hospital Southampton NHS Foundation Trust; Ruben H de Kleine - University of Amsterdam; C van Laarhoven - Radboud University Medical Center; C van Laarhoven - Radboud University Nijmegen; Misha Luyer - Amsterdam University Medical Centers; Gijs A Patijn - University of Amsterdam; Gijs A Patijn - Amsterdam University Medical Centers; Pascal Steenvoorde - University of Amsterdam; Pascal Steenvoorde - Amsterdam University Medical Centers; Mustafa Suker - St. Antonius Ziekenhuis; Mustafa Suker - University Medical Center Utrecht; Mohammed Abu Hilal - University Medical Center Utrecht; Mohammed Abu Hilal - St. Antonius Ziekenhuis; Olivier R Busch - University of Amsterdam; Olivier R Busch - Amsterdam University Medical Centers; Marc G Besselink - University of Amsterdam; Marc G Besselink - Amsterdam University Medical Centers",,
"Improved survival for children and young adolescents with acute myeloid leukemia: a Dutch study on incidence, survival and mortality",10.1038/s41375-018-0314-7,Leukemia,2018-12-19,1,journal-article,"Springer Nature","Ardine Reedijk - Princess Máxima Center; Kim Klein - Amsterdam UMC Location Vrije Universiteit Amsterdam; J.W.W Coebergh - Erasmus MC; Leontien C.M Kremer - Princess Máxima Center; Avinash G Dinmohamed - Erasmus MC; Valérie de Haas - Princess Máxima Center; A Birgitta Versluijs - Princess Máxima Center; G.J Ossenkoppele - Amsterdam UMC Location Vrije Universiteit Amsterdam; H Berna Beverloo - Erasmus MC; Rob Pieters - Princess Máxima Center; C Michel Zwaan - Princess Máxima Center; Gertjan J.L Kaspers - Amsterdam UMC Location Vrije Universiteit Amsterdam; Henrike E Karim‐Kos - Netherlands Comprehensive Cancer Organisation",,"0000-0001-7716-8475; 0000-0002-0621-9957; 0000-0002-1241-5866; 0000-0002-1353-9166; 0000-0002-2419-3930; 0000-0002-4767-6716; 0000-0002-9794-1071; 0000-0003-0339-6816; 0000-0003-2280-7617; 0000-0003-2997-3570"
"Comparative effectiveness and safety of interventions for acute diarrhea and gastroenteritis in children: A systematic review and network meta-analysis",10.1371/journal.pone.0207701,"PLOS ONE",2018-12-05,12,journal-article,"Public Library of Science (PLoS)","Iván D Flórez - Department of Health Research; Iván D Flórez - Universidad de Antioquia; Iván D Flórez - McMaster University; Iván D Flórez - Impact; Areti‐Angeliki Veroniki - St. Michael's Hospital; Areti‐Angeliki Veroniki - University of Ioannina; Reem Al Khalifah - King Saud University; Juan José Yepes‐Nuñez - McMaster University; Juan José Yepes‐Nuñez - Impact; Juan José Yepes‐Nuñez - Department of Health Research; Juan José Yepes‐Nuñez - Universidad de Antioquia; Javier M Sierra - Universidad de Antioquia; Robin W.M Vernooij - Iberoamerican Cochrane Centre; Robin W.M Vernooij - Netherlands Comprehensive Cancer Organisation; Jorge Acosta‐Reyes - Universidad del Norte; Claudia Granados - Pontificia Universidad Javeriana; Giordano Pérez‐Gaxiola - Pediatric Hospital of Sinaloa; Carlos A Cuello‐García - Department of Health Research; Carlos A Cuello‐García - McMaster University; Carlos A Cuello‐García - Impact; Adriana M Zea - Universidad de Antioquia; Yuan Zhang - Department of Health Research; Yuan Zhang - McMaster University; Yuan Zhang - Impact; Naghmeh Foroutan - Department of Health Research; Naghmeh Foroutan - Programs for Assessment of Technology in Health Research Institute; Naghmeh Foroutan - McMaster University; Naghmeh Foroutan - Impact; Gordon Guyatt - McMaster University; Gordon Guyatt - Impact; Gordon Guyatt - Department of Health Research; Lehana Thabane - McMaster University; Lehana Thabane - Impact; Lehana Thabane - Department of Health Research",,
"Quality of clinical practice guidelines about red blood cell transfusion",10.1111/jebm.12330,"Journal of Evidence-Based Medicine",2018-12-03,2,journal-article,Wiley,"Robin W.M Vernooij - Netherlands Comprehensive Cancer Organisation; P Calle Fuentes - Universidad de Antofagasta; P Calle Fuentes - Iberoamerican Cochrane Centre; Ignasi Gich - Iberoamerican Cochrane Centre; Ignasi Gich - Centro de Investigación Biomédica en Red de Epidemiología y Salud Pública; Maria José Martínez‐Zapata - Centro de Investigación Biomédica en Red de Epidemiología y Salud Pública; Maria José Martínez‐Zapata - Iberoamerican Cochrane Centre; Maria José Martínez‐Zapata - Universitat Autònoma de Barcelona; Xavier Bonfill - Iberoamerican Cochrane Centre; Xavier Bonfill - Centro de Investigación Biomédica en Red de Epidemiología y Salud Pública; Xavier Bonfill - Universitat Autònoma de Barcelona; Pablo Alonso‐Coello - Centro de Investigación Biomédica en Red de Epidemiología y Salud Pública; Pablo Alonso‐Coello - Iberoamerican Cochrane Centre",,"0000-0001-5734-4566; 0000-0002-5836-1138; 0000-0002-8001-8504; 0000-0003-1530-3509; 0000-0003-3975-6588"
"Methods for trustworthy nutritional recommendations NutriRECS (Nutritional Recommendations and accessible Evidence summaries Composed of Systematic reviews): a protocol",10.1186/s12874-018-0621-8,"BMC Medical Research Methodology",2018-12-01,1,journal-article,"Springer Nature","Bradley C Johnston - Dalhousie University; Pablo Alonso‐Coello - McMaster University; Pablo Alonso‐Coello - Impact; Małgorzata M Bała - Jagiellonian University; Dena Zeraatkar - McMaster University; Dena Zeraatkar - Impact; Montserrat Rabassa - Iberoamerican Cochrane Centre; Claudia Valli - Iberoamerican Cochrane Centre; Regina El Dib - Dalhousie University; Robin W.M Vernooij - Netherlands Comprehensive Cancer Organisation; Per Olav Vandvik - University of Oslo; Gordon Guyatt - McMaster University; Gordon Guyatt - Impact",,"0000-0001-5734-4566; 0000-0001-8872-8626; 0000-0001-8958-2710; 0000-0002-0276-6726; 0000-0002-4081-803X; 0000-0002-4393-3690; 0000-0002-8001-8504; 0000-0003-1978-7264; 0000-0003-2352-5718; 0000-0003-4287-0541"
"Variation in Integrated Head and Neck Cancer Care: Impact of Patient and Hospital Characteristics",10.6004/jnccn.2018.7061,"Journal of the National Comprehensive Cancer Network",2018-12-01,1,journal-article,"Harborside Press, LLC","L.F.J van Overveld - Radboud University Nijmegen; L.F.J van Overveld - Radboud University Medical Center; Robert P Takes - Radboud University Nijmegen; Robert P Takes - Radboud University Medical Center; Robert P Takes - University Medical Center; Jozé Braspenning - Federal State Budgetary Institution ""Center for Expertise and Quality Control of Medical Care""; Robert J Baatenburg de Jong - Radboud University Nijmegen; Robert J Baatenburg de Jong - Radboud University Medical Center; Jan Paul de Boer - Radboud University Nijmegen; Jan Paul de Boer - Radboud University Medical Center; John J.A Brouns - Rijnstate Hospital; Rolf J Bun - Noordwest Ziekenhuisgroep; Eric A Dik - University Medical Center; Eric A Dik - Maastricht University; Boukje A C van Dijk - University of Groningen; Boukje A C van Dijk - University Medical Center Groningen; Boukje A C van Dijk - Netherlands Comprehensive Cancer Organisation; Robert J.J van Es - Radboud University Nijmegen; Robert J.J van Es - Radboud University Medical Center; Frank Hoebers - Maastro Clinic; Frank Hoebers - Maastricht University Medical Centre; Barry Kolenaar - Medisch Spectrum Twente; A Kropveld - Radboud University Nijmegen; A Kropveld - Radboud University Medical Center; Ton P M Langeveld - Leiden University Medical Center; Hendrik P Verschuur - Bronovo Hospital; Jan G.A.M de Visscher - Medisch Centrum Leeuwarden; Stijn van Weert - Amsterdam UMC Location Vrije Universiteit Amsterdam; Max J H Witjes - University Medical Center Groningen; Max J H Witjes - University of Groningen; Ludi E Smeele - The Netherlands Cancer Institute; Ludi E Smeele - Academic Center for Dentistry Amsterdam; Ludi E Smeele - Amsterdam UMC Location University of Amsterdam; Matthias A.W Merkx - Radboud University Nijmegen; Matthias A.W Merkx - Radboud University Medical Center; Rosella Hermens - Federal State Budgetary Institution ""Center for Expertise and Quality Control of Medical Care""",,"0000-0001-5404-1041; 0000-0001-5984-4716; 0000-0001-6218-6128; 0000-0001-7236-264X; 0000-0001-7624-7120; 0000-0001-8757-256X; 0000-0002-0687-9760; 0000-0002-4135-3246; 0000-0002-4246-5899; 0000-0002-4317-9181; 0000-0002-7759-7461; 0000-0002-8527-3686; 0000-0002-9961-4760; 0000-0003-0800-0630; 0000-0003-4784-0499"
"Intensive treatment and trial participation in elderly acute myeloid leukemia patients: A population-based analysis in The Netherlands",10.1016/j.canep.2018.09.007,"Cancer Epidemiology",2018-12-01,1,journal-article,"Elsevier BV","Burak Kalin - Erasmus MC Cancer Institute; Esther N Pijnappel - Maastricht University; Michel van Gelder - Maastricht University; Otto Visser - Netherlands Comprehensive Cancer Organisation; Arjan A van de Loosdrecht - Amsterdam University Medical Centers; Arjan A van de Loosdrecht - Cancer Center Amsterdam; Gert J Ossenkoppele - Amsterdam University Medical Centers; Gert J Ossenkoppele - Cancer Center Amsterdam; Jan J Cornelissen - Erasmus MC Cancer Institute; Avinash G Dinmohamed - Erasmus MC; Avinash G Dinmohamed - Erasmus MC Cancer Institute; Avinash G Dinmohamed - Netherlands Comprehensive Cancer Organisation; Mojca Jongen‐Lavrencic - Erasmus MC Cancer Institute",,
"Patients’ information coping styles influence the benefit of a survivorship care plan in the ROGY Care Trial: New insights for tailored delivery",10.1002/cncr.31844,Cancer,2018-11-30,3,journal-article,Wiley,"Belle H de Rooij - Netherlands Comprehensive Cancer Organisation; Belle H de Rooij - Tilburg University; Nicole P M Ezendam - Netherlands Comprehensive Cancer Organisation; M Caroline Vos - Elisabeth-TweeSteden Ziekenhuis; Johanna M.A Pijnenborg - Radboud University Nijmegen; Johanna M.A Pijnenborg - Radboud University Medical Center; Dorry Boll - Radboud University Nijmegen; Roy F.P.M Kruitwagen - Maastricht University; Dorry Boll - Catharina Ziekenhuis; Nicole P M Ezendam - Tilburg University; Lonneke V van de Poll‐Franse - Tilburg University; Lonneke V van de Poll‐Franse - The Netherlands Cancer Institute; Lonneke V van de Poll‐Franse - Netherlands Comprehensive Cancer Organisation",,
"Ten-year recurrence rates for breast cancer subtypes in the Netherlands: A large population-based study",10.1002/ijc.31914,"International Journal of Cancer",2018-11-28,15,journal-article,Wiley,"Marissa C van Maaren - Netherlands Comprehensive Cancer Organisation; Marissa C van Maaren - University of Twente; Linda de Munck - Netherlands Comprehensive Cancer Organisation; Linda de Munck - University Medical Center Groningen; Linda de Munck - University of Groningen; Luc J A Strobbe - Canisius-Wilhelmina Ziekenhuis; Gabe S Sonke - The Netherlands Cancer Institute; Marjolein L Smidt - Maastricht University Medical Centre; Philip Poortmans - Institut Curie; Sabine Siesling - Netherlands Comprehensive Cancer Organisation; Sabine Siesling - University of Twente",,
"Immediate treatment vs. active-surveillance in very-low-risk prostate cancer: the role of patient-, tumour-, and hospital-related factors",10.1038/s41391-018-0109-y,"Prostate Cancer and Prostatic Diseases",2018-11-14,1,journal-article,"Springer Nature","Hanneke Jansen - Netherlands Comprehensive Cancer Organisation; Inge M van Oort - Radboud University Nijmegen; Inge M van Oort - Radboud University Medical Center; George van Andel - OLVG; Bart P Wijsman - Elisabeth-TweeSteden Ziekenhuis; Floris J Pos - The Netherlands Cancer Institute; Maarten C.C.M Hulshof - Amsterdam UMC Location University of Amsterdam; Christina A Hulsbergen‐van de Kaa - Radboud University Nijmegen; Christina A Hulsbergen‐van de Kaa - Radboud University Medical Center; Geert J.L.H van Leenders - Erasmus MC; Jurgen J Fütterer - Radboud University Nijmegen; Jurgen J Fütterer - Radboud University Medical Center; D.M Somford - Canisius-Wilhelmina Ziekenhuis; Martijn B Busstra - Erasmus MC; R Jeroen A van Moorselaar - Amsterdam University Medical Centers; Lambertus A Kiemeney - Radboud University Nijmegen; Lambertus A Kiemeney - Radboud University Medical Center; Katja K.H Aben - Radboud University Nijmegen; Katja K.H Aben - Radboud University Medical Center",,"0000-0001-5054-3036; 0000-0001-5240-3467; 0000-0001-6800-2879; 0000-0002-0214-2147; 0000-0002-0903-4149; 0000-0002-2368-1326; 0000-0002-2559-9254; 0000-0002-8002-1869; 0000-0002-8592-1436; 0000-0003-2176-9102"
"Clinical management of spinal metastases—The Dutch national guideline",10.1016/j.ejca.2018.08.028,"European Journal of Cancer",2018-11-01,2,journal-article,"Elsevier BV","L Bollen - University of Amsterdam; L Bollen - Amsterdam University Medical Centers; P D S Dijkstra - Leiden University Medical Center; Ronald Bartels - Radboud University Nijmegen; Ronald Bartels - Radboud University Medical Center; Alexander de Graeff - University Medical Center Utrecht; D L H Poelma - Radiotherapeutisch Instituut Friesland; Paul R Algra - Medisch Centrum Alkmaar; Jos M.A Kuijlen - University Medical Center Groningen; Monique C Minnema - Cancer Genomics Centre; Monique C Minnema - University Medical Center Utrecht; Claudia M Nijboer - Amsterdam University Medical Centers; Tebbe Sluis - Codarts Rotterdam; Michel Terheggen - Rijnstate Hospital; Alexandra C.M van der Togt-van Leeuwen - Netherlands Comprehensive Cancer Organisation; Yvette M van der Linden - Leiden University Medical Center; Walter Taal - Erasmus MC Cancer Institute",,"0000-0001-5368-757X; 0000-0002-3139-8379; 0000-0002-5530-7259; 0000-0002-8638-4660; 0000-0002-9003-6124"
"Personalized management of elderly patients with rectal cancer: Expert recommendations of the European Society of Surgical Oncology, European Society of Coloproctology, International Society of Geriatric Oncology, and American College of Surgeons Commission on Cancer",10.1016/j.ejso.2018.08.003,"European Journal of Surgical Oncology (EJSO)",2018-11-01,2,journal-article,"Elsevier BV","Isacco Montroni - Ospedale per gli Infermi; Giampaolo Ugolini - Ospedale per gli Infermi; Giampaolo Ugolini - University of Bologna; Nicole M Saur - University of Pennsylvania; Antonino Spinelli - Humanitas University; Siri Rostoft - Oslo University Hospital; Siri Rostoft - University of Oslo; Mónica Millán - Hospital Universitari Joan XXIII de Tarragona; Albert Wolthuis - KU Leuven; I R Daniels - Exeter Hospital; I R Daniels - Royal Devon and Exeter Hospital; Roel Hompes - University of Amsterdam; Marta Penna - Churchill Hospital; Marta Penna - University of Oxford; Alois Fürst - Caritas-Krankenhaus St. Josef; Avni M Desai - Memorial Sloan Kettering Cancer Center; Stefano Cascinu - University of Modena and Reggio Emilia; Jean‐Pierre Gérard - Université Côte d'Azur; Jean‐Pierre Gérard - Centre Antoine Lacassagne; Arthur Sun Myint - Clatterbridge Cancer Centre NHS Foundation Trust; V.E.P.P Lemmens - Erasmus MC; V.E.P.P Lemmens - Netherlands Comprehensive Cancer Organisation; Mariana Berho - Cleveland Clinic Florida; Mark Lawler - Queen's University Belfast; Nicola de Liguori Carino - Manchester Royal Infirmary; Nicola de Liguori Carino - University of Manchester; Fabio Potenti - Cleveland Clinic Florida; Oriana Nanni - Istituto Scientifico Romagnolo per lo Studio e la Cura dei Tumori; Oriana Nanni - Istituti di Ricovero e Cura a Carattere Scientifico; Mattia Altini - Istituto Scientifico Romagnolo per lo Studio e la Cura dei Tumori; Mattia Altini - Istituti di Ricovero e Cura a Carattere Scientifico; Geerard L Beets - The Netherlands Cancer Institute; H.J.T Rutten - Radboud University Nijmegen; H.J.T Rutten - Catharina Ziekenhuis; David P Winchester - American College of Surgeons; Steven D Wexner - Cleveland Clinic Florida; Riccardo A Audisio - Sahlgrenska University Hospital",,
"Cancer incidence and mortality patterns in Europe: Estimates for 40 countries and 25 major cancers in 2018",10.1016/j.ejca.2018.07.005,"European Journal of Cancer",2018-11-01,35,journal-article,"Elsevier BV","Jacques Ferlay - Centre international de recherche sur le cancer; Murielle Colombet - Centre international de recherche sur le cancer; Isabelle Soerjomataram - Centre international de recherche sur le cancer; T Dyba - Joint Research Centre; Giorgia Randi - Joint Research Centre; Manola Bettio - Joint Research Centre; Anna Gavin - The Northern Ireland Cancer Centre; Otto Visser - Netherlands Comprehensive Cancer Organisation; Freddie Bray - Centre international de recherche sur le cancer",,
"Intravesical Radiofrequency-Induced Chemohyperthermia for Carcinoma in Situ of the Urinary Bladder: A Retrospective Multicentre Study",10.3233/blc-180187,"Bladder Cancer",2018-10-29,2,journal-article,"IOS Press","F Johannes P van Valenberg - Radboud University Nijmegen; F Johannes P van Valenberg - Radboud University Medical Center; Amir Kajtazovic - Radboud University Medical Center; Amir Kajtazovic - Radboud University Nijmegen; G Canepa - Ente Ospedaliero Ospedali Galliera; Gerson Lüdecke - Justus-Liebig-Universität Gießen; Jill-Isabel Kilb - Justus-Liebig-Universität Gießen; Katja K.H Aben - Radboud University Nijmegen; Katja K.H Aben - Radboud University Medical Center; Katja K.H Aben - Netherlands Comprehensive Cancer Organisation; Ofer Nativ - Bnai Zion Medical Center; Sanjeev Madaan - Darent Valley Hospital; Benjamin Ayres - Darent Valley Hospital; Rami Issa - St George's Hospital; J Alfred Witjes - Radboud University Nijmegen; J Alfred Witjes - Radboud University Medical Center",,
"Financial toxicity is more than costs of care: the relationship between employment and financial toxicity in long-term cancer survivors",10.1007/s11764-018-0723-7,"Journal of Cancer Survivorship",2018-10-24,3,journal-article,"Springer Nature","Alison Pearce - University of Technology Sydney; Bianca Tomalin - Flinders University; Billingsley Kaambwa - Flinders University; Nicole Horevoorts - Tilburg University; Saskia F A Duijts - Vrije Universiteit Amsterdam; Saskia F A Duijts - Amsterdam University Medical Centers; Floortje Mols - Tilburg University; Lonneke V van de Poll‐Franse - Tilburg University; Bogda Koczwara - Flinders University",,
"Targeting Exercise Interventions to Patients With Cancer in Need: An Individual Patient Data Meta-Analysis",10.1093/jnci/djy161,"JNCI Journal of the National Cancer Institute",2018-10-09,2,journal-article,"Oxford University Press (OUP)","Laurien M Buffart - Vrije Universiteit Amsterdam; Laurien M Buffart - Amsterdam University Medical Centers; Maike G Sweegers - Vrije Universiteit Amsterdam; Maike G Sweegers - Amsterdam University Medical Centers; Anne M May - University Medical Center Utrecht; Anne M May - Utrecht University; Mai J M Chinapaw - Vrije Universiteit Amsterdam; Mai J M Chinapaw - Amsterdam University Medical Centers; Jonna K van Vulpen - University Medical Center Utrecht; Jonna K van Vulpen - Utrecht University; Robert U Newton - Edith Cowan University; Daniel A Galvão - Edith Cowan University; Neil K Aaronson - Vrije Universiteit Amsterdam; Neil K Aaronson - Amsterdam University Medical Centers; Martijn M Stuiver - The Netherlands Cancer Institute; Paul B Jacobsen - National Cancer Institute; Irma M Verdonck‐de Leeuw - Vrije Universiteit Amsterdam; Karen Steindorf - German Cancer Research Center; Karen Steindorf - Heidelberg University; Karen Steindorf - National Center for Tumor Diseases; Melinda L Irwin - Yale University; Sandra C Hayes - Queensland University of Technology; Kathleen A Griffith - George Washington University; Alejandro Lucía - Universidad Europea de Madrid; Ilse Mesters - Maastricht University; Ellen van Weert - University Medical Center Groningen; Ellen van Weert - University of Groningen; Hans Knoop - University of Amsterdam; Hans Knoop - Amsterdam University Medical Centers; Martine M Goedendorp - University Medical Center Groningen; Martine M Goedendorp - Vrije Universiteit Amsterdam; Martine M Goedendorp - University of Groningen; Nanette Mutrie - University of Edinburgh; Amanda Daley - Loughborough University; Alex McConnachie - University of Glasgow; Martin Bohus - Heidelberg University; Martin Bohus - University of Antwerp; Martin Bohus - Central Institute of Mental Health; Lene Thorsen - Oslo University Hospital; Karl-Heinz Schulz - University Medical Center Hamburg-Eppendorf; Karl-Heinz Schulz - Universität Hamburg; Camille E Short - Adelaide University; Camille E Short - Freemasons Foundation Centre for Men's Health; Erica L James - Vrije Universiteit Amsterdam; Erica L James - Amsterdam University Medical Centers; Ronald C Plotnikoff - University of Newcastle Australia; Gill Arbane - Guy's and St Thomas' NHS Foundation Trust; Martina E Schmidt - National Center for Tumor Diseases; Martina E Schmidt - German Cancer Research Center; Martina E Schmidt - Heidelberg University; Karin Potthoff - National Center for Tumor Diseases; Karin Potthoff - Heidelberg University; Karin Potthoff - University Hospital Heidelberg; Marc van Beurden - The Netherlands Cancer Institute; Hester S A Oldenburg - The Netherlands Cancer Institute; Gabe S Sonke - The Netherlands Cancer Institute; Wim H van Harten - University of Twente; Wim H van Harten - The Netherlands Cancer Institute; Rachel Garrod - King's College London; Kathryn H Schmitz - Pennsylvania State University; Kerri M Winters‐Stone - Oregon Health & Science University; Miranda J Velthuis - National Center for Tumor Diseases; Miranda J Velthuis - Heidelberg University; Miranda J Velthuis - University Hospital Heidelberg; Miranda J Velthuis - Pennsylvania State University; Miranda J Velthuis - Netherlands Comprehensive Cancer Organisation; Dennis R Taaffe - Edith Cowan University; Willem van Mechelen - Vrije Universiteit Amsterdam; Willem van Mechelen - Amsterdam University Medical Centers; Marie José Kersten - University of Amsterdam; Marie José Kersten - Amsterdam University Medical Centers; Frans Nollet - University of Amsterdam; Frans Nollet - Amsterdam University Medical Centers; Jennifer Wenzel - Sidney Kimmel Comprehensive Cancer Center; Jennifer Wenzel - Johns Hopkins University; Joachim Wiskemann - Vrije Universiteit Amsterdam; Joachim Wiskemann - Amsterdam University Medical Centers; Johannes Brug - University of Amsterdam; Kerry S Courneya - University of Alberta",,"0000-0001-5215-5651; 0000-0001-6259-2441; 0000-0001-6381-1597; 0000-0001-7136-6382; 0000-0001-7571-0304; 0000-0001-7763-3517; 0000-0001-8088-9628; 0000-0001-8626-1401; 0000-0001-9252-0836; 0000-0001-9580-0489; 0000-0002-0880-3604; 0000-0002-1904-7349; 0000-0002-2095-2426; 0000-0002-2382-2133; 0000-0002-2847-9995; 0000-0002-3763-8273; 0000-0002-4177-4251; 0000-0002-4427-8800; 0000-0002-4507-4607; 0000-0002-4866-8726; 0000-0002-5018-6398; 0000-0002-5565-0997; 0000-0002-5971-5436; 0000-0002-7005-5184; 0000-0002-7262-7000; 0000-0002-7794-7767; 0000-0002-7857-5475; 0000-0002-8095-436X; 0000-0002-8209-2281; 0000-0002-8904-3802; 0000-0002-9677-3918; 0000-0003-0302-6129; 0000-0003-0605-6286; 0000-0003-0643-3790; 0000-0003-1015-9624; 0000-0003-1706-8020; 0000-0003-2091-2018; 0000-0003-2400-2935; 0000-0003-2574-4850; 0000-0003-2809-3475; 0000-0003-4892-4061; 0009-0006-4920-8437"
"Surgical margins in squamous cell carcinoma, different for the vulva?",10.1016/j.ejso.2018.05.031,"European Journal of Surgical Oncology (EJSO)",2018-10-01,2,journal-article,"Elsevier BV","Noortje Pleunis - Elisabeth-TweeSteden Ziekenhuis; Noortje Pleunis - Radboud University Nijmegen; Noortje Pleunis - Radboud University Medical Center; Maria E.J Leermakers - Elisabeth-TweeSteden Ziekenhuis; Anneke A van der Wurff - Elisabeth-TweeSteden Ziekenhuis; Paul J J M Klinkhamer - PAMM; Nicole P M Ezendam - Eindhoven Cancer Registry; Nicole P M Ezendam - Tilburg University; Dorry Boll - Catharina Ziekenhuis; Dorry Boll - Radboud University Nijmegen; Joanne A de Hullu - Radboud University Nijmegen; Joanne A de Hullu - Radboud University Medical Center; Johanna M.A Pijnenborg - Elisabeth-TweeSteden Ziekenhuis; Johanna M.A Pijnenborg - Radboud University Nijmegen; Johanna M.A Pijnenborg - Radboud University Medical Center",,
"An overview of 25 years of incidence, treatment and outcome of colorectal cancer patients",10.1002/ijc.31785,"International Journal of Cancer",2018-09-29,2,journal-article,Wiley,"Nelleke P.M Brouwer - Radboud University Nijmegen; Nelleke P.M Brouwer - Radboud University Medical Center; Amanda C R K Bos - Netherlands Comprehensive Cancer Organisation; V.E.P.P Lemmens - Netherlands Comprehensive Cancer Organisation; V.E.P.P Lemmens - Erasmus MC; Pieter J Tanis - Amsterdam UMC Location University of Amsterdam; Niek Hugen - Radboud University Nijmegen; Niek Hugen - Radboud University Medical Center; Irıs D Nagtegaal - Radboud University Nijmegen; Irıs D Nagtegaal - Radboud University Medical Center; Johannes H.W de Wilt - Radboud University Nijmegen; Johannes H.W de Wilt - Radboud University Medical Center; Rob H.A Verhoeven - Radboud University Nijmegen; Rob H.A Verhoeven - Radboud University Medical Center; Rob H.A Verhoeven - Netherlands Comprehensive Cancer Organisation",,"0000-0001-6773-9668; 0000-0001-7967-7791; 0000-0001-9678-1611; 0000-0002-2157-1561; 0000-0002-2268-9668; 0000-0002-3146-3310; 0000-0002-4109-5734; 0000-0003-0887-4127"
"Social consequences of advanced cancer in patients and their informal caregivers: a qualitative study",10.1007/s00520-018-4437-1,"Supportive Care in Cancer",2018-09-13,1,journal-article,"Springer Nature","Janneke van Roij - Netherlands Comprehensive Cancer Organisation; Linda Brom - Netherlands Comprehensive Cancer Organisation; Maggy Youssef-El Soud - Radboud University Nijmegen; Maggy Youssef-El Soud - Máxima Medisch Centrum; Lonneke V van de Poll‐Franse - Netherlands Comprehensive Cancer Organisation; Natasja Raijmakers - Netherlands Comprehensive Cancer Organisation",,"0000-0002-3000-2520; 0000-0003-0413-6872; 0000-0003-0787-3018; 0009-0004-5699-9674"
"Prolonging the duration of post-infusion scalp cooling in the prevention of anthracycline-induced alopecia: a randomised trial in patients with breast cancer treated with adjuvant chemotherapy",10.1007/s00520-018-4432-6,"Supportive Care in Cancer",2018-09-11,2,journal-article,"Springer Nature","M.M.C Komen - Medisch Centrum Alkmaar; Corina van den Hurk - Netherlands Comprehensive Cancer Organisation; J.W.R Nortier - Leiden University Medical Center; Tjeerd van der Ploeg - Inholland University of Applied Sciences; Jacobus J M van der Hoeven - Radboud University Nijmegen; Jacobus J M van der Hoeven - Radboud University Medical Center; Carolien H Smorenburg - The Netherlands Cancer Institute",,
"Scopolaminebutyl given prophylactically for death rattle: study protocol of a randomized double-blind placebo-controlled trial in a frail patient population (the SILENCE study)",10.1186/s12904-018-0359-4,"BMC Palliative Care",2018-09-07,5,journal-article,"Springer Nature","Harriëtte J van Esch - Erasmus MC Cancer Institute; Lia van Zuylen - Erasmus MC Cancer Institute; Esther Oomen‐de Hoop - Erasmus MC Cancer Institute; Agnes van der Heide - Erasmus University Rotterdam; Agnes van der Heide - Erasmus MC; Carin C.D van der Rijt - Erasmus MC Cancer Institute",,
"Prostate cancer screening with prostate-specific antigen (PSA) test: a clinical practice guideline",10.1136/bmj.k3581,BMJ,2018-09-05,3,journal-article,BMJ,"Kari A.O Tikkinen - Helsinki University Hospital; Kari A.O Tikkinen - University of Helsinki; Philipp Dahm - Minneapolis VA Medical Center; Lyubov Lytvyn - McMaster University; Lyubov Lytvyn - Impact; Anja Fog Heen - Innlandet Hospital Trust; Robin W.M Vernooij - Netherlands Comprehensive Cancer Organisation; Reed Siemieniuk - McMaster University; Reed Siemieniuk - Impact; Russell Wheeler - Cochrane; Marco H Blanker - University Medical Center Groningen; Marco H Blanker - University of Groningen; Noelle Perron Junod - University Hospital of Geneva; Johanna Sommer - University of Geneva; Jérôme Stirnemann - University Hospital of Geneva; Manabu Yoshimura - University of Miyazaki; Reto Auer - University of Bern; Reto Auer - University of Lausanne; Gordon Guyatt - McMaster University; Gordon Guyatt - Impact; Per Olav Vandvik - Innlandet Hospital Trust; Helen Macdonald - BMJ; Philipp Dahm - University of Minnesota; Thomas Agoritsas - McMaster University; Thomas Agoritsas - Impact; Thomas Agoritsas - University Hospital of Geneva",,
"Effects and moderators of exercise on muscle strength, muscle function and aerobic fitness in patients with cancer: a meta-analysis of individual patient data",10.1136/bjsports-2018-099191,"British Journal of Sports Medicine",2018-09-04,5,journal-article,BMJ,"Maike G Sweegers - Amsterdam University Medical Centers; Teatske M Altenburg - Amsterdam University Medical Centers; Johannes Brug - University of Amsterdam; Anne M May - University Medical Center Utrecht; Anne M May - Utrecht University; Anne M May - Oklahoma State University Center for Health Sciences; Jonna K van Vulpen - University Medical Center Utrecht; Jonna K van Vulpen - Utrecht University; Jonna K van Vulpen - Oklahoma State University Center for Health Sciences; Neil K Aaronson - The Netherlands Cancer Institute; Gill Arbane - Guy's and St Thomas' NHS Foundation Trust; Sandra C Hayes - Institute of Public Health; Sandra C Hayes - Queensland University of Technology; F Herrero - Fundación para la Investigación, Docencia y Prevención del Cáncer; Marie José Kersten - Amsterdam University Medical Centers; Alejandro Lucía - EU Business School, Geneva; Alex McConnachie - University of Glasgow; Willem van Mechelen - Amsterdam University Medical Centers; Nanette Mutrie - University of Edinburgh; Robert U Newton - Edith Cowan University; Frans Nollet - University of Amsterdam; Frans Nollet - Amsterdam University Medical Centers; Karin Potthoff - National Center for Tumor Diseases; Karin Potthoff - Heidelberg University; Karin Potthoff - University Hospital Heidelberg; Martina E Schmidt - National Center for Tumor Diseases; Martina E Schmidt - German Cancer Research Center; Kathryn H Schmitz - Cancer Institute (WIA); Kathryn H Schmitz - Pennsylvania State University; Karl‐Heinz Schulz - University Medical Center Hamburg-Eppendorf; Karl‐Heinz Schulz - Universität Hamburg; Karl‐Heinz Schulz - Institute for Sports Medicine; Gabe S Sonke - The Netherlands Cancer Institute; Karen Steindorf - National Center for Tumor Diseases; Karen Steindorf - German Cancer Research Center; Martijn M Stuiver - Quality of Life Research Center; Rachel Garrod - King's College London; Dennis R Taaffe - Edith Cowan University; Lene Thorsen - Oslo University Hospital; Jos W R Twisk - Amsterdam University Medical Centers; Miranda J Velthuis - Netherlands Comprehensive Cancer Organisation; Jennifer Wenzel - Sidney Kimmel Comprehensive Cancer Center; Jennifer Wenzel - Johns Hopkins University; Kerri M Winters‐Stone - Oregon Health & Science University; Kerri M Winters‐Stone - Cancer Institute (WIA); Martijn M Stuiver - The Netherlands Cancer Institute; Martin Bohus - Faculty of Public Health; Martin Bohus - Central Institute of Mental Health; Martin Bohus - University of Antwerp; Kerry S Courneya - University of Alberta; Amanda Daley - Center for Health, Exercise and Sport Sciences; Amanda Daley - Loughborough University; Daniel A Galvão - Edith Cowan University; Kathleen A Griffith - George Washington University; Wim H van Harten - The Netherlands Cancer Institute; Wim H van Harten - University of Twente; Joachim Wiskemann - National Center for Tumor Diseases; Joachim Wiskemann - Heidelberg University; Joachim Wiskemann - University Hospital Heidelberg; Joachim Wiskemann - Pennsylvania State University; Joachim Wiskemann - Cancer Institute (WIA); Mai J M Chinapaw - Amsterdam University Medical Centers; Laurien M Buffart - Edith Cowan University; Laurien M Buffart - Amsterdam University Medical Centers",,
"Values and preferences of men for undergoing prostate-specific antigen screening for prostate cancer: a systematic review",10.1136/bmjopen-2018-025470,"BMJ Open",2018-09-01,1,journal-article,BMJ,"Robin W.M Vernooij - Netherlands Comprehensive Cancer Organisation; Lyubov Lytvyn - McMaster University; Héctor Pardo‐Hernández - Iberoamerican Cochrane Centre; Loai Albarqouni - Bond University; Carlos Canelo‐Aybar - Iberoamerican Cochrane Centre; Carlos Canelo‐Aybar - Peruvian University of Applied Sciences; Karen Campbell - McMaster University; Thomas Agoritsas - University Hospital of Geneva; Thomas Agoritsas - McMaster University",,
"Optimistic, realistic, and pessimistic illness perceptions; quality of life; and survival among 2457 cancer survivors: the population‐based PROFILES registry",10.1002/cncr.31634,Cancer,2018-09-01,1,journal-article,Wiley,"Belle H de Rooij - Tilburg University; Belle H de Rooij - Netherlands Comprehensive Cancer Organisation; Melissa S Y Thong - Amsterdam UMC Location University of Amsterdam; Melissa S Y Thong - University of Amsterdam; Janneke van Roij - Netherlands Comprehensive Cancer Organisation; Cynthia S Bonhof - Netherlands Comprehensive Cancer Organisation; Olga Husson - Royal Marsden NHS Foundation Trust; Olga Husson - Institute of Cancer Research; Nicole P M Ezendam - Tilburg University; Nicole P M Ezendam - Netherlands Comprehensive Cancer Organisation",,"0000-0002-0172-0857; 0000-0002-1387-8686; 0000-0002-6987-705X; 0000-0002-7365-5353; 0000-0003-0787-3018"
"Oncologic treatment strategies and relative survival of patients with stage I–III rectal cancer - A EURECCA international comparison between the Netherlands, Belgium, Denmark, Sweden, England, Ireland, Spain, and Lithuania",10.1016/j.ejso.2018.05.025,"European Journal of Surgical Oncology (EJSO)",2018-09-01,1,journal-article,"Elsevier BV","A.J Breugom - Leiden University Medical Center; Esther Bastiaannet - Leiden University Medical Center; Petra G Boelens - Leiden University Medical Center; Lene Hjerrild Iversen - Nordic Lymphoma Group; Lene Hjerrild Iversen - Aarhus University Hospital; Anna Martling - Karolinska Institutet; Robert Johansson - Umeå University; T Evans - Public Health England; S Lawton - Public Health England; Katie M O’Brien - National Cancer Registry; Héctor Ortiz - Universidad de Navarra; Héctor Ortiz - Universidad Publica de Navarra; Rasa Jančiauskienė - Lithuanian University of Health Sciences; Olaf M Dekkers - Leiden University Medical Center; H.J.T Rutten - Radboud University Nijmegen; H.J.T Rutten - Catharina Ziekenhuis; H.J.T Rutten - Maastricht University; Gerrit‐Jan Liefers - Leiden University Medical Center; V.E.P.P Lemmens - Erasmus MC; V.E.P.P Lemmens - Netherlands Comprehensive Cancer Organisation; Cornelis J.�H van de Velde - Leiden University Medical Center",,
"The Dutch national guideline on metastases and hematological malignancies localized within the spine; a multidisciplinary collaboration towards timely and proactive management",10.1016/j.ctrv.2018.05.013,"Cancer Treatment Reviews",2018-09-01,2,journal-article,"Elsevier BV","Karlijn H.J Groenen - Radboud University Nijmegen; Karlijn H.J Groenen - Radboud University Medical Center; Karlijn H.J Groenen - Radboud Institute for Molecular Life Sciences; Yvette M van der Linden - Leiden University Medical Center; P D S Dijkstra - Leiden University Medical Center; Alexander de Graeff - University Medical Center Utrecht; Paul R Algra - Medisch Centrum Alkmaar; Jos M.A Kuijlen - University Medical Center Groningen; Monique C Minnema - Cancer Genomics Centre; Monique C Minnema - University Medical Center Utrecht; Claudia M Nijboer - Amsterdam University Medical Centers; D L H Poelma - Radiotherapeutisch Instituut Friesland; Tebbe Sluis - Codarts Rotterdam; Michel Terheggen - Rijnstate Hospital; Alexandra C.M van der Togt-van Leeuwen - Netherlands Comprehensive Cancer Organisation; Ronald Bartels - Radboud University Nijmegen; Ronald Bartels - Radboud University Medical Center; Walter Taal - Erasmus MC Cancer Institute",,
"α-Blockers for uncomplicated ureteric stones: a clinical practice guideline",10.1111/bju.14457,"BJU International",2018-08-31,4,journal-article,Wiley,"Mieke Vermandere - KU Leuven; Ton Kuijpers - Dutch College of General Practitioners; Jako Burgers - Dutch College of General Practitioners; Jako Burgers - Maastricht University; Ilkka Kunnamo - Finnish Medical Society Duodecim; Ilkka Kunnamo - University of Helsinki; Jan van Lieshout - Radboud University Medical Center; Jan van Lieshout - Radboud University Nijmegen; Emma Wallace - Royal College of Surgeons in Ireland; Elizabeth Schoenfeld - University of Massachusetts Chan Medical School; Elizabeth Schoenfeld - Baystate Health; Reed Siemieniuk - McMaster University; Reed Siemieniuk - Impact; Lyndal Trevena - Sydney Local Health District; Xiaoye Zhu - University Medical Center Utrecht; Francis Verermen - KU Leuven; Philipp H Dahm - Minneapolis VA Medical Center; Philipp H Dahm - University of Minnesota; Kari A.O Tikkinen - University of Helsinki; Kari A.O Tikkinen - Helsinki University Hospital; Kris Aubrey‐Bassler - Memorial University of Newfoundland; Robin W.M Vernooij - Netherlands Comprehensive Cancer Organisation; Bert Aertgeerts - KU Leuven; Geertruida E Bekkering - KU Leuven",,
"Stratified survival of resected and overall pancreatic cancer patients in Europe and the USA in the early twenty-first century: a large, international population-based study",10.1186/s12916-018-1120-9,"BMC Medicine",2018-08-21,1,journal-article,"Springer Nature","Lei Huang - German Cancer Research Center; Lei Huang - Heidelberg University; Lina Jansen - German Cancer Research Center; Lina Jansen - Heidelberg University; Yesilda Balavarca - National Center for Tumor Diseases; Yesilda Balavarca - Heidelberg University; Masoud Babaei - German Cancer Research Center; Masoud Babaei - Heidelberg University; Lydia G van der Geest - Netherlands Comprehensive Cancer Organisation; V.E.P.P Lemmens - Netherlands Comprehensive Cancer Organisation; Tom Børge Johannesen - Cancer Registry of Norway; Maja Primic‐Žakelj - Institute of Oncology Ljubljana; Vesna Zadnik - Institute of Oncology Ljubljana; Marc G Besselink - Amsterdam University Medical Centers; Marc G Besselink - University of Amsterdam; Petra Schrotz‐King - National Center for Tumor Diseases; Petra Schrotz‐King - Heidelberg University; Hermann Brenner - National Center for Tumor Diseases; Hermann Brenner - Heidelberg University",,"0000-0001-8004-4940; 0000-0001-8633-1633; 0000-0002-0185-0002; 0000-0002-4109-5734; 0000-0002-4225-9200; 0000-0002-4864-4556; 0000-0002-4950-0554; 0000-0002-6129-1572; 0000-0003-1637-5520; 0000-0003-2650-9350; 0000-0003-4339-3492"
"α‐blockers as medical expulsive therapy for ureteric stones: a Cochrane systematic review",10.1111/bju.14454,"BJU International",2018-08-11,1,journal-article,Wiley,"Thijs Campschroer - Rijnstate Hospital; Xiaoye Zhu - University Medical Center Utrecht; Robin W.M Vernooij - Netherlands Comprehensive Cancer Organisation; Tycho Lock - University Medical Center Utrecht; Tycho Lock - Central Military Hospital",,"0000-0001-5705-6660; 0000-0001-5734-4566; 0000-0002-3361-2703; 0000-0003-2966-6984"
"Dutch Lung Surgery Audit: A National Audit Comprising Lung and Thoracic Surgery Patients",10.1016/j.athoracsur.2018.03.049,"The Annals of Thoracic Surgery",2018-08-01,1,journal-article,"Elsevier BV","M ten Berge - Dutch Institute for Clinical Auditing; M ten Berge - Leiden University Medical Center; Naomi Beck - Dutch Institute for Clinical Auditing; Naomi Beck - Leiden University Medical Center; David J Heineman - Medisch Centrum Alkmaar; Ronald Damhuis - Netherlands Comprehensive Cancer Organisation; Willem H Steup - Haga Hospital; Pieter J Van Huijstee - Haga Hospital; J P Eerenberg - Waterlandziekenhuis; J P Eerenberg - Tergooi; Eelco J Veen - Amphia Ziekenhuis; Alexander P.W.M Maat - Erasmus MC; Michel I.M Versteegh - Leiden University Medical Center; Thomas van Brakel - Leiden University Medical Center; Wilhemina Hendrika Schreurs - Medisch Centrum Alkmaar; Michel W.J.M Wouters - The Netherlands Cancer Institute; Michel W.J.M Wouters - Oncode Institute; Michel W.J.M Wouters - Dutch Institute for Clinical Auditing",,
"A European, Observational Study of Endocrine Therapy Administration in Patients With an Initial Diagnosis of Hormone Receptor-Positive Advanced Breast Cancer",10.1016/j.clbc.2017.11.019,"Clinical Breast Cancer",2018-08-01,1,journal-article,"Elsevier BV","Esther Bastiaannet - Leiden University Medical Center; Jackie Charman - National Cancer Registration Service; Jackie Charman - Public Health England; Tom Børge Johannesen - Cancer Registry of Norway; Simone Schrodi - Ludwig-Maximilians-Universität München; Sabine Siesling - Netherlands Comprehensive Cancer Organisation; Sabine Siesling - University of Twente; Paul M Walsh - National Cancer Registry; Riccardo A Audisio - St Helens Hospital; Riccardo A Audisio - University of Liverpool; Petra G Boelens - Leiden University Medical Center; Isabel T Rubio - Vall d'Hebron Hospital Universitari; Nick Jones - AstraZeneca (United Kingdom); Jan Lewis - AstraZeneca (United Kingdom); Cornelis J.�H van de Velde - Leiden University Medical Center",,"0000-0001-8469-9813; 0000-0001-8633-1633; 0000-0002-0273-824X; 0000-0002-7538-4809; 0000-0003-0035-0679; 0000-0003-0104-1800"
"Long-term Outcomes in Patients With Multiple Myeloma",10.1097/hs9.0000000000000045,HemaSphere,2018-08-01,3,journal-article,"Ovid Technologies (Wolters Kluwer Health)","S Verelst - Erasmus MC; Hedwig M Blommestein - Erasmus University Rotterdam; Hedwig M Blommestein - Netherlands Comprehensive Cancer Organisation; Saskia de Groot - Erasmus University Rotterdam; Sebastian Gonzalez‐McQuire - Amgen (Switzerland); Lucy DeCosta - Amgen (United Kingdom); Johan B de Raad - Amgen (Netherlands); Carin A Uyl‐de Groot - Erasmus University Rotterdam; Carin A Uyl‐de Groot - Netherlands Comprehensive Cancer Organisation; Pieter Sonneveld - Erasmus MC",,
"Radiation Exposure From Pediatric CT Scans and Subsequent Cancer Risk in the Netherlands",10.1093/jnci/djy104,"JNCI Journal of the National Cancer Institute",2018-07-18,4,journal-article,"Oxford University Press (OUP)","Johanna M Meulepas - The Netherlands Cancer Institute; Johanna M Meulepas - Oncode Institute; Cécile M Ronckers - Emma Kinderziekenhuis; Anne Smets - University Medical Center Utrecht; Rutger A J Nievelstein - University Medical Center Utrecht; Patrycja Gradowska - The Netherlands Cancer Institute; Choonsik Lee - Division of Cancer Epidemiology and Genetics; Choonsik Lee - National Cancer Institute; Andréas Jahnen - Luxembourg Institute of Science and Technology; Marcel van Straten - Erasmus University Rotterdam; Marcel van Straten - Erasmus MC; Marie‐Claire Y de Wit - Erasmus MC - Sophia Children’s Hospital; Patrycja Gradowska - Oncode Institute; Cécile M Ronckers - University Medical Center Utrecht; Bernard A Zonnenberg - University Medical Center Utrecht; Willemijn M Klein - Radboud University Nijmegen; Willemijn M Klein - Radboud University Medical Center; Johannes H M Merks - Stichting Kinderoncologie Nederland; Johannes H M Merks - Amsterdam UMC Location University of Amsterdam; Johannes H M Merks - University Medical Center Utrecht; Johannes H M Merks - Emma Kinderziekenhuis; Otto Visser - Netherlands Comprehensive Cancer Organisation; Flora E van Leeuwen - Oncode Institute; Flora E van Leeuwen - The Netherlands Cancer Institute; Michael Hauptmann - Oncode Institute; Michael Hauptmann - The Netherlands Cancer Institute",,
"Association of molecular status and metastatic organs at diagnosis in patients with stage IV non-squamous non-small cell lung cancer",10.1016/j.lungcan.2018.05.006,"Lung Cancer",2018-07-01,2,journal-article,"Elsevier BV","Chantal C H J Kuijpers - University Medical Center Utrecht; Lizza E.L Hendriks - Maastricht University Medical Centre; Jules L Derks - Maastricht University Medical Centre; Anne‐Marie C Dingemans - Maastricht University Medical Centre; Anne S R van Lindert - University Medical Center Utrecht; Michel M van den Heuvel - Radboud University Nijmegen; Michel M van den Heuvel - Radboud University Medical Center; Ronald Damhuis - Netherlands Comprehensive Cancer Organisation; Stefan M Willems - The Netherlands Cancer Institute; Stefan M Willems - University Medical Center Utrecht",,"0000-0001-6105-182X; 0000-0001-7248-7047; 0000-0001-7439-8216; 0000-0002-0442-1879; 0000-0002-3521-2535; 0000-0002-4072-2441; 0000-0002-6372-2153; 0000-0002-6533-5376"
"The role of positive psychological changes in anxiety and depression of patients with ovarian tumors and their partners: an observational study from the population-based PROFILES registry",10.1007/s00520-018-4327-6,"Supportive Care in Cancer",2018-06-29,1,journal-article,"Springer Nature","Christopher Camara - Tilburg University; M Caroline Vos - Elisabeth-TweeSteden Ziekenhuis; Belle H de Rooij - Tilburg University; Johanna M.A Pijnenborg - Radboud University Nijmegen; Johanna M.A Pijnenborg - Radboud University Medical Center; Dorry Boll - Elisabeth-TweeSteden Ziekenhuis; Lonneke V van de Poll‐Franse - Netherlands Comprehensive Cancer Organisation; Nicole P M Ezendam - Netherlands Comprehensive Cancer Organisation",,"0000-0002-0172-0857; 0000-0002-1612-0395; 0000-0002-5339-8505; 0000-0002-5878-4210; 0000-0002-6138-1236; 0000-0003-0413-6872"
"Effects of smoking and body mass index on the exposure of fentanyl in patients with cancer",10.1371/journal.pone.0198289,"PLOS ONE",2018-06-08,2,journal-article,"Public Library of Science (PLoS)","Evelien Kuip - Radboud University Nijmegen; Evelien Kuip - Radboud University Medical Center; Evelien Kuip - Erasmus MC Cancer Institute; Wendy H Oldenmenger - Erasmus MC Cancer Institute; M.F Thijs-Visser - Erasmus MC Cancer Institute; Peter de Bruijn - Erasmus MC Cancer Institute; Astrid W Oosten - Erasmus MC Cancer Institute; Esther Oomen‐de Hoop - Erasmus MC Cancer Institute; Stijn L.W Koolen - Erasmus MC Cancer Institute; Carin C.D van der Rijt - Netherlands Comprehensive Cancer Organisation; Carin C.D van der Rijt - Erasmus MC Cancer Institute; Ron H.J Mathijssen - Erasmus MC Cancer Institute",,
"Four-year effects of exercise on fatigue and physical activity in patients with cancer",10.1186/s12916-018-1075-x,"BMC Medicine",2018-06-08,2,journal-article,"Springer Nature","Lenja Witlox - University Medical Center Utrecht; Lenja Witlox - Utrecht University; Anouk E Hiensch - Utrecht University; Anouk E Hiensch - University Medical Center Utrecht; Miranda J Velthuis - Netherlands Comprehensive Cancer Organisation; Charlotte N Steins Bisschop - University Medical Center Utrecht; Charlotte N Steins Bisschop - Utrecht University; Maartje Los - St. Antonius Ziekenhuis; Haiko J Bloemendal - Meander Medisch Centrum; Daan ten Bokkel Huinink - Diakonessenhuis hospital; Elsken van der Wall - Utrecht University; Elsken van der Wall - Heidelberg University; Elsken van der Wall - University Hospital Heidelberg; Elsken van der Wall - University Medical Center Utrecht; Petra H Peeters - Utrecht University; Petra H Peeters - University Medical Center Utrecht; Anne M May - University Medical Center Utrecht; Anne M May - Utrecht University",,"0000-0002-4005-6207; 0000-0002-4953-5271; 0000-0002-6216-2609; 0000-0002-8902-4337; 0000-0003-0606-741X; 0000-0003-0643-3790; 0000-0003-2568-6937"
"Variation in treatment and survival of older patients with non-metastatic breast cancer in five European countries: a population-based cohort study from the EURECCA Breast Cancer Group",10.1038/s41416-018-0090-1,"British Journal of Cancer",2018-06-07,1,journal-article,"Springer Nature","Marloes G.M Derks - Leiden University Medical Center; Esther Bastiaannet - Leiden University Medical Center; M Kiderlen - Leiden University Medical Center; Denise E Hilling - Leiden University Medical Center; Petra G Boelens - Leiden University Medical Center; Paul M Walsh - National Cancer Registry; Sabine Siesling - Netherlands Comprehensive Cancer Organisation; John Broggio - Public Health England; Lynda Wyld - University of Sheffield; Maciej Trojanowski - Greater Poland Cancer Center; Agnieszka Kołacińska - Medical University of Lodz; Justyna Chałubińska‐Fendler - Medical University of Lodz; Ana Gonçalves - Instituto Português de Oncologia Francisco Gentil; Tomasz Nowikiewicz - Collegium Medicum in Bydgoszcz; Wojciech Zegarski - Collegium Medicum in Bydgoszcz; Riccardo A Audisio - St Helens Hospital; Riccardo A Audisio - University of Liverpool; Gerrit‐Jan Liefers - Leiden University Medical Center; Johanneke E.A Portielje - Leiden University Medical Center; John Broggio - Philips (United Kingdom); Cornelis J.�H van de Velde - Leiden University Medical Center",,
"A classification prognostic score to predict OS in stage IV well-differentiated neuroendocrine tumors",10.1530/erc-17-0489,"Endocrine Related Cancer",2018-06-01,1,journal-article,Bioscientifica,"Sara Pusceddu - Fondazione IRCCS Istituto Nazionale dei Tumori; Francesco Barretta - Fondazione IRCCS Istituto Nazionale dei Tumori; Annalisa Trama - Fondazione IRCCS Istituto Nazionale dei Tumori; Laura Botta - Fondazione IRCCS Istituto Nazionale dei Tumori; Massimo Milione - Fondazione IRCCS Istituto Nazionale dei Tumori; Roberto Buzzoni - Fondazione IRCCS Istituto Nazionale dei Tumori; Filippo de Braud - Fondazione IRCCS Istituto Nazionale dei Tumori; Filippo de Braud - University of Milan; Vincenzo Mazzaferro - University of Milan; Vincenzo Mazzaferro - Fondazione IRCCS Istituto Nazionale dei Tumori; Ugo Pastorino - Fondazione IRCCS Istituto Nazionale dei Tumori; Ettore Seregni - Fondazione IRCCS Istituto Nazionale dei Tumori; Luigi Mariani - Fondazione IRCCS Istituto Nazionale dei Tumori; Gemma Gatta - Fondazione IRCCS Istituto Nazionale dei Tumori; Maria Di Bartolomeo - Fondazione IRCCS Istituto Nazionale dei Tumori; Daniela Femia - Fondazione IRCCS Istituto Nazionale dei Tumori; Natalie Prinzi - Fondazione IRCCS Istituto Nazionale dei Tumori; Jorgelina Coppa - Fondazione IRCCS Istituto Nazionale dei Tumori; Jorgelina Coppa - University of Milan; Francesco Panzuto - Azienda Ospedaliera Sant'Andrea; Lorenzo Antonuzzo - Azienda Ospedaliero-Universitaria Careggi; Emilio Bajetta - Fondazione Lanza; Maria Pia Brizzi - Ospedale San Luigi Gonzaga; Davide Campana - IRCCS Azienda Ospedliero-Universitaria di Bologna Policlinico di Sant'Orsola; Laura Catena - Fondazione Lanza; Harry Comber - National Cancer Registry; Fiona Dwane - National Cancer Registry; Nicola Fazio - European Institute of Oncology; Antongiulio Faggiano - Federico II University Hospital; Dario Giuffrida - Istituto Oncologico Veneto; Toni Ibrahim - Istituti di Ricovero e Cura a Carattere Scientifico; Toni Ibrahim - Istituto Scientifico Romagnolo per lo Studio e la Cura dei Tumori; Riccardo Marconcini - Ospedale Santa Chiara; Sara Massironi - Fondazione IRCCS Ca' Granda Ospedale Maggiore Policlinico; Maja Primic Žakelj - Institute of Oncology Ljubljana; Francesca Spada - European Institute of Oncology; Salvatore Tafuto - Istituto Nazionale Tumori IRCCS ""Fondazione G. Pascale""; Jan Maaten Van der Zwan - Netherlands Comprehensive Cancer Organisation; Tina Žagar - Institute of Oncology Ljubljana; Luca Giacomelli - University of Genoa; Rosalba Miceli - Fondazione IRCCS Istituto Nazionale dei Tumori; Francesca Aroldi - European Institute of Oncology; Sara Cingarlini - Fondazione IRCCS Ca' Granda Ospedale Maggiore Policlinico; Francesca Corti - European Institute of Oncology; Maria Vittoria Davì - IRCCS Azienda Ospedliero-Universitaria di Bologna Policlinico di Sant'Orsola; Anna La Salvia - Fondazione IRCCS Istituto Nazionale dei Tumori; Maria Rinzivillo - Ospedale San Luigi Gonzaga",,"0000-0001-5120-911X; 0000-0001-5245-0060; 0000-0001-6208-4084; 0000-0001-6404-2304; 0000-0001-6869-0704; 0000-0001-8220-9833; 0000-0001-9724-2927; 0000-0001-9974-7902; 0000-0002-0532-1351; 0000-0002-1202-0258; 0000-0002-1202-139X; 0000-0002-2793-5338; 0000-0002-3019-354X; 0000-0002-4013-8085; 0000-0002-4615-7340; 0000-0002-5020-8657; 0000-0002-5096-660X; 0000-0002-5097-049X; 0000-0002-5393-9340; 0000-0002-6076-4411; 0000-0002-6261-7239; 0000-0002-7797-161X; 0000-0002-7954-6609; 0000-0002-9324-3946; 0000-0003-0103-730X; 0000-0003-0259-4167; 0000-0003-0489-7735; 0000-0003-0954-375X; 0000-0003-1475-7883; 0000-0003-2466-0524; 0000-0003-2789-4289; 0000-0003-3214-8192; 0000-0003-3349-5604; 0000-0003-3642-0798; 0000-0003-4160-6458; 0000-0003-4786-4781"
"Association between information provision and supportive care needs among ovarian cancer survivors: A cross‐sectional study from the PROFILES registry",10.1002/pon.4742,Psycho-Oncology,2018-05-16,1,journal-article,Wiley,"Mark J.A Rietveld - Radboud University Nijmegen; Mark J.A Rietveld - Radboud University Medical Center; Olga Husson - Radboud University Medical Center; Olga Husson - Radboud University Nijmegen; M Caroline Vos - Elisabeth-TweeSteden Ziekenhuis; Lonneke V van de Poll‐Franse - Netherlands Comprehensive Cancer Organisation; Lonneke V van de Poll‐Franse - Tilburg University; Lonneke V van de Poll‐Franse - The Netherlands Cancer Institute; Petronella B Ottevanger - Radboud University Nijmegen; Petronella B Ottevanger - Radboud University Medical Center; Nicole P M Ezendam - Netherlands Comprehensive Cancer Organisation; Nicole P M Ezendam - Tilburg University",,
"Impact of a web-based prostate cancer treatment decision aid on patient-reported decision process parameters: results from the Prostate Cancer Patient Centered Care trial",10.1007/s00520-018-4236-8,"Supportive Care in Cancer",2018-05-12,1,journal-article,"Springer Nature","Maarten Cuypers - Tilburg University; Romy E D Lamers - Elisabeth-TweeSteden Ziekenhuis; Paul J.M Kil - Elisabeth-TweeSteden Ziekenhuis; Lonneke V van de Poll‐Franse - Tilburg University; Marieke de Vries - Radboud University Nijmegen",,"0000-0002-2948-0867; 0000-0002-9802-921X; 0000-0003-0413-6872; 0000-0003-1715-4375"
"Patient characteristics and treatment considerations in pancreatic cancer: a population based study in the Netherlands",10.1080/0284186x.2018.1470330,"Acta Oncologica",2018-05-09,1,journal-article,"Informa UK Limited","Myrte Zijlstra - Netherlands Comprehensive Cancer Organisation; Myrte Zijlstra - Radboud University Nijmegen; Myrte Zijlstra - Radboud University Medical Center; Lydia G van der Geest - Netherlands Comprehensive Cancer Organisation; Hanneke W.M van Laarhoven - Amsterdam UMC Location University of Amsterdam; V.E.P.P Lemmens - Netherlands Comprehensive Cancer Organisation; V.E.P.P Lemmens - Erasmus MC; V.E.P.P Lemmens - Erasmus University Rotterdam; Lonneke V van de Poll‐Franse - Netherlands Comprehensive Cancer Organisation; Lonneke V van de Poll‐Franse - Tilburg University; Lonneke V van de Poll‐Franse - The Netherlands Cancer Institute; Natasja Raijmakers - Netherlands Comprehensive Cancer Organisation",,"0000-0002-3000-2520; 0000-0002-4109-5734; 0000-0003-0413-6872; 0000-0003-1274-5643; 0000-0003-1637-5520"
"Cluster Analysis Demonstrates the Need to Individualize Care for Cancer Survivors",10.1634/theoncologist.2017-0558,"The Oncologist",2018-05-08,1,journal-article,"Oxford University Press (OUP)","Belle H de Rooij - Harvard University; Belle H de Rooij - Tilburg University; Belle H de Rooij - Netherlands Comprehensive Cancer Organisation; Belle H de Rooij - Massachusetts General Hospital; Elyse R Park - Harvard University; Elyse R Park - Massachusetts General Hospital; Giselle K Perez - Massachusetts General Hospital; Giselle K Perez - Harvard University; Julia Rabin - Massachusetts General Hospital; Julia Rabin - Harvard University; Katharine M Quain - Massachusetts General Hospital; Katharine M Quain - Harvard University; Don S Dizon - Brown University; Don S Dizon - Lifespan; Kathryn Post - Massachusetts General Hospital; Kathryn Post - Harvard University; Garrett M Chinn - Massachusetts General Hospital; Garrett M Chinn - Harvard University; Allison L McDonough - Massachusetts General Hospital; Allison L McDonough - Harvard University; Rachel Jimenez - Massachusetts General Hospital; Rachel Jimenez - Harvard University; Lonneke V van de Poll‐Franse - Tilburg University; Lonneke V van de Poll‐Franse - Netherlands Comprehensive Cancer Organisation; Lonneke V van de Poll‐Franse - The Netherlands Cancer Institute; Jeffrey Peppercorn - Massachusetts General Hospital; Jeffrey Peppercorn - Harvard University",,
"Role of neoadjuvant chemoradiotherapy in clinical T2N0M0 esophageal cancer: A population-based cohort study",10.1016/j.ejso.2018.02.005,"European Journal of Surgical Oncology (EJSO)",2018-05-01,1,journal-article,"Elsevier BV","Lucas Goense - University Medical Center Utrecht; Els Visser - University Medical Center Utrecht; Nadia Haj Mohammad - University Medical Center Utrecht; Stella Mook - University Medical Center Utrecht; Rob H.A Verhoeven - Netherlands Comprehensive Cancer Organisation; Gert J Meijer - University Medical Center Utrecht; Peter S.N van Rossum - University Medical Center Utrecht; Jelle P Ruurda - University Medical Center Utrecht; Richard van Hillegersberg - University Medical Center Utrecht",,
"Population-based cancer survivorship research: Experiences from Germany and the Netherlands",10.1016/j.jcpo.2018.02.003,"Journal of Cancer Policy",2018-05-01,4,journal-article,"Elsevier BV","Melissa S Y Thong - German Cancer Research Center; Melissa S Y Thong - Heidelberg University; Floortje Mols - Netherlands Comprehensive Cancer Organisation; Floortje Mols - Tilburg University; Daniela Doege - German Cancer Research Center; Daniela Doege - Heidelberg University; Lonneke V van de Poll‐Franse - The Netherlands Cancer Institute; Lonneke V van de Poll‐Franse - Netherlands Comprehensive Cancer Organisation; Lonneke V van de Poll‐Franse - Tilburg University; Volker Arndt - German Cancer Research Center; Volker Arndt - Heidelberg University",,
"The effect of being informed on receiving immediate breast reconstruction in breast cancer patients",10.1016/j.ejso.2018.01.226,"European Journal of Surgical Oncology (EJSO)",2018-05-01,1,journal-article,"Elsevier BV","Kelly M de Ligt - Netherlands Comprehensive Cancer Organisation; Kelly M de Ligt - University of Twente; A.C.M van Bommel - Leiden University; A.C.M van Bommel - Dutch Institute for Clinical Auditing; K Schreuder - Netherlands Comprehensive Cancer Organisation; K Schreuder - University of Twente; John H Maduro - University Medical Center Groningen; John H Maduro - University of Groningen; Marie-Jeanne T F D Vrancken Peeters - The Netherlands Cancer Institute; Marc A.M Mureau - Erasmus MC Cancer Institute; Sabine Siesling - Netherlands Comprehensive Cancer Organisation; Sabine Siesling - University of Twente",,
"Guideline of guidelines: primary monotherapies for localised or locally advanced prostate cancer",10.1111/bju.14237,"BJU International",2018-05-01,2,journal-article,Wiley,"Michelle Lancee - Utrecht University; Michelle Lancee - Netherlands Comprehensive Cancer Organisation; Kari A.O Tikkinen - University of Helsinki; Kari A.O Tikkinen - Helsinki University Hospital; Theo M de Reijke - Amsterdam UMC Location University of Amsterdam; Vesa Kataja - Central Finland Health Care District; Katja K.H Aben - Radboud University Nijmegen; Katja K.H Aben - Radboud University Medical Center; Katja K.H Aben - Netherlands Comprehensive Cancer Organisation; Robin W.M Vernooij - Netherlands Comprehensive Cancer Organisation",,"0000-0001-5734-4566; 0000-0002-0214-2147; 0000-0002-1389-8214; 0000-0003-0651-7361; 0000-0003-4846-4843"
"Surgical resection versus systemic therapy for breast cancer liver metastases: Results of a European case matched comparison",10.1016/j.ejca.2018.02.024,"European Journal of Cancer",2018-05-01,5,journal-article,"Elsevier BV","Aldrick Ruiz - Hôpital Paul-Brousse; Aldrick Ruiz - Assistance Publique – Hôpitaux de Paris; Aldrick Ruiz - University Medical Center Utrecht; Richard van Hillegersberg - University Medical Center Utrecht; Sabine Siesling - Netherlands Comprehensive Cancer Organisation; Carlos Castro Benítez - Hôpital Paul-Brousse; Carlos Castro Benítez - Assistance Publique – Hôpitaux de Paris; Mylène Sebagh - Hôpital Paul-Brousse; Mylène Sebagh - Assistance Publique – Hôpitaux de Paris; Dennis A Wicherts - Amsterdam UMC Location University of Amsterdam; Kelly M de Ligt - Netherlands Comprehensive Cancer Organisation; Lucas Goense - University Medical Center Utrecht; Sylvie Giacchetti - Hôpital Saint-Louis; Sylvie Giacchetti - Assistance Publique – Hôpitaux de Paris; Sylvie Giacchetti - Inserm; Sylvie Giacchetti - Université Paris-Sud; D Castaing - Hôpital Paul-Brousse; D Castaing - Assistance Publique – Hôpitaux de Paris; D Castaing - Inserm; D Castaing - Université Paris-Sud; Jean‐François Morère - Hôpital Paul-Brousse; Jean‐François Morère - Assistance Publique – Hôpitaux de Paris; René Adam - Assistance Publique – Hôpitaux de Paris; René Adam - Inserm; René Adam - Université Paris-Sud; René Adam - Hôpital Paul-Brousse",,
"The COSMAM TRIAL a prospective cohort study of quality of life and cosmetic outcome in patients undergoing breast conserving surgery",10.1186/s12885-018-4368-8,"BMC Cancer",2018-04-23,1,journal-article,"Springer Nature","Coriene J L M Catsman - Amphia Ziekenhuis; Martinus A Beek - Amphia Ziekenhuis; Adri C Voogd - Maastricht University; Paul Mulder - Amphia Ziekenhuis; Ernest J T Luiten - Amphia Ziekenhuis",,
"Health-related quality of life among cancer patients in their last year of life: results from the PROFILES registry",10.1007/s00520-018-4181-6,"Supportive Care in Cancer",2018-04-16,1,journal-article,"Springer Nature","Natasja Raijmakers - Netherlands Comprehensive Cancer Organisation; Myrte Zijlstra - Netherlands Comprehensive Cancer Organisation; Janneke van Roij - Netherlands Comprehensive Cancer Organisation; Olga Husson - Radboud University Nijmegen; Simone Oerlemans - Netherlands Comprehensive Cancer Organisation; Lonneke V van de Poll‐Franse - Netherlands Comprehensive Cancer Organisation",,"0000-0002-1387-8686; 0000-0002-3000-2520; 0000-0003-0413-6872; 0000-0003-0787-3018; 0000-0003-1595-7262"
"ENdometrial cancer SURvivors’ follow-up carE (ENSURE): Less is more? Evaluating patient satisfaction and cost-effectiveness of a reduced follow-up schedule: study protocol of a randomized controlled trial",10.1186/s13063-018-2611-x,Trials,2018-04-16,1,journal-article,"Springer Nature","Nicole P M Ezendam - Netherlands Comprehensive Cancer Organisation; Belle H de Rooij - Netherlands Comprehensive Cancer Organisation; Roy F.P.M Kruitwagen - Maastricht University; Carien L Creutzberg - Leiden University Medical Center; Ingrid van Loon - Amphia Ziekenhuis; Dorry Boll - Catharina Ziekenhuis; Dorry Boll - Radboud University Nijmegen; M Caroline Vos - Elisabeth-TweeSteden Ziekenhuis; Lonneke V van de Poll‐Franse - Tilburg University",,
"Alpha-blockers as medical expulsive therapy for ureteral stones",10.1002/14651858.cd008509.pub3,"Cochrane Database of Systematic Reviews",2018-04-05,7,journal-article,Wiley,"Thijs Campschroer - Radboud University Nijmegen; Xiaoye Zhu - University Medical Center Utrecht; Robin W.M Vernooij - Netherlands Comprehensive Cancer Organisation; MTW Tycho Lock - University Medical Center Utrecht; MTW Tycho Lock - Central Military Hospital",,
"Effects of oncological care pathways in primary and secondary care on patient, professional, and health systems outcomes: protocol for a systematic review and meta-analysis",10.1186/s13643-018-0693-x,"Systematic Reviews",2018-03-27,2,journal-article,"Springer Nature","Jolanda C van Hoeve - University of Twente; Robin W.M Vernooij - Netherlands Comprehensive Cancer Organisation; Adegboyega Lawal - University of Saskatchewan; Michelle Fiander - University of Utah; Peter Nieboer - Wilhelmina Children's Hospital; Sabine Siesling - Netherlands Comprehensive Cancer Organisation; Thomas Rotter - Queen's University",,"0000-0001-5734-4566; 0000-0002-0273-824X; 0000-0002-3579-9292; 0000-0002-5670-0175; 0000-0002-8979-0111; 0000-0003-3133-6212"
"Relative survival reaches a plateau in hairy cell leukemia: a population-based analysis in The Netherlands",10.1182/blood-2017-12-820381,Blood,2018-03-22,1,journal-article,"American Society of Hematology","Avinash G Dinmohamed - Netherlands Comprehensive Cancer Organisation; Avinash G Dinmohamed - Erasmus MC; Avinash G Dinmohamed - Erasmus MC Cancer Institute; Eduardus F M Posthuma - Leiden University Medical Center; Eduardus F M Posthuma - Reinier de Graaf Hospital; Otto Visser - Netherlands Comprehensive Cancer Organisation; Arnon P Kater - University of Amsterdam; Arnon P Kater - Amsterdam UMC Location University of Amsterdam; Reinier Raymakers - University Medical Center Utrecht; Jeanette K Doorduijn - Erasmus MC Cancer Institute",,
"Survivorship care plans have a negative impact on long-term quality of life and anxiety through more threatening illness perceptions in gynecological cancer patients: the ROGY care trial",10.1007/s11136-018-1825-4,"Quality of Life Research",2018-03-06,1,journal-article,"Springer Nature","Belle H de Rooij - Tilburg University; Nicole P M Ezendam - Tilburg University; Kim A.H Nicolaije - Tilburg University; Paul Lodder - Tilburg University; M Caroline Vos - Elisabeth-TweeSteden Ziekenhuis; Johanna M.A Pijnenborg - Radboud University Nijmegen; Johanna M.A Pijnenborg - Radboud University Medical Center; Dorry Boll - Catharina Ziekenhuis; Dorry Boll - Radboud University Nijmegen; Roy F.P.M Kruitwagen - Maastricht University; Lonneke V van de Poll‐Franse - Netherlands Comprehensive Cancer Organisation",,"0000-0002-0172-0857; 0000-0002-1305-9541; 0000-0002-1612-0395; 0000-0002-5339-8505; 0000-0002-6138-1236; 0000-0002-9728-3048; 0000-0003-0413-6872; 0000-0003-1300-7853"
"Variation in length of hospital stay after lung cancer surgery in the Netherlands†",10.1093/ejcts/ezy074,"European Journal of Cardio-Thoracic Surgery",2018-03-05,1,journal-article,"Oxford University Press (OUP)","Erik M von Meyenfeldt - Albert Schweitzer Ziekenhuis; Geertruid M.H Marres - Albert Schweitzer Ziekenhuis; Eric van Thiel - Albert Schweitzer Ziekenhuis; Ronald Damhuis - Netherlands Comprehensive Cancer Organisation",,
"Risk of Regional Recurrence After Negative Repeat Sentinel Lymph Node Biopsy in Patients with Ipsilateral Breast Tumor Recurrence",10.1245/s10434-018-6384-y,"Annals of Surgical Oncology",2018-03-01,1,journal-article,"Springer Nature","Ingrid G M Poodt - Catharina Ziekenhuis; Ingrid G M Poodt - Radboud University Nijmegen; Guusje Vugts - Catharina Ziekenhuis; Guusje Vugts - Radboud University Nijmegen; Adriana J G Maaskant-Braat - Máxima Medisch Centrum; Adriana J G Maaskant-Braat - Radboud University Nijmegen; Robert‐Jan Schipper - Radboud University Nijmegen; Robert‐Jan Schipper - Catharina Ziekenhuis; Adri C Voogd - Maastricht University; Grard A P Nieuwenhuijzen - Catharina Ziekenhuis; Grard A P Nieuwenhuijzen - Radboud University Nijmegen",,"0000-0001-7211-5059; 0000-0001-9137-7599; 0000-0001-9964-0291; 0000-0002-5837-5513; 0000-0002-8041-2720"
"Trends in incidence of thick, thin and in situ melanoma in Europe",10.1016/j.ejca.2017.12.024,"European Journal of Cancer",2018-03-01,38,journal-article,"Elsevier BV","Lidia Sacchetto - University of Turin; Lidia Sacchetto - Azienda Ospedaliera Citta' della Salute e della Scienza di Torino; Lidia Sacchetto - Politecnico di Torino; Roberto Zanetti - Azienda Ospedaliera Citta' della Salute e della Scienza di Torino; Harry Comber - National Cancer Registry; Paolo Broganelli - Azienda Ospedaliera Citta' della Salute e della Scienza di Torino; María‐Dolores Chirlaque - Instituto Murciano de Investigación Biosanitaria; María‐Dolores Chirlaque - Centro de Investigación Biomédica en Red de Epidemiología y Salud Pública; Jaume Galcerán - Institut de Recerca Biomèdica Catalunya Sud; Anna Gavin - The Northern Ireland Cancer Centre; Anna Gavin - Queen's University Belfast; Alexander Katalinic - University of Lübeck; Siri Larønningen - Cancer Registry of Norway; Marieke W.J Louwman - Netherlands Comprehensive Cancer Organisation; Eileen Morgan - The Northern Ireland Cancer Centre; Eileen Morgan - Queen's University Belfast; Trude Eid Robsahm - Cancer Registry of Norway; María‐José Sánchez - Andalusian School of Public Health; María‐José Sánchez - Centro de Investigación Biomédica en Red de Epidemiología y Salud Pública; Laufey Tryggvadóttír - Icelandic Cancer Society; ­Rosario ­Tumino - Azienda Usl 8 Arezzo; Sally Vernon - National Cancer Registration Service; Sally Vernon - Public Health England; Vesna Zadnik - Institute of Oncology Ljubljana; Stefano Rosso - Azienda Ospedaliera Citta' della Salute e della Scienza di Torino",,
"Improved stratification of pT1 melanoma according to the 8th American Joint Committee on Cancer staging edition criteria: A Dutch population-based study",10.1016/j.ejca.2017.10.031,"European Journal of Cancer",2018-03-01,2,journal-article,"Elsevier BV","D Verver - Erasmus MC Cancer Institute; Marieke W.J Louwman - Netherlands Comprehensive Cancer Organisation; Senada Koljenović - Erasmus MC; Cornelis Verhoef - Erasmus MC Cancer Institute; Dirk J Grünhagen - Erasmus MC Cancer Institute; Alexander C.J van Akkooi - The Netherlands Cancer Institute",,
"Recurrent Cancer Is Associated With Dissatisfaction With Care—A Longitudinal Analysis Among Ovarian and Endometrial Cancer Patients",10.1097/igc.0000000000001204,"International Journal of Gynecological Cancer",2018-03-01,2,journal-article,BMJ,"Belle H de Rooij - Tilburg University; Habibe Ikiz - Elisabeth-TweeSteden Ziekenhuis; Dorry Boll - Catharina Ziekenhuis; Dorry Boll - Radboud University Nijmegen; Johanna M.A Pijnenborg - Radboud University Nijmegen; Johanna M.A Pijnenborg - Radboud University Medical Center; Johanna M.A Pijnenborg - University Medical Center; Brenda M Pijlman - Jeroen Bosch Ziekenhuis; Roy F.P.M Kruitwagen - Maastricht University; Roy F.P.M Kruitwagen - University Medical Center; Lonneke V van de Poll‐Franse - Tilburg University; Lonneke V van de Poll‐Franse - The Netherlands Cancer Institute; Lonneke V van de Poll‐Franse - Netherlands Comprehensive Cancer Organisation; M Caroline Vos - Tilburg University; Nicole P M Ezendam - Tilburg University; Nicole P M Ezendam - Netherlands Comprehensive Cancer Organisation",,
"Neoadjuvant Therapy in Rectal Cancer Patients With Clinical Stage II to III Across European Countries: Variations and Outcomes",10.1016/j.clcc.2017.09.002,"Clinical Colorectal Cancer",2018-03-01,2,journal-article,"Elsevier BV","Masoud Babaei - Heidelberg University; Masoud Babaei - German Cancer Research Center; Lina Jansen - German Cancer Research Center; Lina Jansen - Heidelberg University; Yesilda Balavarca - German Cancer Research Center; Yesilda Balavarca - Heidelberg University; Yesilda Balavarca - National Center for Tumor Diseases; Annika Sjövall - Karolinska Institutet; Amanda C R K Bos - Netherlands Comprehensive Cancer Organisation; Amanda C R K Bos - Erasmus MC; Tony van de Velde - The Netherlands Cancer Institute; Michel Moreau - Institut Jules Bordet; Gabriel Liberale - Institut Jules Bordet; Ana Gonçalves - Instituto Português de Oncologia Francisco Gentil; María José Bento - Instituto Português de Oncologia Francisco Gentil; Cornelia M Ulrich - Heidelberg University; Cornelia M Ulrich - German Cancer Research Center; Cornelia M Ulrich - National Center for Tumor Diseases; Petra Schrotz‐King - National Center for Tumor Diseases; Petra Schrotz‐King - German Cancer Research Center; Petra Schrotz‐King - Heidelberg University; V.E.P.P Lemmens - Netherlands Comprehensive Cancer Organisation; V.E.P.P Lemmens - Erasmus MC; Bengt Glimelius - Uppsala University; Hermann Brenner - German Cancer Research Center; Hermann Brenner - National Center for Tumor Diseases; Hermann Brenner - Heidelberg University",,
"Evaluation of Guideline Adherence in Colorectal Cancer Treatment in The Netherlands: A Survey Among Medical Oncologists by the Dutch Colorectal Cancer Group",10.1016/j.clcc.2017.10.007,"Clinical Colorectal Cancer",2018-03-01,3,journal-article,"Elsevier BV","Lotte Keikes - Amsterdam UMC Location University of Amsterdam; Martijn G.H van Oijen - Amsterdam UMC Location University of Amsterdam; V.E.P.P Lemmens - Netherlands Comprehensive Cancer Organisation; Miriam Koopman - University Medical Center Utrecht; Cornelis J.A Punt - Amsterdam UMC Location University of Amsterdam",,
"Reduce bladder cancer recurrence in patients treated for upper urinary tract urothelial carcinoma: The REBACARE-trial",10.1016/j.conctc.2018.01.007,"Contemporary Clinical Trials Communications",2018-03-01,1,journal-article,"Elsevier BV","Thomas van Doeveren - Erasmus MC; Pim J van Leeuwen - Erasmus MC; Katja K.H Aben - Radboud University Nijmegen; Katja K.H Aben - Radboud University Medical Center; Katja K.H Aben - Netherlands Comprehensive Cancer Organisation; Maaike A van der Aa - Spaarne Ziekenhuis; Maurits M Barendrecht - Tergooi; Egbert R Boevé - Sint Franciscus Gasthuis; Erik B Cornel - Ziekenhuis Groep Twente; Antoine G van der Heijden - Radboud University Nijmegen; Antoine G van der Heijden - Radboud University Medical Center; Kees Hendricksen - The Netherlands Cancer Institute; Kees Hendricksen - Oncode Institute; W H Hirdes - Isala; A Kooistra - Meander Medisch Centrum; Bin K Kroon - Rijnstate Hospital; Anna M Leliveld - University Medical Center Groningen; Richard P Meijer - University Medical Center Utrecht; H Van Melick - St. Antonius Ziekenhuis; Bob Merks - Medisch Centrum Haaglanden; Theo M de Reijke - Amsterdam UMC Location University of Amsterdam; P de Vries - Zuyderland Medisch Centrum; L.F.A Wymenga - Martini Ziekenhuis; Bart P Wijsman - Elisabeth-TweeSteden Ziekenhuis; Joost L Boormans - Erasmus MC",,
"Population-based Results of Chemoradiotherapy for Limited Stage Small Cell Lung Cancer in The Netherlands",10.1016/j.clon.2017.10.008,"Clinical Oncology",2018-01-01,1,journal-article,"Elsevier BV","Ronald Damhuis - Netherlands Comprehensive Cancer Organisation; Joachim Widder - Medical University of Vienna; Joachim Widder - University Medical Center Groningen; Joachim Widder - University of Groningen; Suresh Senan - Amsterdam University Medical Centers",,"0000-0001-7248-7047; 0000-0002-9972-6690; 0000-0003-3995-2204"
"Use and Impact of the 21-Gene Recurrence Score in Relation to the Clinical Risk of Developing Metastases in Early Breast Cancer Patients in the Netherlands",10.1159/000495742,"Public Health Genomics",2018-01-01,2,journal-article,"S. Karger AG","K Schreuder - University of Twente; K Schreuder - Netherlands Comprehensive Cancer Organisation; Anne Kuijer - Diakonessenhuis hospital; Sanne Bentum - University of Twente; Thijs van Dalen - Diakonessenhuis hospital; Sabine Siesling - University of Twente; Sabine Siesling - Netherlands Comprehensive Cancer Organisation",,"0000-0002-0273-824X; 0000-0002-4224-800X; 0000-0002-6666-1368; 0000-0003-0882-9086"
"Lymphadenectomy and Adjuvant Therapy Improve Survival with Uterine Carcinosarcoma: A Large Retrospective Cohort Study",10.1159/000488531,Oncology,2018-01-01,1,journal-article,"S. Karger AG","Marco Versluis - University Medical Center Groningen; Harry Hollema - University Medical Center Groningen; Cindy Pielsticker - University Medical Center Groningen; Maaike A van der Aa - Netherlands Comprehensive Cancer Organisation; Marco de Bruyn - University Medical Center Groningen; Hans W Nijman - University Medical Center Groningen",,"0000-0001-9819-9131; 0000-0002-1821-3042; 0000-0002-2934-2704; 0000-0003-0347-6613"
"Centralization of ovarian cancer in the Netherlands: Hospital of diagnosis no longer determines patients' probability of undergoing surgery",10.1016/j.ygyno.2017.11.009,"Gynecologic Oncology",2018-01-01,1,journal-article,"Elsevier BV","Maite Timmermans - Maastricht University Medical Centre; Maite Timmermans - Netherlands Comprehensive Cancer Organisation; Melinda S Schuurman - Netherlands Comprehensive Cancer Organisation; Vincent K.Y Ho - Netherlands Comprehensive Cancer Organisation; Leon F.A.G Massuger - Radboud University Nijmegen; Leon F.A.G Massuger - Radboud University Medical Center; Hans W Nijman - University Medical Center Groningen; Hans W Nijman - University of Groningen; Toon Van Gorp - Maastricht University Medical Centre; Gabe S Sonke - The Netherlands Cancer Institute; Roy F.P.M Kruitwagen - Maastricht University Medical Centre; Maaike A van der Aa - Netherlands Comprehensive Cancer Organisation",,"0000-0001-7065-928X; 0000-0001-8088-9628; 0000-0002-1305-9541; 0000-0002-1539-8985; 0000-0002-1821-3042; 0000-0002-2564-721X; 0000-0002-2934-2704; 0000-0002-9119-8328; 0000-0003-4229-8821"
"Protein-altering variants associated with body mass index implicate pathways that control energy intake and expenditure in obesity",10.1038/s41588-017-0011-x,"Nature Genetics",2017-12-22,1,journal-article,"Springer Nature","Valérie Turcot - Université de Montréal; Valérie Turcot - Montreal Heart Institute; Heather M Highland - University of North Carolina at Chapel Hill; Yingchang Lu - Icahn School of Medicine at Mount Sinai; Claudia Schurmann - Icahn School of Medicine at Mount Sinai; Anne E Justice - University of North Carolina at Chapel Hill; Heather M Highland - The University of Texas Health Science Center at Houston; Yingchang Lu - Vanderbilt University; Adam E Locke - James S. McDonnell Foundation; Adam E Locke - University of Michigan; Adelheid Lempradl - Max Planck Institute of Immunobiology and Epigenetics; Tugce Karaderi - University of Oxford; Jonathan P Bradfield - Praevium Research (United States); Tōnu Esko - Broad Institute; Tōnu Esko - Boston Children's Hospital; Tōnu Esko - University of Tartu; Ayush Giri - Vanderbilt University; Mariaelisa Graff - University of North Carolina at Chapel Hill; Xiuqing Guo - The Lundquist Institute; Xiuqing Guo - UCLA Medical Center; Xiuqing Guo - Harbor–UCLA Medical Center; Audrey E Hendricks - University of Colorado Denver; Audrey E Hendricks - Wellcome Sanger Institute; Tugce Karaderi - Centre for Human Genetics; Tugce Karaderi - Eastern Mediterranean University; Rebecca S Fine - Broad Institute; Rebecca S Fine - Boston Children's Hospital; Rebecca S Fine - Harvard University; Jonathan P Bradfield - Children's Hospital of Philadelphia; Adam E Locke - Statistical Research (United States); Kristin L Young - University of North Carolina at Chapel Hill; Eirini Marouli - Queen Mary University of London; Eirini Marouli - William Harvey Research Institute; Anubha Mahajan - Centre for Human Genetics; Anubha Mahajan - University of Oxford; Suthesh Sivapalaratnam - University of Cambridge; Suthesh Sivapalaratnam - Massachusetts General Hospital; Tamuno Alfred - Icahn School of Medicine at Mount Sinai; Nicholas G D Masca - University of Leicester; Nicholas G D Masca - Glenfield Hospital; Nicholas G D Masca - NIHR Leicester Cardiovascular Biomedical Research Unit; Alex P Reiner - University of Washington; Alex P Reiner - Fred Hutch Cancer Center; Maggie C Y Ng - Wake Forest University; Poorva Mudgal - Wake Forest University; Carolina Medina‐Gómez - Erasmus MC; Alisa K Manning - Harvard University; Alisa K Manning - Massachusetts General Hospital; Alisa K Manning - Broad Institute; Sailaja Vedantam - Broad Institute; Gonçalo R Abecasis - University of Michigan; Thomas W Winkler - University of Regensburg; Sara M Willems - University of Cambridge; Sara M Willems - MRC Epidemiology Unit; Gonçalo R Abecasis - Statistical Research (United States); Katja K.H Aben - Radboud University Nijmegen; Katja K.H Aben - Radboud University Medical Center; Katja K.H Aben - Netherlands Comprehensive Cancer Organisation; Dewan S Alam - York University; Sameer Alharthi - Queen Mary University of London; Sameer Alharthi - King Abdulaziz University; Sameer Alharthi - William Harvey Research Institute; Sailaja Vedantam - Boston Children's Hospital; Sailaja Vedantam - Harvard University; Beverley Balkau - Centre de recherche en Epidémiologie et Santé des Populations; Beverley Balkau - Inserm; Paul L Auer - University of Wisconsin–Milwaukee; Folkert W Asselbergs - University College London; Matthew Allison - University of California San Diego; Philippe Amouyel - Inserm; Philippe Amouyel - Université de Lille; Philippe Amouyel - Institut Pasteur de Lille; Folkert W Asselbergs - University Medical Center Utrecht; Folkert W Asselbergs - Netherlands Heart Institute; Inês Barroso - Wellcome Sanger Institute; Lia E Bang - Copenhagen University Hospital; Lia E Bang - Rigshospitalet; Inês Barroso - University of Cambridge; Inês Barroso - Wellcome/MRC Institute of Metabolic Science; Lisa Bastarache - Vanderbilt University; Marianne Benn - University of Copenhagen; Marianne Benn - Gentofte Hospital; Sven Bergmann - SIB Swiss Institute of Bioinformatics; Sven Bergmann - University of Lausanne; Murray H Brilliant - Marshfield Clinic; Linda Broer - Erasmus MC; Erwin P Böttinger - Icahn School of Medicine at Mount Sinai; Lawrence F Bielak - University of Michigan; Matthias Blüher - IFB Adiposity Diseases; Matthias Blüher - Leipzig University; Michael Boehnke - University of Michigan; Michael Boehnke - Statistical Research (United States); Heiner Boeing - German Institute of Human Nutrition; Eric Boerwinkle - Baylor College of Medicine; Eric Boerwinkle - The University of Texas Health Science Center at Houston; Carsten A Böger - University Hospital Regensburg; Jette Bork‐Jensen - University of Copenhagen; Jette Bork‐Jensen - Novo Nordisk Foundation; Michiel L Bots - University Medical Center Utrecht; Donald W Bowden - Wake Forest University; Ivan Brandslund - University of Southern Denmark; Ivan Brandslund - Lillebaelt Hospital; Gerome Breen - King's College London; Gerome Breen - Centre for Mental Health; Gerome Breen - Maudsley Hospital; John C Chambers - Ealing Hospital; John C Chambers - Imperial College London; Marco Brumat - University of Trieste; Amber Burt - University of Washington; Adam S Butterworth - University of Cambridge; Adam S Butterworth - Genomics (United Kingdom); Peter T Campbell - American Cancer Society; Stefania Cappellani - IRCCS Materno Infantile Burlo Garofolo; David J Carey - Geisinger Health System; Eulalia Catamo - IRCCS Materno Infantile Burlo Garofolo; Mark J Caulfield - Queen Mary University of London; Mark J Caulfield - William Harvey Research Institute; John C Chambers - Imperial College Healthcare NHS Trust; John C Chambers - London North West Healthcare NHS Trust; Massimiliano Cocca - University of Trieste; Yii‐Der Ida Chen - UCLA Medical Center; Yii‐Der Ida Chen - Harbor–UCLA Medical Center; Rajiv Chowdhury - University of Cambridge; Cramer Christensen - Lillebaelt Hospital; Audrey Y Chu - Merck & Co., Inc., Rahway, NJ, USA (United States); Audrey Y Chu - Framingham Heart Study; Francis S Collins - National Institutes of Health; Francis S Collins - National Human Genome Research Institute; James P Cook - University of Liverpool; Janie Corley - University of Edinburgh; Jordi Corominas Galbany - Radboud University Nijmegen; Jordi Corominas Galbany - Radboud University Medical Center; Amanda J Cox - Griffith University; Amanda J Cox - Wake Forest University; David S Crosslin - University of Washington Medical Center; Gabriel Cuéllar-Partida - The University of Queensland; Gabriel Cuéllar-Partida - QIMR Berghofer Medical Research Institute; Angela D’Eustacchio - IRCCS Materno Infantile Burlo Garofolo; Daniel I Chasman - Broad Institute; Daniel I Chasman - Brigham and Women's Hospital; Daniel I Chasman - Harvard University; Yii‐Der Ida Chen - The Lundquist Institute; Martin den Heijer - Amsterdam UMC Location Vrije Universiteit Amsterdam; Renée de Mutsert - Leiden University Medical Center; Ellen W Demerath - University of Minnesota; Mark de Groot - Utrecht University; Anneke I den Hollander - Radboud University Nijmegen; Mark de Groot - University Medical Center Utrecht; Ian J Deary - University of Liverpool; Ian J Deary - University of Edinburgh; John Danesh - University of Cambridge; John Danesh - Wellcome Sanger Institute; John Danesh - British Heart Foundation; George Dedoussis - Harokopio University of Athens; John Danesh - Genomics (United Kingdom); Gail Davies - University of Liverpool; Gail Davies - University of Edinburgh; Paul I W de Bakker - Utrecht University; Paul I W de Bakker - University Medical Center Utrecht; Anneke I den Hollander - Radboud University Medical Center; Marie‐Pierre Dubé - Université de Montréal; Hester M den Ruijter - University Medical Center Utrecht; Joe Dennis - University of Cambridge; Joshua C Denny - Vanderbilt University; Emanuele Di Angelantonio - University of Cambridge; Emanuele Di Angelantonio - Genomics (United Kingdom); Fotios Drenos - University of Bristol; Fotios Drenos - University College London; Mengmeng Du - Memorial Sloan Kettering Cancer Center; Mengmeng Du - Fred Hutch Cancer Center; Marie‐Pierre Dubé - Montreal Heart Institute; Alison M Dunning - University of Cambridge; Douglas F Easton - University of Cambridge; Shuang Feng - University of Michigan; Shuang Feng - Statistical Research (United States); Todd L Edwards - Vanderbilt University; David Ellinghaus - Christian-Albrechts-Universität zu Kiel; Patrick T Ellinor - Broad Institute; Patrick T Ellinor - Massachusetts General Hospital; Paul Elliott - Imperial College London; Εvangelos Εvangelou - University of Ioannina; Εvangelos Εvangelou - Imperial College London; Aliki‐Eleni Farmaki - University of Leicester; Aliki‐Eleni Farmaki - Harokopio University of Athens; I Sadaf Farooqi - University of Cambridge; I Sadaf Farooqi - Wellcome/MRC Institute of Metabolic Science; Jessica D Faul - University of Michigan; Sascha Fauser - University of Cologne; Myriam Fornage - The University of Texas Health Science Center at Houston; Oscar H Franco - Erasmus MC; Ele Ferrannini - University of Pisa; Ele Ferrannini - Istituto di Fisiologia Clinica; José C Florez - Broad Institute; José C Florez - Harvard University; José C Florez - Massachusetts General Hospital; Ian Ford - University of Glasgow; André Franke - Christian-Albrechts-Universität zu Kiel; Vilmantas Giedraitis - Uppsala University; Paul W Franks - Harvard University; Paul W Franks - Lund University; Paul W Franks - Umeå University; Nele Friedrich - Universitätsmedizin Greifswald; Ruth Frikke‐Schmidt - University of Copenhagen; Ruth Frikke‐Schmidt - Copenhagen University Hospital; Ruth Frikke‐Schmidt - Rigshospitalet; Tessel E Galesloot - Radboud University Nijmegen; Tessel E Galesloot - Radboud University Medical Center; Wei Gan - Centre for Human Genetics; Wei Gan - University of Oxford; Ilaria Gandin - AREA Science Park; Paolo Gasparini - University of Trieste; Paolo Gasparini - IRCCS Materno Infantile Burlo Garofolo; Jane Whitney Gibson - University of Southampton; Anette P Gjesing - University of Copenhagen; Anette P Gjesing - Novo Nordisk Foundation; Torben Hansen - Novo Nordisk Foundation; Penny Gordon‐Larsen - University of North Carolina at Chapel Hill; Mathias Gorski - University Hospital Regensburg; Mathias Gorski - University of Regensburg; Hans J Grabe - Universitätsmedizin Greifswald; Hans J Grabe - German Center for Neurodegenerative Diseases; Struan F.A Grant - Children's Hospital of Philadelphia; Struan F.A Grant - University of Pennsylvania; Niels Grarup - University of Copenhagen; Niels Grarup - Novo Nordisk Foundation; Helen Griffiths - University of Southampton; Megan L Grove - The University of Texas Health Science Center at Houston; Vilmundur Guðnason - University of Iceland; Vilmundur Guðnason - Icelandic Heart Association; Stefan Gustafsson - Uppsala University; Stefan Gustafsson - Science for Life Laboratory; Jeff Haessler - Fred Hutch Cancer Center; Håkon Håkonarson - Children's Hospital of Philadelphia; Håkon Håkonarson - University of Pennsylvania; Anke R Hammerschlag - Amsterdam Neuroscience; Kathleen Mullan Harris - University of North Carolina at Chapel Hill; Torben Hansen - University of Copenhagen; Jussi Hernesniemi - Fimlab (Finland); Tamara B Harris - National Institutes of Health; Tamara B Harris - National Institute on Aging; Andrew T Hattersley - University of Exeter; Christian T Have - University of Copenhagen; Christian T Have - Novo Nordisk Foundation; Caroline Hayward - Institute of Genetics and Cancer; Caroline Hayward - University of Edinburgh; Liang He - Social Science Research Council; Liang He - University of Helsinki; Liang He - Duke University; Nancy L Heard‐Costa - Boston University; Nancy L Heard‐Costa - Framingham Heart Study; Andrew C Heath - Washington University in St. Louis; Iris M Heid - Helmholtz Zentrum München; Iris M Heid - University of Regensburg; Øyvind Helgeland - Haukeland University Hospital; Øyvind Helgeland - University of Bergen; Jussi Hernesniemi - Tampere University; Jussi Hernesniemi - Tampere University Hospital; Alex W Hewitt - Lions Eye Institute; Alex W Hewitt - University of Tasmania; Alex W Hewitt - The University of Melbourne; Alex W Hewitt - The University of Western Australia; Alex W Hewitt - Centre for Eye Research Australia; Oddgeir L Holmen - Norwegian University of Science and Technology; Erik Ingelsson - Stanford University; Anne Jackson - Statistical Research (United States); Jan‐Håkan Jansson - Skellefteå Hospital; Jan‐Håkan Jansson - Umeå University; Yao Hu - Shanghai Institutes for Biological Sciences; Paul L Huang - Massachusetts General Hospital; Jennifer E Huffman - Institute of Genetics and Cancer; Jennifer E Huffman - University of Edinburgh; M Arfan Ikram - Erasmus MC; Anne Jackson - University of Michigan; Joanna M M Howson - University of Cambridge; Yao Hu - Chinese Academy of Sciences; Erik Ingelsson - Uppsala University; Erik Ingelsson - Science for Life Laboratory; Torben Jørgensen - Capital Region of Denmark; Torben Jørgensen - Aalborg University; J Wouter Jukema - Leiden University Medical Center; J Wouter Jukema - Netherlands Heart Institute; Bratati Kahali - University of Michigan; Bratati Kahali - Indian Institute of Science Bangalore; René S Kahn - University Medical Center Utrecht; Mika Kähönen - Tampere University Hospital; Mika Kähönen - Tampere University; Pia R Kamstrup - Gentofte Hospital; Stavroula Kanoni - Queen Mary University of London; Stavroula Kanoni - William Harvey Research Institute; Gail P Jarvik - University of Washington; Gorm Boje Jensen - Frederiksberg Hospital; Yucheng Jia - The Lundquist Institute; Yucheng Jia - UCLA Medical Center; Yucheng Jia - Harbor–UCLA Medical Center; Stefan Johansson - Haukeland University Hospital; Stefan Johansson - University of Bergen; Marit E Jørgensen - Steno Diabetes Centers; Marit E Jørgensen - University of Southern Denmark; Torben Jørgensen - University of Copenhagen; Sekar Kathiresan - Massachusetts General Hospital; Eric H Kim - The Lundquist Institute; Eric H Kim - UCLA Medical Center; Eric H Kim - Harbor–UCLA Medical Center; Jaakko Kaprio - University of Helsinki; Jaakko Kaprio - Finnish Institute for Health and Welfare; Jaakko Kaprio - Institute for Molecular Medicine Finland; Maria Karaleftheri - Athens Medical Center; Sharon L R Kardia - University of Michigan; Fredrik Karpe - University of Oxford; Fredrik Karpe - Oxford Centre for Diabetes, Endocrinology and Metabolism; Fredrik Karpe - Oxford BioMedica (United Kingdom); Sekar Kathiresan - Broad Institute; Sekar Kathiresan - Harvard University; Frank Kee - Queen's University Belfast; Lambertus A Kiemeney - Radboud University Nijmegen; Lambertus A Kiemeney - Radboud University Medical Center; Markku Laakso - Kuopio University Hospital; Hidetoshi Kitajima - Centre for Human Genetics; Hidetoshi Kitajima - University of Oxford; David Lamparter - University of Lausanne; Pirjo Komulainen - University of Eastern Finland; Pirjo Komulainen - Kuopio University Hospital; Jaspal S Kooner - Imperial College Healthcare NHS Trust; Jaspal S Kooner - Ealing Hospital; Jaspal S Kooner - London North West Healthcare NHS Trust; Jaspal S Kooner - Hammersmith Hospital; Jaspal S Kooner - Imperial College London; Charles Kooperberg - Fred Hutch Cancer Center; Tellervo Korhonen - University of Helsinki; Tellervo Korhonen - University of Eastern Finland; Tellervo Korhonen - Finnish Institute for Health and Welfare; Péter Kovács - IFB Adiposity Diseases; Helena Kuivaniemi - Stellenbosch University; David Lamparter - SIB Swiss Institute of Bioinformatics; Helena Kuivaniemi - Geisinger Health System; Zoltán Kutalik - SIB Swiss Institute of Bioinformatics; Ethan M Lange - University of North Carolina at Chapel Hill; Zoltán Kutalik - Institute of Social and Preventive Medicine; Kari Kuulasmaa - Finnish Institute for Health and Welfare; Timo A Lakka - Kuopio University Hospital; Johanna Kuusisto - University of Eastern Finland; Timo A Lakka - University of Eastern Finland; Johanna Kuusisto - Kuopio University Hospital; Markku Laakso - University of Eastern Finland; Honghuang Lin - Boston University; Leslie A Lange - University of North Carolina at Chapel Hill; Claudia Langenberg - University of Cambridge; Claudia Langenberg - MRC Epidemiology Unit; Eric B Larson - Kaiser Permanente Washington Health Research Institute; Eric B Larson - University of Washington; Sang Lee - University of San Carlos; Terho Lehtimäki - Tampere University; Terho Lehtimäki - Fimlab (Finland); Cora E Lewis - University of Alabama at Birmingham; Huaixing Li - Chinese Academy of Sciences; Huaixing Li - Shanghai Institutes for Biological Sciences; Jin Li - Stanford University; Ruifang Li‐Gao - Leiden University Medical Center; Keng‐Hung Lin - Taichung Veterans General Hospital; Li‐An Lin - The University of Texas Health Science Center at Houston; Anu Loukola - Institute for Molecular Medicine Finland; Lin Xu - Shanghai Institutes for Biological Sciences; Jian'an Luan - MRC Epidemiology Unit; Jian'an Luan - University of Cambridge; Lars Lind - Uppsala University; Jaana Lindström - Finnish Institute for Health and Welfare; Allan Linneberg - University of Copenhagen; Allan Linneberg - Rigshospitalet; Allan Linneberg - Capital Region of Denmark; Ching‐Ti Liu - Boston University; Dajiang J Liu - Pennsylvania State University; Ching‐Ti Liu - Wake Forest University; Ken Sin Lo - Montreal Heart Institute; Ken Sin Lo - Université de Montréal; Artitaya Lophatananon - University of Warwick; Andrew Lotery - University of Southampton; Lin Xu - Chinese Academy of Sciences; Anu Loukola - University of Helsinki; Mark I McCarthy - Oxford Centre for Diabetes, Endocrinology and Metabolism; Mark I McCarthy - University of Oxford; Mark I McCarthy - Oxford BioMedica (United Kingdom); Roberta McKean‐Cowdin - University of Southern California; Sarah E Medland - QIMR Berghofer Medical Research Institute; Karina Meidtner - Deutsches Diabetes-Zentrum e.V.; Karina Meidtner - German Center for Diabetes Research; Karina Meidtner - German Institute of Human Nutrition; Karina Meidtner - Heinrich Heine University Düsseldorf; Lili Milani - University of Tartu; Vanisha Mistry - University of Cambridge; Vanisha Mistry - Wellcome/MRC Institute of Metabolic Science; Steven A Lubitz - Broad Institute; Steven A Lubitz - Massachusetts General Hospital; Leo‐Pekka Lyytikäinen - Tampere University; Leo‐Pekka Lyytikäinen - Fimlab (Finland); Satu Männistö - Finnish Institute for Health and Welfare; Gaëlle Marenne - Wellcome Sanger Institute; Angela L Mazul - University of North Carolina at Chapel Hill; Mark I McCarthy - Centre for Human Genetics; Trevor A Mori - The University of Western Australia; Carmel Moore - Genomics (United Kingdom); Dennis O Mook‐Kanamori - Leiden University Medical Center; Marie Moitry - Université de Strasbourg; Grant W Montgomery - The University of Queensland; Grant W Montgomery - QIMR Berghofer Medical Research Institute; Paul Mitchell - The University of Sydney; Paul Mitchell - Westmead Institute for Medical Research; Carmel Moore - University of Cambridge; Karen L Mohlke - University of North Carolina at Chapel Hill; Leena Moilanen - Kuopio University Hospital; Patricia B Munroe - Queen Mary University of London; Mike A Nalls - National Institutes of Health; Mike A Nalls - National Institute on Aging; Mike A Nalls - Data Tecnica International (United States); Andrew D Morris - Centre for Human Genetics; Andrew D Morris - University of Liverpool; Andrew D Morris - University of Oxford; Andrew D Morris - University of Edinburgh; Andrew P Morris - Centre for Human Genetics; Andrew P Morris - University of Liverpool; Andrew P Morris - University of Oxford; Andrew P Morris - University of Edinburgh; Martina Müller‐Nurasyid - Helmholtz Zentrum München; Martina Müller‐Nurasyid - German Centre for Cardiovascular Research; Martina Müller‐Nurasyid - Ludwig-Maximilians-Universität München; Patricia B Munroe - William Harvey Research Institute; Dale R Nyholt - Queensland University of Technology; Christopher P Nelson - Glenfield Hospital; Narisu Narisu - National Institutes of Health; Narisu Narisu - National Human Genome Research Institute; Christopher P Nelson - University of Leicester; Christopher P Nelson - NIHR Leicester Cardiovascular Biomedical Research Unit; Matt J Neville - University of Oxford; Matt J Neville - Oxford Centre for Diabetes, Endocrinology and Metabolism; Matt J Neville - Oxford BioMedica (United Kingdom); Sune F Nielsen - University of Copenhagen; Sune F Nielsen - Gentofte Hospital; Kjell Nikus - Tampere University Hospital; Kjell Nikus - Tampere University; Pål R Njølstad - Haukeland University Hospital; Pål R Njølstad - University of Bergen; Børge G Nordestgaard - University of Copenhagen; Børge G Nordestgaard - Gentofte Hospital; Dale R Nyholt - QIMR Berghofer Medical Research Institute; Jeffrey R O’Connel - University of Maryland, Baltimore; Nicholette D Palmer - Wake Forest University; Gerard Pasterkamp - Utrecht University; Gerard Pasterkamp - University Medical Center Utrecht; Michelle L O’Donoghue - Brigham and Women's Hospital; Michelle L O’Donoghue - Harvard University; Loes M Olde Loohuis - University of California, Los Angeles; Roel A Ophoff - University of California, Los Angeles; Roel A Ophoff - University Medical Center Utrecht; Katharine R Owen - University of Oxford; Katharine R Owen - Oxford Centre for Diabetes, Endocrinology and Metabolism; Katharine R Owen - Oxford BioMedica (United Kingdom); Chris J Packard - University of Glasgow; Sandosh Padmanabhan - University of Glasgow; Colin N A Palmer - Ninewells Hospital; Markus Perola - University of Helsinki; Markus Perola - University of Tartu; Markus Perola - Institute for Molecular Medicine Finland; Aniruddh P Patel - Broad Institute; Aniruddh P Patel - Harvard University; Aniruddh P Patel - Massachusetts General Hospital; Alison Pattie - University of Edinburgh; Oluf Pedersen - University of Copenhagen; Oluf Pedersen - Novo Nordisk Foundation; Peggy Peissig - Marshfield Clinic; Gina M Peloso - Boston University; Craig E Pennell - The University of Western Australia; Markus Perola - Finnish Institute for Health and Welfare; Olli T Raitakari - University of Turku; James A Perry - University of Maryland, Baltimore; James A Perry - University of Cambridge; James A Perry - MRC Epidemiology Unit; John R B Perry - University of Maryland, Baltimore; John R B Perry - University of Cambridge; John R B Perry - MRC Epidemiology Unit; Tune H Pers - Statens Serum Institut; Tune H Pers - University of Copenhagen; Tune H Pers - Novo Nordisk Foundation; Thomas N Person - Marshfield Clinic; Annette Peters - Helmholtz Zentrum München; Annette Peters - German Centre for Cardiovascular Research; Annette Peters - Deutsches Diabetes-Zentrum e.V.; Annette Peters - German Center for Diabetes Research; Annette Peters - Heinrich Heine University Düsseldorf; Annette Peters - Lillebaelt Hospital; Patricia A Peyser - University of Michigan; Ailith Pirie - University of Cambridge; Ozren Polašek - University of Split; Ozren Polašek - University of Edinburgh; Tinca J C Polderman - Amsterdam Neuroscience; Olli T Raitakari - Turku University Hospital; Asif Rasheed - Center for Non-Communicable Diseases; Rainer Rauramaa - University of Eastern Finland; Dermot F Reilly - Merck & Co., Inc., Rahway, NJ, USA (United States); John D Rioux - Montreal Heart Institute; John D Rioux - Université de Montréal; Frida Renström - Lund University; Manuel A Rivas - Centre for Human Genetics; Manuel A Rivas - University of Oxford; Manuel A Rivas - Broad Institute; Frida Renström - Umeå University; Myriam Rheinberger - University Hospital Regensburg; Paul M Ridker - Brigham and Women's Hospital; Paul M Ridker - Harvard University; David J Roberts - University of Oxford; Naveed Sattar - University of Glasgow; David J Roberts - Oxford BioMedica (United Kingdom); David J Roberts - Genomics (United Kingdom); Neil R Robertson - Centre for Human Genetics; Neil R Robertson - University of Oxford; Neil R Robertson - Oxford Centre for Diabetes, Endocrinology and Metabolism; Antonietta Robino - IRCCS Materno Infantile Burlo Garofolo; Olov Rolandsson - Umeå University; Igor Rudan - University of Edinburgh; Katherine S Ruth - University of Exeter; Robert E Schoen - University of Pittsburgh Medical Center; Danish Saleheen - Center for Non-Communicable Diseases; Danish Saleheen - University of Pennsylvania; Veikko Salomaa - Finnish Institute for Health and Welfare; Nilesh J Samani - NIHR Leicester Cardiovascular Biomedical Research Unit; Nilesh J Samani - University of Leicester; Yadav Sapkota - QIMR Berghofer Medical Research Institute; Nilesh J Samani - Glenfield Hospital; David J Roberts - NHS Blood and Transplant; David J Roberts - University of Cambridge; Robert A Scott - University of Cambridge; Xueling Sim - National University Health System; Pamela J Schreiner - University of Minnesota; Matthias B Schulze - Deutsches Diabetes-Zentrum e.V.; Matthias B Schulze - German Center for Diabetes Research; Matthias B Schulze - German Institute of Human Nutrition; Matthias B Schulze - Heinrich Heine University Düsseldorf; Robert A Scott - MRC Epidemiology Unit; Marcelo P Segura-Lepe - Imperial College London; Svati H Shah - Duke University; Wayne H-H Sheu - National Yang Ming Chiao Tung University; Wayne H-H Sheu - Taichung Veterans General Hospital; Wayne H-H Sheu - National Defense Medical Center; Xueling Sim - National University of Singapore; Xueling Sim - University of Michigan; Xueling Sim - Statistical Research (United States); Andrew J Slater - Research Triangle Park Foundation; Andrew J Slater - Target (United States); Andrew J Slater - GlaxoSmithKline (United States); Andrew J Slater - Qiagen (United States); Kerrin S Small - King's College London; Albert V Smith - University of Iceland; Albert V Smith - Icelandic Heart Association; Konstantin Strauch - Helmholtz Zentrum München; Michael Stümvoll - Leipzig University; Michael Stümvoll - IFB Adiposity Diseases; Heather M Stringham - Statistical Research (United States); Heather M Stringham - University of Michigan; Lorraine Southam - Centre for Human Genetics; Lorraine Southam - Wellcome Sanger Institute; Lorraine Southam - University of Oxford; Timothy D Spector - King's College London; Elizabeth K Speliotes - University of Michigan; John M Starr - Alzheimer Scotland; John M Starr - University of Edinburgh; Kāri Stefánsson - deCODE Genetics (Iceland); Kāri Stefánsson - University of Iceland; Valgerður Steinthórsdóttir - deCODE Genetics (Iceland); Kathleen Stirrups - Queen Mary University of London; Kathleen Stirrups - University of Cambridge; Kathleen Stirrups - William Harvey Research Institute; Konstantin Strauch - Ludwig-Maximilians-Universität München; Praveen Surendran - University of Cambridge; Liang Sun - Social Science Research Council; Liang Sun - University of Helsinki; Liang Sun - Duke University; Amy J Swift - National Institutes of Health; Amy J Swift - National Human Genome Research Institute; Hayato Tada - Kanazawa University; Hayato Tada - Brigham and Women's Hospital; Hayato Tada - Harvard University; Matti Uusitupa - University of Eastern Finland; Anne Tybjærg‐Hansen - Copenhagen University Hospital; Anne Tybjærg‐Hansen - Rigshospitalet; Jonathan P Tyrer - University of Cambridge; Rudolf Uher - Dalhousie University; André G Uitterlinden - Erasmus MC; Katherine E Tansey - University of Bristol; Katherine E Tansey - Cardiff University; Jean‐Claude Tardif - Montreal Heart Institute; Jean‐Claude Tardif - Université de Montréal; Kent D Taylor - The Lundquist Institute; Kent D Taylor - UCLA Medical Center; Alexander Teumer - Universitätsmedizin Greifswald; Anke Tönjes - Leipzig University; Deborah J Thompson - University of Cambridge; Unnur Þorsteinsdóttir - deCODE Genetics (Iceland); Gerard Tromp - Stellenbosch University; Gerard Tromp - Geisinger Health System; Stella Trompet - Leiden University Medical Center; Jaakko Tuomilehto - Universität für Weiterbildung Krems; Jaakko Tuomilehto - King Abdulaziz University; Kent D Taylor - Harbor–UCLA Medical Center; Guðmar Þorleifsson - deCODE Genetics (Iceland); Betina H Thuesen - Capital Region of Denmark; Unnur Þorsteinsdóttir - University of Iceland; Sander W van der Laan - University Medical Center Utrecht; Jaakko Tuomilehto - Finnish Institute for Health and Welfare; Jaakko Tuomilehto - Dasman Diabetes Institute; Anne Tybjærg‐Hansen - University of Copenhagen; Mauno Vanhala - Central Finland Health Care District; Mauno Vanhala - Kuopio University Hospital; Cornelia M van Duijn - Erasmus MC; Nienke van Leeuwen - Leiden University Medical Center; Nienke van Leeuwen - Amsterdam UMC Location Vrije Universiteit Amsterdam; Jessica van Setten - University Medical Center Utrecht; Anette Varbo - University of Copenhagen; Anette Varbo - Gentofte Hospital; Tibor V Varga - Lund University; Rohit Varma - University of Southern California; Rohit Varma - Southern California Eye Institute; Digna R Velez Edwards - Vanderbilt University; Sita H Vermeulen - Radboud University Nijmegen; Sita H Vermeulen - Radboud University Medical Center; Giovanni Veronesi - University of Insubria; Henrik Vestergaard - University of Copenhagen; Henrik Vestergaard - Steno Diabetes Centers; Henrik Vestergaard - Novo Nordisk Foundation; Véronique Vitart - Institute of Genetics and Cancer; Véronique Vitart - University of Edinburgh; Thomas Vogt - Merck & Co., Inc., Rahway, NJ, USA (United States); Uwe Völker - Universitätsmedizin Greifswald; Uwe Völker - German Centre for Cardiovascular Research; Dragana Vuckovic - University of Trieste; Dragana Vuckovic - IRCCS Materno Infantile Burlo Garofolo; Lynne E Wagenknecht - Wake Forest University; Mark Walker - Newcastle University; Harvey D White - Auckland City Hospital; Feijie Wang - Chinese Academy of Sciences; Feijie Wang - Shanghai Institutes for Biological Sciences; Carol A Wang - The University of Western Australia; Lars Wallentin - Uppsala University; Shuai Wang - Boston University; Yiqin Wang - Chinese Academy of Sciences; Yiqin Wang - Shanghai Institutes for Biological Sciences; Erin B Ware - University of Michigan; Nicholas J Wareham - University of Cambridge; Nicholas J Wareham - MRC Epidemiology Unit; Helen R Warren - Queen Mary University of London; Helen R Warren - William Harvey Research Institute; Dawn Waterworth - Target (United States); Dawn Waterworth - GlaxoSmithKline (United States); Jennifer Wessel - Indiana University Indianapolis; Jennifer Wessel - Indiana University – Purdue University Indianapolis; Harvey D White - University of Auckland; James G Wilson - University of Mississippi Medical Center; Xiaowei Zhan - The University of Texas Southwestern Medical Center; Daniel R Witte - Aarhus University; Cristen J Willer - University of Michigan; James G Wilson - Jackson Memorial Hospital; Daniel R Witte - Danish Diabetes Academy; Andrew R Wood - University of Exeter; Ying Wu - University of North Carolina at Chapel Hill; Hanieh Yaghootkar - University of Exeter; Jie Yao - The Lundquist Institute; Jie Yao - UCLA Medical Center; Jie Yao - Harbor–UCLA Medical Center; Pang Yao - Chinese Academy of Sciences; Pang Yao - Shanghai Institutes for Biological Sciences; Laura M Yerges-Armstrong - University of Maryland, Baltimore; Laura M Yerges-Armstrong - GlaxoSmithKline (United States); Robin Young - University of Cambridge; Robin Young - University of Glasgow; Eleftheria Zeggini - Wellcome Sanger Institute; Wei Zhao - University of Michigan; Weihua Zhang - Ealing Hospital; Weihua Zhang - London North West Healthcare NHS Trust; Weihua Zhang - Imperial College London; Wei Zhao - University of Cambridge; Wei Zhao - MRC Epidemiology Unit; Wei Zhao - University of Pennsylvania; Wei Zhou - University of Michigan; INTERVAL Study - UCLA Medical Center; Timothy M Frayling - University of Exeter; Timothy M Frayling - University of Oxford; Guillaume Lettre - Broad Institute; Guillaume Lettre - Boston Children's Hospital; Guillaume Lettre - Montreal Heart Institute; INTERVAL Study - Harbor–UCLA Medical Center; The MAGIC Investigators - Max Planck Institute of Immunobiology and Epigenetics; Understanding Society Scientific Group - Erasmus MC; Jerome I Rotter - The Lundquist Institute; Jerome I Rotter - UCLA Medical Center; Jerome I Rotter - Harbor–UCLA Medical Center; J Andrew Pospisilik - Queen Mary University of London; J Andrew Pospisilik - King Abdulaziz University; J Andrew Pospisilik - William Harvey Research Institute; J Andrew Pospisilik - Max Planck Institute of Immunobiology and Epigenetics; Fernando Rivadeneira - Erasmus MC; Ingrid B Borecki - Montreal Heart Institute; Krina T Zondervan - Centre for Human Genetics; Krina T Zondervan - University of Oxford; Krina T Zondervan - Endometriosis; INTERVAL Study - The Lundquist Institute; Fernando Rivadeneira - University of Exeter; Ingrid B Borecki - Université de Montréal; Panos Deloukas - University of North Carolina at Chapel Hill; Panos Deloukas - Queen Mary University of London; Panos Deloukas - King Abdulaziz University; Panos Deloukas - William Harvey Research Institute; Guillaume Lettre - Université de Montréal; Timothy M Frayling - Centre for Human Genetics; Kari E North - University of North Carolina at Chapel Hill; Cecilia M Lindgren - Centre for Human Genetics; Joel N Hirschhorn - Boston Children's Hospital; Joel N Hirschhorn - Broad Institute; Cecilia M Lindgren - University of Oxford; Kari E North - Icahn School of Medicine at Mount Sinai; Kari E North - Child Health and Development Institute; Ruth J F Loos - Icahn School of Medicine at Mount Sinai; Ruth J F Loos - Child Health and Development Institute",,"0000-0001-5006-0528; 0000-0001-5050-2074; 0000-0001-5196-8351; 0000-0001-5293-0056; 0000-0001-5322-4188; 0000-0001-5345-1022; 0000-0001-5526-1070; 0000-0001-5541-4305; 0000-0001-5564-301X; 0000-0001-5585-3420; 0000-0001-5620-473X; 0000-0001-5645-4966; 0000-0001-5696-0084; 0000-0001-5753-8766; 0000-0001-5800-4520; 0000-0001-5810-4062; 0000-0001-5894-0351; 0000-0001-5909-8004; 0000-0001-5943-9454; 0000-0001-6052-2001; 0000-0001-6053-298X; 0000-0001-6155-3360; 0000-0001-6156-1491; 0000-0001-6179-1609; 0000-0001-6193-020X; 0000-0001-6225-8240; 0000-0001-6227-198X; 0000-0001-6380-1735; 0000-0001-6404-1950; 0000-0001-6483-3771; 0000-0001-6545-1177; 0000-0001-6553-858X; 0000-0001-6645-0985; 0000-0001-6651-7166; 0000-0001-6711-2021; 0000-0001-6721-153X; 0000-0001-6764-2508; 0000-0001-6868-6676; 0000-0001-6888-1404; 0000-0001-6993-6884; 0000-0001-7075-4287; 0000-0001-7153-2766; 0000-0001-7159-3040; 0000-0001-7191-1723; 0000-0001-7560-8326; 0000-0001-7563-5324; 0000-0001-7569-2150; 0000-0001-7609-3504; 0000-0001-7618-0050; 0000-0001-7648-4097; 0000-0001-7712-6750; 0000-0001-7735-7858; 0000-0001-7871-9638; 0000-0001-7973-9841; 0000-0001-7999-5538; 0000-0001-8025-2897; 0000-0001-8285-7523; 0000-0001-8356-5565; 0000-0001-8362-2603; 0000-0001-8442-4393; 0000-0001-8748-3831; 0000-0001-8776-6719; 0000-0001-8813-0544; 0000-0001-9088-234X; 0000-0001-9201-2321; 0000-0001-9251-070X; 0000-0001-9255-020X; 0000-0001-9295-3594; 0000-0001-9343-6142; 0000-0001-9365-3702; 0000-0001-9435-9441; 0000-0001-9453-2830; 0000-0001-9672-9477; 0000-0001-9701-2718; 0000-0001-9730-0306; 0000-0001-9757-1026; 0000-0001-9762-014X; 0000-0001-9763-8139; 0000-0001-9772-4344; 0000-0001-9927-5394; 0000-0002-0214-2147; 0000-0002-0275-9905; 0000-0002-0284-8342; 0000-0002-0290-5423; 0000-0002-0520-7604; 0000-0002-0537-922X; 0000-0002-0606-8167; 0000-0002-0703-0742; 0000-0002-0769-2922; 0000-0002-0830-5277; 0000-0002-0859-0856; 0000-0002-0937-6165; 0000-0002-0973-8285; 0000-0002-0988-0185; 0000-0002-0994-0184; 0000-0002-1002-4140; 0000-0002-1023-7410; 0000-0002-1126-5202; 0000-0002-1127-7596; 0000-0002-1233-7642; 0000-0002-1249-4613; 0000-0002-1341-6828; 0000-0002-1384-1584; 0000-0002-1427-4470; 0000-0002-1604-2593; 0000-0002-1650-7901; 0000-0002-1691-9615; 0000-0002-1692-8669; 0000-0002-1701-595X; 0000-0002-1730-9325; 0000-0002-1733-263X; 0000-0002-1814-5860; 0000-0002-1954-7220; 0000-0002-2051-3837; 0000-0002-2067-0533; 0000-0002-2298-7008; 0000-0002-2301-5796; 0000-0002-2368-1326; 0000-0002-2374-9204; 0000-0002-2383-699X; 0000-0002-2386-7200; 0000-0002-2386-9927; 0000-0002-2526-9810; 0000-0002-2555-4427; 0000-0002-2621-9532; 0000-0002-2676-8793; 0000-0002-2717-3679; 0000-0002-2751-1770; 0000-0002-2756-4370; 0000-0002-2991-6392; 0000-0002-2998-0546; 0000-0002-3049-7332; 0000-0002-3059-7579; 0000-0002-3246-8359; 0000-0002-3286-8133; 0000-0002-3321-3972; 0000-0002-3327-7837; 0000-0002-3357-1809; 0000-0002-3358-1775; 0000-0002-3394-7749; 0000-0002-3443-8030; 0000-0002-3495-2830; 0000-0002-3583-8239; 0000-0002-3716-2455; 0000-0002-4119-6615; 0000-0002-4122-5308; 0000-0002-4133-2007; 0000-0002-4140-8139; 0000-0002-4165-5260; 0000-0002-4176-2947; 0000-0002-4203-5442; 0000-0002-4301-3974; 0000-0002-4332-6110; 0000-0002-4363-7170; 0000-0002-4366-1824; 0000-0002-4393-0510; 0000-0002-4510-7341; 0000-0002-4585-4064; 0000-0002-4606-4929; 0000-0002-4701-9134; 0000-0002-4903-9374; 0000-0002-4911-6077; 0000-0002-4934-7510; 0000-0002-4991-3797; 0000-0002-5017-7344; 0000-0002-5123-5999; 0000-0002-5146-9074; 0000-0002-5213-6941; 0000-0002-5264-5068; 0000-0002-5264-9229; 0000-0002-5323-3102; 0000-0002-5355-8636; 0000-0002-5436-8658; 0000-0002-5470-0673; 0000-0002-5488-2999; 0000-0002-5549-2036; 0000-0002-5612-2985; 0000-0002-5689-3448; 0000-0002-5764-5788; 0000-0002-5765-1862; 0000-0002-5972-4682; 0000-0002-6004-5433; 0000-0002-6121-688X; 0000-0002-6442-7754; 0000-0002-6710-8708; 0000-0002-6724-032X; 0000-0002-6785-9034; 0000-0002-6803-3007; 0000-0002-6805-6014; 0000-0002-6823-3252; 0000-0002-6875-7435; 0000-0002-6915-9015; 0000-0002-6969-6478; 0000-0002-7024-9704; 0000-0002-7031-0085; 0000-0002-7049-2827; 0000-0002-7152-0287; 0000-0002-7200-5455; 0000-0002-7276-3387; 0000-0002-7511-5684; 0000-0002-7551-1871; 0000-0002-7740-3399; 0000-0002-7761-0806; 0000-0002-7786-4670; 0000-0002-7986-8560; 0000-0002-8111-6421; 0000-0002-8200-8983; 0000-0002-8301-9297; 0000-0002-8306-6202; 0000-0002-8309-094X; 0000-0002-8483-1156; 0000-0002-8532-5087; 0000-0002-8663-0067; 0000-0002-8668-3046; 0000-0002-8822-0651; 0000-0002-8903-0366; 0000-0002-8903-8712; 0000-0002-8925-663X; 0000-0002-9199-2871; 0000-0002-9216-8825; 0000-0002-9224-2909; 0000-0002-9226-1317; 0000-0002-9345-9851; 0000-0002-9405-9550; 0000-0002-9414-6857; 0000-0002-9456-1364; 0000-0002-9599-4866; 0000-0002-9663-3376; 0000-0002-9672-2491; 0000-0002-9672-2547; 0000-0002-9717-8459; 0000-0002-9745-0977; 0000-0002-9766-3665; 0000-0002-9920-6257; 0000-0002-9980-0889; 0000-0003-0006-5237; 0000-0003-0011-123X; 0000-0003-0070-6145; 0000-0003-0207-4831; 0000-0003-0208-2065; 0000-0003-0209-4541; 0000-0003-0247-902X; 0000-0003-0292-5421; 0000-0003-0304-6728; 0000-0003-0372-8585; 0000-0003-0378-6531; 0000-0003-0511-1386; 0000-0003-0542-5967; 0000-0003-0634-5408; 0000-0003-0648-6585; 0000-0003-0650-1351; 0000-0003-0677-8158; 0000-0003-0679-7885; 0000-0003-0777-8272; 0000-0003-1120-7026; 0000-0003-1158-6791; 0000-0003-1382-380X; 0000-0003-1422-2993; 0000-0003-1457-9925; 0000-0003-1465-5799; 0000-0003-1509-1825; 0000-0003-1530-5811; 0000-0003-1676-864X; 0000-0003-1726-948X; 0000-0003-1735-8044; 0000-0003-1813-6726; 0000-0003-1846-6274; 0000-0003-1904-2625; 0000-0003-1942-5845; 0000-0003-1962-5484; 0000-0003-1982-6569; 0000-0003-2025-5302; 0000-0003-2053-1792; 0000-0003-2086-4837; 0000-0003-2152-2353; 0000-0003-2165-1411; 0000-0003-2256-6972; 0000-0003-2335-8542; 0000-0003-2444-3247; 0000-0003-2469-5516; 0000-0003-2523-3778; 0000-0003-2731-1346; 0000-0003-2814-7461; 0000-0003-2838-3085; 0000-0003-2871-9810; 0000-0003-3043-3942; 0000-0003-3090-269X; 0000-0003-3196-2491; 0000-0003-3268-039X; 0000-0003-3357-0862; 0000-0003-3379-0793; 0000-0003-3620-5617; 0000-0003-3684-4208; 0000-0003-3724-4757; 0000-0003-3793-5910; 0000-0003-3869-5808; 0000-0003-3892-7461; 0000-0003-3908-884X; 0000-0003-3982-1407; 0000-0003-4084-5027; 0000-0003-4156-0189; 0000-0003-4158-9192; 0000-0003-4238-659X; 0000-0003-4282-1344; 0000-0003-4293-3215; 0000-0003-4318-6119; 0000-0003-4566-0005; 0000-0003-4580-1576; 0000-0003-4591-1214; 0000-0003-4623-9087; 0000-0003-4672-3055; 0000-0003-4714-774X; 0000-0003-4731-8158; 0000-0003-4813-3040; 0000-0003-4842-1667; 0000-0003-4847-4814; 0000-0003-4861-8005; 0000-0003-4881-5690; 0000-0003-4913-8601; 0000-0003-4966-9170; 0009-0000-1335-8202; 0009-0006-0584-460X; 0009-0006-8293-4334"
"An exploration of needs and preferences for dietary support in colorectal cancer survivors: A mixed-methods study",10.1371/journal.pone.0189178,"PLOS ONE",2017-12-18,1,journal-article,"Public Library of Science (PLoS)","Meeke Hoedjes - Tilburg University; Meeke Hoedjes - Amsterdam Public Health; Anja de Kruif - Amsterdam Public Health; Anja de Kruif - Wageningen University & Research; Floortje Mols - Tilburg University; Floortje Mols - Netherlands Comprehensive Cancer Organisation; Martijn J.L Bours - Maastricht University; Sandra Beijer - Netherlands Comprehensive Cancer Organisation; Renate M Winkels - Wageningen University & Research; Marjan J Westerman - Amsterdam Public Health; Jacob C Seidell - Amsterdam Public Health; Ellen Kampman - Wageningen University & Research",,"0000-0001-6887-2882; 0000-0002-0376-8811; 0000-0002-2510-8179; 0000-0002-5558-1258; 0000-0002-8606-7075; 0000-0002-9262-9062; 0000-0002-9827-6958; 0000-0003-0818-2913"
"Erratum to “The histology of ovarian cancer: Worldwide distribution and implications for international survival comparisons (CONCORD-2)” [Gynecol. Oncol. 144 (2017) 405–413]",10.1016/j.ygyno.2017.06.032,"Gynecologic Oncology",2017-12-01,1,journal-article,"Elsevier BV","M Matz - London School of Hygiene & Tropical Medicine; Milena Sant - Fondazione IRCCS Istituto Nazionale dei Tumori; María Dolores Chirlaque - Instituto Murciano de Investigación Biosanitaria; María Dolores Chirlaque - Universidad de Murcia; María Dolores Chirlaque - Centro de Investigación Biomédica en Red de Epidemiología y Salud Pública; Michel P Coleman - London School of Hygiene & Tropical Medicine; Martin Gore - Royal Marsden NHS Foundation Trust; Otto Visser - Netherlands Comprehensive Cancer Organisation; Debbie Bradshaw - London School of Hygiene & Tropical Medicine; Manar E Abdel‐Rahman - London School of Hygiene & Tropical Medicine; L Jaïdane - London School of Hygiene & Tropical Medicine; Moncef Mokni - London School of Hygiene & Tropical Medicine; M.A Green - London School of Hygiene & Tropical Medicine; Eurico Oliveira - London School of Hygiene & Tropical Medicine; C.L.A Veneziano - London School of Hygiene & Tropical Medicine; G Azevedo e Silva - Royal Marsden NHS Foundation Trust; S Torres Vargas - Netherlands Comprehensive Cancer Organisation; P Peláez Torres - London School of Hygiene & Tropical Medicine; Luis Eduardo Bravo - London School of Hygiene & Tropical Medicine; Claudia Allemani - London School of Hygiene & Tropical Medicine; S Bouzbid - Netherlands Comprehensive Cancer Organisation; M Hamdi-Chérif - London School of Hygiene & Tropical Medicine; Zoubida Zaidi - London School of Hygiene & Tropical Medicine; E Bah - London School of Hygiene & Tropical Medicine; Saray Mormeneo Bayo - Netherlands Comprehensive Cancer Organisation; S.S Manraj - Netherlands Comprehensive Cancer Organisation; L Jaramillo - London School of Hygiene & Tropical Medicine; Patricia Cueva - London School of Hygiene & Tropical Medicine; Guillermo Tortolero‐Luna - Royal Marsden NHS Foundation Trust; Enrique Barrios - London School of Hygiene & Tropical Medicine; Lorraine Shack - London School of Hygiene & Tropical Medicine; G Noonan - Royal Marsden NHS Foundation Trust; Donna Turner - London School of Hygiene & Tropical Medicine; Eshwar Kumar - London School of Hygiene & Tropical Medicine; Sarah Ryan - Netherlands Comprehensive Cancer Organisation; Heather Hannah - Centro de Investigación Biomédica en Red de Epidemiología y Salud Pública; Heather Hannah - Instituto Murciano de Investigación Biosanitaria; Heather Hannah - Universidad de Murcia; M Macintyre - London School of Hygiene & Tropical Medicine; M Ruta - London School of Hygiene & Tropical Medicine; Lorraine D Marrett - London School of Hygiene & Tropical Medicine; H Stuart-Panko - Instituto Murciano de Investigación Biosanitaria; H Stuart-Panko - Universidad de Murcia; H Stuart-Panko - Centro de Investigación Biomédica en Red de Epidemiología y Salud Pública; Suzanne Demers - Netherlands Comprehensive Cancer Organisation; Sarah Wright - Netherlands Comprehensive Cancer Organisation; Lyn Almon - London School of Hygiene & Tropical Medicine; Lothar Mueller - London School of Hygiene & Tropical Medicine; Holly Brown - Instituto Murciano de Investigación Biosanitaria; Holly Brown - Universidad de Murcia; Holly Brown - Centro de Investigación Biomédica en Red de Epidemiología y Salud Pública; T Koike - Royal Marsden NHS Foundation Trust; Mami Yoshii - London School of Hygiene & Tropical Medicine; A Rana Bayakly - Royal Marsden NHS Foundation Trust; DW West - London School of Hygiene & Tropical Medicine; D Jozwik - London School of Hygiene & Tropical Medicine; Martin Charlton - London School of Hygiene & Tropical Medicine; Dennis Deapen - London School of Hygiene & Tropical Medicine; Lihua Liu - London School of Hygiene & Tropical Medicine; D Lemons - London School of Hygiene & Tropical Medicine; L.L Williamson - London School of Hygiene & Tropical Medicine; Michelle M Hood - London School of Hygiene & Tropical Medicine; Amy R Kahn - Royal Marsden NHS Foundation Trust; GM Leung - Royal Marsden NHS Foundation Trust; S.S Schubert - Netherlands Comprehensive Cancer Organisation; Martin Whiteside - London School of Hygiene & Tropical Medicine; J Martin - Royal Marsden NHS Foundation Trust; S Wang - Netherlands Comprehensive Cancer Organisation; Suzanne Farley - Netherlands Comprehensive Cancer Organisation; Laura Stephenson - London School of Hygiene & Tropical Medicine; N Wang - London School of Hygiene & Tropical Medicine; L Yang - London School of Hygiene & Tropical Medicine; P Zhang - London School of Hygiene & Tropical Medicine; Q.L Li - London School of Hygiene & Tropical Medicine; W Li - London School of Hygiene & Tropical Medicine; Liya Cheng - London School of Hygiene & Tropical Medicine; L K Giljahn - London School of Hygiene & Tropical Medicine; Hao-xia Zeng - Instituto Murciano de Investigación Biosanitaria; Hao-xia Zeng - Universidad de Murcia; Hao-xia Zeng - Centro de Investigación Biomédica en Red de Epidemiología y Salud Pública; Pavlos Pavlou - London School of Hygiene & Tropical Medicine; Manigreeva Krishnatreya - London School of Hygiene & Tropical Medicine; P Sebastian - London School of Hygiene & Tropical Medicine; E Suzanna - London School of Hygiene & Tropical Medicine; Lital Keinan-Boker - London School of Hygiene & Tropical Medicine; Hidemi Ito - Instituto Murciano de Investigación Biosanitaria; Hidemi Ito - Centro de Investigación Biomédica en Red de Epidemiología y Salud Pública; Hidemi Ito - Universidad de Murcia; Hidenori Nakagawa - Instituto Murciano de Investigación Biosanitaria; Hidenori Nakagawa - Universidad de Murcia; Hidenori Nakagawa - Centro de Investigación Biomédica en Red de Epidemiología y Salud Pública; Makoto Hattori - London School of Hygiene & Tropical Medicine; Milind Patil - London School of Hygiene & Tropical Medicine; Hiromi Sugiyama - Instituto Murciano de Investigación Biosanitaria; Hiromi Sugiyama - Universidad de Murcia; Hiromi Sugiyama - Centro de Investigación Biomédica en Red de Epidemiología y Salud Pública; Mai Utada - London School of Hygiene & Tropical Medicine; Hiroto Narimatsu - Instituto Murciano de Investigación Biosanitaria; Hiroto Narimatsu - Universidad de Murcia; Hiroto Narimatsu - Centro de Investigación Biomédica en Red de Epidemiología y Salud Pública; Seiki Kanemura - Netherlands Comprehensive Cancer Organisation; Hans H Storm - Instituto Murciano de Investigación Biosanitaria; Tomohiro Matsuda - Royal Marsden NHS Foundation Trust; Omar Nimri - Royal Marsden NHS Foundation Trust; Nirmala Bhoo‐Pathy - London School of Hygiene & Tropical Medicine; S Tuvshingerel - Netherlands Comprehensive Cancer Organisation; Chimedsuren Оchir - Royal Marsden NHS Foundation Trust; H Al-Eid - Universidad de Murcia; H Al-Eid - Centro de Investigación Biomédica en Red de Epidemiología y Salud Pública; H Al-Eid - Instituto Murciano de Investigación Biosanitaria; Surapon Wiangnon - Netherlands Comprehensive Cancer Organisation; Donsuk Pongnikorn - London School of Hygiene & Tropical Medicine; Hutcha Sriplung - Instituto Murciano de Investigación Biosanitaria; Hutcha Sriplung - Universidad de Murcia; Hutcha Sriplung - Centro de Investigación Biomédica en Red de Epidemiología y Salud Pública; Sultan Eser - Netherlands Comprehensive Cancer Organisation; Monika Hackl - London School of Hygiene & Tropical Medicine; H Mühlböck - Instituto Murciano de Investigación Biosanitaria; H Mühlböck - Universidad de Murcia; H Mühlböck - Centro de Investigación Biomédica en Red de Epidemiología y Salud Pública; A Zborovskaya - London School of Hygiene & Tropical Medicine; Olga Aleinikova - Netherlands Comprehensive Cancer Organisation; L Van Eycken - London School of Hygiene & Tropical Medicine; Nadya Dimitrova - London School of Hygiene & Tropical Medicine; Z Valerianova - London School of Hygiene & Tropical Medicine; Mario Šekerija - London School of Hygiene & Tropical Medicine; Miroslav Zvolský - London School of Hygiene & Tropical Medicine; Gerda Engholm - Royal Marsden NHS Foundation Trust; Hans H Storm - Universidad de Murcia; Hans H Storm - Centro de Investigación Biomédica en Red de Epidemiología y Salud Pública; Margit Mägi - London School of Hygiene & Tropical Medicine; Nea Malila - London School of Hygiene & Tropical Medicine; Michel Velten - London School of Hygiene & Tropical Medicine; Édouard Cornet - London School of Hygiene & Tropical Medicine; Anne–Marie Bouvier - London School of Hygiene & Tropical Medicine; Véronique Bouvier - Netherlands Comprehensive Cancer Organisation; Guy Launoy - Royal Marsden NHS Foundation Trust; P Arveux - London School of Hygiene & Tropical Medicine; Marc Maynadié - London School of Hygiene & Tropical Medicine; Morgane Mounier - London School of Hygiene & Tropical Medicine; E Fournier - London School of Hygiene & Tropical Medicine; Anne‐Sophie Woronoff - Fondazione IRCCS Istituto Nazionale dei Tumori; M Daoulas - London School of Hygiene & Tropical Medicine; Sandra Le Guyader-Peyrou - Netherlands Comprehensive Cancer Organisation; Marc Colonna - London School of Hygiene & Tropical Medicine; S Bara - Netherlands Comprehensive Cancer Organisation; Delphine Degré - London School of Hygiene & Tropical Medicine; O Ganry - Royal Marsden NHS Foundation Trust; Pascale Grosclaude - London School of Hygiene & Tropical Medicine; Marion Piñeros - London School of Hygiene & Tropical Medicine; Eunice Sirri - London School of Hygiene & Tropical Medicine; H Kajueter - Instituto Murciano de Investigación Biosanitaria; H Kajueter - Universidad de Murcia; H Kajueter - Centro de Investigación Biomédica en Red de Epidemiología y Salud Pública; Nora Eisemann - London School of Hygiene & Tropical Medicine; Hermann Brenner - Instituto Murciano de Investigación Biosanitaria; Hermann Brenner - Centro de Investigación Biomédica en Red de Epidemiología y Salud Pública; Hermann Brenner - Universidad de Murcia; Vijay Kumar - Netherlands Comprehensive Cancer Organisation; Laufey Tryggvadóttír - London School of Hygiene & Tropical Medicine; Harry Comber - Instituto Murciano de Investigación Biosanitaria; Harry Comber - Universidad de Murcia; Harry Comber - Centro de Investigación Biomédica en Red de Epidemiología y Salud Pública; H Sundseth - Instituto Murciano de Investigación Biosanitaria; H Sundseth - Universidad de Murcia; H Sundseth - Centro de Investigación Biomédica en Red de Epidemiología y Salud Pública; E Devigili - London School of Hygiene & Tropical Medicine; Giorgia Mazzoleni - Royal Marsden NHS Foundation Trust; Marine Castaing - London School of Hygiene & Tropical Medicine; G Gola - Royal Marsden NHS Foundation Trust; Stefano Ferretti - Netherlands Comprehensive Cancer Organisation; Diego Serraino - London School of Hygiene & Tropical Medicine; Marina Vercelli - London School of Hygiene & Tropical Medicine; S Busco - Netherlands Comprehensive Cancer Organisation; Susanna Vitarelli - Netherlands Comprehensive Cancer Organisation; Paolo Ricci - London School of Hygiene & Tropical Medicine; M Autelitano - London School of Hygiene & Tropical Medicine; Massimo Federico - London School of Hygiene & Tropical Medicine; Mario Fusco - London School of Hygiene & Tropical Medicine; M Usala - London School of Hygiene & Tropical Medicine; Maria Michiara - London School of Hygiene & Tropical Medicine; Paolo Sgargi - London School of Hygiene & Tropical Medicine; E Di Felice - London School of Hygiene & Tropical Medicine; Massimo Vicentini - London School of Hygiene & Tropical Medicine; L Cremone - London School of Hygiene & Tropical Medicine; Mario Budroni - London School of Hygiene & Tropical Medicine; S Maspero - Netherlands Comprehensive Cancer Organisation; Giuseppa Candela - Royal Marsden NHS Foundation Trust; T Scuderi - Royal Marsden NHS Foundation Trust; Maria Gentilini - London School of Hygiene & Tropical Medicine; Silvano Piffer - Netherlands Comprehensive Cancer Organisation; Stefano Rosso - Netherlands Comprehensive Cancer Organisation; Lidia Sacchetto - London School of Hygiene & Tropical Medicine; Paolo Contiero - London School of Hygiene & Tropical Medicine; Giovanna Tagliabue - Royal Marsden NHS Foundation Trust; Manuel Zorzi - London School of Hygiene & Tropical Medicine; Paolo Baili - London School of Hygiene & Tropical Medicine; Gemma Gatta - Royal Marsden NHS Foundation Trust; E Liepina - London School of Hygiene & Tropical Medicine; Giedrė Smailytė - Royal Marsden NHS Foundation Trust; D Agius - London School of Hygiene & Tropical Medicine; Neville Calleja - London School of Hygiene & Tropical Medicine; Sabine Siesling - Netherlands Comprehensive Cancer Organisation; Siri Larønningen - Netherlands Comprehensive Cancer Organisation; Maciej Trojanowski - London School of Hygiene & Tropical Medicine; Stanisław Góźdż - Netherlands Comprehensive Cancer Organisation; Monika Grądalska-Lampart - London School of Hygiene & Tropical Medicine; A.U Radziszewska - London School of Hygiene & Tropical Medicine; Urszula Wojciechowska - London School of Hygiene & Tropical Medicine; Magdalena Bielska‐Lasota - London School of Hygiene & Tropical Medicine; Gonçalo Forjaz - Royal Marsden NHS Foundation Trust; M.A Silva - London School of Hygiene & Tropical Medicine; Luís Antunes - London School of Hygiene & Tropical Medicine; Daniela Coza - London School of Hygiene & Tropical Medicine; Maja Primic‐Žakelj - London School of Hygiene & Tropical Medicine; Tina Žagar - Royal Marsden NHS Foundation Trust; E Almar - London School of Hygiene & Tropical Medicine; Nerea Larrañaga - London School of Hygiene & Tropical Medicine; Esther Molina‐Montes - London School of Hygiene & Tropical Medicine; P Franch Sureda - London School of Hygiene & Tropical Medicine; M Ramos Montserrat - London School of Hygiene & Tropical Medicine; M.D Chirlaque - Universidad de Murcia; M.D Chirlaque - Centro de Investigación Biomédica en Red de Epidemiología y Salud Pública; M.D Chirlaque - Instituto Murciano de Investigación Biosanitaria; S Khan - Netherlands Comprehensive Cancer Organisation; Mats Lambe - London School of Hygiene & Tropical Medicine; M Usel - London School of Hygiene & Tropical Medicine; M Maspoli-Conconi - London School of Hygiene & Tropical Medicine; H Frick - Universidad de Murcia; H Frick - Centro de Investigación Biomédica en Red de Epidemiología y Salud Pública; H Frick - Instituto Murciano de Investigación Biosanitaria; Matthias Schindler - London School of Hygiene & Tropical Medicine; Deirdre Fitzpatrick - London School of Hygiene & Tropical Medicine; P J Finan - London School of Hygiene & Tropical Medicine; Helena Carreira - Instituto Murciano de Investigación Biosanitaria; Helena Carreira - Universidad de Murcia; Helena Carreira - Centro de Investigación Biomédica en Red de Epidemiología y Salud Pública; V Di Carlo - Netherlands Comprehensive Cancer Organisation; Lisa Montel - London School of Hygiene & Tropical Medicine; Maja Nikšić - London School of Hygiene & Tropical Medicine; Nuey Alba Montero Sanz - London School of Hygiene & Tropical Medicine; Devon Spika - London School of Hygiene & Tropical Medicine; M Peake - London School of Hygiene & Tropical Medicine; Elizabeth Chalker - London School of Hygiene & Tropical Medicine; LA Newman - London School of Hygiene & Tropical Medicine; Deborah J Baker - London School of Hygiene & Tropical Medicine; Helen Farrugia - Instituto Murciano de Investigación Biosanitaria; Helen Farrugia - Universidad de Murcia; Helen Farrugia - Centro de Investigación Biomédica en Red de Epidemiología y Salud Pública; Timothy Threlfall - Royal Marsden NHS Foundation Trust; David C Currow - London School of Hygiene & Tropical Medicine; Hui You - Instituto Murciano de Investigación Biosanitaria; Hui You - Universidad de Murcia; Hui You - Centro de Investigación Biomédica en Red de Epidemiología y Salud Pública",,"0000-0001-5212-0678; 0000-0001-5241-2101; 0000-0001-5684-9634; 0000-0001-5841-188X; 0000-0001-6025-5214; 0000-0001-6590-325X; 0000-0001-6608-8605; 0000-0001-6626-1914; 0000-0001-6711-588X; 0000-0001-6717-8020; 0000-0001-6760-3605; 0000-0001-6902-3807; 0000-0001-6913-1509; 0000-0001-7223-8198; 0000-0001-7244-9526; 0000-0001-7508-1501; 0000-0001-8067-9030; 0000-0001-8165-5524; 0000-0001-8365-543X; 0000-0001-8384-5073; 0000-0001-8740-4187; 0000-0001-8855-2042; 0000-0001-8940-3807; 0000-0001-9070-1027; 0000-0001-9113-1417; 0000-0001-9252-7317; 0000-0001-9738-7755; 0000-0001-9956-9990; 0000-0001-9968-9853; 0000-0002-0037-0277; 0000-0002-0227-2523; 0000-0002-0273-824X; 0000-0002-0311-3882; 0000-0002-0383-4911; 0000-0002-0428-2426; 0000-0002-0532-1351; 0000-0002-0622-393X; 0000-0002-1025-6312; 0000-0002-1049-8426; 0000-0002-1357-9870; 0000-0002-2016-0779; 0000-0002-2503-6283; 0000-0002-2747-6485; 0000-0002-2792-0259; 0000-0002-2898-8781; 0000-0002-3098-0711; 0000-0002-3101-4953; 0000-0002-3126-7360; 0000-0002-3588-2184; 0000-0002-4148-8597; 0000-0002-4249-7276; 0000-0002-4624-3767; 0000-0002-4767-1384; 0000-0002-5337-6234; 0000-0002-5958-6320; 0000-0002-6129-1572; 0000-0002-6257-7134; 0000-0002-6545-7787; 0000-0002-6564-3790; 0000-0002-6755-5970; 0000-0002-6823-2583; 0000-0002-7052-0242; 0000-0002-7095-2379; 0000-0002-7134-5255; 0000-0002-7177-7496; 0000-0002-7253-551X; 0000-0002-7311-1233; 0000-0002-7993-9912; 0000-0002-8023-4581; 0000-0002-8316-3117; 0000-0002-8432-4197; 0000-0002-8483-0460; 0000-0002-8521-6497; 0000-0002-8615-5710; 0000-0002-9124-1509; 0000-0002-9178-3252; 0000-0002-9247-4814; 0000-0002-9313-1557; 0000-0002-9396-7426; 0000-0002-9414-8633; 0000-0002-9708-0312; 0000-0002-9757-2616; 0000-0002-9889-3796; 0000-0002-9917-4590; 0000-0002-9993-9880; 0000-0003-0132-1108; 0000-0003-0335-2418; 0000-0003-0454-0322; 0000-0003-0565-8920; 0000-0003-0568-8863; 0000-0003-0669-2274; 0000-0003-0731-1541; 0000-0003-0803-6529; 0000-0003-0960-8672; 0000-0003-1317-4168; 0000-0003-1475-7883; 0000-0003-1496-1817; 0000-0003-1538-2526; 0000-0003-1593-3770; 0000-0003-1667-3421; 0000-0003-1800-2103; 0000-0003-1988-1250; 0000-0003-2217-4266; 0000-0003-2252-8407; 0000-0003-2536-0865; 0000-0003-2586-1539; 0000-0003-2805-7845; 0000-0003-3278-8421; 0000-0003-3378-4799; 0000-0003-4160-6458; 0000-0003-4427-4540; 0000-0003-4871-3766; 0000-0003-4937-7442; 0009-0000-4385-184X; 0009-0006-0610-3520; 0009-0006-1605-550X; 0009-0009-4564-9106"
"Practice variation in Sentinel Lymph Node Biopsy for melanoma patients in different geographical regions in the Netherlands",10.1016/j.suronc.2017.08.006,"Surgical Oncology",2017-12-01,1,journal-article,"Elsevier BV","J Verstijnen - Amphia Ziekenhuis; Samantha Damude - University Medical Center Groningen; Samantha Damude - University of Groningen; Harald J Hoekstra - University of Groningen; Harald J Hoekstra - University Medical Center Groningen; Schelto Kruijff - University Medical Center Groningen; Schelto Kruijff - University of Groningen; Albert J ten Tije - Amsterdam University Medical Centers; Albert J ten Tije - Amphia Ziekenhuis; Marieke W.J Louwman - Netherlands Comprehensive Cancer Organisation; Esther Bastiaannet - Leiden University Medical Center; Martijn M Stuiver - University of Amsterdam; Martijn M Stuiver - Amsterdam UMC Location University of Amsterdam",,
"Synchronous peritoneal metastases of small bowel adenocarcinoma: Insights into an underexposed clinical phenomenon",10.1016/j.ejca.2017.10.012,"European Journal of Cancer",2017-12-01,1,journal-article,"Elsevier BV","Laura M Legué - Netherlands Comprehensive Cancer Organisation; Laura M Legué - Catharina Ziekenhuis; Laura M Legué - Radboud University Nijmegen; Geert A Simkens - Catharina Ziekenhuis; Geert A Simkens - Radboud University Nijmegen; Geert-Jan Creemers - Catharina Ziekenhuis; Geert-Jan Creemers - Radboud University Nijmegen; V.E.P.P Lemmens - Netherlands Comprehensive Cancer Organisation; V.E.P.P Lemmens - Erasmus MC; Ignace H J T de Hingh - Catharina Ziekenhuis; Ignace H J T de Hingh - Radboud University Nijmegen",,"0000-0002-4109-5734; 0000-0002-9358-1996; 0000-0003-0305-391X; 0000-0003-3491-4268"
"Impact of Centralizing Gastric Cancer Surgery on Treatment, Morbidity, and Mortality",10.1007/s11605-017-3531-x,"Journal of Gastrointestinal Surgery",2017-12-01,2,journal-article,"Elsevier BV","S.D Nelen - Radboud University Nijmegen; S.D Nelen - Radboud University Medical Center; Lianne Heuthorst - Radboud University Nijmegen; Lianne Heuthorst - Radboud University Medical Center; Rob H.A Verhoeven - Netherlands Comprehensive Cancer Organisation; Fatih Polat - Canisius-Wilhelmina Ziekenhuis; Ph M Kruyt - Ziekenhuis Gelderse Vallei; Koen Reijnders - Slingeland Ziekenhuis; Floris Ferenschild - Radboud University Nijmegen; Floris Ferenschild - Radboud University Medical Center; Johannes J Bonenkamp - Radboud University Nijmegen; Johannes J Bonenkamp - Radboud University Medical Center; Jeroen E Rütter - Rijnstate Hospital; Johannes H W de Wilt - Radboud University Nijmegen; Johannes H W de Wilt - Radboud University Medical Center; Ernst Jan Spillenaar Bilgen - Rijnstate Hospital",,
"Scalp hypothermia as a preventative measure for chemotherapy‐induced alopecia: a review of controlled clinical trials",10.1111/jdv.14612,"Journal of the European Academy of Dermatology and Venereology",2017-11-24,2,journal-article,Wiley,"Vidhi Shah - University of Miami; Tongyu C Wikramanayake - University of Miami; G.M DelCanto - University of Miami; Corina van den Hurk - Netherlands Comprehensive Cancer Organisation; Mario E Lacouture - Memorial Sloan Kettering Cancer Center; Joaquín J Jiménez - University of Miami",,
"Resection of pancreatic cancer in Europe and USA: an international large-scale study highlighting large variations",10.1136/gutjnl-2017-314828,Gut,2017-11-20,1,journal-article,BMJ,"Lei Huang - German Cancer Research Center; Lei Huang - Heidelberg University; Lina Jansen - German Cancer Research Center; Lina Jansen - Heidelberg University; Yesilda Balavarca - National Center for Tumor Diseases; Yesilda Balavarca - German Cancer Research Center; Yesilda Balavarca - Heidelberg University; Esther Molina‐Montes - Spanish National Cancer Research Centre; Esther Molina‐Montes - Instituto de Salud Carlos III; Esther Molina‐Montes - Centro de Investigación Biomédica en Red de Cáncer; Masoud Babaei - German Cancer Research Center; Masoud Babaei - Heidelberg University; Lydia G van der Geest - Netherlands Comprehensive Cancer Organisation; V.E.P.P Lemmens - Netherlands Comprehensive Cancer Organisation; Tom Børge Johannesen - Cancer Registry of Norway; Michael Bau Mortensen - Odense University Hospital; Maja Primic‐Žakelj - Institute of Oncology Ljubljana; Vesna Zadnik - Institute of Oncology Ljubljana; Nikolaus Becker - Heidelberg University; Nikolaus Becker - National Center for Tumor Diseases; Thilo Hackert - University Hospital Heidelberg; Thilo Hackert - Heidelberg University; Margit Mägi - National Institute for Health Development; Tiziana Cassetti - Azienda Sanitaria Unità Locale di Reggio Emilia; Romano Sassatelli - Azienda Sanitaria Unità Locale di Reggio Emilia; Robert Grützmann - Friedrich-Alexander-Universität Erlangen-Nürnberg; Susanne Merkel - Friedrich-Alexander-Universität Erlangen-Nürnberg; Ana Gonçalves - Instituto Português de Oncologia Francisco Gentil; María José Bento - Instituto Português de Oncologia Francisco Gentil; Péter Hegyi - University of Pecs; Gábor Lakatos - Unified Szent István and Szent László Hospital; Andrea Szentesi - University of Pecs; Michel Moreau - Institut Jules Bordet; Tony van de Velde - The Netherlands Cancer Institute; Annegien Broeks - The Netherlands Cancer Institute; Milena Sant - Fondazione IRCCS Istituto Nazionale dei Tumori; Pamela Minicozzi - Fondazione IRCCS Istituto Nazionale dei Tumori; Vincenzo Mazzaferro - Fondazione IRCCS Istituto Nazionale dei Tumori; Vincenzo Mazzaferro - University of Milan; Francisco X Real - Spanish National Cancer Research Centre; Francisco X Real - Centro de Investigación Biomédica en Red de Cáncer; Francisco X Real - Universitat Pompeu Fabra; Alfredo Carrato - Instituto Cajal; Alfredo Carrato - Centro de Investigación Biomédica en Red de Cáncer; Alfredo Carrato - Instituto Ramón y Cajal de Investigación Sanitaria; Xavier Molero - Centro de Investigación Biomédica en Red de Epidemiología y Salud Pública; Xavier Molero - Vall d'Hebron Institut de Recerca; Xavier Molero - Universitat Autònoma de Barcelona; Núria Malats - Spanish National Cancer Research Centre; Núria Malats - Instituto de Salud Carlos III; Núria Malats - Centro de Investigación Biomédica en Red de Cáncer; Markus W Büchler - University Hospital Heidelberg; Markus W Büchler - Heidelberg University; Petra Schrotz‐King - National Center for Tumor Diseases; Petra Schrotz‐King - German Cancer Research Center; Petra Schrotz‐King - Heidelberg University; Hermann Brenner - German Cancer Research Center; Hermann Brenner - Heidelberg University; Hermann Brenner - National Center for Tumor Diseases",,"0000-0001-6125-5005; 0000-0001-7749-8140; 0000-0001-8004-4940; 0000-0001-8633-1633; 0000-0001-9501-498X; 0000-0001-9956-9990; 0000-0002-0428-2426; 0000-0002-2957-5671; 0000-0002-3666-5675; 0000-0002-3853-4070; 0000-0002-3958-1813; 0000-0002-4013-8085; 0000-0002-4109-5734; 0000-0002-4148-8597; 0000-0002-4225-9200; 0000-0002-4864-4556; 0000-0002-4950-0554; 0000-0002-6129-1572; 0000-0002-7012-1196; 0000-0002-7270-5005; 0000-0002-7273-7947; 0000-0002-7690-9830; 0000-0002-8699-5058; 0000-0003-0399-7259; 0000-0003-1637-5520; 0000-0003-2097-6927; 0000-0003-2473-7405; 0000-0003-2538-3784; 0000-0003-2559-0476; 0000-0003-2676-9486; 0000-0003-3775-8512; 0000-0003-3897-6570; 0000-0003-4339-3492; 0000-0003-4962-3260"
"International development of four EORTC disease-specific quality of life questionnaires for patients with Hodgkin lymphoma, high- and low-grade non-Hodgkin lymphoma and chronic lymphocytic leukaemia",10.1007/s11136-017-1718-y,"Quality of Life Research",2017-11-10,1,journal-article,"Springer Nature","Lonneke V van de Poll‐Franse - The Netherlands Cancer Institute; Lonneke V van de Poll‐Franse - Tilburg University; Simone Oerlemans - Netherlands Comprehensive Cancer Organisation; Anne Brédart - Institut Curie; Charalampia Kyriakou - The Royal Free Hospital; Charalampia Kyriakou - National Health Service; Charalampia Kyriakou - University College London; Charalampia Kyriakou - Royal London Hospital; Monika Sztankay - Innsbruck Medical University; Stephan Pallua - Innsbruck Medical University; Laurien A Daniëls - Leiden University Medical Center; Carien L Creutzberg - Leiden University Medical Center; Kim Cocks - University of York; Sandra Malak - Hôpital René Huguenin; Sandra Malak - Institut Curie; Giovanni Caocci - University of Cagliari; Stefano Molica - Azienda Ospedaliera Pugliese Ciaccio; Wei‐Chu Chie - National Taiwan University; Wei‐Chu Chie - National Yang Ming Chiao Tung University; Fabio Efficace - Fondazione Gimema Onlus",,"0000-0001-5584-6554; 0000-0001-8823-5055; 0000-0002-1864-5371; 0000-0002-5065-5166; 0000-0002-6585-5187; 0000-0002-7008-4321; 0000-0002-7938-1250; 0000-0003-0413-6872; 0000-0003-1595-7262; 0000-0003-2595-708X; 0000-0003-2795-6507; 0009-0009-1545-3137"
"Cost–utility and cost-effectiveness of physical exercise during adjuvant chemotherapy",10.1007/s10198-017-0936-0,"The European Journal of Health Economics",2017-10-30,1,journal-article,"Springer Nature","Hanna van Waart - The Netherlands Cancer Institute; Johanna M van Dongen - Amsterdam Public Health; Wim H van Harten - The Netherlands Cancer Institute; Martijn M Stuiver - The Netherlands Cancer Institute; Rosalie J Huijsmans - Amsterdam University Medical Centers; Jeannette A J H Hellendoorn-van Vreeswijk - Netherlands Comprehensive Cancer Organisation; Gabe S Sonke - The Netherlands Cancer Institute; Neil K Aaronson - The Netherlands Cancer Institute",,
"Trends in treatment, incidence and survival of hypopharynx cancer: a 20-year population-based study in the Netherlands",10.1007/s00405-017-4766-6,"European Archives of Oto-Rhino-Laryngology",2017-10-28,4,journal-article,"Springer Nature","Japke F Petersen - The Netherlands Cancer Institute; Adriana J Timmermans - The Netherlands Cancer Institute; Boukje A C van Dijk - Netherlands Comprehensive Cancer Organisation; Laura A Smit - Oncode Institute; Laura A Smit - The Netherlands Cancer Institute; Frans J M Hilgers - The Netherlands Cancer Institute; Martijn M Stuiver - The Netherlands Cancer Institute; Michiel W M van den Brekel - University of Amsterdam",,
"Risks of different skin tumour combinations after a first melanoma, squamous cell carcinoma and basal cell carcinoma in Dutch population‐based cohorts: 1989–2009",10.1111/jdv.14587,"Journal of the European Academy of Dermatology and Venereology",2017-10-17,1,journal-article,Wiley,"R.J.T van der Leest - Erasmus MC Cancer Institute; Loes M Hollestein - Netherlands Comprehensive Cancer Organisation; Loes M Hollestein - Erasmus MC Cancer Institute; L Liu - Erasmus MC; L Liu - European Organisation for Research and Treatment of Cancer; Tamar Nijsten - Erasmus MC Cancer Institute; Esther de Vries - Pontificia Universidad Javeriana; Esther de Vries - Erasmus MC Cancer Institute; Esther de Vries - Erasmus MC",,"0000-0001-8922-6791; 0000-0001-9940-2875; 0000-0002-5560-2258"
"A Nationwide Population-Based Study on the Survival of Patients with Pancreatic Neuroendocrine Tumors in The Netherlands",10.1007/s00268-017-4278-y,"World Journal of Surgery",2017-10-10,2,journal-article,"Springer Nature","C Genc - Amsterdam UMC Location University of Amsterdam; Heinz‐Josef Klümpen - Amsterdam UMC Location University of Amsterdam; Heinz‐Josef Klümpen - Cancer Center Amsterdam; Martijn G.H van Oijen - Amsterdam UMC Location University of Amsterdam; Martijn G.H van Oijen - Cancer Center Amsterdam; Martijn G.H van Oijen - Netherlands Comprehensive Cancer Organisation; Casper H.J van Eijck - Erasmus MC; E.J.M Nieveen van Dijkum - Amsterdam UMC Location University of Amsterdam",,
"The Use of The Eortc Item Library To Supplement Eortc Quality of Life Instruments",10.1016/j.jval.2017.08.2236,"Value in Health",2017-10-01,1,journal-article,"Elsevier BV","Dagmara Kuliś - European Organisation for Research and Treatment of Cancer; Andrew Bottomley - European Organisation for Research and Treatment of Cancer; Cheryl Whittaker - European Organisation for Research and Treatment of Cancer; LV van de Poll-Franse - Netherlands Comprehensive Cancer Organisation; Anne‐Sophie Darlington - University of Southampton; Bernhard Holzner - Innsbruck Medical University; Bernhard Holzner - Universität Innsbruck; Michael Koller - University Hospital Regensburg; JC Reijneveld - Amsterdam University Medical Centers; Krzysztof A Tomaszewski - Akademia Ignatianum w Krakowie; Mogens Grønvold - University of Copenhagen",,"0000-0001-5077-6948; 0000-0001-5252-6010; 0000-0002-2289-2113; 0000-0002-3153-780X; 0000-0002-3389-3621; 0000-0002-9057-4600; 0000-0003-4387-7278"
"Second-line therapy in patients with metastatic castration-resistant prostate cancer with progression after or under docetaxel: A systematic review of nine randomized controlled trials",10.1053/j.seminoncol.2017.10.005,"Seminars in Oncology",2017-10-01,1,journal-article,"Elsevier BV","Michiel H.F Poorthuis - Netherlands Comprehensive Cancer Organisation; Robin W.M Vernooij - Netherlands Comprehensive Cancer Organisation; R Jeroen A van Moorselaar - Amsterdam University Medical Centers; Theo M de Reijke - Amsterdam UMC Location University of Amsterdam",,"0000-0001-5198-2823; 0000-0001-5734-4566; 0000-0002-2559-9254; 0000-0003-0651-7361"
"Impact of gene-expression profiling in patients with early breast cancer when applied outside the guideline directed indication area",10.1016/j.ejca.2017.07.042,"European Journal of Cancer",2017-10-01,1,journal-article,"Elsevier BV","K Schreuder - Netherlands Comprehensive Cancer Organisation; K Schreuder - University of Twente; Anne Kuijer - Diakonessenhuis hospital; Anne Kuijer - University Medical Center Utrecht; Emiel J Rutgers - The Netherlands Cancer Institute; Carolien H Smorenburg - The Netherlands Cancer Institute; T van Dalen - Diakonessenhuis hospital; Sabine Siesling - Netherlands Comprehensive Cancer Organisation; Sabine Siesling - University of Twente",,"0000-0002-0273-824X; 0000-0002-1046-2634; 0000-0002-4224-800X; 0000-0002-4244-0106; 0000-0002-6666-1368"
"MDS classification is improving in an era of the WHO 2016 criteria of MDS: A population-based analysis among 9159 MDS patients diagnosed in the Netherlands",10.1016/j.canep.2017.08.016,"Cancer Epidemiology",2017-10-01,1,journal-article,"Elsevier BV","Avinash G Dinmohamed - Erasmus MC Cancer Institute; Avinash G Dinmohamed - Erasmus MC; Avinash G Dinmohamed - Netherlands Comprehensive Cancer Organisation; Peter C Huijgens - Cancer Center Amsterdam; Peter C Huijgens - Amsterdam UMC Location Vrije Universiteit Amsterdam; Pieter Sonneveld - Erasmus MC; Pieter Sonneveld - Erasmus MC Cancer Institute; Arjan A van de Loosdrecht - Cancer Center Amsterdam; Arjan A van de Loosdrecht - Amsterdam UMC Location Vrije Universiteit Amsterdam; Otto Visser - Netherlands Comprehensive Cancer Organisation; Eduardus F M Posthuma - Reinier de Graaf Hospital; Peter C Huijgens - Netherlands Comprehensive Cancer Organisation; Mojca Jongen‐Lavrencic - Erasmus MC; Mojca Jongen‐Lavrencic - Erasmus MC Cancer Institute",,
"Quality analysis of population-based information on cancer stage at diagnosis across Europe, with presentation of stage-specific cancer survival estimates: A EUROCARE-5 study",10.1016/j.ejca.2017.07.015,"European Journal of Cancer",2017-10-01,10,journal-article,"Elsevier BV","Pamela Minicozzi - Fondazione IRCCS Istituto Nazionale dei Tumori; Kaire Innos - National Institute for Health Development; María‐José Sánchez - Centro de Investigación Biomédica en Red de Epidemiología y Salud Pública; María‐José Sánchez - Andalusian School of Public Health; María‐José Sánchez - Instituto de Investigación Biosanitaria de Granada; Annalisa Trama - Fondazione IRCCS Istituto Nazionale dei Tumori; Paul M Walsh - National Cancer Registry; Rafael Marcos‐Gragera - Institut Català d'Oncologia; Rafael Marcos‐Gragera - Generalitat de Catalunya; Laura Botta - Fondazione IRCCS Istituto Nazionale dei Tumori; Otto Visser - Netherlands Comprehensive Cancer Organisation; Silvia Rossi - Istituto Superiore di Sanità; Andrea Tavilla - Istituto Superiore di Sanità; Milena Sant - Fondazione IRCCS Istituto Nazionale dei Tumori; Monika Hackl - Fondazione IRCCS Istituto Nazionale dei Tumori; Z Valerianova - Centro de Investigación Biomédica en Red de Epidemiología y Salud Pública; Z Valerianova - Andalusian School of Public Health; Z Valerianova - Instituto de Investigación Biosanitaria de Granada; Mario Šekerija - Fondazione IRCCS Istituto Nazionale dei Tumori; Ladislav Dušek - Fondazione IRCCS Istituto Nazionale dei Tumori; Miroslav Zvolský - Fondazione IRCCS Istituto Nazionale dei Tumori; Margit Mägi - Fondazione IRCCS Istituto Nazionale dei Tumori; Tiiu Aareleid - Fondazione IRCCS Istituto Nazionale dei Tumori; Anne–Marie Bouvier - Fondazione IRCCS Istituto Nazionale dei Tumori; Jean Faivre - Centro de Investigación Biomédica en Red de Epidemiología y Salud Pública; Jean Faivre - Andalusian School of Public Health; Jean Faivre - Instituto de Investigación Biosanitaria de Granada; Zoé Uhry - Centro de Investigación Biomédica en Red de Epidemiología y Salud Pública; Zoé Uhry - Andalusian School of Public Health; Zoé Uhry - Instituto de Investigación Biosanitaria de Granada; Marc Colonna - Fondazione IRCCS Istituto Nazionale dei Tumori; Sabine Luttmann - Fondazione IRCCS Istituto Nazionale dei Tumori; Hermann Brenner - National Cancer Registry; Jutta Engel - Centro de Investigación Biomédica en Red de Epidemiología y Salud Pública; Jutta Engel - Andalusian School of Public Health; Jutta Engel - Instituto de Investigación Biosanitaria de Granada; Jan Heidrich - Centro de Investigación Biomédica en Red de Epidemiología y Salud Pública; Jan Heidrich - Andalusian School of Public Health; Jan Heidrich - Instituto de Investigación Biosanitaria de Granada; Bernd Holleczek - Fondazione IRCCS Istituto Nazionale dei Tumori; Stefano Ferretti - Fondazione IRCCS Istituto Nazionale dei Tumori; H Amash - National Cancer Registry; Franco Berrino - Institut Català d'Oncologia; Franco Berrino - Generalitat de Catalunya; S Bonfarnuzzo - Fondazione IRCCS Istituto Nazionale dei Tumori; F Di Salvo - Institut Català d'Oncologia; F Di Salvo - Generalitat de Catalunya; Diego Serraino - Istituto Superiore di Sanità; M Caldora - Fondazione IRCCS Istituto Nazionale dei Tumori; Silvia Francisci - Fondazione IRCCS Istituto Nazionale dei Tumori; Sandra Mallone - Fondazione IRCCS Istituto Nazionale dei Tumori; Daniela Pierannunzio - Istituto Superiore di Sanità; Mariano Santaquilani - Fondazione IRCCS Istituto Nazionale dei Tumori; Fabio Pannozzo - Generalitat de Catalunya; Fabio Pannozzo - Institut Català d'Oncologia; M Natali - Fondazione IRCCS Istituto Nazionale dei Tumori; Rosangela Filiberti - Fondazione IRCCS Istituto Nazionale dei Tumori; M Autelitano - Fondazione IRCCS Istituto Nazionale dei Tumori; Mario Fusco - Fondazione IRCCS Istituto Nazionale dei Tumori; Francesco Vitale - Generalitat de Catalunya; Francesco Vitale - Institut Català d'Oncologia; Maria Michiara - Fondazione IRCCS Istituto Nazionale dei Tumori; Fabio Falcini - Institut Català d'Oncologia; Fabio Falcini - Generalitat de Catalunya; Anna Luisa Caiazzo - National Cancer Registry; S Maspero - Fondazione IRCCS Istituto Nazionale dei Tumori; Stefano Rosso - Fondazione IRCCS Istituto Nazionale dei Tumori; Massimo Rugge - Fondazione IRCCS Istituto Nazionale dei Tumori; Sandro Tognazzo - Fondazione IRCCS Istituto Nazionale dei Tumori; Santa Pildava - Fondazione IRCCS Istituto Nazionale dei Tumori; Jadwiga Rachtan - Centro de Investigación Biomédica en Red de Epidemiología y Salud Pública; Jadwiga Rachtan - Andalusian School of Public Health; Jadwiga Rachtan - Instituto de Investigación Biosanitaria de Granada; Stanisław Góźdż - Fondazione IRCCS Istituto Nazionale dei Tumori; Jerzy Błaszczyk - Centro de Investigación Biomédica en Red de Epidemiología y Salud Pública; Jerzy Błaszczyk - Andalusian School of Public Health; Jerzy Błaszczyk - Instituto de Investigación Biosanitaria de Granada; Magdalena Bielska‐Lasota - Fondazione IRCCS Istituto Nazionale dei Tumori; Luís Antunes - Fondazione IRCCS Istituto Nazionale dei Tumori; Maja Primic‐Žakelj - Fondazione IRCCS Istituto Nazionale dei Tumori; L Vilardell - Fondazione IRCCS Istituto Nazionale dei Tumori; Mats Lambe - Fondazione IRCCS Istituto Nazionale dei Tumori; Seyed Mohsen Mousavi - Fondazione IRCCS Istituto Nazionale dei Tumori; M Usel - Fondazione IRCCS Istituto Nazionale dei Tumori; H Frick - National Cancer Registry; Matthias Lorez - Fondazione IRCCS Istituto Nazionale dei Tumori; Michel P Coleman - Fondazione IRCCS Istituto Nazionale dei Tumori; Bernard Rachet - Fondazione IRCCS Istituto Nazionale dei Tumori; Jem Rashbass - Centro de Investigación Biomédica en Red de Epidemiología y Salud Pública; Jem Rashbass - Andalusian School of Public Health; Jem Rashbass - Instituto de Investigación Biosanitaria de Granada; John Broggio - Centro de Investigación Biomédica en Red de Epidemiología y Salud Pública; John Broggio - Andalusian School of Public Health; John Broggio - Instituto de Investigación Biosanitaria de Granada; Julia Verne - Centro de Investigación Biomédica en Red de Epidemiología y Salud Pública; Julia Verne - Andalusian School of Public Health; Julia Verne - Instituto de Investigación Biosanitaria de Granada; Deirdre Fitzpatrick - Istituto Superiore di Sanità",,
"The Impact of Participation in Online Cancer Communities on Patient Reported Outcomes: Systematic Review",10.2196/cancer.7312,"JMIR Cancer",2017-09-28,1,journal-article,"JMIR Publications Inc.","Mies van Eenbergen - Netherlands Comprehensive Cancer Organisation; Lonneke V van de Poll‐Franse - The Netherlands Cancer Institute; Floortje Mols - Tilburg University",,"0000-0001-6731-3296; 0000-0003-0413-6872; 0000-0003-0818-2913"
"Treatment and relative survival in very elderly patients with DLBCL in The Netherlands: a population-based study, 1989 to 2015",10.1182/bloodadvances.2017011031,"Blood Advances",2017-09-22,1,journal-article,"American Society of Hematology","Avinash G Dinmohamed - Erasmus MC; Avinash G Dinmohamed - Erasmus MC Cancer Institute; Avinash G Dinmohamed - Netherlands Comprehensive Cancer Organisation; Djamila E Issa - Jeroen Bosch Ziekenhuis; Marjolein van der Poel - Maastricht University; Harry C Schouten - Maastricht University; Pieternella J Lugtenburg - Erasmus MC Cancer Institute; Martine E.D Chamuleau - Amsterdam University Medical Centers; Sonja Zweegman - Amsterdam University Medical Centers; Otto Visser - Netherlands Comprehensive Cancer Organisation",,"0000-0002-0123-9182; 0000-0002-1305-4150; 0000-0002-2384-4797; 0000-0002-4512-7019; 0000-0002-4767-6716; 0000-0002-5011-1820; 0000-0002-6735-8651; 0000-0003-1496-1817"
"Breast conserving therapy and mastectomy revisited: Breast cancer‐specific survival and the influence of prognostic factors in 129,692 patients",10.1002/ijc.31034,"International Journal of Cancer",2017-09-18,3,journal-article,Wiley,"Mirelle Lagendijk - Erasmus MC Cancer Institute; Marissa C van Maaren - Netherlands Comprehensive Cancer Organisation; Marissa C van Maaren - University of Twente; Sepideh Saadatmand - Máxima Medisch Centrum; Sepideh Saadatmand - Radboud University Nijmegen; Luc J A Strobbe - Canisius-Wilhelmina Ziekenhuis; Philip Poortmans - Institut Curie; Linetta B Koppert - Erasmus MC Cancer Institute; Madeleine M.A Tilanus‐Linthorst - Erasmus MC Cancer Institute; Sabine Siesling - Netherlands Comprehensive Cancer Organisation; Sabine Siesling - University of Twente",,
"The impact of the survivorship care plan on health care use: 2-year follow-up results of the ROGY care trial",10.1007/s11764-017-0639-7,"Journal of Cancer Survivorship",2017-09-05,2,journal-article,"Springer Nature","Mette Moustgaard Jeppesen - University of Southern Denmark; Mette Moustgaard Jeppesen - Odense University Hospital; Nicole P M Ezendam - Tilburg University; Johanna M.A Pijnenborg - Radboud University Medical Center; Johanna M.A Pijnenborg - Radboud University Nijmegen; M Caroline Vos - Elisabeth-TweeSteden Ziekenhuis; Dorry Boll - Catharina Ziekenhuis; Dorry Boll - Radboud University Nijmegen; Roy F.P.M Kruitwagen - Maastricht University; Pernille Tine Jensen - University of Southern Denmark; Pernille Tine Jensen - Odense University Hospital; Lonneke V van de Poll‐Franse - Netherlands Comprehensive Cancer Organisation",,"0000-0001-7390-5167; 0000-0002-1305-9541; 0000-0002-1612-0395; 0000-0002-1637-6040; 0000-0002-5339-8505; 0000-0002-5878-4210; 0000-0002-6138-1236; 0000-0003-0413-6872"
"Geographical variability in survival of European children with central nervous system tumours",10.1016/j.ejca.2017.05.028,"European Journal of Cancer",2017-09-01,6,journal-article,"Elsevier BV","Gemma Gatta - Fondazione IRCCS Istituto Nazionale dei Tumori; Rafael Peris‐Bonet - Universitat de València; Otto Visser - Netherlands Comprehensive Cancer Organisation; Charles Stiller - National Cancer Registration Service; Charles Stiller - Public Health England; Rafael Marcos‐Gragera - Institut Català d'Oncologia; Rafael Marcos‐Gragera - Generalitat de Catalunya; María‐José Sánchez - Complejo Hospitalario Universitario de Granada; María‐José Sánchez - Instituto de Investigación Biosanitaria de Granada; María‐José Sánchez - Centro de Investigación Biomédica en Red de Epidemiología y Salud Pública; María‐José Sánchez - Universidad de Granada; B Lacour - Inserm; B Lacour - Sorbonne Université; B Lacour - Centre de Recherche Épidémiologie et Statistique; Peter Kaatsch - Johannes Gutenberg University Mainz; Franco Berrino - Fondazione IRCCS Istituto Nazionale dei Tumori; Stefan Rutkowski - Universität Hamburg; Stefan Rutkowski - University Medical Center Hamburg-Eppendorf; Laura Botta - Fondazione IRCCS Istituto Nazionale dei Tumori; Monika Hackl - Centro de Investigación Biomédica en Red de Epidemiología y Salud Pública; Monika Hackl - Complejo Hospitalario Universitario de Granada; Monika Hackl - Instituto de Investigación Biosanitaria de Granada; Monika Hackl - Universidad de Granada; Z Valerianova - Centro de Investigación Biomédica en Red de Epidemiología y Salud Pública; Z Valerianova - Complejo Hospitalario Universitario de Granada; Z Valerianova - Instituto de Investigación Biosanitaria de Granada; Z Valerianova - Universidad de Granada; Mario Šekerija - Complejo Hospitalario Universitario de Granada; Mario Šekerija - Instituto de Investigación Biosanitaria de Granada; Mario Šekerija - Universidad de Granada; Mario Šekerija - Centro de Investigación Biomédica en Red de Epidemiología y Salud Pública; Hans H Storm - Johannes Gutenberg University Mainz; Gerda Engholm - Danish Cancer Society; Margit Mägi - Centro de Investigación Biomédica en Red de Epidemiología y Salud Pública; Margit Mägi - Complejo Hospitalario Universitario de Granada; Margit Mägi - Instituto de Investigación Biosanitaria de Granada; Margit Mägi - Universidad de Granada; Tiiu Aareleid - Fondazione IRCCS Istituto Nazionale dei Tumori; Jean Faivre - Centro de Investigación Biomédica en Red de Epidemiología y Salud Pública; Jean Faivre - Complejo Hospitalario Universitario de Granada; Jean Faivre - Instituto de Investigación Biosanitaria de Granada; Jean Faivre - Universidad de Granada; Nadine Bossard - Hospices Civils de Lyon; Zoé Uhry - Centro de Investigación Biomédica en Red de Epidemiología y Salud Pública; Zoé Uhry - Instituto de Investigación Biosanitaria de Granada; Zoé Uhry - Universidad de Granada; Zoé Uhry - Complejo Hospitalario Universitario de Granada; Marc Colonna - Centro de Investigación Biomédica en Red de Epidemiología y Salud Pública; Marc Colonna - Complejo Hospitalario Universitario de Granada; Marc Colonna - Instituto de Investigación Biosanitaria de Granada; Marc Colonna - Universidad de Granada; Harry Comber - Johannes Gutenberg University Mainz; Jacqueline Clavel - Centro de Investigación Biomédica en Red de Epidemiología y Salud Pública; Jacqueline Clavel - Complejo Hospitalario Universitario de Granada; Jacqueline Clavel - Instituto de Investigación Biosanitaria de Granada; Jacqueline Clavel - Universidad de Granada; Brigitte Lacour - Inserm; Brigitte Lacour - Sorbonne Université; Brigitte Lacour - Centre de Recherche Épidémiologie et Statistique; Emmanuel Désandes - Centro di Riferimento Oncologico; Hermann Brenner - Johannes Gutenberg University Mainz; Miklós Garami - Centro de Investigación Biomédica en Red de Epidemiología y Salud Pública; Miklós Garami - Complejo Hospitalario Universitario de Granada; Miklós Garami - Instituto de Investigación Biosanitaria de Granada; Miklós Garami - Universidad de Granada; Zsuzsanna Jakab - Centro de Investigación Biomédica en Red de Epidemiología y Salud Pública; Zsuzsanna Jakab - Complejo Hospitalario Universitario de Granada; Zsuzsanna Jakab - Instituto de Investigación Biosanitaria de Granada; Zsuzsanna Jakab - Universidad de Granada; Carlotta Buzzoni - Fondazione IRCCS Istituto Nazionale dei Tumori; Stefano Ferretti - Universität Hamburg; Stefano Ferretti - University Medical Center Hamburg-Eppendorf; Milena Sant - Centro de Investigación Biomédica en Red de Epidemiología y Salud Pública; Milena Sant - Complejo Hospitalario Universitario de Granada; Milena Sant - Instituto de Investigación Biosanitaria de Granada; Milena Sant - Universidad de Granada; H Amash - Johannes Gutenberg University Mainz; C Amati - Fondazione IRCCS Istituto Nazionale dei Tumori; Paolo Baili - Fondazione IRCCS Istituto Nazionale dei Tumori; S Bonfarnuzzo - Universität Hamburg; S Bonfarnuzzo - University Medical Center Hamburg-Eppendorf; Riccardo Capocaccia - London School of Hygiene & Tropical Medicine; Riccardo Capocaccia - Fondazione IRCCS Istituto Nazionale dei Tumori; F Di Salvo - Fondazione IRCCS Istituto Nazionale dei Tumori; Roberto Foschi - Fondazione IRCCS Istituto Nazionale dei Tumori; C Margutti - Fondazione IRCCS Istituto Nazionale dei Tumori; E Meneghini - Fondazione IRCCS Istituto Nazionale dei Tumori; Pamela Minicozzi - Fondazione IRCCS Istituto Nazionale dei Tumori; Annalisa Trama - Fondazione IRCCS Istituto Nazionale dei Tumori; Diego Serraino - Centro di Riferimento Oncologico; Antonella Zucchetto - Centro di Riferimento Oncologico; M Caldora - Centro de Investigación Biomédica en Red de Epidemiología y Salud Pública; M Caldora - Complejo Hospitalario Universitario de Granada; M Caldora - Instituto de Investigación Biosanitaria de Granada; M Caldora - Universidad de Granada; E Carrani - Istituto Superiore di Sanità; Silvia Francisci - Universität Hamburg; Silvia Francisci - University Medical Center Hamburg-Eppendorf; Sandra Mallone - Universität Hamburg; Sandra Mallone - University Medical Center Hamburg-Eppendorf; Daniela Pierannunzio - Istituto Superiore di Sanità; P Roazzi - Istituto Superiore di Sanità; Silvia Rossi - Universität Hamburg; Silvia Rossi - University Medical Center Hamburg-Eppendorf; Mariano Santaquilani - Centro de Investigación Biomédica en Red de Epidemiología y Salud Pública; Mariano Santaquilani - Complejo Hospitalario Universitario de Granada; Mariano Santaquilani - Instituto de Investigación Biosanitaria de Granada; Mariano Santaquilani - Universidad de Granada; Fabio Pannozzo - Fondazione IRCCS Istituto Nazionale dei Tumori; S Busco - Universität Hamburg; S Busco - University Medical Center Hamburg-Eppendorf; Rosangela Filiberti - Institut Català d'Oncologia; Rosangela Filiberti - Generalitat de Catalunya; M Autelitano - Centro de Investigación Biomédica en Red de Epidemiología y Salud Pública; M Autelitano - Complejo Hospitalario Universitario de Granada; M Autelitano - Instituto de Investigación Biosanitaria de Granada; M Autelitano - Universidad de Granada; Mario Fusco - Centro de Investigación Biomédica en Red de Epidemiología y Salud Pública; Mario Fusco - Complejo Hospitalario Universitario de Granada; Mario Fusco - Instituto de Investigación Biosanitaria de Granada; Mario Fusco - Universidad de Granada; M Usala - Centro de Investigación Biomédica en Red de Epidemiología y Salud Pública; M Usala - Complejo Hospitalario Universitario de Granada; M Usala - Instituto de Investigación Biosanitaria de Granada; M Usala - Universidad de Granada; Francesco Vitale - Fondazione IRCCS Istituto Nazionale dei Tumori; Barbara Ravazzolo - Fondazione IRCCS Istituto Nazionale dei Tumori; M Michiara - Centro de Investigación Biomédica en Red de Epidemiología y Salud Pública; M Michiara - Complejo Hospitalario Universitario de Granada; M Michiara - Instituto de Investigación Biosanitaria de Granada; M Michiara - Universidad de Granada; Franco Merletti - Fondazione IRCCS Istituto Nazionale dei Tumori; Milena Maule - Centro de Investigación Biomédica en Red de Epidemiología y Salud Pública; Milena Maule - Complejo Hospitalario Universitario de Granada; Milena Maule - Instituto de Investigación Biosanitaria de Granada; Milena Maule - Universidad de Granada; Lucìa Mangone - Fondazione IRCCS Istituto Nazionale dei Tumori; Fabio Falcini - Fondazione IRCCS Istituto Nazionale dei Tumori; Silvano Piffer - Universität Hamburg; Silvano Piffer - University Medical Center Hamburg-Eppendorf; F Tisano - Fondazione IRCCS Istituto Nazionale dei Tumori; S Maspero - Universität Hamburg; S Maspero - University Medical Center Hamburg-Eppendorf; Anna Clara Fanetti - Inserm; Anna Clara Fanetti - Sorbonne Université; Anna Clara Fanetti - Centre de Recherche Épidémiologie et Statistique; T Scuderi - Fondazione IRCCS Istituto Nazionale dei Tumori; Fabrizio Stracci - Fondazione IRCCS Istituto Nazionale dei Tumori; Fortunato Bianconi - Fondazione IRCCS Istituto Nazionale dei Tumori; Paolo Contiero - Fondazione IRCCS Istituto Nazionale dei Tumori; Massimo Rugge - Centro de Investigación Biomédica en Red de Epidemiología y Salud Pública; Massimo Rugge - Complejo Hospitalario Universitario de Granada; Massimo Rugge - Instituto de Investigación Biosanitaria de Granada; Massimo Rugge - Universidad de Granada; Stefano Guzzinati - Universität Hamburg; Stefano Guzzinati - University Medical Center Hamburg-Eppendorf; Santa Pildava - Universität Hamburg; Santa Pildava - University Medical Center Hamburg-Eppendorf; Tom Børge Johannesen - London School of Hygiene & Tropical Medicine; Jadwiga Rachtan - Centro de Investigación Biomédica en Red de Epidemiología y Salud Pública; Jadwiga Rachtan - Complejo Hospitalario Universitario de Granada; Jadwiga Rachtan - Instituto de Investigación Biosanitaria de Granada; Jadwiga Rachtan - Universidad de Granada; Stanisław Góźdż - Universität Hamburg; Stanisław Góźdż - University Medical Center Hamburg-Eppendorf; Jerzy Błaszczyk - Complejo Hospitalario Universitario de Granada; Jerzy Błaszczyk - Instituto de Investigación Biosanitaria de Granada; Jerzy Błaszczyk - Universidad de Granada; Jerzy Błaszczyk - Centro de Investigación Biomédica en Red de Epidemiología y Salud Pública; Marek Bębenek - Centro de Investigación Biomédica en Red de Epidemiología y Salud Pública; Marek Bębenek - Complejo Hospitalario Universitario de Granada; Marek Bębenek - Instituto de Investigación Biosanitaria de Granada; Marek Bębenek - Universidad de Granada; Magdalena Bielska‐Lasota - Centro de Investigación Biomédica en Red de Epidemiología y Salud Pública; Magdalena Bielska‐Lasota - Complejo Hospitalario Universitario de Granada; Magdalena Bielska‐Lasota - Instituto de Investigación Biosanitaria de Granada; Magdalena Bielska‐Lasota - Universidad de Granada; María José Bento - Centro de Investigación Biomédica en Red de Epidemiología y Salud Pública; María José Bento - Complejo Hospitalario Universitario de Granada; María José Bento - Instituto de Investigación Biosanitaria de Granada; María José Bento - Universidad de Granada; Maja Primic‐Žakelj - Complejo Hospitalario Universitario de Granada; Maja Primic‐Žakelj - Instituto de Investigación Biosanitaria de Granada; Maja Primic‐Žakelj - Universidad de Granada; Maja Primic‐Žakelj - Centro de Investigación Biomédica en Red de Epidemiología y Salud Pública; M Errezola - Complejo Hospitalario Universitario de Granada; M Errezola - Instituto de Investigación Biosanitaria de Granada; M Errezola - Universidad de Granada; M Errezola - Centro de Investigación Biomédica en Red de Epidemiología y Salud Pública; J Bidaurrazaga - Complejo Hospitalario Universitario de Granada; J Bidaurrazaga - Instituto de Investigación Biosanitaria de Granada; J Bidaurrazaga - Universidad de Granada; J Bidaurrazaga - Centro de Investigación Biomédica en Red de Epidemiología y Salud Pública; ML Vicente Raneda - Centro de Investigación Biomédica en Red de Epidemiología y Salud Pública; ML Vicente Raneda - Complejo Hospitalario Universitario de Granada; ML Vicente Raneda - Instituto de Investigación Biosanitaria de Granada; ML Vicente Raneda - Universidad de Granada; A.I Marcos-Navarro - Centro di Riferimento Oncologico; Jaume Galcerán - Complejo Hospitalario Universitario de Granada; Jaume Galcerán - Instituto de Investigación Biosanitaria de Granada; Jaume Galcerán - Universidad de Granada; Jaume Galcerán - Centro de Investigación Biomédica en Red de Epidemiología y Salud Pública; M Carulla - Centro de Investigación Biomédica en Red de Epidemiología y Salud Pública; M Carulla - Complejo Hospitalario Universitario de Granada; M Carulla - Instituto de Investigación Biosanitaria de Granada; M Carulla - Universidad de Granada; Mats Lambe - Centro de Investigación Biomédica en Red de Epidemiología y Salud Pública; Mats Lambe - Complejo Hospitalario Universitario de Granada; Mats Lambe - Instituto de Investigación Biosanitaria de Granada; Mats Lambe - Universidad de Granada; Seyed Mohsen Mousavi - Centro de Investigación Biomédica en Red de Epidemiología y Salud Pública; Seyed Mohsen Mousavi - Complejo Hospitalario Universitario de Granada; Seyed Mohsen Mousavi - Instituto de Investigación Biosanitaria de Granada; Seyed Mohsen Mousavi - Universidad de Granada; M Usel - Centro de Investigación Biomédica en Red de Epidemiología y Salud Pública; M Usel - Complejo Hospitalario Universitario de Granada; M Usel - Instituto de Investigación Biosanitaria de Granada; M Usel - Universidad de Granada; S.M Ess - Istituto Superiore di Sanità; H Frick - Johannes Gutenberg University Mainz; Matthias Lorez - Centro de Investigación Biomédica en Red de Epidemiología y Salud Pública; Matthias Lorez - Complejo Hospitalario Universitario de Granada; Matthias Lorez - Instituto de Investigación Biosanitaria de Granada; Matthias Lorez - Universidad de Granada; Mieke J Aarts - Centro de Investigación Biomédica en Red de Epidemiología y Salud Pública; Mieke J Aarts - Complejo Hospitalario Universitario de Granada; Mieke J Aarts - Instituto de Investigación Biosanitaria de Granada; Mieke J Aarts - Universidad de Granada; Michel P Coleman - Centro de Investigación Biomédica en Red de Epidemiología y Salud Pública; Michel P Coleman - Complejo Hospitalario Universitario de Granada; Michel P Coleman - Instituto de Investigación Biosanitaria de Granada; Michel P Coleman - Universidad de Granada; Bernard Rachet - Fondazione IRCCS Istituto Nazionale dei Tumori; Julia Verne - Centro de Investigación Biomédica en Red de Epidemiología y Salud Pública; Julia Verne - Complejo Hospitalario Universitario de Granada; Julia Verne - Instituto de Investigación Biosanitaria de Granada; Julia Verne - Universidad de Granada",,"0000-0001-5241-2101; 0000-0001-5837-7773; 0000-0001-6248-3990; 0000-0001-6686-6905; 0000-0001-6760-3605; 0000-0001-6902-3807; 0000-0001-7181-9513; 0000-0001-7223-8198; 0000-0001-7508-1501; 0000-0001-7716-5960; 0000-0001-8220-9833; 0000-0001-8643-9169; 0000-0001-8846-7454; 0000-0001-8940-3807; 0000-0001-9090-078X; 0000-0001-9824-3657; 0000-0001-9956-9990; 0000-0002-0166-7574; 0000-0002-0311-3882; 0000-0002-0679-0563; 0000-0002-0864-6266; 0000-0002-0988-3749; 0000-0002-1552-1744; 0000-0002-1584-7293; 0000-0002-2617-3562; 0000-0002-2793-5338; 0000-0002-3006-7869; 0000-0002-3132-0061; 0000-0002-3616-7676; 0000-0002-4148-8597; 0000-0002-4200-2309; 0000-0002-4624-3767; 0000-0002-4858-1866; 0000-0002-4908-5506; 0000-0002-5089-5178; 0000-0002-5337-6234; 0000-0002-5362-1439; 0000-0002-5410-1187; 0000-0002-5446-9571; 0000-0002-6129-1572; 0000-0002-6354-8060; 0000-0002-6737-0319; 0000-0002-7273-7947; 0000-0002-7594-6680; 0000-0002-7690-9830; 0000-0002-7842-2858; 0000-0002-8316-3117; 0000-0002-8565-0832; 0000-0002-9123-654X; 0000-0002-9331-9728; 0000-0002-9754-5394; 0000-0002-9815-2904; 0000-0002-9993-7121; 0000-0003-0335-2418; 0000-0003-0565-8920; 0000-0003-0669-2274; 0000-0003-0960-8672; 0000-0003-1475-7883; 0000-0003-1496-1817; 0000-0003-1913-8547; 0000-0003-2142-1288; 0000-0003-2537-081X; 0000-0003-2812-6345; 0000-0003-3537-6799; 0000-0003-3593-9774; 0000-0003-3770-7096; 0000-0003-4160-6458; 0000-0003-4298-2746; 0000-0003-4817-0757"
"Treatment outcome in a population-based, ‘real-world’ cohort of patients with chronic myeloid leukemia",10.3324/haematol.2017.174953,Haematologica,2017-08-31,2,journal-article,"Ferrata Storti Foundation (Haematologica)","Inge G.P Geelen - Albert Schweitzer Ziekenhuis; Noortje Thielen - Amsterdam University Medical Centers; Noortje Thielen - Diakonessenhuis hospital; Jeroen J.W.M Janssen - Amsterdam University Medical Centers; Mels Hoogendoorn - Medisch Centrum Leeuwarden; Tanja J.A Roosma - Amsterdam University Medical Centers; Sten P Willemsen - Albert Schweitzer Ziekenhuis; Sten P Willemsen - Erasmus MC; Otto Visser - Netherlands Comprehensive Cancer Organisation; Jan J Cornelissen - Erasmus MC; Peter E Westerweel - Albert Schweitzer Ziekenhuis",,
"Patterns of care and outcomes for stage IIIB non-small cell lung cancer in the TNM-7 era: Results from the Netherlands Cancer Registry",10.1016/j.lungcan.2017.05.015,"Lung Cancer",2017-08-01,2,journal-article,"Elsevier BV","Chris Dickhoff - Amsterdam University Medical Centers; Max Dahele - Amsterdam University Medical Centers; Egbert F Smit - Amsterdam University Medical Centers; Egbert F Smit - The Netherlands Cancer Institute; M.A Paul - Amsterdam University Medical Centers; Suresh Senan - Amsterdam University Medical Centers; Koen J Hartemink - The Netherlands Cancer Institute; Ronald Damhuis - Netherlands Comprehensive Cancer Organisation",,"0000-0001-7248-7047; 0000-0002-2594-1486; 0000-0002-6396-8372; 0000-0002-7329-6995; 0000-0003-0690-8493; 0000-0003-3995-2204; 0000-0003-4282-1096"
"Variation in head and neck cancer care in the Netherlands",10.1016/j.ejso.2017.02.017,"European Journal of Surgical Oncology (EJSO)",2017-08-01,1,journal-article,"Elsevier BV","Mischa de Ridder - The Netherlands Cancer Institute; A.J.M Balm - The Netherlands Cancer Institute; A.J.M Balm - Amsterdam UMC Location University of Amsterdam; Robert J Baatenburg de Jong - Erasmus MC; Chris H.J Terhaard - University Medical Center Utrecht; Robert P Takes - Radboud University Nijmegen; Robert P Takes - Radboud University Medical Center; Marije Slingerland - Leiden University Medical Center; E.A Dik - Maastricht University; R.J.E Sedee - Medisch Centrum Haaglanden; Jan G.A.M de Visscher - Medisch Centrum Leeuwarden; Heleen J Bouman - Rijnstate Hospital; Stefan M Willems - The Netherlands Cancer Institute; Stefan M Willems - Netherlands Heart Registration; Stefan M Willems - University Medical Center Utrecht; Michel W.J.M Wouters - The Netherlands Cancer Institute; Ludi E Smeele - The Netherlands Cancer Institute; Ludi E Smeele - Amsterdam UMC Location University of Amsterdam; Boukje A C van Dijk - Netherlands Comprehensive Cancer Organisation; Boukje A C van Dijk - University Medical Center Groningen; Boukje A C van Dijk - University of Groningen",,"0000-0001-5404-1041; 0000-0001-5984-4716; 0000-0001-6173-0662; 0000-0001-7236-264X; 0000-0001-7439-8216; 0000-0001-8757-256X; 0000-0002-2164-4011; 0000-0002-2530-3038; 0000-0002-9961-4760; 0000-0003-4784-0499"
"Interval Colorectal Cancer Incidence Among Subjects Undergoing Multiple Rounds of Fecal Immunochemical Testing",10.1053/j.gastro.2017.05.004,Gastroenterology,2017-08-01,2,journal-article,"Elsevier BV","Manon van der Vlugt - University of Amsterdam; Esmée J Grobbee - Erasmus University Rotterdam; Patrick M Bossuyt - University of Amsterdam; Amanda C R K Bos - Netherlands Comprehensive Cancer Organisation; Ernst J Kuipers - Erasmus University Rotterdam; Iris Lansdorp‐Vogelaar - Erasmus University Rotterdam; Manon C.W Spaander - Erasmus University Rotterdam; Evelien Dekker - University of Amsterdam",,"0000-0001-7967-7791; 0000-0002-0633-3098; 0000-0002-2943-174X; 0000-0002-4363-0745; 0000-0002-9103-9757; 0000-0002-9438-2753; 0000-0003-4427-0128"
"Breast magnetic resonance imaging use in patients undergoing neoadjuvant chemotherapy is associated with less mastectomies in large ductal cancers but not in lobular cancers",10.1016/j.ejca.2017.05.012,"European Journal of Cancer",2017-08-01,1,journal-article,"Elsevier BV","Ingeborg J H Vriens - Maastricht University Medical Centre; Kristien Keymeulen - Maastricht University Medical Centre; Marc B I Lobbes - Maastricht University Medical Centre; A.C.M van Bommel - Dutch Institute for Clinical Auditing; Grard A P Nieuwenhuijzen - Catharina Ziekenhuis; Grard A P Nieuwenhuijzen - Radboud University Nijmegen; Marjolein L Smidt - Maastricht University Medical Centre; Liesbeth Boersma - Maastro Clinic; Liesbeth Boersma - Maastricht University Medical Centre; Thijs van Dalen - Diakonessenhuis hospital; Carolien H Smorenburg - The Netherlands Cancer Institute; H Struikmans - Medisch Centrum Haaglanden; Sabine Siesling - Netherlands Comprehensive Cancer Organisation; Adri C Voogd - Maastricht University Medical Centre; Adri C Voogd - Netherlands Comprehensive Cancer Organisation; Vivianne C G Tjan‐Heijnen - Maastricht University Medical Centre",,"0000-0001-5992-7087; 0000-0001-9173-279X; 0000-0002-1046-2634; 0000-0002-1945-1317; 0000-0002-2103-6956; 0000-0002-3935-7440; 0000-0002-5837-5513; 0000-0002-8041-2720; 0000-0002-8328-1869; 0000-0003-0882-9086"
"A global, incremental development method for a web-based prostate cancer treatment decision aid and usability testing in a Dutch clinical setting",10.1177/1460458217720393,"Health Informatics Journal",2017-07-27,1,journal-article,"SAGE Publications","Maarten Cuypers - Tilburg University; Maarten Cuypers - Elisabeth-TweeSteden Ziekenhuis; Romy E D Lamers - Elisabeth-TweeSteden Ziekenhuis; Paul J.M Kil - Elisabeth-TweeSteden Ziekenhuis; Regina The - ZorgKeuzeLab; Klemens Karssen - ZorgKeuzeLab; Lonneke V van de Poll‐Franse - Netherlands Comprehensive Cancer Organisation; Lonneke V van de Poll‐Franse - Tilburg University; Marieke de Vries - Radboud University Nijmegen",,
"Adherence to Guidelines for Adult (Non-GIST) Soft Tissue Sarcoma in the Netherlands: A Plea for Dedicated Sarcoma Centers",10.1245/s10434-017-6003-3,"Annals of Surgical Oncology",2017-07-26,1,journal-article,"Springer Nature","Harald J Hoekstra - University Medical Center Groningen; Harald J Hoekstra - University of Groningen; Rick L Haas - The Netherlands Cancer Institute; Cornelis Verhoef - Erasmus MC Cancer Institute; Albert J.H Suurmeijer - University Medical Center Groningen; Albert J.H Suurmeijer - University of Groningen; Carla S P van Rijswijk - Leiden University Medical Center; Ben G H Bongers - University Medical Center Groningen; Ben G H Bongers - University of Groningen; Winette T.A van der Graaf - Royal Marsden NHS Foundation Trust; Winette T.A van der Graaf - Institute of Cancer Research; Vincent K.Y Ho - Netherlands Comprehensive Cancer Organisation",,"0000-0001-7065-928X; 0000-0001-7549-3338; 0000-0001-9550-4997; 0000-0001-9980-8613; 0000-0003-1361-9454; 0000-0003-4834-4331"
"Patterns and predictors of first and subsequent recurrence in women with early breast cancer",10.1007/s10549-017-4340-3,"Breast Cancer Research and Treatment",2017-07-04,3,journal-article,"Springer Nature","Yvonne M Geurts - Netherlands Comprehensive Cancer Organisation; Annemieke Witteveen - University of Twente; Reini Bretveld - Netherlands Comprehensive Cancer Organisation; Philip Poortmans - University Medical Center; Philip Poortmans - Radboud University Nijmegen; Philip Poortmans - Radboud University Medical Center; Gabe S Sonke - The Netherlands Cancer Institute; Luc J A Strobbe - Canisius-Wilhelmina Ziekenhuis; Sabine Siesling - Netherlands Comprehensive Cancer Organisation",,
"Timed Get Up and Go Test and Geriatric 8 Scores and the Association With (Chemo-)Radiation Therapy Noncompliance and Acute Toxicity in Elderly Cancer Patients",10.1016/j.ijrobp.2017.01.211,"International Journal of Radiation OncologyBiologyPhysics",2017-07-01,1,journal-article,"Elsevier BV","Judith G Middelburg - Erasmus MC; M Mast - Medisch Centrum Haaglanden; Maaike de Kroon - Erasmus MC; Jan J Jobsen - Medisch Spectrum Twente; Tom Rozema - Instituut Verbeeten; Huub Maas - Elisabeth-TweeSteden Ziekenhuis; E.A Baartman - Erasmus MC; Debby Geijsen - Amsterdam UMC Location University of Amsterdam; A.H van der Leest - University Medical Center Groningen; H.J.G.D van den Bongard - University Medical Center Utrecht; Judith van Loon - Maastro Clinic; Judith van Loon - Maastricht University; Tom Budiharto - Catharina Ziekenhuis; Tom Budiharto - Radboud University Nijmegen; J.W.W Coebergh - Erasmus MC; Mieke J Aarts - Netherlands Comprehensive Cancer Organisation; H Struikmans - Medisch Centrum Haaglanden",,
"Different outcome in node-positive breast cancer patients found by axillary ultrasound or sentinel node procedure",10.1007/s10549-017-4342-1,"Breast Cancer Research and Treatment",2017-06-27,1,journal-article,"Springer Nature","Nicole C Verheuvel - Máxima Medisch Centrum; Nicole C Verheuvel - Radboud University Nijmegen; Adri C Voogd - Netherlands Comprehensive Cancer Organisation; Adri C Voogd - Maastricht University Medical Centre; Vivianne C G Tjan‐Heijnen - Maastricht University Medical Centre; Sabine Siesling - University of Twente; Sabine Siesling - Netherlands Comprehensive Cancer Organisation; Rudi M H Roumen - Maastricht University Medical Centre; Rudi M H Roumen - Máxima Medisch Centrum; Rudi M H Roumen - Radboud University Nijmegen",,"0000-0002-0273-824X; 0000-0002-3935-7440; 0000-0002-8041-2720; 0000-0003-0521-1985"
"Infradiaphragmatic irradiation and high procarbazine doses increase colorectal cancer risk in Hodgkin lymphoma survivors",10.1038/bjc.2017.177,"British Journal of Cancer",2017-06-20,4,journal-article,"Springer Nature","Anna M van Eggermond - The Netherlands Cancer Institute; Michael Schaapveld - The Netherlands Cancer Institute; Cècile P.M Janus - Erasmus MC Cancer Institute; Jan Paul de Boer - The Netherlands Cancer Institute; Augustinus D G Krol - Leiden University Medical Center; Josée M Zijlstra - Amsterdam University Medical Centers; Richard WM van der Maazen - Radboud University Nijmegen; Richard WM van der Maazen - Radboud University Medical Center; Leontien C.M Kremer - Emma Kinderziekenhuis; Leontien C.M Kremer - Amsterdam UMC Location University of Amsterdam; Monique E van Leerdam - The Netherlands Cancer Institute; Marieke W.J Louwman - Netherlands Comprehensive Cancer Organisation; Otto Visser - Netherlands Comprehensive Cancer Organisation; Marie L De Bruin - University of Copenhagen; Berthe M.P Aleman - The Netherlands Cancer Institute; Flora E van Leeuwen - The Netherlands Cancer Institute",,
"The influence of timing of radiation therapy following breast-conserving surgery on 10-year disease-free survival",10.1038/bjc.2017.159,"British Journal of Cancer",2017-06-06,3,journal-article,"Springer Nature","Marissa C van Maaren - Netherlands Comprehensive Cancer Organisation; Reini Bretveld - Netherlands Comprehensive Cancer Organisation; Jan J Jobsen - Medisch Spectrum Twente; Catharina G M Groothuis‐Oudshoorn - University of Twente; H Struikmans - Medisch Centrum Haaglanden; John H Maduro - University Medical Center Groningen; John H Maduro - University of Groningen; Luc J A Strobbe - Canisius-Wilhelmina Ziekenhuis; Philip MP Poortmans - Institut Curie; Sabine Siesling - University of Twente",,
"Trends in treatment and relative survival among Non-Small Cell Lung Cancer patients in the Netherlands (1990–2014): Disparities between younger and older patients",10.1016/j.lungcan.2017.04.005,"Lung Cancer",2017-06-01,2,journal-article,"Elsevier BV","Elisabeth J.M Driessen - VieCuri Medisch Centrum; Mieke J Aarts - Netherlands Comprehensive Cancer Organisation; Gerbern P Bootsma - Zuyderland Medisch Centrum; Judith G van Loon - Maastro Clinic; Judith G van Loon - Maastricht University Medical Centre; Maryska L.G Janssen‐Heijnen - Maastricht University Medical Centre; Maryska L.G Janssen‐Heijnen - VieCuri Medisch Centrum",,
"Accuracy of the online prognostication tools PREDICT and Adjuvant! for early-stage breast cancer patients younger than 50 years",10.1016/j.ejca.2017.03.015,"European Journal of Cancer",2017-06-01,2,journal-article,"Elsevier BV","Ellen G Engelhardt - Leiden University Medical Center; Alexandra J van den Broek - The Netherlands Cancer Institute; Sabine C Linn - University Medical Center Utrecht; Sabine C Linn - The Netherlands Cancer Institute; Gordon Wishart - Anglia Ruskin University; Emiel J Rutgers - The Netherlands Cancer Institute; Anthonie O van de Velde - The Netherlands Cancer Institute; Vincent T.H.B.M Smit - Leiden University Medical Center; Adri C Voogd - Netherlands Comprehensive Cancer Organisation; Adri C Voogd - Maastricht University; Sabine Siesling - Netherlands Comprehensive Cancer Organisation; Sabine Siesling - University of Twente; Mariël Brinkhuis - Thales (Netherlands); Caroline Seynaeve - Erasmus MC Cancer Institute; Anne M Stiggelbout - Leiden University Medical Center; Rob A.�E.�M Tollenaar - Leiden University Medical Center; Flora E van Leeuwen - The Netherlands Cancer Institute; Laura van ‘t Veer - The Netherlands Cancer Institute; Peter M Ravdin - The University of Texas at San Antonio Health Science Center; Paul D Pharaoh - University of Cambridge; Marjanka K Schmidt - The Netherlands Cancer Institute",,"0000-0001-5541-0347; 0000-0002-0273-824X; 0000-0002-2228-429X; 0000-0002-3456-0503; 0000-0002-4244-0106; 0000-0002-5871-1484; 0000-0002-6293-4509; 0000-0002-6831-6082; 0000-0002-8041-2720; 0000-0002-9838-8298; 0000-0003-0016-4972; 0000-0003-3730-5652"
"Randomized phase III trial of S-1 versus capecitabine in the first-line treatment of metastatic colorectal cancer: SALTO study by the Dutch Colorectal Cancer Group",10.1093/annonc/mdx122,"Annals of Oncology",2017-06-01,1,journal-article,"Elsevier BV","Johannes J.M Kwakman - University of Amsterdam; Johannes J.M Kwakman - Amsterdam UMC Location University of Amsterdam; Lieke H J Simkens - Máxima Medisch Centrum; Lieke H J Simkens - Radboud University Nijmegen; Johan M van Rooijen - Martini Ziekenhuis; Agnès J van de Wouw - VieCuri Medisch Centrum; Albert J ten Tije - Amphia Ziekenhuis; G.J Creemers - Catharina Ziekenhuis; G.J Creemers - Radboud University Nijmegen; Mathijs P Hendriks - Northwest Hospital; Maartje Los - St. Antonius Ziekenhuis; R J van Alphen - Elisabeth-TweeSteden Ziekenhuis; M Polée - Medisch Centrum Leeuwarden; E.W Muller - Slingeland Ziekenhuis; Ankie M.T van der Velden - Tergooi; Theo van Voorthuizen - Rijnstate Hospital; Miriam Koopman - University Medical Center Utrecht; Miriam Koopman - Utrecht University; Linda Mol - Netherlands Comprehensive Cancer Organisation; Erik van Werkhoven - The Netherlands Cancer Institute; Cornelis J.A Punt - Amsterdam UMC Location University of Amsterdam; Cornelis J.A Punt - University of Amsterdam",,
"Ovarian Function Recovery During Anastrozole in Breast Cancer Patients With Chemotherapy-Induced Ovarian Function Failure",10.1093/jnci/djx074,"JNCI Journal of the National Cancer Institute",2017-05-30,2,journal-article,"Oxford University Press (OUP)","Irene E.G van Hellemond - Maastricht University; Ingeborg J H Vriens - Maastricht University; Petronella G.M Peer - Radboud University Nijmegen; Petronella G.M Peer - Radboud University Medical Center; Astrid C.P Swinkels - Netherlands Comprehensive Cancer Organisation; Carolien H Smorenburg - Medisch Centrum Alkmaar; Caroline Seynaeve - Erasmus MC Cancer Institute; Maurice J.C van der Sangen - Catharina Ziekenhuis; Maurice J.C van der Sangen - Radboud University Nijmegen; Judith R Kroep - Leiden University Medical Center; Hiltje de Graaf - Medisch Centrum Leeuwarden; Aafke H Honkoop - Isala; Frans Erdkamp - Zuyderland Medisch Centrum; Franchette W.P.J van den Berkmortel - Zuyderland Medisch Centrum; Jos Kitzen - Albert Schweitzer Ziekenhuis; Maaike de Boer - Maastricht University; W Roos - Ziekenhuis Gelderse Vallei; Sabine C Linn - The Netherlands Cancer Institute; Alexander L.T Imholz - Deventer Ziekenhuis; Vivianne C G Tjan‐Heijnen - Maastricht University",,"0000-0001-5541-0347; 0000-0001-6775-7364; 0000-0002-0047-0948; 0000-0002-0835-8651; 0000-0002-1046-2634; 0000-0002-3935-7440; 0000-0002-4793-4666; 0000-0002-8066-2164; 0000-0003-1866-7367; 0000-0003-2671-1903"
"Ethnic differences in colon cancer care in the Netherlands: a nationwide registry-based study",10.1186/s12885-017-3241-5,"BMC Cancer",2017-05-04,1,journal-article,"Springer Nature","Majda Lamkaddem - Amsterdam UMC Location University of Amsterdam; Marloes A.G Elferink - Netherlands Comprehensive Cancer Organisation; M C Seeleman - Amsterdam UMC Location University of Amsterdam; Evelien Dekker - Amsterdam UMC Location University of Amsterdam; Cornelis J.A Punt - Amsterdam UMC Location University of Amsterdam; Otto Visser - Netherlands Comprehensive Cancer Organisation; Marie‐Louise Essink‐Bot - Amsterdam UMC Location University of Amsterdam",,"0000-0002-3986-4776; 0000-0002-4363-0745; 0000-0002-4650-5886; 0000-0003-0846-1445; 0000-0003-1496-1817"
"No Decreased Risk of Gastrointestinal Cancers in Users of Metformin in The Netherlands; A Time-Varying Analysis of Metformin Exposure",10.1158/1940-6207.capr-16-0277,"Cancer Prevention Research",2017-05-01,1,journal-article,"American Association for Cancer Research (AACR)","Roy G de Jong - VieCuri Medisch Centrum; Roy G de Jong - Maastricht University Medical Centre; Andrea M Burden - Maastricht University Medical Centre; Andrea M Burden - Pharmo Institute; Andrea M Burden - Utrecht University; Sander de Kort - Maastricht University Medical Centre; Myrthe P van Herk-Sukel - Pharmo Institute; Pauline A J Vissers - Netherlands Comprehensive Cancer Organisation; Paddy K.C Janssen - Maastricht University Medical Centre; Paddy K.C Janssen - Pharmo Institute; Paddy K.C Janssen - Utrecht University; Paddy K.C Janssen - VieCuri Medisch Centrum; Harm R Haak - Maastricht University Medical Centre; Ad Masclee - Maastricht University Medical Centre; Frank de Vries - University of Southampton; Frank de Vries - Maastricht University Medical Centre; Frank de Vries - Pharmo Institute; Frank de Vries - Utrecht University; Frank de Vries - MRC Lifecourse Epidemiology Unit; Maryska L.G Janssen‐Heijnen - Maastricht University Medical Centre; Maryska L.G Janssen‐Heijnen - VieCuri Medisch Centrum",,"0000-0001-5819-0116; 0000-0001-6956-0821; 0000-0001-7082-8530; 0000-0001-7385-9359; 0000-0002-0677-888X; 0000-0002-3050-2728; 0000-0003-3575-6070; 0000-0003-3837-8319"
"Incidence of capecitabine-related cardiotoxicity in different treatment schedules of metastatic colorectal cancer: A retrospective analysis of the CAIRO studies of the Dutch Colorectal Cancer Group",10.1016/j.ejca.2017.02.009,"European Journal of Cancer",2017-05-01,1,journal-article,"Elsevier BV","Johannes J.M Kwakman - University of Amsterdam; Johannes J.M Kwakman - Amsterdam UMC Location University of Amsterdam; Lieke H J Simkens - Máxima Medisch Centrum; Lieke H J Simkens - Radboud University Nijmegen; Linda Mol - Netherlands Comprehensive Cancer Organisation; Wouter E.M Kok - University of Amsterdam; Wouter E.M Kok - Amsterdam UMC Location University of Amsterdam; Miriam Koopman - Heidelberg University; Miriam Koopman - University Hospital Heidelberg; Miriam Koopman - University Medical Center Utrecht; Miriam Koopman - Utrecht University; Cornelis J.A Punt - University of Amsterdam; Cornelis J.A Punt - Amsterdam UMC Location University of Amsterdam",,
"Socio-economic status influences the likelihood of undergoing surgical treatment for pancreatic cancer in the Netherlands",10.1016/j.hpb.2017.01.010,HPB,2017-05-01,1,journal-article,"Elsevier BV","Maikel J A M Bakens - Catharina Ziekenhuis; Maikel J A M Bakens - Radboud University Nijmegen; Maikel J A M Bakens - Netherlands Comprehensive Cancer Organisation; V.E.P.P Lemmens - Erasmus MC; V.E.P.P Lemmens - Netherlands Comprehensive Cancer Organisation; Ignace H J T de Hingh - Radboud University Nijmegen; Ignace H J T de Hingh - Catharina Ziekenhuis",,"0000-0002-4109-5734; 0000-0003-3491-4268"
"Effects of Survivorship Care Plans on patient reported outcomes in ovarian cancer during 2-year follow-up – The ROGY care trial",10.1016/j.ygyno.2017.02.041,"Gynecologic Oncology",2017-05-01,3,journal-article,"Elsevier BV","Belle H de Rooij - Netherlands Comprehensive Cancer Organisation; Belle H de Rooij - Tilburg University; Nicole P M Ezendam - Tilburg University; Nicole P M Ezendam - Netherlands Comprehensive Cancer Organisation; Kim A.H Nicolaije - Tilburg University; Kim A.H Nicolaije - Netherlands Comprehensive Cancer Organisation; M Caroline Vos - Elisabeth-TweeSteden Ziekenhuis; Johanna M.A Pijnenborg - Elisabeth-TweeSteden Ziekenhuis; Dorry Boll - Catharina Ziekenhuis; Dorry Boll - Radboud University Nijmegen; Erik A Boss - Máxima Medisch Centrum; Erik A Boss - Radboud University Nijmegen; Ralph H.M Hermans - Máxima Medisch Centrum; Ralph H.M Hermans - Radboud University Nijmegen; Karin C.M Engelhart - St. Anna Ziekenhuis; Joke E Haartsen - Elkerliek Ziekenhuis; Brenda M Pijlman - Jeroen Bosch Ziekenhuis; Ingrid E.A.M van Loon-Baelemans - Amphia Ziekenhuis; H Mertens - Zuyderland Medisch Centrum; Willem E Nolting - St.Jans Gasthuis Weert; Johannes J van Beek - VieCuri Medisch Centrum; Jan A Roukema - Elisabeth-TweeSteden Ziekenhuis; Jan A Roukema - Tilburg University; Roy F.P.M Kruitwagen - Maastricht University; Lonneke V van de Poll‐Franse - Netherlands Comprehensive Cancer Organisation; Lonneke V van de Poll‐Franse - The Netherlands Cancer Institute; Lonneke V van de Poll‐Franse - Tilburg University",,
"Association Between Telomere Length and Risk of Cancer and Non-Neoplastic Diseases",10.1001/jamaoncol.2016.5945,"JAMA Oncology",2017-05-01,2,journal-article,"American Medical Association (AMA)","Philip Haycock - University of Bristol; Aayah Nounu - University of Bristol; Jie Zheng - University of Bristol; George N Okoli - University of Bristol; Jack Bowden - University of Bristol; Stephen Burgess - University of Cambridge; Kaitlin H Wade - University of Bristol; Nicholas J Timpson - University of Bristol; David M Evans - Translational Research Institute; David M Evans - The University of Queensland; David M Evans - University of Bristol; David M Evans - MRC Epidemiology Unit; Peter Willeit - Innsbruck Medical University; Abraham Aviv - Rutgers, The State University of New Jersey; Tom R Gaunt - University of Bristol; Gibran Hemani - University of Bristol; Massimo Mangino - Guy's and St Thomas' NHS Foundation Trust; Massimo Mangino - King's College London; Massimo Mangino - Thomas Foundation; Hayley Ellis - Southmead Hospital; Hayley Ellis - Brain Tumour Research; Hayley Ellis - University of Bristol; Kathreena M Kurian - Southmead Hospital; Kathreena M Kurian - Brain Tumour Research; Kathreena M Kurian - University of Bristol; Karen A Pooley - University of Cambridge; Rosalind A Eeles - Royal Marsden NHS Foundation Trust; Jeffrey E Lee - The University of Texas MD Anderson Cancer Center; Shenying Fang - The University of Texas MD Anderson Cancer Center; Wei V Chen - The University of Texas MD Anderson Cancer Center; Matthew H Law - QIMR Berghofer Medical Research Institute; Lisa Bowdler - QIMR Berghofer Medical Research Institute; Mark M Iles - University of Leeds; Qiong Yang - Boston University; Bradford B Worrall - University of Virginia; Hugh S Markus - University of Cambridge; Gianluca Severi - Université Paris-Sud; Rayjean J Hung - Lunenfeld-Tanenbaum Research Institute; Rayjean J Hung - Mount Sinai Hospital; Rayjean J Hung - Public Health Ontario; Rayjean J Hung - University of Toronto; Chris Amos - Dartmouth College; Amanda B Spurdle - QIMR Berghofer Medical Research Institute; Deborah J Thompson - University of Cambridge; Tracy A O’Mara - QIMR Berghofer Medical Research Institute; Brian M Wolpin - Dana-Farber Cancer Institute; Laufey T Ámundadóttir - National Cancer Institute; Laufey T Ámundadóttir - National Institutes of Health; Rachael Z Stolzenberg‐Solomon - National Cancer Institute; Rachael Z Stolzenberg‐Solomon - Division of Cancer Epidemiology and Genetics; Antonia Trichopoulou - Hellenic Health Foundation; Antonia Trichopoulou - National and Kapodistrian University of Athens; N Charlotte Onland‐Moret - University Medical Center Utrecht; Eiliv Lund - UiT The Arctic University of Norway; Eric J Duell - Institut Català d'Oncologia; Eric J Duell - Institut d'Investigació Biomédica de Bellvitge; Federico Canzian - German Cancer Research Center; Kim Overvad - Aarhus University; Federico Canzian - Heidelberg University; Gianluca Severi - Centre de recherche en Epidémiologie et Santé des Populations; Gianluca Severi - Université de Versailles Saint-Quentin-en-Yvelines; Gianluca Severi - Institut Gustave Roussy; Gianluca Severi - Italian institute for Genomic Medicine; Gianluca Severi - Inserm; Gianluca Severi - Université Paris-Saclay; Gloria M Petersen - Mayo Clinic; Marc J Gunter - Imperial College London; ­Rosario ­Tumino - Azienda Usl 8 Arezzo; Ulrika Svenson - Umeå University; André van Rij - University of Otago; Annette F Baas - University Medical Center Utrecht; Matthew J Bown - NIHR Leicester Cardiovascular Biomedical Research Unit; Matthew J Bown - Glenfield Hospital; Matthew J Bown - University of Leicester; Nilesh J Samani - Glenfield Hospital; Nilesh J Samani - University of Leicester; Nilesh J Samani - NIHR Leicester Cardiovascular Biomedical Research Unit; Femke N.G van t’Hof - University Medical Center Utrecht; Gerard Tromp - Geisinger Health System; Gregory T Jones - University of Otago; Helena Kuivaniemi - Geisinger Health System; James R Elmore - Geisinger Health System; Mattias Johansson - Centre international de recherche sur le cancer; James McKay - Centre international de recherche sur le cancer; Ghislaine Scélo - Centre international de recherche sur le cancer; Robert Carreras‐Torres - Centre international de recherche sur le cancer; Valérie Gaborieau - Centre international de recherche sur le cancer; Paul Brennan - Centre international de recherche sur le cancer; Paige M Bracci - University of California, San Francisco; Rachel Ε Neale - QIMR Berghofer Medical Research Institute; Sara H Olson - Memorial Sloan Kettering Cancer Center; Steven Gallinger - Lunenfeld-Tanenbaum Research Institute; Steven Gallinger - Mount Sinai Hospital; Donghui Li - The University of Texas MD Anderson Cancer Center; Harvey A Risch - Yale Cancer Center; Alison P Klein - Johns Hopkins University; Jiali Han - Indiana University – Purdue University Indianapolis; Jiali Han - Indiana University Health; Christian C Abnet - National Cancer Institute; Christian C Abnet - Division of Cancer Epidemiology and Genetics; Neal D Freedman - National Cancer Institute; Neal D Freedman - Division of Cancer Epidemiology and Genetics; Philip R Taylor - National Cancer Institute; Philip R Taylor - Division of Cancer Epidemiology and Genetics; John M Maris - Children's Hospital of Philadelphia; John M Maris - University of Pennsylvania; Katja K.H Aben - Netherlands Comprehensive Cancer Organisation; Katja K.H Aben - Radboud University Nijmegen; Katja K.H Aben - Radboud University Medical Center; Lambertus A Kiemeney - Radboud University Nijmegen; Lambertus A Kiemeney - Radboud University Medical Center; Sita H Vermeulen - Radboud University Nijmegen; Sita H Vermeulen - Radboud University Medical Center; Grant W Montgomery - QIMR Berghofer Medical Research Institute; John K Wiencke - University of California, San Francisco; John K Wiencke - Neurological Surgery; Kyle M Walsh - University of California, San Francisco; Kyle M Walsh - Neurological Surgery; Margaret Wrensch - University of California, San Francisco; Margaret Wrensch - Neurological Surgery; Terri Rice - Neurological Surgery; Terri Rice - University of California, San Francisco; Clare Turnbull - Royal Marsden NHS Foundation Trust; Clare Turnbull - William Harvey Research Institute; Lavinia Paternoster - University of Bristol; Marie Standl - Helmholtz Zentrum München; Gonçalo R Abecasis - University of Michigan; John Paul SanGiovanni - National Institute on Alcohol Abuse and Alcoholism; John Paul SanGiovanni - Georgetown University; Yong Li - University of Freiburg; Vladan Mijatovic - University of Verona; Yadav Sapkota - QIMR Berghofer Medical Research Institute; Siew‐Kee Low - RIKEN Center for Integrative Medical Sciences; Siew‐Kee Low - RIKEN; Krina T Zondervan - Centre for Human Genetics; Krina T Zondervan - University of Oxford; Krina T Zondervan - John Radcliffe Hospital; Jonathan Rosand - Massachusetts General Hospital; Dale R Nyholt - QIMR Berghofer Medical Research Institute; Dale R Nyholt - Queensland University of Technology; David A van Heel - Queen Mary University of London; Karen A Hunt - Queen Mary University of London; Dan E Arking - Johns Hopkins Medicine; Dan E Arking - Johns Hopkins University; Foram N Ashar - Johns Hopkins Medicine; Foram N Ashar - Johns Hopkins University; Nona Sotoodehnia - University of Washington; Daniel Woo - University of Cincinnati Medical Center; Jonathan Rosand - Center for Human Genetics; Mary E Comeau - North Carolina Division of Public Health; Jennie Hui - Pathwest Laboratory Medicine; W Mark Brown - North Carolina Division of Public Health; Edwin K Silverman - Brigham and Women's Hospital; John E Hokanson - University of Colorado Anschutz Medical Campus; Michael H Cho - Brigham and Women's Hospital; Jennie Hui - Sir Charles Gairdner Hospital; Jennie Hui - The University of Western Australia; Manuel A R Ferreira - QIMR Berghofer Medical Research Institute; Philip J Thompson - Institute for Respiratory Health; Philip J Thompson - The University of Western Australia; Alanna C Morrison - The University of Texas Health Science Center at Houston; Janine F Felix - Erasmus MC; Nicholas L Smith - University of Washington; Angela M Christiano - Columbia University; Lynn Petukhova - Columbia University; Regina C Betz - University of Bonn; Xing Fan - First Affiliated Hospital of Anhui Medical University; Xing Fan - Anhui Medical University; Xuejun Zhang - First Affiliated Hospital of Anhui Medical University; Xuejun Zhang - Anhui Medical University; Caihong Zhu - First Affiliated Hospital of Anhui Medical University; Caihong Zhu - Anhui Medical University; Carl D Langefeld - North Carolina Division of Public Health; Susan D Thompson - University of Cincinnati; Feijie Wang - Shanghai Institutes for Biological Sciences; Feijie Wang - University of Chinese Academy of Sciences; Lin Xu - Shanghai Institutes for Biological Sciences; Lin Xu - University of Chinese Academy of Sciences; David A Schwartz - University of Colorado Anschutz Medical Campus; Susan D Thompson - Cincinnati Children's Hospital Medical Center; David A Schwartz - University of Colorado Denver; Tasha E Fingerlin - National Jewish Health; Tasha E Fingerlin - University of Colorado Denver; Jerome I Rotter - UCLA Medical Center; Jerome I Rotter - The Lundquist Institute; Jerome I Rotter - Harbor–UCLA Medical Center; Mary Frances Cotch - National Eye Institute; Mary Frances Cotch - National Institutes of Health; Richard A Jensen - University of Washington; Matthias Munz - Institute for Integrative and Experimental Genomics; Matthias Munz - Charité - Universitätsmedizin Berlin; Matthias Munz - University of Lübeck; Henrik Dommisch - Charité - Universitätsmedizin Berlin; Arne S Schäefer - Charité - Universitätsmedizin Berlin; Fang Han - Peking University People's Hospital; Fang Han - Peking University; Hanna M Ollila - Stanford University; Ryan P Hillary - Stanford University; Omar Albagha - Hamad bin Khalifa University; Stuart H Ralston - Western General Hospital; Stuart H Ralston - University of Edinburgh; Chenjie Zeng - Vanderbilt University Medical Center; Wei Zheng - Vanderbilt University Medical Center; Xiao-Ou Shu - Vanderbilt University Medical Center; André Reis - Friedrich-Alexander-Universität Erlangen-Nürnberg; Steffen Uebe - Friedrich-Alexander-Universität Erlangen-Nürnberg; Ulrike Hüffmeier - Friedrich-Alexander-Universität Erlangen-Nürnberg; Yoshiya Kawamura - Shonan Kamakura General Hospital; Takeshi Otowa - Teikyo Heisei University; Takeshi Otowa - The University of Tokyo; Takehiko Sasaki - Japan Graduate School of Education University; Takehiko Sasaki - The University of Tokyo; Martin L Hibberd - Genome Institute of Singapore; Sonia Dávila - Genome Institute of Singapore; Olivier Mirabeau - Institut Curie; Gang Xie - Lunenfeld-Tanenbaum Research Institute; Gang Xie - University of Toronto; Gang Xie - Mount Sinai Hospital; Katherine A Siminovitch - Lunenfeld-Tanenbaum Research Institute; Katherine A Siminovitch - Mount Sinai Hospital; Katherine A Siminovitch - University of Toronto; Jin‐Xin Bei - Sun Yat-sen University; Jin‐Xin Bei - Sun Yat-sen University Cancer Center; Jin‐Xin Bei - State Key Laboratory of Oncology in South China; Yi‐Xin Zeng - Chinese Academy of Medical Sciences & Peking Union Medical College; Yi‐Xin Zeng - Sun Yat-sen University; Yi‐Xin Zeng - Sun Yat-sen University Cancer Center; Yi‐Xin Zeng - State Key Laboratory of Oncology in South China; Yi‐Xin Zeng - Peking Union Medical College Hospital; Asta Försti - Lund University; Asta Försti - Heidelberg University; Bowang Chen - German Cancer Research Center; Bowang Chen - Heidelberg University; Stefano Landi - University of Pisa; Andre Franke - University Hospital Schleswig-Holstein; Andre Franke - University of Lübeck; Annegret Fischer - University Hospital Schleswig-Holstein; Annegret Fischer - University of Lübeck; Annegret Fischer - Christian-Albrechts-Universität zu Kiel; David Ellinghaus - Christian-Albrechts-Universität zu Kiel; Carlos Flores - Hospital Universitario de Canarias; Carlos Flores - Centro de Investigación Biomédica en Red; Carlos Flores - Universidad de La Laguna; Carlos Flores - Instituto de Salud Carlos III; Imre Noth - University of Chicago; Shwu‐Fan Ma - University of Chicago; Jia Nee Foo - Genome Institute of Singapore; Jia Nee Foo - Agency for Science, Technology and Research; Jianjun Liu - Genome Institute of Singapore; Jianjun Liu - Agency for Science, Technology and Research; Jong‐Won Kim - Samsung Medical Center; Jong‐Won Kim - Sungkyunkwan University; David G Cox - Inserm; David G Cox - Centre de Recherche en Cancérologie de Lyon; Olivier Delattre - Université Paris Sciences et Lettres; Olivier Delattre - Inserm; Olivier Delattre - Institut Curie; Olivier Mirabeau - Université Paris Sciences et Lettres; Olivier Mirabeau - Inserm; Christine F Skibola - University of Alabama at Birmingham; Wen-Hui Su - Chang Gung University; Wen-Hui Su - Chang Gung Memorial Hospital; Yu‐Sun Chang - Chang Gung University; Nicholas G Martin - QIMR Berghofer Medical Research Institute; Scott D Gordon - QIMR Berghofer Medical Research Institute; Tracey Wade - Flinders University; Chaeyoung Lee - Soongsil University; Michiaki Kubo - RIKEN Center for Integrative Medical Sciences; Pei-Chieng Cha - Kobe University; Yusuke Nakamura - University of Chicago; Daniel Levy - Framingham Heart Study; Daniel Levy - National Heart Lung and Blood Institute; Masayuki Kimura - Rutgers, The State University of New Jersey; Shih‐Jen Hwang - Framingham Heart Study; Shih‐Jen Hwang - National Heart Lung and Blood Institute; S E Hunt - Weill Cornell Medical College in Qatar; Tim D Spector - King's College London; Nicole Soranzo - Wellcome Sanger Institute; Ani Manichaikul - Office of Public Health Genomics; Ani Manichaikul - University of Virginia; R Graham Barr - Columbia University Irving Medical Center; Kai‐Ping Chang - Chang Gung Memorial Hospital; Clara Sze-Man Tang - University of Hong Kong; Mercè Garcia-Barceló - University of Hong Kong; Caroline L Relton - University of Bristol; Richard M Martin - University Hospitals Bristol NHS Foundation Trust; Richard M Martin - National Institute for Health and Care Research; Richard M Martin - University of Bristol; Richard M Martin - MRC Epidemiology Unit; Bratati Kahali - University of Michigan; Laura M Yerges-Armstrong - University of Maryland, Baltimore; Ching‐Yu Cheng - Singapore National Eye Center; Ching‐Yu Cheng - National University of Singapore; Ching‐Yu Cheng - Singapore Eye Research Institute; Ching‐Yu Cheng - National University Health System; Ching‐Yu Cheng - Duke-NUS Medical School; Jost B Jonas - Beijing Tongren Hospital; Elizabeth K Speliotes - University of Michigan; Jost B Jonas - Heidelberg University; Jost B Jonas - University Hospital Heidelberg; Tien Yin Wong - Singapore National Eye Center; Tien Yin Wong - National University of Singapore; Tien Yin Wong - Singapore Eye Research Institute; Tien Yin Wong - National University Health System; Tien Yin Wong - Duke-NUS Medical School; Isabella Fogh - King's College London; Isabella Fogh - Neuroscience Institute; Kuang Lin - King's College London; Kuang Lin - Neuroscience Institute; John Powell - King's College London; John Powell - Neuroscience Institute; Kenneth Rice - University of Washington; George Davey Smith - University of Bristol",,"0000-0001-5001-3350; 0000-0001-5024-3623; 0000-0001-5256-0163; 0000-0001-5337-3941; 0000-0001-5352-069X; 0000-0001-5365-8760; 0000-0001-5472-6761; 0000-0001-5753-8766; 0000-0001-5816-6765; 0000-0001-5916-5983; 0000-0001-5943-9454; 0000-0001-6010-5590; 0000-0001-6124-439X; 0000-0001-6381-4296; 0000-0001-6429-7921; 0000-0001-6448-4671; 0000-0001-7079-8781; 0000-0001-7101-6489; 0000-0001-7157-419X; 0000-0001-7159-3040; 0000-0001-7162-0854; 0000-0001-7191-1723; 0000-0001-7199-7053; 0000-0001-7284-4040; 0000-0001-7623-328X; 0000-0001-8364-6357; 0000-0001-8587-1849; 0000-0001-8980-8695; 0000-0001-9059-1825; 0000-0001-9338-9307; 0000-0001-9846-5030; 0000-0001-9899-2308; 0000-0002-0095-2322; 0000-0002-0149-5661; 0000-0002-0210-5215; 0000-0002-0214-2147; 0000-0002-0275-9905; 0000-0002-0455-1032; 0000-0002-0518-8714; 0000-0002-0604-793X; 0000-0002-0637-2265; 0000-0002-0708-9242; 0000-0002-1002-4140; 0000-0002-1014-9138; 0000-0002-1274-9460; 0000-0002-1407-8314; 0000-0002-1445-6266; 0000-0002-1573-1653; 0000-0002-1653-2496; 0000-0002-1734-5772; 0000-0002-1787-3874; 0000-0002-1866-7159; 0000-0002-2046-4350; 0000-0002-2129-5704; 0000-0002-2153-4840; 0000-0002-2167-7470; 0000-0002-2360-913X; 0000-0002-2368-1326; 0000-0002-2466-7155; 0000-0002-2603-6509; 0000-0002-2692-8507; 0000-0002-2804-7586; 0000-0002-2925-734X; 0000-0002-2940-1778; 0000-0002-3008-7843; 0000-0002-3058-9480; 0000-0002-3070-7600; 0000-0002-3071-7278; 0000-0002-3116-5081; 0000-0002-3173-7609; 0000-0002-3255-3019; 0000-0002-3286-8133; 0000-0002-3472-2939; 0000-0002-3579-1864; 0000-0002-3641-3822; 0000-0002-3658-1375; 0000-0002-3698-6241; 0000-0002-4048-1385; 0000-0002-4140-8139; 0000-0002-4261-4583; 0000-0002-4303-8821; 0000-0002-4332-6110; 0000-0002-4486-7496; 0000-0002-4728-3357; 0000-0002-4819-7637; 0000-0002-4907-1657; 0000-0002-5142-4204; 0000-0002-5302-6429; 0000-0002-5345-2049; 0000-0002-5436-3232; 0000-0002-5718-2824; 0000-0002-5879-9981; 0000-0002-5998-795X; 0000-0002-6071-9784; 0000-0002-6180-3611; 0000-0002-6266-8933; 0000-0002-6301-6363; 0000-0002-6405-3705; 0000-0002-6457-3890; 0000-0002-6515-628X; 0000-0002-6623-6839; 0000-0002-6950-4210; 0000-0002-6998-9414; 0000-0002-7141-9189; 0000-0002-7204-6396; 0000-0002-7441-0227; 0000-0002-7486-8545; 0000-0002-7542-0662; 0000-0002-7761-0806; 0000-0002-7992-7719; 0000-0002-8071-8711; 0000-0002-8088-7929; 0000-0002-8309-7092; 0000-0002-8448-1264; 0000-0002-8730-2276; 0000-0002-8743-8763; 0000-0002-9447-0948; 0000-0002-9794-5996; 0000-0002-9795-0365; 0000-0002-9801-5774; 0000-0002-9857-4728; 0000-0003-0006-5237; 0000-0003-0074-1098; 0000-0003-0163-1421; 0000-0003-0182-2754; 0000-0003-0265-2638; 0000-0003-0303-3716; 0000-0003-0500-6068; 0000-0003-0655-885X; 0000-0003-0663-4621; 0000-0003-0920-1055; 0000-0003-0924-3247; 0000-0003-1037-4615; 0000-0003-1043-2651; 0000-0003-1095-3852; 0000-0003-1333-407X; 0000-0003-1337-7897; 0000-0003-1465-5799; 0000-0003-1509-1825; 0000-0003-1777-9578; 0000-0003-1837-3748; 0000-0003-1843-8724; 0000-0003-1859-8971; 0000-0003-2047-4687; 0000-0003-2052-4840; 0000-0003-2386-0698; 0000-0003-2514-0889; 0000-0003-2523-3778; 0000-0003-2622-2210; 0000-0003-2628-3304; 0000-0003-2651-8791; 0000-0003-2666-414X; 0000-0003-2737-8399; 0000-0003-2972-5227; 0000-0003-3017-6026; 0000-0003-3362-6280; 0000-0003-3424-7039; 0000-0003-3483-353X; 0000-0003-3698-7006; 0000-0003-4026-0483; 0000-0003-4069-8020; 0000-0003-4130-2796; 0000-0003-4402-770X; 0000-0003-4913-8601; 0009-0000-1335-8202; 0009-0007-1251-6724"
"The influence of socioeconomic status and ethnicity on adjuvant systemic treatment guideline adherence for early-stage breast cancer in the Netherlands",10.1093/annonc/mdx204,"Annals of Oncology",2017-04-29,2,journal-article,"Oxford University Press (OUP)","Anne Kuijer - Diakonessenhuis hospital; Anne Kuijer - University Medical Center Utrecht; Janneke Verloop - Netherlands Comprehensive Cancer Organisation; Otto Visser - Netherlands Comprehensive Cancer Organisation; Gabe S Sonke - The Netherlands Cancer Institute; Agnes Jager - Erasmus MC; Carla H van Gils - University Medical Center Utrecht; T van Dalen - Diakonessenhuis hospital; T van Dalen - University Medical Center Utrecht; S G Elias - University Medical Center Utrecht",,"0000-0001-8088-9628; 0000-0002-6666-1368; 0000-0002-7713-1450; 0000-0003-0817-7567; 0000-0003-1496-1817"
"Lymphoma InterVEntion (LIVE) – patient-reported outcome feedback and a web-based self-management intervention for patients with lymphoma: study protocol for a randomised controlled trial",10.1186/s13063-017-1943-2,Trials,2017-04-28,1,journal-article,"Springer Nature","Lindy P J Arts - Netherlands Comprehensive Cancer Organisation; Lonneke V van de Poll‐Franse - Netherlands Comprehensive Cancer Organisation; Sanne W van den Berg - Radboud University Nijmegen; Sanne W van den Berg - Radboud University Medical Center; Judith B Prins - Radboud University Nijmegen; Judith B Prins - Radboud University Medical Center; Olga Husson - Radboud University Nijmegen; Olga Husson - Radboud University Medical Center; Floortje Mols - Tilburg University; A V M Brands‐Nijenhuis - Catharina Ziekenhuis; A V M Brands‐Nijenhuis - Radboud University Nijmegen; Lidwine W Tick - Máxima Medisch Centrum; Lidwine W Tick - Radboud University Nijmegen; Simone Oerlemans - Tilburg University",,"0000-0001-5720-6091; 0000-0002-0771-5231; 0000-0002-1387-8686; 0000-0002-5052-4238; 0000-0003-0413-6872; 0000-0003-0818-2913; 0000-0003-1595-7262; 0000-0003-2697-8333"
"Risk of heart failure in survivors of Hodgkin lymphoma: effects of cardiac exposure to radiation and anthracyclines",10.1182/blood-2016-09-740332,Blood,2017-04-20,8,journal-article,"American Society of Hematology","Frederika A van Nimwegen - Oncode Institute; Frederika A van Nimwegen - The Netherlands Cancer Institute; Georgios Ntentas - University of Oxford; Sarah C Darby - University of Oxford; Michael Schaapveld - The Netherlands Cancer Institute; Michael Schaapveld - Netherlands Comprehensive Cancer Organisation; Michael Schaapveld - Oncode Institute; Michael Hauptmann - Oncode Institute; Michael Hauptmann - The Netherlands Cancer Institute; Cècile P.M Janus - Erasmus MC Cancer Institute; Laurien A Daniëls - Leiden University Medical Center; Flora E van Leeuwen - The Netherlands Cancer Institute; Flora E van Leeuwen - Oncode Institute; David J Cutter - University of Oxford; David J Cutter - Oxford University Hospitals NHS Trust; Berthe M.P Aleman - The Netherlands Cancer Institute",,
"Survival of patients with colorectal peritoneal metastases is affected by treatment disparities among hospitals of diagnosis: A nationwide population-based study",10.1016/j.ejca.2016.12.034,"European Journal of Cancer",2017-04-01,1,journal-article,"Elsevier BV","Koen P Rovers - Catharina Ziekenhuis; Koen P Rovers - Radboud University Nijmegen; Geert A Simkens - Catharina Ziekenhuis; Geert A Simkens - Radboud University Nijmegen; Pauline A J Vissers - Netherlands Comprehensive Cancer Organisation; V.E.P.P Lemmens - Netherlands Comprehensive Cancer Organisation; V.E.P.P Lemmens - Erasmus University Rotterdam; Victor J Verwaal - Aarhus University Hospital; André J A Bremers - Radboud University Nijmegen; André J A Bremers - Radboud University Medical Center; Marinus J Wiezer - St. Antonius Ziekenhuis; Jacobus W Burger - Erasmus University Rotterdam; Patrick Hemmer - University Medical Center Groningen; Henk Boot - The Netherlands Cancer Institute; Wilhelmina M van Grevenstein - University Medical Center Utrecht; W J H J Meijerink - Amsterdam University Medical Centers; Arend G J Aalbers - The Netherlands Cancer Institute; Cornelis J.A Punt - Amsterdam UMC Location University of Amsterdam; Pieter J Tanis - Amsterdam UMC Location University of Amsterdam; Ignace H J T de Hingh - Catharina Ziekenhuis; Ignace H J T de Hingh - Radboud University Nijmegen",,
"Cost-effectiveness of capecitabine and bevacizumab maintenance treatment after first-line induction treatment in metastatic colorectal cancer",10.1016/j.ejca.2017.01.019,"European Journal of Cancer",2017-04-01,2,journal-article,"Elsevier BV","Mira D Franken - University Medical Center Utrecht; E.M van Rooijen - Erasmus University Rotterdam; Anne M May - University Medical Center Utrecht; Hendrik Koffijberg - University of Twente; Hendrik Koffijberg - University Medical Center Utrecht; Harm van Tinteren - The Netherlands Cancer Institute; Linda Mol - Netherlands Comprehensive Cancer Organisation; Albert J ten Tije - Amphia Ziekenhuis; G.J Creemers - Catharina Ziekenhuis; G.J Creemers - Radboud University Nijmegen; Ankie M.T van der Velden - Tergooi; Bea C Tanis - Groene Hart Ziekenhuis; Carin A Uyl‐de Groot - Erasmus University Rotterdam; Cornelis J.A Punt - University of Amsterdam; Cornelis J.A Punt - Amsterdam UMC Location University of Amsterdam; Miriam Koopman - University Medical Center Utrecht; Martijn G.H van Oijen - University of Amsterdam; Martijn G.H van Oijen - Amsterdam UMC Location University of Amsterdam",,
"Balancing the Optimal and the Feasible: A Practical Guide for Setting Up Patient Registries for the Collection of Real-World Data for Health Care Decision Making Based on Dutch Experiences",10.1016/j.jval.2016.02.007,"Value in Health",2017-04-01,4,journal-article,"Elsevier BV","Saskia de Groot - Erasmus University Rotterdam; Naomi van der Linden - Erasmus University Rotterdam; M Franken - Erasmus University Rotterdam; Hedwig M Blommestein - Erasmus University Rotterdam; Hedwig M Blommestein - Netherlands Comprehensive Cancer Organisation; B Leeneman - Erasmus University Rotterdam; Ellen van Rooijen - Erasmus University Rotterdam; Jacobus J M van der Hoeven - Radboud University Nijmegen; Jacobus J M van der Hoeven - Radboud University Medical Center; Michel W.J.M Wouters - Oncode Institute; Michel W.J.M Wouters - The Netherlands Cancer Institute; Michel W.J.M Wouters - Dutch Institute for Clinical Auditing; Hans M Westgeest - Erasmus University Rotterdam; Hans M Westgeest - Amphia Ziekenhuis; Carin A Uyl‐de Groot - Erasmus University Rotterdam; Carin A Uyl‐de Groot - Netherlands Comprehensive Cancer Organisation",,
"Association Between Waiting Time from Diagnosis to Treatment and Survival in Patients with Curable Gastric Cancer: A Population-Based Study in the Netherlands",10.1245/s10434-017-5820-8,"Annals of Surgical Oncology",2017-03-28,2,journal-article,"Springer Nature","Hylke J.F Brenkman - University Medical Center Utrecht; Els Visser - University Medical Center Utrecht; Peter S.N van Rossum - University Medical Center Utrecht; S Siesling - Netherlands Comprehensive Cancer Organisation; Richard van Hillegersberg - University Medical Center Utrecht; Jelle P Ruurda - University Medical Center Utrecht",,"0000-0001-6584-1677; 0000-0002-7134-261X; 0000-0003-4243-8388; 0000-0003-4573-9143"
"Risk factors for second primary melanoma among Dutch patients with melanoma",10.1111/bjd.15024,"British Journal of Dermatology",2017-03-10,1,journal-article,"Oxford University Press (OUP)","Melinda S Schuurman - Netherlands Comprehensive Cancer Organisation; Anne C de Waal - Radboud University Nijmegen; Anne C de Waal - Radboud University Medical Center; Elke Thijs - Radboud University Nijmegen; Elke Thijs - Radboud University Medical Center; Michelle M van Rossum - Radboud University Medical Center; Michelle M van Rossum - Radboud University Nijmegen; Lambertus A Kiemeney - Radboud University Medical Center; Lambertus A Kiemeney - Radboud University Nijmegen; Katja K.H Aben - Netherlands Comprehensive Cancer Organisation; Katja K.H Aben - Radboud University Nijmegen; Katja K.H Aben - Radboud University Medical Center",,"0000-0002-0214-2147; 0000-0002-2368-1326; 0000-0003-4229-8821"
"Increasing survival gap between young and elderly gastric cancer patients",10.1007/s10120-017-0708-7,"Gastric Cancer",2017-03-09,1,journal-article,"Springer Nature","S.D Nelen - Radboud University Nijmegen; S.D Nelen - Radboud University Medical Center; Rob H.A Verhoeven - Netherlands Comprehensive Cancer Organisation; V.E.P.P Lemmens - Netherlands Comprehensive Cancer Organisation; J.H.W De Wilt - Radboud University Medical Center; J.H.W De Wilt - Radboud University Nijmegen; Koop Bosscha - Jeroen Bosch Ziekenhuis",,"0000-0001-9678-1611; 0000-0002-4109-5734; 0000-0002-7961-3314; 0000-0003-0180-0731"
"Salivary gland pleomorphic adenoma in the Netherlands: A nationwide observational study of primary tumor incidence, malignant transformation, recurrence, and risk factors for recurrence",10.1016/j.oraloncology.2017.01.004,"Oral Oncology",2017-03-01,1,journal-article,"Elsevier BV","Matthijs H Valstar - University of Amsterdam; Matthijs H Valstar - The Netherlands Cancer Institute; Mischa de Ridder - University of Amsterdam; Mischa de Ridder - The Netherlands Cancer Institute; Martijn M Stuiver - University of Amsterdam; Boukje A C van Dijk - University Medical Center Groningen; Boukje A C van Dijk - University of Groningen; Boukje A C van Dijk - Netherlands Comprehensive Cancer Organisation; Marie‐Louise F van Velthuysen - Erasmus University Rotterdam; A.J.M Balm - University of Amsterdam; A.J.M Balm - The Netherlands Cancer Institute; Ludi E Smeele - University of Amsterdam; Ludi E Smeele - The Netherlands Cancer Institute",,
"The future for follow-up of gynaecological cancer in Europe. Summary of available data and overview of ongoing trials",10.1016/j.ejogrb.2017.01.025,"European Journal of Obstetrics & Gynecology and Reproductive Biology",2017-03-01,1,journal-article,"Elsevier BV","Simon Leeson - Betsi Cadwaladr University Health Board; Kinta Beaver - University of Lancashire; Nicole P M Ezendam - Netherlands Comprehensive Cancer Organisation; Nicole P M Ezendam - Tilburg University; Ronalds Mačuks - Riga East University Hospital; Pierre L Martin‐Hirsch - Lancashire Teaching Hospitals NHS Foundation Trust; Toni P Miles - Royal United Hospital Bath NHS Trust; Mette Moustgaard Jeppesen - University of Southern Denmark; Mette Moustgaard Jeppesen - Odense University Hospital; Pernille Tine Jensen - University of Southern Denmark; Pernille Tine Jensen - Odense University Hospital; Paolo Zola - University of Turin",,
"Long-term Recurrence-free Survival After Standard Endoscopic Resection Versus Surgical Resection of Submucosal Invasive Colorectal Cancer: A Population-based Study",10.1016/j.cgh.2016.08.041,"Clinical Gastroenterology and Hepatology",2017-03-01,3,journal-article,"Elsevier BV","Tim D Belderbos - University Medical Center Utrecht; Felice N van Erning - Netherlands Comprehensive Cancer Organisation; Felice N van Erning - Erasmus University Rotterdam; Ignace H J T de Hingh - Catharina Ziekenhuis; Ignace H J T de Hingh - Radboud University Nijmegen; Martijn G.H van Oijen - Amsterdam UMC Location University of Amsterdam; Martijn G.H van Oijen - University of Amsterdam; V.E.P.P Lemmens - Netherlands Comprehensive Cancer Organisation; V.E.P.P Lemmens - Erasmus University Rotterdam; Peter D Siersema - University Medical Center Utrecht; Peter D Siersema - Radboud University Nijmegen; Peter D Siersema - Radboud University Medical Center",,
"Cost-effectiveness analysis of an 18-week exercise programme for patients with breast and colon cancer undergoing adjuvant chemotherapy: the randomised PACT study",10.1136/bmjopen-2016-012187,"BMJ Open",2017-03-01,5,journal-article,BMJ,"Anne M May - University Medical Center Utrecht; Marcel J C Bosch - University Medical Center Utrecht; Miranda J Velthuis - Netherlands Comprehensive Cancer Organisation; Elsken van der Wall - University Medical Center Utrecht; Charlotte N Steins Bisschop - University Medical Center Utrecht; Maartje Los - St. Antonius Ziekenhuis; Frans Erdkamp - Zuyderland Medisch Centrum; Marnix A.J de Roos - Ziekenhuis Rivierenland; Daan ten Bokkel Huinink - Diakonessenhuis hospital; Petra H.M Peeters - University Medical Center Utrecht; Petra H.M Peeters - Imperial College London; G Ardine de Wit - University Medical Center Utrecht; G Ardine de Wit - National Institute for Public Health and the Environment",,
"First-line non-cytotoxic therapy in chemotherapy-naive patients with metastatic castration-resistant prostate cancer: a systematic review of 10 randomised clinical trials",10.1111/bju.13764,"BJU International",2017-02-28,3,journal-article,Wiley,"Michiel H.F Poorthuis - Netherlands Comprehensive Cancer Organisation; Robin W.M Vernooij - Netherlands Comprehensive Cancer Organisation; R Jeroen A van Moorselaar - Amsterdam University Medical Centers; Theo M de Reijke - Amsterdam UMC Location University of Amsterdam",,
"Textbook outcome as a composite measure in oesophagogastric cancer surgery",10.1002/bjs.10486,"British Journal of Surgery",2017-02-27,1,journal-article,"Oxford University Press (OUP)","Linde A D Busweiler - Dutch Institute for Clinical Auditing; Linde A D Busweiler - Leiden University; Maartje G Schouwenburg - Dutch Institute for Clinical Auditing; Maartje G Schouwenburg - Leiden University; Mark I van Berge Henegouwen - Amsterdam UMC Location University of Amsterdam; N.E Kolfschoten - Dutch Institute for Clinical Auditing; N.E Kolfschoten - Leiden University; P.C de Jong - St. Antonius Ziekenhuis; Tom Rozema - Instituut Verbeeten; Bas P L Wijnhoven - Erasmus University Rotterdam; Richard van Hillegersberg - University Medical Center Utrecht; Michel W.J.M Wouters - The Netherlands Cancer Institute; Michel W.J.M Wouters - Dutch Institute for Clinical Auditing; Michel W.J.M Wouters - Leiden University; Johanna W van Sandick - The Netherlands Cancer Institute; Koop Bosscha - Jeroen Bosch Ziekenhuis; Annemieke Cats - The Netherlands Cancer Institute; Johan L Dikken - Leiden University; Nicole C.T van Grieken - Amsterdam University Medical Centers; H.H Hartgrink - Leiden University; V.E.P.P Lemmens - Erasmus University Rotterdam; V.E.P.P Lemmens - Netherlands Comprehensive Cancer Organisation; Grard A P Nieuwenhuijzen - Catharina Ziekenhuis; Grard A P Nieuwenhuijzen - Radboud University Nijmegen; John Th M Plukker - University Medical Center Groningen; Camiel Rosman - Radboud University Nijmegen; Camiel Rosman - Radboud University Medical Center; Peter D Siersema - Radboud University Nijmegen; Peter D Siersema - Radboud University Medical Center; Geert W M Tetteroo - IJsselland Ziekenhuis; P Veldhuis - Netherlands Comprehensive Cancer Organisation; Francine E.M Voncken - The Netherlands Cancer Institute",,"0000-0001-5662-5286; 0000-0001-6173-0662; 0000-0001-6509-9804; 0000-0001-8689-3134; 0000-0001-9992-0760; 0000-0002-1208-6388; 0000-0002-5837-5513; 0000-0002-6940-8499; 0000-0002-7134-261X; 0000-0002-7896-6118; 0000-0002-7961-3314; 0000-0002-9152-3987; 0000-0003-1278-8547; 0000-0003-3255-1213; 0000-0003-4738-3697"
"Use of theory to plan or evaluate guideline implementation among physicians: a scoping review",10.1186/s13012-017-0557-0,"Implementation Science",2017-02-27,10,journal-article,"Springer Nature","Laurel Liang - University of Toronto; Susanne Bernhardsson - Region Västra Götaland; Robin W.M Vernooij - Netherlands Comprehensive Cancer Organisation; Melissa J Armstrong - Florida College; Melissa J Armstrong - University of Florida; André Bussières - McGill University; Melissa Brouwers - McMaster University; Anna R Gagliardi - University Health Network",,
"Chemotherapy for ovarian cancer in the Netherlands: a population-based study on treatment patterns and outcomes",10.1007/s12032-017-0901-x,"Medical Oncology",2017-02-21,1,journal-article,"Springer Nature","Eline Houben - Pharmo Institute; H.G.M van Haalen - AstraZeneca (Netherlands); Jetty A Overbeek - Pharmo Institute; Nicole P M Ezendam - Netherlands Comprehensive Cancer Organisation; Johanna M.A Pijnenborg - Radboud University Nijmegen; Johanna M.A Pijnenborg - Radboud University Medical Center; W Sparreboom - AstraZeneca (Netherlands); Johan L Severens - Erasmus University Rotterdam; Myrthe P P van Herk‐Sukel - Pharmo Institute",,"0000-0001-9590-0244; 0000-0002-5878-4210; 0000-0002-6138-1236; 0000-0002-9173-3335; 0000-0003-0499-5917; 0000-0003-0935-5193"
"Prognosis of residual axillary disease after neoadjuvant chemotherapy in clinically node-positive breast cancer patients: isolated tumor cells and micrometastases carry a better prognosis than macrometastases",10.1007/s10549-017-4157-0,"Breast Cancer Research and Treatment",2017-02-17,3,journal-article,"Springer Nature","Thiemo J A van Nijnatten - Maastricht University; Thiemo J A van Nijnatten - University Medical Center; Janine M Simons - University Medical Center Utrecht; M Moossdorff - Maastricht University; Linda de Munck - Netherlands Comprehensive Cancer Organisation; Marc B I Lobbes - Maastricht University; Marc B I Lobbes - University Medical Center; Carmen C van der Pol - University Medical Center Utrecht; Linetta B Koppert - Erasmus MC Cancer Institute; Ernest J T Luiten - Amphia Ziekenhuis; Marjolein L Smidt - Maastricht University",,
"Abstract P6-09-03: Impact of 70-gene signature use on adjuvant chemotherapy decisions in early breast cancer patients: Results of the prospective symphony triple A study",10.1158/1538-7445.sabcs16-p6-09-03,"Cancer Research",2017-02-15,2,journal-article,"American Association for Cancer Research (AACR)","Anne Kuijer - Netherlands Comprehensive Cancer Organisation; Anne Kuijer - The Netherlands Cancer Institute; Anne Kuijer - University Medical Center Utrecht; Anne Kuijer - Dutch Cancer Society; Anne Kuijer - Diakonessenhuis hospital; Marieke E Straver - Netherlands Comprehensive Cancer Organisation; Marieke E Straver - The Netherlands Cancer Institute; Marieke E Straver - University Medical Center Utrecht; Marieke E Straver - Diakonessenhuis hospital; Marieke E Straver - Dutch Cancer Society; S G Elias - Netherlands Comprehensive Cancer Organisation; S G Elias - The Netherlands Cancer Institute; S G Elias - University Medical Center Utrecht; S G Elias - Diakonessenhuis hospital; S G Elias - Dutch Cancer Society; Carolien H Smorenburg - Netherlands Comprehensive Cancer Organisation; Carolien H Smorenburg - The Netherlands Cancer Institute; Carolien H Smorenburg - University Medical Center Utrecht; Carolien H Smorenburg - Diakonessenhuis hospital; Carolien H Smorenburg - Dutch Cancer Society; Jelle Wesseling - The Netherlands Cancer Institute; Jelle Wesseling - Netherlands Comprehensive Cancer Organisation; Jelle Wesseling - University Medical Center Utrecht; Jelle Wesseling - Diakonessenhuis hospital; Jelle Wesseling - Dutch Cancer Society; Shai Linn - The Netherlands Cancer Institute; Shai Linn - University Medical Center Utrecht; Shai Linn - Dutch Cancer Society; Shai Linn - Netherlands Comprehensive Cancer Organisation; Shai Linn - Diakonessenhuis hospital; Emiel J Rutgers - Netherlands Comprehensive Cancer Organisation; Emiel J Rutgers - The Netherlands Cancer Institute; Emiel J Rutgers - University Medical Center Utrecht; Emiel J Rutgers - Diakonessenhuis hospital; Emiel J Rutgers - Dutch Cancer Society; Sabine Siesling - The Netherlands Cancer Institute; Sabine Siesling - University Medical Center Utrecht; Sabine Siesling - Netherlands Comprehensive Cancer Organisation; Sabine Siesling - Diakonessenhuis hospital; Sabine Siesling - Dutch Cancer Society; T van Dalen - Netherlands Comprehensive Cancer Organisation; T van Dalen - The Netherlands Cancer Institute; T van Dalen - University Medical Center Utrecht; T van Dalen - Diakonessenhuis hospital; T van Dalen - Dutch Cancer Society",,
"Declining oral intake towards the end of life: how to talk about it? A qualitative study",10.12968/ijpn.2017.23.2.74,"International Journal of Palliative Nursing",2017-02-02,1,journal-article,"Mark Allen Group","Natasja Raijmakers - Netherlands Comprehensive Cancer Organisation; Simon Allan - Palmerston North Hospital; Lia van Zuylen - Erasmus MC Cancer Institute; Agnes van der Heide - Erasmus MC; Agnes van der Heide - Erasmus University Rotterdam",,"0000-0001-5584-4305; 0000-0002-3000-2520; 0000-0002-7142-7605; 0000-0002-9578-6469"
"Structural distress screening and supportive care for patients with lung cancer on systemic therapy: A randomised controlled trial",10.1016/j.ejca.2016.11.006,"European Journal of Cancer",2017-02-01,1,journal-article,"Elsevier BV","Olaf P Geerse - University Medical Center Groningen; Olaf P Geerse - University of Groningen; Josette E H M Hoekstra‐Weebers - Netherlands Comprehensive Cancer Organisation; Josette E H M Hoekstra‐Weebers - University of Groningen; Josette E H M Hoekstra‐Weebers - University Medical Center Groningen; Marleen Stokroos - University Medical Center Groningen; Marleen Stokroos - University of Groningen; Johannes G M Burgerhof - University Medical Center Groningen; Johannes G M Burgerhof - University of Groningen; Harry J.M Groen - University Medical Center Groningen; Harry J.M Groen - University of Groningen; Huib A.M Kerstjens - University Medical Center Groningen; Huib A.M Kerstjens - University of Groningen; T Jeroen N Hiltermann - University Medical Center Groningen; T Jeroen N Hiltermann - University of Groningen",,"0000-0001-7705-7927; 0000-0001-8864-4887; 0000-0002-0665-2160; 0000-0002-2978-5265; 0000-0003-2181-1593; 0000-0003-3827-9601"
"The histology of ovarian cancer: worldwide distribution and implications for international survival comparisons (CONCORD-2)",10.1016/j.ygyno.2016.10.019,"Gynecologic Oncology",2017-02-01,1,journal-article,"Elsevier BV","M Matz - London School of Hygiene & Tropical Medicine; Michel P Coleman - London School of Hygiene & Tropical Medicine; Milena Sant - Fondazione IRCCS Istituto Nazionale dei Tumori; María Dolores Chirlaque - Centro de Investigación Biomédica en Red de Epidemiología y Salud Pública; María Dolores Chirlaque - Instituto Murciano de Investigación Biosanitaria; Otto Visser - Netherlands Comprehensive Cancer Organisation; Martin Gore - Royal Marsden NHS Foundation Trust; Claudia Allemani - Fondazione IRCCS Istituto Nazionale dei Tumori; S Bouzbid - Netherlands Comprehensive Cancer Organisation; M Hamdi-Chérif - CIRED; Zoubida Zaidi - London School of Hygiene & Tropical Medicine; E Bah - London School of Hygiene & Tropical Medicine; Saray Mormeneo Bayo - Netherlands Comprehensive Cancer Organisation; S.S Manraj - Netherlands Comprehensive Cancer Organisation; Manar E Abdel‐Rahman - King Saud University; L Jaïdane - London School of Hygiene & Tropical Medicine; M.A Green - London School of Hygiene & Tropical Medicine; Eurico Oliveira - London School of Hygiene & Tropical Medicine; C.L.A Veneziano - London School of Hygiene & Tropical Medicine; A Soria Verdugo - Fondazione IRCCS Istituto Nazionale dei Tumori; S Torres Vargas - Netherlands Comprehensive Cancer Organisation; Luis Eduardo Bravo - London School of Hygiene & Tropical Medicine; L Jaramillo - London School of Hygiene & Tropical Medicine; Enrique Barrios - London School of Hygiene & Tropical Medicine; Lorraine Shack - London School of Hygiene & Tropical Medicine; Eshwar Kumar - London School of Hygiene & Tropical Medicine; S Ryan - Netherlands Comprehensive Cancer Organisation; Heather Hannah - Centro de Investigación Biomédica en Red de Epidemiología y Salud Pública; Heather Hannah - Servicio Murciano de Salud; M Macintyre - London School of Hygiene & Tropical Medicine; M Ruta - London School of Hygiene & Tropical Medicine; Loraine D Marrett - London School of Hygiene & Tropical Medicine; H Stuart-Panko - Servicio Murciano de Salud; H Stuart-Panko - Centro de Investigación Biomédica en Red de Epidemiología y Salud Pública; Suzanne Demers - Netherlands Comprehensive Cancer Organisation; Serena Wright - Netherlands Comprehensive Cancer Organisation; Lyn Almon - London School of Hygiene & Tropical Medicine; Lloyd Mueller - London School of Hygiene & Tropical Medicine; Heather M Brown - Servicio Murciano de Salud; Heather M Brown - Centro de Investigación Biomédica en Red de Epidemiología y Salud Pública; A Rana Bayakly - Royal Marsden NHS Foundation Trust; Martin Charlton - London School of Hygiene & Tropical Medicine; Lihua Liu - London School of Hygiene & Tropical Medicine; L.L Williamson - London School of Hygiene & Tropical Medicine; Michelle M Hood - London School of Hygiene & Tropical Medicine; Amy R Kahn - Royal Marsden NHS Foundation Trust; L K Giljahn - London School of Hygiene & Tropical Medicine; M.K Patil - London School of Hygiene & Tropical Medicine; S.S Schubert - Netherlands Comprehensive Cancer Organisation; Martin Whiteside - London School of Hygiene & Tropical Medicine; J Martin - Royal Marsden NHS Foundation Trust; S Wang - Netherlands Comprehensive Cancer Organisation; S Farley - Netherlands Comprehensive Cancer Organisation; Laura Stephenson - London School of Hygiene & Tropical Medicine; Ling Yang - London School of Hygiene & Tropical Medicine; Q.L Li - London School of Hygiene & Tropical Medicine; W Li - London School of Hygiene & Tropical Medicine; L.P Cheng - London School of Hygiene & Tropical Medicine; Hongmei Zeng - Servicio Murciano de Salud; Hongmei Zeng - Centro de Investigación Biomédica en Red de Epidemiología y Salud Pública; Manigreeva Krishnatreya - London School of Hygiene & Tropical Medicine; E Suzanna - London School of Hygiene & Tropical Medicine; Lital Keinan-Boker - London School of Hygiene & Tropical Medicine; Hidemi Ito - Servicio Murciano de Salud; Hidemi Ito - Centro de Investigación Biomédica en Red de Epidemiología y Salud Pública; Hidenori Nakagawa - Centro de Investigación Biomédica en Red de Epidemiología y Salud Pública; Hidenori Nakagawa - Servicio Murciano de Salud; Masaya Hattori - London School of Hygiene & Tropical Medicine; Hiromi Sugiyama - Centro de Investigación Biomédica en Red de Epidemiología y Salud Pública; Hiromi Sugiyama - Servicio Murciano de Salud; Mai Utada - London School of Hygiene & Tropical Medicine; Hiroto Narimatsu - Centro de Investigación Biomédica en Red de Epidemiología y Salud Pública; Hiroto Narimatsu - Servicio Murciano de Salud; Seiki Kanemura - Netherlands Comprehensive Cancer Organisation; T Koike - Royal Marsden NHS Foundation Trust; Mami Yoshii - London School of Hygiene & Tropical Medicine; Tomohiro Matsuda - Royal Marsden NHS Foundation Trust; S Tuvshingerel - Netherlands Comprehensive Cancer Organisation; H Al-Eid - Servicio Murciano de Salud; H Al-Eid - Centro de Investigación Biomédica en Red de Epidemiología y Salud Pública; Surapon Wiangnon - Netherlands Comprehensive Cancer Organisation; Hutcha Sriplung - Servicio Murciano de Salud; Hutcha Sriplung - Centro de Investigación Biomédica en Red de Epidemiología y Salud Pública; Sultan Eser - Netherlands Comprehensive Cancer Organisation; Monika Hackl - London School of Hygiene & Tropical Medicine; H Mühlböck - Servicio Murciano de Salud; H Mühlböck - Centro de Investigación Biomédica en Red de Epidemiología y Salud Pública; A Zborovskaya - London School of Hygiene & Tropical Medicine; Olga Aleinikova - Netherlands Comprehensive Cancer Organisation; Liesbet Van Eycken - London School of Hygiene & Tropical Medicine; Z Valerianova - London School of Hygiene & Tropical Medicine; Mario Šekerija - London School of Hygiene & Tropical Medicine; Miroslav Zvolský - London School of Hygiene & Tropical Medicine; Hans H Storm - Servicio Murciano de Salud; Hans H Storm - Centro de Investigación Biomédica en Red de Epidemiología y Salud Pública; Margit Mägi - London School of Hygiene & Tropical Medicine; Michel Velten - London School of Hygiene & Tropical Medicine; Édouard Cornet - London School of Hygiene & Tropical Medicine; Anne–Marie Bouvier - London School of Hygiene & Tropical Medicine; Véronique Bouvier - Netherlands Comprehensive Cancer Organisation; Marc Maynadié - London School of Hygiene & Tropical Medicine; Morgane Mounier - London School of Hygiene & Tropical Medicine; E Fournier - London School of Hygiene & Tropical Medicine; Anne‐Sophie Woronoff - Fondazione IRCCS Istituto Nazionale dei Tumori; M Daoulas - London School of Hygiene & Tropical Medicine; Jacqueline Clavel - Registre général des cancers de Lille et de sa région; Jacqueline Clavel - Inserm; Jacqueline Clavel - Centre de Recherche Épidémiologie et Statistique; Sandra Le Guyader-Peyrou - Netherlands Comprehensive Cancer Organisation; Marc Colonna - London School of Hygiene & Tropical Medicine; S Bara - Netherlands Comprehensive Cancer Organisation; Marion Piñeros - London School of Hygiene & Tropical Medicine; Eunice Sirri - London School of Hygiene & Tropical Medicine; H Kajueter - Servicio Murciano de Salud; H Kajueter - Centro de Investigación Biomédica en Red de Epidemiología y Salud Pública; Hermann Brenner - Centro de Investigación Biomédica en Red de Epidemiología y Salud Pública; Hermann Brenner - Servicio Murciano de Salud; Vijay Kumar - Netherlands Comprehensive Cancer Organisation; Laufey Tryggvadóttír - London School of Hygiene & Tropical Medicine; Harry Comber - Centro de Investigación Biomédica en Red de Epidemiología y Salud Pública; Harry Comber - Servicio Murciano de Salud; H Sundseth - Servicio Murciano de Salud; H Sundseth - Centro de Investigación Biomédica en Red de Epidemiología y Salud Pública; E Devigili - London School of Hygiene & Tropical Medicine; Marine Castaing - London School of Hygiene & Tropical Medicine; Stefano Ferretti - Netherlands Comprehensive Cancer Organisation; Marina Vercelli - London School of Hygiene & Tropical Medicine; S Busco - Netherlands Comprehensive Cancer Organisation; Susanna Vitarelli - Netherlands Comprehensive Cancer Organisation; M Autelitano - London School of Hygiene & Tropical Medicine; Massimo Federico - London School of Hygiene & Tropical Medicine; Mario Fusco - London School of Hygiene & Tropical Medicine; M Usala - London School of Hygiene & Tropical Medicine; Maria Michiara - London School of Hygiene & Tropical Medicine; E Di Felice - London School of Hygiene & Tropical Medicine; Massimo Vicentini - London School of Hygiene & Tropical Medicine; L Cremone - London School of Hygiene & Tropical Medicine; Mario Budroni - London School of Hygiene & Tropical Medicine; S Maspero - Netherlands Comprehensive Cancer Organisation; T Scuderi - Royal Marsden NHS Foundation Trust; Maria Gentilini - London School of Hygiene & Tropical Medicine; Silvano Piffer - Netherlands Comprehensive Cancer Organisation; Stefano Rosso - Netherlands Comprehensive Cancer Organisation; Lidia Sacchetto - London School of Hygiene & Tropical Medicine; Manuel Zorzi - London School of Hygiene & Tropical Medicine; E Liepina - London School of Hygiene & Tropical Medicine; Sabine Siesling - Netherlands Comprehensive Cancer Organisation; Siri Larønningen - Netherlands Comprehensive Cancer Organisation; Maciej Trojanowski - London School of Hygiene & Tropical Medicine; Stanisław Góźdż - Netherlands Comprehensive Cancer Organisation; Monika Grądalska-Lampart - London School of Hygiene & Tropical Medicine; A.U Radziszewska - London School of Hygiene & Tropical Medicine; Magdalena Bielska‐Lasota - London School of Hygiene & Tropical Medicine; M.A Silva - London School of Hygiene & Tropical Medicine; Luís Antunes - London School of Hygiene & Tropical Medicine; Maja Primic‐Žakelj - London School of Hygiene & Tropical Medicine; Tina Žagar - Royal Marsden NHS Foundation Trust; E Almar - London School of Hygiene & Tropical Medicine; Esther Molina‐Montes - London School of Hygiene & Tropical Medicine; M Ramos Montserrat - London School of Hygiene & Tropical Medicine; M.D Chirlaque - Centro de Investigación Biomédica en Red de Epidemiología y Salud Pública; M.D Chirlaque - Servicio Murciano de Salud; S Khan - Netherlands Comprehensive Cancer Organisation; Mats Lambe - London School of Hygiene & Tropical Medicine; M Usel - London School of Hygiene & Tropical Medicine; M Maspoli-Conconi - London School of Hygiene & Tropical Medicine; H Frick - Centro de Investigación Biomédica en Red de Epidemiología y Salud Pública; H Frick - Servicio Murciano de Salud; Matthias Schindler - London School of Hygiene & Tropical Medicine; Helena Carreira - Servicio Murciano de Salud; Helena Carreira - Centro de Investigación Biomédica en Red de Epidemiología y Salud Pública; V Di Carlo - Netherlands Comprehensive Cancer Organisation; Lisa Montel - London School of Hygiene & Tropical Medicine; Maja Nikšić - London School of Hygiene & Tropical Medicine; M Peake - London School of Hygiene & Tropical Medicine; Elizabeth Chalker - London School of Hygiene & Tropical Medicine; LA Newman - London School of Hygiene & Tropical Medicine; Helen Farrugia - Servicio Murciano de Salud; Helen Farrugia - Centro de Investigación Biomédica en Red de Epidemiología y Salud Pública; Timothy Threlfall - Royal Marsden NHS Foundation Trust; Hui You - Servicio Murciano de Salud; Hui You - Centro de Investigación Biomédica en Red de Epidemiología y Salud Pública",,"0000-0001-5241-2101; 0000-0001-5684-9634; 0000-0001-5750-6588; 0000-0001-6025-5214; 0000-0001-6423-1746; 0000-0001-6590-325X; 0000-0001-6608-8605; 0000-0001-6626-1914; 0000-0001-6711-588X; 0000-0001-6717-8020; 0000-0001-6816-2661; 0000-0001-6902-3807; 0000-0001-7223-8198; 0000-0001-7244-9526; 0000-0001-7508-1501; 0000-0001-8067-9030; 0000-0001-8384-5073; 0000-0001-8940-3807; 0000-0001-9070-1027; 0000-0001-9113-1417; 0000-0001-9252-7317; 0000-0001-9636-2345; 0000-0001-9956-9990; 0000-0001-9968-9853; 0000-0002-0227-2523; 0000-0002-0273-824X; 0000-0002-0311-3882; 0000-0002-0383-4911; 0000-0002-0428-2426; 0000-0002-0532-1351; 0000-0002-0622-393X; 0000-0002-0935-9269; 0000-0002-1025-6312; 0000-0002-1049-8426; 0000-0002-1062-2503; 0000-0002-2016-0779; 0000-0002-2898-8781; 0000-0002-3098-0711; 0000-0002-3101-4953; 0000-0002-3126-7360; 0000-0002-3616-7676; 0000-0002-4148-8597; 0000-0002-4249-7276; 0000-0002-4624-3767; 0000-0002-6129-1572; 0000-0002-6545-7787; 0000-0002-6823-2583; 0000-0002-7095-2379; 0000-0002-7253-551X; 0000-0002-7311-1233; 0000-0002-8023-4581; 0000-0002-8316-3117; 0000-0002-8432-4197; 0000-0002-8483-0460; 0000-0002-9124-1509; 0000-0002-9178-3252; 0000-0002-9247-4814; 0000-0002-9313-1557; 0000-0002-9396-7426; 0000-0002-9414-8633; 0000-0002-9708-0312; 0000-0002-9757-2616; 0000-0002-9889-3796; 0000-0002-9917-4590; 0000-0003-0132-1108; 0000-0003-0454-0322; 0000-0003-0669-2274; 0000-0003-0803-6529; 0000-0003-0960-8672; 0000-0003-1317-4168; 0000-0003-1475-7883; 0000-0003-1496-1817; 0000-0003-1538-2526; 0000-0003-1593-3770; 0000-0003-1667-3421; 0000-0003-2217-4266; 0000-0003-2252-8407; 0000-0003-2536-0865; 0000-0003-2586-1539; 0000-0003-2805-7845; 0000-0003-3278-8421; 0000-0003-3378-4799; 0000-0003-3999-3081; 0000-0003-4427-4540; 0000-0003-4871-3766; 0000-0003-4937-7442; 0009-0006-0610-3520; 0009-0006-1605-550X"
"Rare and low-frequency coding variants alter human adult height",10.1038/nature21039,Nature,2017-02-01,3,journal-article,"Springer Nature","Eirini Marouli - Queen Mary University of London; Eirini Marouli - William Harvey Research Institute; Troels R Kjær - Aarhus University; Andrew R Wood - University of Exeter; Mariaelisa Graff - University of North Carolina at Chapel Hill; Ken Sin Lo - Montreal Heart Institute; Carolina Medina‐Gómez - Erasmus MC; Heather M Highland - The University of Texas Health Science Center at Houston; Heather M Highland - University of North Carolina at Chapel Hill; Sina Rüeger - Institute of Social and Preventive Medicine; Sina Rüeger - SIB Swiss Institute of Bioinformatics; Guðmar Þorleifsson - deCODE Genetics (Iceland); Anne E Justice - University of North Carolina at Chapel Hill; David Lamparter - SIB Swiss Institute of Bioinformatics; David Lamparter - University of Lausanne; Kathleen Stirrups - William Harvey Research Institute; Kathleen Stirrups - Queen Mary University of London; Kathleen Stirrups - University of Cambridge; Valérie Turcot - Montreal Heart Institute; Kristin L Young - University of North Carolina at Chapel Hill; Thomas W Winkler - University of Regensburg; Tõnu Esko - Broad Institute; Tõnu Esko - University of Tartu; Tõnu Esko - Boston Children's Hospital; Tugce Karaderi - Centre for Human Genetics; Tugce Karaderi - University of Oxford; Adam E Locke - University of Michigan; Adam E Locke - James S. McDonnell Foundation; Nicholas G D Masca - Glenfield Hospital; Nicholas G D Masca - NIHR Leicester Cardiovascular Biomedical Research Unit; Maggie Ng - Wake Forest University; Poorva Mudgal - Wake Forest University; Manuel A Rivas - Broad Institute; Rebecca S Fine - Harvard University; Rebecca S Fine - Boston Children's Hospital; Rebecca S Fine - Broad Institute; Yingchang Lu - Vanderbilt University; Yingchang Lu - Icahn School of Medicine at Mount Sinai; Claudia Schurmann - Icahn School of Medicine at Mount Sinai; Gonçalo R Abecasis - University of Michigan; Sailaja Vedantam - Broad Institute; Sailaja Vedantam - Harvard University; Sailaja Vedantam - Boston Children's Hospital; Anubha Mahajan - Centre for Human Genetics; Anubha Mahajan - University of Oxford; Xiuqing Guo - Harbor–UCLA Medical Center; Xiuqing Guo - UCLA Medical Center; Xiuqing Guo - The Lundquist Institute; Katja K.H Aben - Netherlands Comprehensive Cancer Organisation; Katja K.H Aben - Radboud University Medical Center; Katja K.H Aben - Radboud University Nijmegen; Linda S Adair - University of North Carolina at Chapel Hill; Eva Albrecht - Helmholtz Zentrum München; Kristine H Allin - University of Copenhagen; Kristine H Allin - Novo Nordisk Foundation; Matthew Allison - University of California San Diego; Philippe Amouyel - Institut Pasteur de Lille; Philippe Amouyel - Université de Lille; Philippe Amouyel - Inserm; Emil V R Appel - Novo Nordisk Foundation; Emil V R Appel - University of Copenhagen; Dominique Arveiler - Université de Strasbourg; Folkert W Asselbergs - University College London; Folkert W Asselbergs - Netherlands Heart Institute; Folkert W Asselbergs - University Medical Center Utrecht; Paul L Auer - University of Wisconsin–Milwaukee; Beverley Balkau - Centre de recherche en Epidémiologie et Santé des Populations; Beverley Balkau - Inserm; Bernhard Banas - University Hospital Regensburg; Lia E Bang - Copenhagen University Hospital; Lia E Bang - Rigshospitalet; Marianne Benn - Gentofte Hospital; Marianne Benn - University of Copenhagen; Sven Bergmann - SIB Swiss Institute of Bioinformatics; Sven Bergmann - University of Lausanne; Lawrence F Bielak - University of Michigan; Matthias Blüher - IFB Adiposity Diseases; Matthias Blüher - Leipzig University; Heiner Boeing - German Institute of Human Nutrition; Eric Boerwinkle - The University of Texas Health Science Center at Houston; Eric Boerwinkle - Baylor College of Medicine; Carsten A Böger - University Hospital Regensburg; Lori L Bonnycastle - National Human Genome Research Institute; Lori L Bonnycastle - National Institutes of Health; Jette Bork‐Jensen - Novo Nordisk Foundation; Jette Bork‐Jensen - University of Copenhagen; Michiel L Bots - University Medical Center Utrecht; Erwin P Böttinger - Icahn School of Medicine at Mount Sinai; Donald W Bowden - Wake Forest University; Ivan Brandslund - Lillebaelt Hospital; Ivan Brandslund - University of Southern Denmark; Gerome Breen - King's College London; Gerome Breen - Centre for Mental Health; Murray H Brilliant - Marshfield Clinic; Linda Broer - Erasmus MC; Amber Burt - University of Washington; Adam S Butterworth - University of Cambridge; Adam S Butterworth - Genomics (United Kingdom); Mark J Caulfield - William Harvey Research Institute; Mark J Caulfield - Queen Mary University of London; John C Chambers - Ealing Hospital; John C Chambers - London North West Healthcare NHS Trust; John C Chambers - Imperial College London; John C Chambers - Imperial College Healthcare NHS Trust; Daniel I Chasman - Broad Institute; Daniel I Chasman - Brigham and Women's Hospital; Daniel I Chasman - Harvard University; Yii‐Der Ida Chen - UCLA Medical Center; Yii‐Der Ida Chen - The Lundquist Institute; Yii‐Der Ida Chen - Harbor–UCLA Medical Center; Rajiv Chowdhury - University of Cambridge; Cramer Christensen - Lillebaelt Hospital; Audrey Y Chu - Brigham and Women's Hospital; Audrey Y Chu - Harvard University; Audrey Y Chu - Framingham Heart Study; Massimiliano Cocca - University of Trieste; Francis S Collins - National Human Genome Research Institute; Francis S Collins - National Institutes of Health; James P Cook - University of Liverpool; Janie Corley - University of Edinburgh; Jordi Corominas Galbany - Radboud University Medical Center; Jordi Corominas Galbany - Radboud University Nijmegen; Amanda J Cox - Wake Forest University; Amanda J Cox - Griffith University; Gabriel Cuéllar-Partida - QIMR Berghofer Medical Research Institute; Anneke I den Hollander - Radboud University Medical Center; John Danesh - University of Cambridge; John Danesh - Genomics (United Kingdom); John Danesh - Wellcome Sanger Institute; John Danesh - British Heart Foundation; Gail Davies - University of Edinburgh; Paul I W de Bakker - University Medical Center Utrecht; Gert J de Borst - University Medical Center Utrecht; Simon de Denus - Université de Montréal; Simon de Denus - Montreal Heart Institute; Mark de Groot - Utrecht University; Mark de Groot - University Medical Center Utrecht; Renée de Mutsert - Leiden University Medical Center; Ian J Deary - University of Edinburgh; George Dedoussis - Harokopio University of Athens; Ellen W Demerath - University of Minnesota; Anneke I den Hollander - Radboud University Nijmegen; Joe Dennis - University of Cambridge; Emanuele Di Angelantonio - University of Cambridge; Emanuele Di Angelantonio - Genomics (United Kingdom); Fotios Drenos - University College London; Fotios Drenos - University of Bristol; Mengmeng Du - Fred Hutch Cancer Center; Mengmeng Du - Memorial Sloan Kettering Cancer Center; Alison M Dunning - University of Cambridge; Douglas F Easton - University of Cambridge; Tapani Ebeling - Oulu University Hospital; Tapani Ebeling - University of Oulu; Todd L Edwards - Vanderbilt University; Jessica D Faul - University of Michigan; Patrick T Ellinor - Broad Institute; Mary F Feitosa - Washington University in St. Louis; Shuang Feng - University of Michigan; Ele Ferrannini - Istituto di Fisiologia Clinica; Ele Ferrannini - University of Pisa; Maurizio Ferrario - University of Insubria; José C Florez - Broad Institute; José C Florez - Harvard University; José C Florez - Massachusetts General Hospital; Ian Ford - University of Glasgow; Myriam Fornage - The University of Texas Health Science Center at Houston; Paul Elliott - Imperial College London; Εvangelos Εvangelou - Imperial College London; Εvangelos Εvangelou - University of Ioannina; Aliki‐Eleni Farmaki - Harokopio University of Athens; Patrick T Ellinor - Massachusetts General Hospital; Giorgia Girotto - University of Trieste; Scott D Gordon - QIMR Berghofer Medical Research Institute; Penny Gordon‐Larsen - University of North Carolina at Chapel Hill; Mathias Gorski - University of Regensburg; Mathias Gorski - University Hospital Regensburg; Niels Grarup - Novo Nordisk Foundation; Niels Grarup - University of Copenhagen; Megan L Grove - The University of Texas Health Science Center at Houston; Vilmundur Guðnason - University of Iceland; Vilmundur Guðnason - Icelandic Heart Association; Stefan Gustafsson - Science for Life Laboratory; Stefan Gustafsson - Uppsala University; Torben Hansen - Novo Nordisk Foundation; Torben Hansen - University of Copenhagen; Kathleen Mullan Harris - University of North Carolina at Chapel Hill; Tamara B Harris - National Institute on Aging; Tamara B Harris - National Institutes of Health; Andrew T Hattersley - University of Exeter; Caroline Hayward - Institute of Genetics and Cancer; Caroline Hayward - University of Edinburgh; Paul W Franks - Lund University; Paul W Franks - Umeå University; Paul W Franks - Harvard University; Ruth Frikke‐Schmidt - University of Copenhagen; Ruth Frikke‐Schmidt - Copenhagen University Hospital; Ruth Frikke‐Schmidt - Rigshospitalet; Tessel E Galesloot - Radboud University Nijmegen; Tessel E Galesloot - Radboud University Medical Center; Wei Gan - Centre for Human Genetics; Wei Gan - University of Oxford; Ilaria Gandin - University of Trieste; Paolo Gasparini - University of Trieste; Paolo Gasparini - Sidra Medical and Research Center; Vilmantas Giedraitis - Uppsala University; Ayush Giri - Vanderbilt University; Giorgia Girotto - Sidra Medical and Research Center; M Arfan Ikram - Erasmus MC; Liang He - Social Science Research Council; Liang He - Duke University; Liang He - University of Helsinki; Iris M Heid - University of Regensburg; Iris M Heid - Helmholtz Zentrum München; Kauko Heikkilä - University of Helsinki; Øyvind Helgeland - Haukeland University Hospital; Øyvind Helgeland - University of Bergen; Jussi Hernesniemi - Tampere University Hospital; Jussi Hernesniemi - Tampere University; Jussi Hernesniemi - Fimlab (Finland); Alex W Hewitt - Centre for Eye Research Australia; Alex W Hewitt - The University of Melbourne; Alex W Hewitt - Lions Eye Institute; Alex W Hewitt - The University of Western Australia; Alex W Hewitt - University of Tasmania; Lynne J Hocking - Edinburgh Cancer Research; Lynne J Hocking - University of Aberdeen; Mette Hollensted - Novo Nordisk Foundation; Mette Hollensted - University of Copenhagen; Oddgeir L Holmen - Norwegian University of Science and Technology; Joanna M M Howson - University of Cambridge; Carel B Hoyng - Radboud University Nijmegen; Carel B Hoyng - Radboud University Medical Center; Paul L Huang - Massachusetts General Hospital; Kristian Hveem - Norwegian University of Science and Technology; Erik Ingelsson - Science for Life Laboratory; Erik Ingelsson - Uppsala University; Erik Ingelsson - Stanford University; Anne Jackson - University of Michigan; Jan‐Håkan Jansson - Umeå University; Jan‐Håkan Jansson - Skellefteå Hospital; Gail P Jarvik - University of Washington; Gorm Boje Jensen - Frederiksberg Hospital; Thomas Köcher - Universitätsmedizin Greifswald; Min A Jhun - University of Michigan; Yucheng Jia - UCLA Medical Center; Yucheng Jia - The Lundquist Institute; Yucheng Jia - Harbor–UCLA Medical Center; Xuejuan Jiang - University of California, Los Angeles; Xuejuan Jiang - Southern California Eye Institute; Jukka Kontto - Finnish Institute for Health and Welfare; Xuejuan Jiang - University of Southern California; Stefan Johansson - University of Bergen; Stefan Johansson - Haukeland University Hospital; Marit E Jørgensen - University of Southern Denmark; Marit E Jørgensen - Steno Diabetes Centers; Torben Jørgensen - University of Copenhagen; Torben Jørgensen - Capital Region of Denmark; Torben Jørgensen - Aalborg University; Jari Lahti - Finnish Institute for Health and Welfare; J Wouter Jukema - Leiden University Medical Center; J Wouter Jukema - Netherlands Heart Institute; Bratati Kahali - University of Michigan; René S Kahn - University Medical Center Utrecht; Mika Kähönen - Tampere University; Pia R Kamstrup - Gentofte Hospital; Stavroula Kanoni - William Harvey Research Institute; Stavroula Kanoni - Queen Mary University of London; Jaakko Kaprio - Finnish Institute for Health and Welfare; Jaakko Kaprio - University of Helsinki; Sharon L R Kardia - University of Michigan; Fredrik Karpe - Oxford Centre for Diabetes, Endocrinology and Metabolism; Fredrik Karpe - University of Oxford; Fredrik Karpe - Oxford BioMedica (United Kingdom); Frank Kee - Queen's University Belfast; Maria Karaleftheri - Athens Medical Center; Renske Keeman - The Netherlands Cancer Institute; Lambertus A Kiemeney - Radboud University Nijmegen; Lambertus A Kiemeney - Radboud University Medical Center; Hidetoshi Kitajima - Centre for Human Genetics; Hidetoshi Kitajima - University of Oxford; Kirsten B Kluivers - Radboud University Nijmegen; Kirsten B Kluivers - Radboud University Medical Center; Claudia Langenberg - MRC Epidemiology Unit; Jaspal S Kooner - Ealing Hospital; Jaspal S Kooner - London North West Healthcare NHS Trust; Jaspal S Kooner - Imperial College Healthcare NHS Trust; Jaspal S Kooner - Hammersmith Hospital; Jaspal S Kooner - Imperial College London; Charles Kooperberg - Fred Hutch Cancer Center; Péter Kovács - IFB Adiposity Diseases; Jennifer Kriebel - Heinrich Heine University Düsseldorf; Jennifer Kriebel - Helmholtz Zentrum München; Jennifer Kriebel - Deutsches Diabetes-Zentrum e.V.; Jennifer Kriebel - German Center for Diabetes Research; Helena Kuivaniemi - Stellenbosch University; Sébastien Küry - Génétique Médicale & Génomique Fonctionelle; Johanna Kuusisto - University of Eastern Finland; Johanna Kuusisto - Kuopio University Hospital; Martina La Bianca - IRCCS Materno Infantile Burlo Garofolo; Markku Laakso - Kuopio University Hospital; Markku Laakso - University of Eastern Finland; Timo A Lakka - University of Eastern Finland; Ethan M Lange - University of North Carolina at Chapel Hill; Leslie A Lange - University of North Carolina at Chapel Hill; Carl D Langefeld - North Carolina Division of Public Health; Claudia Langenberg - University of Cambridge; Eric B Larson - Kaiser Permanente Washington Health Research Institute; Eric B Larson - University of Washington; I‐Te Lee - Taichung Veterans General Hospital; I‐Te Lee - National Taipei University; I‐Te Lee - Chung Shan Medical University; I‐Te Lee - National Yang Ming Chiao Tung University; Terho Lehtimäki - Fimlab (Finland); Terho Lehtimäki - Tampere University; Cora E Lewis - University of Alabama at Birmingham; Huaixing Li - Shanghai Institutes for Biological Sciences; Huaixing Li - Chinese Academy of Sciences; Jin Li - Stanford University; Ruifang Li‐Gao - Leiden University Medical Center; Honghuang Lin - Boston University; Li‐An Lin - The University of Texas Health Science Center at Houston; Lin Xu - Shanghai Institutes for Biological Sciences; Lin Xu - Chinese Academy of Sciences; Lars Lind - Uppsala University; Jaana Lindström - Finnish Institute for Health and Welfare; Karen L Mohlke - University of North Carolina at Chapel Hill; Allan Linneberg - Capital Region of Denmark; Allan Linneberg - Rigshospitalet; Allan Linneberg - University of Copenhagen; Yeheng Liu - UCLA Medical Center; Yeheng Liu - The Lundquist Institute; Yeheng Liu - Harbor–UCLA Medical Center; Yongmei Liu - Wake Forest University; Artitaya Lophatananon - University of Warwick; Jian’an Luan - MRC Epidemiology Unit; Jian’an Luan - University of Cambridge; Steven A Lubitz - Massachusetts General Hospital; Steven A Lubitz - Broad Institute; Leo‐Pekka Lyytikäinen - Fimlab (Finland); Leo‐Pekka Lyytikäinen - Tampere University; David A Mackey - Lions Eye Institute; David A Mackey - The University of Western Australia; Pamela A F Madden - Washington University in St. Louis; Alisa K Manning - Massachusetts General Hospital; Alisa K Manning - Broad Institute; Alisa K Manning - Harvard University; Satu Männistö - Finnish Institute for Health and Welfare; Gaëlle Marenne - Wellcome Sanger Institute; Jonathan Marten - Institute of Genetics and Cancer; Jonathan Marten - University of Edinburgh; Nicholas G Martin - QIMR Berghofer Medical Research Institute; Angela L Mazul - University of North Carolina at Chapel Hill; Karina Meidtner - Heinrich Heine University Düsseldorf; Karina Meidtner - Deutsches Diabetes-Zentrum e.V.; Karina Meidtner - German Center for Diabetes Research; Karina Meidtner - German Institute of Human Nutrition; Andres Metspalu - University of Tartu; Paul Mitchell - Westmead Institute for Medical Research; Paul Mitchell - The University of Sydney; Matt J Neville - Oxford Centre for Diabetes, Endocrinology and Metabolism; Dennis O Mook‐Kanamori - Leiden University Medical Center; Anna Morgan - University of Trieste; Andrew D Morris - University of Edinburgh; Andrew P Morris - Centre for Human Genetics; Andrew P Morris - University of Oxford; Andrew P Morris - University of Liverpool; Martina Müller‐Nurasyid - Ludwig-Maximilians-Universität München; Martina Müller‐Nurasyid - German Centre for Cardiovascular Research; Martina Müller‐Nurasyid - Helmholtz Zentrum München; Patricia B Munroe - William Harvey Research Institute; Patricia B Munroe - Queen Mary University of London; Mike A Nalls - National Institute on Aging; Matthias Nauck - Universitätsmedizin Greifswald; Matthias Nauck - German Centre for Cardiovascular Research; Christopher P Nelson - NIHR Leicester Cardiovascular Biomedical Research Unit; Christopher P Nelson - Glenfield Hospital; Matt J Neville - University of Oxford; Matt J Neville - Oxford BioMedica (United Kingdom); Sune F Nielsen - University of Copenhagen; Sune F Nielsen - Gentofte Hospital; Kjell Nikus - Tampere University Hospital; Kjell Nikus - Tampere University; Pål R Njølstad - University of Bergen; Pål R Njølstad - Haukeland University Hospital; Børge G Nordestgaard - Gentofte Hospital; Børge G Nordestgaard - University of Copenhagen; Ιωάννα Ντάλλα - William Harvey Research Institute; Ιωάννα Ντάλλα - Queen Mary University of London; Jeffrey R O’Connel - University of Maryland, Baltimore; Heikki Oksa - Tampere University Hospital; Heikki Oksa - Tampere University; Roel A Ophoff - University Medical Center Utrecht; Katharine R Owen - Oxford Centre for Diabetes, Endocrinology and Metabolism; Katharine R Owen - University of Oxford; Katharine R Owen - Oxford BioMedica (United Kingdom); Chris J Packard - University of Glasgow; Sandosh Padmanabhan - University of Glasgow; Nicholette D Palmer - Ninewells Hospital; Gerard Pasterkamp - University Medical Center Utrecht; Alison Pattie - University of Edinburgh; Oluf Pedersen - Novo Nordisk Foundation; Oluf Pedersen - University of Copenhagen; Gina M Peloso - Massachusetts General Hospital; Gina M Peloso - Broad Institute; Craig E Pennell - The University of Western Australia; Markus Perola - Finnish Institute for Health and Welfare; Markus Perola - Institute for Molecular Medicine Finland; Markus Perola - University of Helsinki; Markus Perola - University of Tartu; James A Perry - University of Maryland, Baltimore; John R B Perry - MRC Epidemiology Unit; John R B Perry - University of Cambridge; Thomas N Person - Marshfield Clinic; Peggy Peissig - Marshfield Clinic; Ailith Pirie - University of Cambridge; Ozren Polašek - University of Split; Ozren Polašek - University of Edinburgh; Daniëlle Posthuma - Amsterdam Neuroscience; Olli T Raitakari - Turku University Hospital; Olli T Raitakari - University of Turku; Asif Rasheed - Center for Non-Communicable Diseases; Rainer Rauramaa - Kuopio University Hospital; Dermot F Reilly - Merck & Co., Inc., Rahway, NJ, USA (United States); Alex P Reiner - Fred Hutch Cancer Center; Alex P Reiner - University of Washington; Aniruddh P Patel - Broad Institute; Aniruddh P Patel - Massachusetts General Hospital; Aniruddh P Patel - Harvard University; Matthias B Schulze - German Center for Diabetes Research; Matthias B Schulze - German Institute of Human Nutrition; Robert A Scott - University of Cambridge; Robert A Scott - MRC Epidemiology Unit; Frida Renström - Lund University; Frida Renström - Umeå University; Paul M Ridker - Brigham and Women's Hospital; Paul M Ridker - Harvard University; John D Rioux - Montreal Heart Institute; John D Rioux - Université de Montréal; Neil Robertson - Centre for Human Genetics; Neil Robertson - University of Oxford; Neil Robertson - Oxford Centre for Diabetes, Endocrinology and Metabolism; Marcelo P Segura-Lepe - Imperial College London; Antonietta Robino - IRCCS Materno Infantile Burlo Garofolo; Olov Rolandsson - Umeå University; Igor Rudan - University of Edinburgh; Katherine S Ruth - University of Exeter; Danish Saleheen - University of Pennsylvania; Danish Saleheen - Center for Non-Communicable Diseases; Veikko Salomaa - Finnish Institute for Health and Welfare; Nilesh J Samani - Glenfield Hospital; Nilesh J Samani - NIHR Leicester Cardiovascular Biomedical Research Unit; Kevin Sandow - UCLA Medical Center; Kevin Sandow - The Lundquist Institute; Kevin Sandow - Harbor–UCLA Medical Center; Yadav Sapkota - QIMR Berghofer Medical Research Institute; Naveed Sattar - University of Glasgow; Marjanka K Schmidt - The Netherlands Cancer Institute; Pamela J Schreiner - University of Minnesota; Matthias B Schulze - Heinrich Heine University Düsseldorf; Matthias B Schulze - Deutsches Diabetes-Zentrum e.V.; Albert V Smith - Icelandic Heart Association; Svati H Shah - Duke University; Xueling Sim - University of Michigan; Xueling Sim - National University Health System; Xueling Sim - National University of Singapore; Suthesh Sivapalaratnam - Massachusetts General Hospital; Suthesh Sivapalaratnam - University of Cambridge; Kerrin S Small - King's College London; Albert V Smith - University of Iceland; Jennifer A Smith - University of Michigan; Lorraine Southam - Centre for Human Genetics; Lorraine Southam - University of Oxford; Lorraine Southam - Wellcome Sanger Institute; Timothy D Spector - King's College London; Elizabeth K Speliotes - University of Michigan; John M Starr - University of Edinburgh; John M Starr - Alzheimer Scotland; Valgerður Steinthórsdóttir - deCODE Genetics (Iceland); Heather M Stringham - University of Michigan; Michael Stümvoll - Leipzig University; Michael Stümvoll - IFB Adiposity Diseases; Praveen Surendran - University of Cambridge; Henrik Vestergaard - University of Copenhagen; Leen M ’t Hart - Amsterdam UMC Location Vrije Universiteit Amsterdam; Leen M ’t Hart - Leiden University Medical Center; Katherine E Tansey - Cardiff University; Katherine E Tansey - University of Bristol; Jean‐Claude Tardif - Montreal Heart Institute; Jean‐Claude Tardif - Université de Montréal; Kent D Taylor - UCLA Medical Center; Kent D Taylor - The Lundquist Institute; Kent D Taylor - Harbor–UCLA Medical Center; Alexander Teumer - Universitätsmedizin Greifswald; Deborah J Thompson - University of Cambridge; Unnur Þorsteinsdóttir - University of Iceland; Unnur Þorsteinsdóttir - deCODE Genetics (Iceland); Betina H Thuesen - Capital Region of Denmark; Anke Tönjes - Leipzig University; Gerard Tromp - Stellenbosch University; Stella Trompet - Leiden University Medical Center; Jaakko Tuomilehto - Universität für Weiterbildung Krems; Jaakko Tuomilehto - Dasman Diabetes Institute; Jaakko Tuomilehto - King Abdulaziz University; Jaakko Tuomilehto - Finnish Institute for Health and Welfare; Anne Tybjærg‐Hansen - University of Copenhagen; Anne Tybjærg‐Hansen - Copenhagen University Hospital; Anne Tybjærg‐Hansen - Rigshospitalet; Jonathan P Tyrer - University of Cambridge; Rudolf Uher - Dalhousie University; André G Uitterlinden - Erasmus MC; Sheila Ulivi - IRCCS Materno Infantile Burlo Garofolo; Sander W van der Laan - University Medical Center Utrecht; Andries R van der Leij - University of Amsterdam; Cornelia M van Duijn - Erasmus MC; Natasja M van Schoor - Amsterdam UMC Location Vrije Universiteit Amsterdam; Jessica van Setten - University Medical Center Utrecht; Anette Varbo - Gentofte Hospital; Anette Varbo - University of Copenhagen; Tibor V Varga - Lund University; Rohit Varma - Southern California Eye Institute; Rohit Varma - University of Southern California; Digna R Velez Edwards - Vanderbilt University; Sita H Vermeulen - Radboud University Nijmegen; Sita H Vermeulen - Radboud University Medical Center; Henrik Vestergaard - Novo Nordisk Foundation; Weihua Zhang - Imperial College London; Véronique Vitart - Institute of Genetics and Cancer; Thomas Vogt - Merck & Co., Inc., Rahway, NJ, USA (United States); Diego Vozzi - Sidra Medical and Research Center; Mark Walker - Newcastle University; Feijie Wang - Shanghai Institutes for Biological Sciences; Feijie Wang - Chinese Academy of Sciences; Carol A Wang - The University of Western Australia; Shuai Wang - Boston University; Yiqin Wang - Shanghai Institutes for Biological Sciences; Yiqin Wang - Chinese Academy of Sciences; Nicholas J Wareham - MRC Epidemiology Unit; Nicholas J Wareham - University of Cambridge; Helen R Warren - William Harvey Research Institute; Helen R Warren - Queen Mary University of London; Jennifer Wessel - Indiana University; Sara M Willems - MRC Epidemiology Unit; Sara M Willems - University of Cambridge; James G Wilson - University of Mississippi Medical Center; James G Wilson - Jackson Memorial Hospital; Daniel R Witte - Danish Diabetes Academy; Daniel R Witte - Aarhus University; Michael O Woods - Memorial University of Newfoundland; Ying Wu - University of North Carolina at Chapel Hill; Hanieh Yaghootkar - University of Exeter; Jie Yao - Harbor–UCLA Medical Center; Jie Yao - UCLA Medical Center; Jie Yao - The Lundquist Institute; Pang Yao - Shanghai Institutes for Biological Sciences; Pang Yao - Chinese Academy of Sciences; Laura M Yerges-Armstrong - GlaxoSmithKline (United States); Laura M Yerges-Armstrong - University of Maryland, Baltimore; Robin Young - University of Glasgow; Robin Young - University of Cambridge; Eleftheria Zeggini - Wellcome Sanger Institute; Xiaowei Zhan - The University of Texas Southwestern Medical Center; Weihua Zhang - London North West Healthcare NHS Trust; Weihua Zhang - Ealing Hospital; Véronique Vitart - University of Edinburgh; Zheng He - Shanghai Institutes for Biological Sciences; Zheng He - Chinese Academy of Sciences; Wei Zhou - University of Michigan; Jerome I Rotter - UCLA Medical Center; Jerome I Rotter - The Lundquist Institute; Jerome I Rotter - Harbor–UCLA Medical Center; Michael Boehnke - University of Michigan; Sekar Kathiresan - Broad Institute; Sekar Kathiresan - Massachusetts General Hospital; Wei Zhao - MRC Epidemiology Unit; Sekar Kathiresan - Harvard University; Mark I McCarthy - Centre for Human Genetics; Mark I McCarthy - University of Oxford; Mark I McCarthy - Oxford Centre for Diabetes, Endocrinology and Metabolism; Mark I McCarthy - Oxford BioMedica (United Kingdom); Cristen J Willer - University of Michigan; Kāri Stefánsson - University of Iceland; Kāri Stefánsson - deCODE Genetics (Iceland); Wei Zhao - University of Cambridge; Wei Zhao - University of Pennsylvania; Wei Zhao - University of Michigan; Joel N Hirschhorn - Pediatrics and Genetics; Joel N Hirschhorn - Harvard University; Panos Deloukas - William Harvey Research Institute; Panos Deloukas - Queen Mary University of London; Ingrid B Borecki - Washington University in St. Louis; Dajiang J Liu - Pennsylvania State University; Kari E North - University of North Carolina at Chapel Hill; Nancy L Heard‐Costa - Framingham Heart Study; Nancy L Heard‐Costa - Boston University; Tune H Pers - Novo Nordisk Foundation; Panos Deloukas - King Abdulaziz University; Tune H Pers - University of Copenhagen; Tune H Pers - Statens Serum Institut; Cecilia M Lindgren - University of Oxford; Cecilia M Lindgren - Centre for Human Genetics; Claus Oxvig - Aarhus University; Zoltán Kutalik - Institute of Social and Preventive Medicine; Zoltán Kutalik - SIB Swiss Institute of Bioinformatics; Fernando Rivadeneira - Erasmus MC; Ruth J F Loos - Icahn School of Medicine at Mount Sinai; Ruth J F Loos - Child Health and Development Institute; Timothy M Frayling - University of Exeter; Joel N Hirschhorn - Broad Institute; Joel N Hirschhorn - Boston Children's Hospital; Guillaume Lettre - Montreal Heart Institute; Guillaume Lettre - Université de Montréal",,
"Inflammatory breast cancer in the Netherlands; improved survival over the last decades",10.1007/s10549-017-4119-6,"Breast Cancer Research and Treatment",2017-01-30,2,journal-article,"Springer Nature","Dominique J P van Uden - Radboud University Nijmegen; Dominique J P van Uden - Radboud University Medical Center; Dominique J P van Uden - University Medical Center; Reini Bretveld - Netherlands Comprehensive Cancer Organisation; Sabine Siesling - Netherlands Comprehensive Cancer Organisation; Johannes H W de Wilt - Radboud University Nijmegen; Johannes H W de Wilt - Radboud University Medical Center; Johannes H W de Wilt - University Medical Center; C.F.J.M Blanken-Peeters - Rijnstate Hospital",,"0000-0001-7479-9335; 0000-0002-0273-824X"
"Breast MRI increases the number of mastectomies for ductal cancers, but decreases them for lobular cancers",10.1007/s10549-017-4117-8,"Breast Cancer Research and Treatment",2017-01-28,2,journal-article,"Springer Nature","Marc B I Lobbes - University Medical Center; Marc B I Lobbes - Maastricht University; Ingeborg J H Vriens - Maastricht University; A.C.M van Bommel - Leiden University Medical Center; Grard A P Nieuwenhuijzen - Catharina Ziekenhuis; Grard A P Nieuwenhuijzen - Radboud University Nijmegen; Marjolein L Smidt - Maastricht University; Liesbeth Boersma - Maastro Clinic; Liesbeth Boersma - Maastricht University; Thijs van Dalen - Diakonessenhuis hospital; Carolien H Smorenburg - The Netherlands Cancer Institute; H Struikmans - Medisch Centrum Haaglanden; Sabine Siesling - Netherlands Comprehensive Cancer Organisation; Adri C Voogd - Netherlands Comprehensive Cancer Organisation",,"0000-0001-9173-279X; 0000-0002-0273-824X; 0000-0002-1046-2634; 0000-0002-1945-1317; 0000-0002-2103-6956; 0000-0002-5837-5513; 0000-0002-8041-2720; 0000-0002-8328-1869; 0000-0003-0882-9086"
"Adolescent and young adult (AYA) lymphoma survivors report lower health-related quality of life compared to a normative population: results from the PROFILES registry",10.1080/0284186x.2016.1267404,"Acta Oncologica",2017-01-12,2,journal-article,"Informa UK Limited","Olga Husson - Radboud University Medical Center; Olga Husson - Radboud University Nijmegen; Judith B Prins - Radboud University Nijmegen; Judith B Prins - Radboud University Medical Center; Suzanne E J Kaal - Radboud University Nijmegen; Suzanne E J Kaal - Radboud University Medical Center; Simone Oerlemans - Netherlands Comprehensive Cancer Organisation; Wendy B.C Stevens - Radboud University Nijmegen; Wendy B.C Stevens - Radboud University Medical Center; Brad Zebrack - University of Michigan; Winette T.A van der Graaf - Radboud University Nijmegen; Winette T.A van der Graaf - Royal Marsden NHS Foundation Trust; Winette T.A van der Graaf - Institute of Cancer Research; Winette T.A van der Graaf - Radboud University Medical Center; Lonneke V van de Poll‐Franse - Netherlands Comprehensive Cancer Organisation; Lonneke V van de Poll‐Franse - Tilburg University; Lonneke V van de Poll‐Franse - The Netherlands Cancer Institute",,
"Effects and moderators of exercise on quality of life and physical function in patients with cancer: An individual patient data meta-analysis of 34 RCTs",10.1016/j.ctrv.2016.11.010,"Cancer Treatment Reviews",2017-01-01,12,journal-article,"Elsevier BV","Laurien M Buffart - Amsterdam UMC Location Vrije Universiteit Amsterdam; Joeri Kalter - Amsterdam UMC Location Vrije Universiteit Amsterdam; Maike G Sweegers - Amsterdam UMC Location Vrije Universiteit Amsterdam; Kerry S Courneya - University of Alberta; Robert U Newton - Edith Cowan University; Neil K Aaronson - The Netherlands Cancer Institute; Paul B Jacobsen - Moffitt Cancer Center; Anne M May - University Medical Center Utrecht; Daniel A Galvão - Edith Cowan University; Mai J M Chinapaw - Amsterdam UMC Location Vrije Universiteit Amsterdam; Karen Steindorf - National Center for Tumor Diseases; Karen Steindorf - German Cancer Research Center; Karen Steindorf - Heidelberg University; Martijn M Stuiver - The Netherlands Cancer Institute; Sandra C Hayes - Queensland University of Technology; Kathleen A Griffith - University of Maryland, Baltimore; Alejandro Lucía - Universidad Europea de Madrid; Ilse Mesters - Maastricht University; Ellen van Weert - University Medical Center Groningen; Ellen van Weert - University of Groningen; Hans Knoop - Amsterdam UMC Location University of Amsterdam; Martine M Goedendorp - University Medical Center Groningen; Martine M Goedendorp - University of Groningen; Nanette Mutrie - University of Edinburgh; Amanda Daley - University of Birmingham; Alex McConnachie - University of Glasgow; Martin Bohus - Central Institute of Mental Health; Martin Bohus - Heidelberg University; Martin Bohus - University of Antwerp; Lene Thorsen - Oslo University Hospital; Karl‐Heinz Schulz - University Medical Center Hamburg-Eppendorf; Karl‐Heinz Schulz - Universität Hamburg; Camille E Short - Freemasons Foundation Centre for Men's Health; Camille E Short - Adelaide University; Erica L James - University of Newcastle Australia; Ronald C Plotnikoff - University of Newcastle Australia; Gill Arbane - Guy's and St Thomas' NHS Foundation Trust; Martina E Schmidt - National Center for Tumor Diseases; Martina E Schmidt - German Cancer Research Center; Martina E Schmidt - Heidelberg University; Karin Potthoff - National Center for Tumor Diseases; Karin Potthoff - Heidelberg University; Karin Potthoff - University Hospital Heidelberg; Marc van Beurden - The Netherlands Cancer Institute; Hester S A Oldenburg - The Netherlands Cancer Institute; Gabe S Sonke - The Netherlands Cancer Institute; Wim H van Harten - University of Twente; Wim H van Harten - The Netherlands Cancer Institute; Rachel Garrod - King's College London; Kathryn H Schmitz - Penn State Milton S. Hershey Medical Center; Kerri M Winters‐Stone - Oregon Health & Science University; Miranda J Velthuis - Netherlands Comprehensive Cancer Organisation; Dennis R Taaffe - Edith Cowan University; Willem van Mechelen - Amsterdam UMC Location Vrije Universiteit Amsterdam; Marie José Kersten - Amsterdam UMC Location University of Amsterdam; Frans Nollet - Amsterdam UMC Location University of Amsterdam; Jennifer Wenzel - Johns Hopkins University; Jennifer Wenzel - Sidney Kimmel Comprehensive Cancer Center; Joachim Wiskemann - Guy's and St Thomas' NHS Foundation Trust; Irma M Verdonck‐de Leeuw - Amsterdam UMC Location Vrije Universiteit Amsterdam; Irma M Verdonck‐de Leeuw - Vrije Universiteit Amsterdam; Johannes Brug - Amsterdam UMC Location Vrije Universiteit Amsterdam; Johannes Brug - University of Amsterdam",,
"Comparing survival of patients with single or multiple primary melanoma in the Netherlands: 1994–2009",10.1111/bjd.14846,"British Journal of Dermatology",2016-12-22,2,journal-article,"Oxford University Press (OUP)","Luba M Pardo - Erasmus MC Cancer Institute; R.J.T van der Leest - Erasmus MC Cancer Institute; Esther de Vries - Erasmus MC Cancer Institute; Esther de Vries - Pontificia Universidad Javeriana; Isabelle Soerjomataram - Centre international de recherche sur le cancer; Tamar Nijsten - Erasmus MC Cancer Institute; Loes M Hollestein - Netherlands Comprehensive Cancer Organisation; Loes M Hollestein - Erasmus MC Cancer Institute",,"0000-0001-8922-6791; 0000-0001-9940-2875; 0000-0002-5560-2258; 0000-0002-6017-741X; 0000-0003-0684-3175"
"The Relationship of Response on Time to Next Treatment Based on Evidence from Two RCTs in Newly Diagnosed Stem Cell Transplantation Ineligible Multiple Myeloma Patients",10.1182/blood.v128.22.2141.2141,Blood,2016-12-02,1,journal-article,"American Society of Hematology","Chrissy H.Y van Beurden-Tan - Erasmus MC Cancer Institute; Hedwig M Blommestein - Erasmus University Rotterdam; Hedwig M Blommestein - Netherlands Comprehensive Cancer Organisation; Sonja Zweegman - Amsterdam University Medical Centers; Pieter Sonneveld - Erasmus MC Cancer Institute",,"0000-0002-0145-9855; 0000-0002-0808-2237; 0000-0002-5011-1820; 0000-0002-5846-0531"
"Variations in pelvic lymph node dissection in invasive bladder cancer: A Dutch nationwide population-based study during centralization of care",10.1016/j.urolonc.2016.06.018,"Urologic Oncology: Seminars and Original Investigations",2016-12-01,1,journal-article,"Elsevier BV","Tom J.N Hermans - The Netherlands Cancer Institute; Elisabeth E Fransen van de Putte - The Netherlands Cancer Institute; L Fossion - Máxima Medisch Centrum; L Fossion - Radboud University Nijmegen; Erik van Werkhoven - The Netherlands Cancer Institute; Rob H.A Verhoeven - Netherlands Comprehensive Cancer Organisation; Bas Wilhelmus Gerardus van Rhijn - The Netherlands Cancer Institute; Simon Horenblas - The Netherlands Cancer Institute",,
"Clinical auditing as an instrument for quality improvement in breast cancer care in the Netherlands: The national NABON Breast Cancer Audit",10.1002/jso.24516,"Journal of Surgical Oncology",2016-11-25,6,journal-article,Wiley,"A.C.M van Bommel - Leiden University; A.C.M van Bommel - Dutch Institute for Clinical Auditing; P.E.R Spronk - Dutch Institute for Clinical Auditing; P.E.R Spronk - Leiden University; Marie-Jeanne T F D Vrancken Peeters - The Netherlands Cancer Institute; Agnes Jager - Erasmus MC Cancer Institute; Marc B I Lobbes - Maastricht University Medical Centre; John H Maduro - University Medical Center Groningen; John H Maduro - University of Groningen; Marc A.M Mureau - Erasmus MC Cancer Institute; K Schreuder - Netherlands Comprehensive Cancer Organisation; Carolien H Smorenburg - The Netherlands Cancer Institute; Janneke Verloop - Netherlands Comprehensive Cancer Organisation; Michel W.J.M Wouters - Dutch Institute for Clinical Auditing; Michel W.J.M Wouters - The Netherlands Cancer Institute; Sabine Siesling - Netherlands Comprehensive Cancer Organisation; Sabine Siesling - University of Twente; V.C.G Tjan - Heijnen - Maastricht University Medical Centre; Thijs van Dalen - Diakonessenhuis hospital",,
"Real-World Evidence on Healthcare Resource use and Associated Cost With Multiple Myeloma in The Netherlands",10.1016/j.jval.2016.09.2311,"Value in Health",2016-11-01,1,journal-article,"Elsevier BV","Hedwig M Blommestein - Erasmus University Rotterdam; Hedwig M Blommestein - Netherlands Comprehensive Cancer Organisation; SG Verelst - Erasmus MC; A Zagorska - Bristol-Myers Squibb (France); Jelena Stevanović - Bristol-Myers Squibb (Netherlands); Åsa Engström - Bristol-Myers Squibb (Sweden); Pieter Sonneveld - Erasmus MC; PC Huijgens - Netherlands Comprehensive Cancer Organisation; Cinira Lefèvre - Bristol-Myers Squibb (France); CA Uyl‐de Groot - Institute of Technology Assessment; CA Uyl‐de Groot - Erasmus University Rotterdam; CA Uyl‐de Groot - Netherlands Comprehensive Cancer Organisation",,"0000-0001-6244-6401; 0000-0002-0808-2237; 0000-0002-5846-0531; 0000-0003-4641-1078"
"Cost-effectiveness of obinutuzumab for chronic lymphocytic leukaemia in The Netherlands",10.1016/j.leukres.2016.09.005,"Leukemia Research",2016-11-01,5,journal-article,"Elsevier BV","Hedwig M Blommestein - Erasmus University Rotterdam; Hedwig M Blommestein - Netherlands Comprehensive Cancer Organisation; Saskia de Groot - Erasmus University Rotterdam; Mieke J Aarts - Netherlands Comprehensive Cancer Organisation; Pepijn Vemer - University Medical Center Groningen; Pepijn Vemer - University of Groningen; Robin de Vries - Roche (Netherlands); Annet F.M van Abeelen - Roche (Netherlands); Eduardus F M Posthuma - Reinier de Graaf Hospital; Carin A Uyl‐de Groot - Netherlands Comprehensive Cancer Organisation; Carin A Uyl‐de Groot - Erasmus University Rotterdam",,
"The use of EORTC measures in daily clinical practice—A synopsis of a newly developed manual",10.1016/j.ejca.2016.08.024,"European Journal of Cancer",2016-11-01,1,journal-article,"Elsevier BV","Lisa M Wintner - Innsbruck Medical University; Lisa M Wintner - Universität Innsbruck; Monika Sztankay - Universität Innsbruck; Monika Sztankay - Innsbruck Medical University; Neil Aaronson - Oncode Institute; Neil Aaronson - The Netherlands Cancer Institute; Andrew Bottomley - European Organisation for Research and Treatment of Cancer; Johannes M Giesinger - Innsbruck Medical University; Johannes M Giesinger - Universität Innsbruck; Mogens Grøenvold - University of Copenhagen; Mogens Grøenvold - Bispebjerg Hospital; Morten Aagaard Petersen - Bispebjerg Hospital; Morten Aagaard Petersen - University of Copenhagen; Lonneke V van de Poll‐Franse - Netherlands Comprehensive Cancer Organisation; Galina Velikova - University of Leeds; Irma M Verdonck–de Leeuw - Amsterdam University Medical Centers; Bernhard Holzner - Innsbruck Medical University; Bernhard Holzner - Universität Innsbruck",,"0000-0002-3117-632X; 0000-0002-3389-3621; 0000-0002-4507-4607; 0000-0002-7938-1250; 0000-0002-9057-4600; 0000-0003-0413-6872; 0000-0003-0690-4708; 0000-0003-1899-5942; 0000-0003-2744-5950"
"A review of factors explaining variability in fentanyl pharmacokinetics; focus on implications for cancer patients",10.1111/bcp.13129,"British Journal of Clinical Pharmacology",2016-10-29,5,journal-article,Wiley,"Evelien Kuip - Radboud University Nijmegen; Evelien Kuip - Erasmus MC Cancer Institute; Evelien Kuip - Radboud University Medical Center; Maarten L Zandvliet - Leiden University Medical Center; Stijn L.W Koolen - Erasmus MC Cancer Institute; Ron H.J Mathijssen - Erasmus MC Cancer Institute; Carin C.D van der Rijt - Erasmus MC Cancer Institute; Carin C.D van der Rijt - Netherlands Comprehensive Cancer Organisation",,
"Survival differences between patients with Hodgkin lymphoma treated inside and outside clinical trials. A study based on the EORTC-Netherlands Cancer Registry linked data with 20 years of follow-up",10.1111/bjh.14379,"British Journal of Haematology",2016-10-21,3,journal-article,Wiley,"Lifang Liu - European Organisation for Research and Treatment of Cancer; Francesco Giusti - European Organisation for Research and Treatment of Cancer; Michael Schaapveld - Netherlands Comprehensive Cancer Organisation; Michael Schaapveld - The Netherlands Cancer Institute; Berthe M.P Aleman - The Netherlands Cancer Institute; Pieternella J Lugtenburg - Erasmus MC Cancer Institute; Paul Meijnders - University of Antwerp; Paul Meijnders - ZNA Middelheim Hospital; Martin Hutchings - Copenhagen University Hospital; Martin Hutchings - Rigshospitalet; V.E.P.P Lemmens - Netherlands Comprehensive Cancer Organisation; Jan Bogaerts - European Organisation for Research and Treatment of Cancer; Otto Visser - Netherlands Comprehensive Cancer Organisation",,
"Factors associated with current and severe physical side-effects after prostate cancer treatment: What men report",10.1111/ecc.12589,"European Journal of Cancer Care",2016-10-10,2,journal-article,"Hindawi Limited","L Steentjes - University of Twente; Sabine Siesling - University of Twente; Sabine Siesling - Netherlands Comprehensive Cancer Organisation; Frances J Drummond - University College Cork; Jeannette G van Manen - University of Twente; Linda Sharp - Newcastle University; Anna Gavin - The Northern Ireland Cancer Centre; Anna Gavin - Queen's University Belfast",,
"No Difference in Overall Survival Between Hospital Volumes for Patients With Colorectal Cancer in The Netherlands",10.1097/dcr.0000000000000660,"Diseases of the Colon & Rectum",2016-10-01,1,journal-article,"Ovid Technologies (Wolters Kluwer Health)","Amanda C R K Bos - Netherlands Comprehensive Cancer Organisation; Felice N van Erning - Netherlands Comprehensive Cancer Organisation; Felice N van Erning - Erasmus MC; Marloes A.G Elferink - Netherlands Comprehensive Cancer Organisation; H.J.T Rutten - Maastricht University; H.J.T Rutten - Catharina Ziekenhuis; H.J.T Rutten - Radboud University Nijmegen; Martijn G.H van Oijen - Amsterdam UMC Location University of Amsterdam; Martijn G.H van Oijen - University of Amsterdam; Martijn G.H van Oijen - Netherlands Comprehensive Cancer Organisation; Johannes H W de Wilt - Radboud University Nijmegen; Johannes H W de Wilt - Radboud University Medical Center; V.E.P.P Lemmens - Netherlands Comprehensive Cancer Organisation; V.E.P.P Lemmens - Erasmus MC",,"0000-0001-7967-7791; 0000-0002-3986-4776; 0000-0002-4109-5734; 0000-0003-0125-1429; 0000-0003-2532-950X; 0000-0003-4581-1440"
"The impact of lymph node dissection and adjuvant chemotherapy on survival: A nationwide cohort study of patients with clinical early-stage ovarian cancer",10.1016/j.ejca.2016.07.015,"European Journal of Cancer",2016-10-01,1,journal-article,"Elsevier BV","Marjolein Kleppe - Maastricht University Medical Centre; Maaike A van der Aa - Netherlands Comprehensive Cancer Organisation; Toon Van Gorp - Maastricht University Medical Centre; B.F.M Slangen - Maastricht University Medical Centre; Roy F.P.M Kruitwagen - Maastricht University Medical Centre",,
"Short-term outcome in patients treated with cytoreduction and HIPEC compared to conventional colon cancer surgery",10.1097/md.0000000000005111,Medicine,2016-10-01,1,journal-article,"Ovid Technologies (Wolters Kluwer Health)","Geert A Simkens - Radboud University Nijmegen; Geert A Simkens - Catharina Ziekenhuis; Victor J Verwaal - Aarhus University Hospital; V.E.P.P Lemmens - Erasmus MC; V.E.P.P Lemmens - Netherlands Comprehensive Cancer Organisation; H.J.T Rutten - Radboud University Nijmegen; H.J.T Rutten - Catharina Ziekenhuis; Ignace H J T de Hingh - Catharina Ziekenhuis; Ignace H J T de Hingh - Radboud University Nijmegen",,"0000-0002-4109-5734; 0000-0003-2532-950X; 0000-0003-2643-3560; 0000-0003-3491-4268"
"The prognostic value of WHO performance status in relation to quality of life in advanced colorectal cancer patients",10.1016/j.ejca.2016.07.013,"European Journal of Cancer",2016-10-01,1,journal-article,"Elsevier BV","Linda Mol - Netherlands Comprehensive Cancer Organisation; Petronella B Ottevanger - Radboud University Nijmegen; Petronella B Ottevanger - Radboud University Medical Center; Miriam Koopman - University Medical Center Utrecht; Cornelis J.A Punt - Amsterdam UMC Location University of Amsterdam; Cornelis J.A Punt - University of Amsterdam",,"0000-0001-8209-487X; 0000-0002-4155-1605; 0000-0003-0846-1445; 0000-0003-1550-1978"
"The use of adjuvant chemotherapy for pancreatic cancer varies widely between hospitals: a nationwide population‐based analysis",10.1002/cam4.921,"Cancer Medicine",2016-09-27,1,journal-article,Wiley,"Maikel J A M Bakens - Catharina Ziekenhuis; Maikel J A M Bakens - Radboud University Nijmegen; Maikel J A M Bakens - Netherlands Comprehensive Cancer Organisation; Lydia G van der Geest - Netherlands Comprehensive Cancer Organisation; Magreet van Putten - Netherlands Comprehensive Cancer Organisation; Hanneke W.M van Laarhoven - Amsterdam UMC Location University of Amsterdam; Geert‐Jan Creemers - Radboud University Nijmegen; Geert‐Jan Creemers - Catharina Ziekenhuis; Marc G Besselink - Amsterdam UMC Location University of Amsterdam; V.E.P.P Lemmens - Netherlands Comprehensive Cancer Organisation; V.E.P.P Lemmens - Erasmus MC; Ignace H J T de Hingh - Catharina Ziekenhuis; Ignace H J T de Hingh - Radboud University Nijmegen",,"0000-0002-4109-5734; 0000-0003-1274-5643; 0000-0003-1637-5520; 0000-0003-2650-9350; 0000-0003-3491-4268"
"Palliative care in Dutch hospitals: a rapid increase in the number of expert teams, a limited number of referrals",10.1186/s12913-016-1770-2,"BMC Health Services Research",2016-09-23,2,journal-article,"Springer Nature","Arianne Brinkman‐Stoppelenburg - Erasmus MC; M Boddaert - Netherlands Comprehensive Cancer Organisation; J Douma - Netherlands Comprehensive Cancer Organisation; Agnes van der Heide - Erasmus MC",,
"Recurrence-free and overall survival among elderly stage III colon cancer patients treated with CAPOX or capecitabine monotherapy",10.1002/ijc.30423,"International Journal of Cancer",2016-09-22,1,journal-article,Wiley,"Felice N van Erning - Netherlands Comprehensive Cancer Organisation; Felice N van Erning - Erasmus University Rotterdam; Felice N van Erning - Erasmus MC; Maryska L.G Janssen‐Heijnen - VieCuri Medisch Centrum; Maryska L.G Janssen‐Heijnen - Maastricht University Medical Centre; G.J Creemers - Catharina Ziekenhuis; G.J Creemers - Radboud University Nijmegen; Hans Pruijt - Jeroen Bosch Ziekenhuis; Huub Maas - Elisabeth-TweeSteden Ziekenhuis; V.E.P.P Lemmens - Netherlands Comprehensive Cancer Organisation; V.E.P.P Lemmens - Erasmus MC; V.E.P.P Lemmens - Erasmus University Rotterdam",,
"Challenging the dogma of colorectal peritoneal metastases as an untreatable condition: Results of a population-based study",10.1016/j.ejca.2016.07.002,"European Journal of Cancer",2016-09-01,1,journal-article,"Elsevier BV","Lieke G.E.M Razenberg - Catharina Ziekenhuis; Lieke G.E.M Razenberg - Radboud University Nijmegen; Lieke G.E.M Razenberg - Netherlands Comprehensive Cancer Organisation; V.E.P.P Lemmens - Erasmus MC; V.E.P.P Lemmens - Netherlands Comprehensive Cancer Organisation; Victor J Verwaal - Aarhus University Hospital; Cornelis J.A Punt - University of Amsterdam; Pieter J Tanis - University of Amsterdam; Geert-Jan Creemers - Catharina Ziekenhuis; Geert-Jan Creemers - Radboud University Nijmegen; Ignace H J T de Hingh - Radboud University Nijmegen; Ignace H J T de Hingh - Catharina Ziekenhuis",,
"Metformin and survival of people with type 2 diabetes and pleural mesothelioma: A population-based retrospective cohort study",10.1016/j.lungcan.2016.07.020,"Lung Cancer",2016-09-01,1,journal-article,"Elsevier BV","Hongjiang Wu - University of Edinburgh; Jeremy Walker - University of Edinburgh; Ronald Damhuis - Netherlands Comprehensive Cancer Organisation; David Brewster - National Health Service Scotland; Sarah H Wild - University of Edinburgh",,"0000-0001-7248-7047; 0000-0001-7824-2569; 0000-0002-0363-5330; 0000-0002-5346-5608; 0000-0003-2193-1114"
"Feasibility of implementing the ‘Screening for Distress and Referral Need’ process in 23 Dutch hospitals",10.1007/s00520-016-3387-8,"Supportive Care in Cancer",2016-08-26,3,journal-article,"Springer Nature","Floor M van Nuenen - University Medical Center Groningen; Floor M van Nuenen - University of Groningen; Stacey M Donofrio - Netherlands Comprehensive Cancer Organisation; Marrit A Tuinman - Netherlands Comprehensive Cancer Organisation; H.B.M van de Wiel - University Medical Center Groningen; H.B.M van de Wiel - University of Groningen; Josette E H M Hoekstra‐Weebers - Netherlands Comprehensive Cancer Organisation",,
"Use and Appreciation of a Tailored Self-Management eHealth Intervention for Early Cancer Survivors: Process Evaluation of a Randomized Controlled Trial",10.2196/jmir.5975,"Journal of Medical Internet Research",2016-08-23,1,journal-article,"JMIR Publications Inc.","Iris M Kanera - Open University of the Netherlands; Roy A Willems - Open University of the Netherlands; Catherine Bolman - Open University of the Netherlands; Ilse Mesters - Maastricht University; Victor Zambon - Zuyderland Medisch Centrum; B Gijsen - Netherlands Comprehensive Cancer Organisation; Lilian Lechner - Open University of the Netherlands",,
"Erratum to: The effect of trastuzumab-based chemotherapy in small node-negative HER2-positive breast cancer",10.1007/s10549-016-3941-6,"Breast Cancer Research and Treatment",2016-08-17,1,journal-article,"Springer Nature","Mette S van Ramshorst - The Netherlands Cancer Institute; Margriet van der Heiden‐van der Loo - Netherlands Comprehensive Cancer Organisation; Gwen Dackus - The Netherlands Cancer Institute; Gwen Dackus - Utrecht University; Gwen Dackus - University Medical Center Utrecht; Sabine C Linn - The Netherlands Cancer Institute; Sabine C Linn - Utrecht University; Sabine C Linn - University Medical Center Utrecht; Gabe S Sonke - The Netherlands Cancer Institute",,"0000-0001-5541-0347; 0000-0001-5767-854X; 0000-0001-8088-9628; 0000-0002-5873-4926"
"Digital vs screen-film mammography in population-based breast cancer screening: performance indicators and tumour characteristics of screen-detected and interval cancers",10.1038/bjc.2016.226,"British Journal of Cancer",2016-08-01,2,journal-article,"Springer Nature","Linda de Munck - Netherlands Comprehensive Cancer Organisation; Geertruida H de Bock - University of Groningen; Geertruida H de Bock - University Medical Center Groningen; R Otter - Netherlands Comprehensive Cancer Organisation; Mireille J M Broeders - Radboud University Nijmegen; Mireille J M Broeders - Radboud University Medical Center; Pax H.B Willemse - University Medical Center Groningen; Pax H.B Willemse - University of Groningen; Sabine Siesling - University of Twente",,"0000-0002-0273-824X; 0000-0002-2930-509X; 0000-0002-8741-8148; 0000-0003-3104-4471"
"Adjuvant chemotherapy and relative survival of patients with stage II colon cancer – A EURECCA international comparison between the Netherlands, Denmark, Sweden, England, Ireland, Belgium, and Lithuania",10.1016/j.ejca.2016.04.017,"European Journal of Cancer",2016-08-01,1,journal-article,"Elsevier BV","A.J Breugom - Leiden University Medical Center; Esther Bastiaannet - Leiden University Medical Center; Petra G Boelens - Leiden University Medical Center; Lene Hjerrild Iversen - Aarhus University Hospital; Anna Martling - Karolinska Institutet; Robert Johansson - Umeå University; T Evans - Public Health England; S Lawton - Public Health England; K.M O'Brien - National Cancer Registry; Rasa Jančiauskienė - Lithuanian University of Health Sciences; Gerrit‐Jan Liefers - Leiden University Medical Center; Andrés Cervantes - INCLIVA Health Research Institute; Andrés Cervantes - Universitat de València; V.E.P.P Lemmens - Erasmus MC; V.E.P.P Lemmens - Netherlands Comprehensive Cancer Organisation; Cornelis J.�H van de Velde - Leiden University Medical Center",,
"Palliative resection of the primary tumor is associated with improved overall survival in incurable stage IV colorectal cancer: A nationwide population-based propensity-score adjusted study in the Netherlands",10.1002/ijc.30240,"International Journal of Cancer",2016-07-12,1,journal-article,Wiley,"Jorine ‘t Lam-Boer - Radboud University Nijmegen; Jorine ‘t Lam-Boer - Radboud University Medical Center; Lydia G van der Geest - Netherlands Comprehensive Cancer Organisation; Cees Verhoef - Erasmus MC; Marloes Elferink - Netherlands Comprehensive Cancer Organisation; Miriam Koopman - University Medical Center Utrecht; Johannes H.W de Wilt - Radboud University Nijmegen; Johannes H.W de Wilt - Radboud University Medical Center",,"0000-0001-6773-9668; 0000-0003-0356-180X; 0000-0003-1550-1978; 0000-0003-1637-5520"
"Histological subtype and systemic metastases strongly influence treatment and survival in patients with synchronous colorectal peritoneal metastases",10.1016/j.ejso.2016.03.014,"European Journal of Surgical Oncology (EJSO)",2016-06-01,1,journal-article,"Elsevier BV","Geert A Simkens - Radboud University Nijmegen; Geert A Simkens - Catharina Ziekenhuis; Lieke G.E.M Razenberg - Radboud University Nijmegen; Lieke G.E.M Razenberg - Netherlands Comprehensive Cancer Organisation; V.E.P.P Lemmens - Netherlands Comprehensive Cancer Organisation; V.E.P.P Lemmens - Erasmus MC; H.J.T Rutten - Catharina Ziekenhuis; H.J.T Rutten - Radboud University Nijmegen; G-J Creemers - Catharina Ziekenhuis; G-J Creemers - Radboud University Nijmegen; Lieke G.E.M Razenberg - Catharina Ziekenhuis; Ignace H J T de Hingh - Catharina Ziekenhuis; Ignace H J T de Hingh - Radboud University Nijmegen",,"0000-0001-8448-6295; 0000-0002-4109-5734; 0000-0003-2532-950X; 0000-0003-3491-4268"
"Treatment Interval between Neoadjuvant Chemoradiotherapy and Surgery in Rectal Cancer Patients: A Population-Based Study",10.1245/s10434-016-5294-0,"Annals of Surgical Oncology",2016-06-01,1,journal-article,"Springer Nature","Anouk J M Rombouts - Radboud University Nijmegen; Anouk J M Rombouts - Radboud University Medical Center; Niek Hugen - Radboud University Nijmegen; Niek Hugen - Radboud University Medical Center; Marloes A.G Elferink - Netherlands Comprehensive Cancer Organisation; Irıs D Nagtegaal - Radboud University Nijmegen; Irıs D Nagtegaal - Radboud University Medical Center; Johannes H.W de Wilt - Radboud University Nijmegen; Johannes H.W de Wilt - Radboud University Medical Center",,
"Low awareness of risk factors among bladder cancer survivors: New evidence and a literature overview",10.1016/j.ejca.2016.03.071,"European Journal of Cancer",2016-06-01,1,journal-article,"Elsevier BV","Ellen Westhoff - Radboud University Nijmegen; Ellen Westhoff - Radboud University Medical Center; Julia Maria de Oliveira-Neumayer - Radboud University Nijmegen; Julia Maria de Oliveira-Neumayer - Radboud University Medical Center; Katja K.H Aben - Radboud University Nijmegen; Katja K.H Aben - Netherlands Comprehensive Cancer Organisation; Katja K.H Aben - Radboud University Medical Center; Alina Vrieling - Radboud University Nijmegen; Alina Vrieling - Radboud University Medical Center; Lambertus A Kiemeney - Radboud University Nijmegen; Lambertus A Kiemeney - Radboud University Medical Center",,"0000-0002-0214-2147; 0000-0002-1892-3706; 0000-0002-2368-1326; 0000-0002-8178-2125"
"Improved outcomes due to changes in organization of care for patients with ovarian cancer in the Netherlands",10.1016/j.ygyno.2016.04.012,"Gynecologic Oncology",2016-06-01,2,journal-article,"Elsevier BV","Florine A Eggink - University Medical Center Groningen; Florine A Eggink - University of Groningen; Constantijne H Mom - University of Groningen; Constantijne H Mom - University Medical Center Groningen; Roy F.P.M Kruitwagen - Maastricht University; A.K.L Reyners - University of Groningen; A.K.L Reyners - University Medical Center Groningen; Willemien J van Driel - The Netherlands Cancer Institute; Leon F.A.G Massuger - Radboud University Nijmegen; Leon F.A.G Massuger - Radboud University Medical Center; Gerard C Niemeijer - University Medical Center Groningen; A G van der Zee - University of Groningen; A G van der Zee - University Medical Center Groningen; Maaike A van der Aa - Netherlands Comprehensive Cancer Organisation; Hans W Nijman - University of Groningen; Hans W Nijman - University Medical Center Groningen",,
"The MELFO-Study: Prospective, Randomized, Clinical Trial for the Evaluation of a Stage-adjusted Reduced Follow-up Schedule in Cutaneous Melanoma Patients—Results after 1 Year",10.1245/s10434-016-5263-7,"Annals of Surgical Oncology",2016-05-18,4,journal-article,"Springer Nature","Samantha Damude - University of Groningen; Samantha Damude - University Medical Center Groningen; Josette E H M Hoekstra‐Weebers - University Medical Center Groningen; Josette E H M Hoekstra‐Weebers - University of Groningen; Anne Brecht Francken - Isala; Sylvia ter Meulen - The Netherlands Cancer Institute; Esther Bastiaannet - Leiden University Medical Center; Harald J Hoekstra - University Medical Center Groningen; Harald J Hoekstra - University of Groningen",,
"Trends in incidence, treatment and survival of small bowel adenocarcinomas between 1999 and 2013: a population-based study in The Netherlands",10.1080/0284186x.2016.1182211,"Acta Oncologica",2016-05-12,1,journal-article,"Informa UK Limited","Laura M Legué - Catharina Ziekenhuis; Laura M Legué - Radboud University Nijmegen; Laura M Legué - Netherlands Comprehensive Cancer Organisation; Nienke Bernards - Catharina Ziekenhuis; Nienke Bernards - Radboud University Nijmegen; Nienke Bernards - Netherlands Comprehensive Cancer Organisation; Sophie L Gerritse - Amphia Ziekenhuis; Thijs R van Oudheusden - Catharina Ziekenhuis; Thijs R van Oudheusden - Radboud University Nijmegen; Ignace H J T de Hingh - Catharina Ziekenhuis; Ignace H J T de Hingh - Radboud University Nijmegen; Geert-Jan Creemers - Catharina Ziekenhuis; Geert-Jan Creemers - Radboud University Nijmegen; Albert J ten Tije - Amphia Ziekenhuis; V.E.P.P Lemmens - Netherlands Comprehensive Cancer Organisation; V.E.P.P Lemmens - Erasmus MC",,"0000-0001-5892-9515; 0000-0002-4109-5734; 0000-0002-6287-4016; 0000-0002-9358-1996; 0000-0003-0305-391X; 0000-0003-3491-4268"
"Effects of an Exercise Program in Colon Cancer Patients undergoing Chemotherapy",10.1249/mss.0000000000000855,"Medicine &amp Science in Sports &amp Exercise",2016-05-01,3,journal-article,"Ovid Technologies (Wolters Kluwer Health)","Jonna K van Vulpen - Meander Medisch Centrum; Jonna K van Vulpen - Institut Català d'Oncologia; Jonna K van Vulpen - University Medical Center Utrecht; Jonna K van Vulpen - Netherlands Comprehensive Cancer Organisation; Miranda J Velthuis - Meander Medisch Centrum; Miranda J Velthuis - Institut Català d'Oncologia; Miranda J Velthuis - University Medical Center Utrecht; Miranda J Velthuis - Netherlands Comprehensive Cancer Organisation; Charlotte N Steins Bisschop - Meander Medisch Centrum; Charlotte N Steins Bisschop - Institut Català d'Oncologia; Charlotte N Steins Bisschop - University Medical Center Utrecht; Charlotte N Steins Bisschop - Netherlands Comprehensive Cancer Organisation; Noémie Travier - Meander Medisch Centrum; Noémie Travier - Institut Català d'Oncologia; Noémie Travier - University Medical Center Utrecht; Noémie Travier - Netherlands Comprehensive Cancer Organisation; BRAM J W VAN DEN BUIJS - Meander Medisch Centrum; BRAM J W VAN DEN BUIJS - Institut Català d'Oncologia; BRAM J W VAN DEN BUIJS - University Medical Center Utrecht; BRAM J W VAN DEN BUIJS - Netherlands Comprehensive Cancer Organisation; Frank Backx - Institut Català d'Oncologia; Frank Backx - University Medical Center Utrecht; Frank Backx - Netherlands Comprehensive Cancer Organisation; Frank Backx - Meander Medisch Centrum; Maartje Los - Meander Medisch Centrum; Maartje Los - Institut Català d'Oncologia; Maartje Los - University Medical Center Utrecht; Maartje Los - Netherlands Comprehensive Cancer Organisation; Frans Erdkamp - Meander Medisch Centrum; Frans Erdkamp - Institut Català d'Oncologia; Frans Erdkamp - University Medical Center Utrecht; Frans Erdkamp - Netherlands Comprehensive Cancer Organisation; Haiko J Bloemendal - Meander Medisch Centrum; Haiko J Bloemendal - Institut Català d'Oncologia; Haiko J Bloemendal - University Medical Center Utrecht; Haiko J Bloemendal - Netherlands Comprehensive Cancer Organisation; Miriam Koopman - Meander Medisch Centrum; Miriam Koopman - Institut Català d'Oncologia; Miriam Koopman - University Medical Center Utrecht; Miriam Koopman - Netherlands Comprehensive Cancer Organisation; Marnix A.J de Roos - Meander Medisch Centrum; Marnix A.J de Roos - Institut Català d'Oncologia; Marnix A.J de Roos - University Medical Center Utrecht; Marnix A.J de Roos - Netherlands Comprehensive Cancer Organisation; Marlies Verhaar - Meander Medisch Centrum; Marlies Verhaar - Institut Català d'Oncologia; Marlies Verhaar - University Medical Center Utrecht; Marlies Verhaar - Netherlands Comprehensive Cancer Organisation; Daan ten Bokkel-Huinink - Institut Català d'Oncologia; Daan ten Bokkel-Huinink - University Medical Center Utrecht; Daan ten Bokkel-Huinink - Netherlands Comprehensive Cancer Organisation; Daan ten Bokkel-Huinink - Meander Medisch Centrum; Elsken van der Wall - Meander Medisch Centrum; Elsken van der Wall - Institut Català d'Oncologia; Elsken van der Wall - University Medical Center Utrecht; Elsken van der Wall - Netherlands Comprehensive Cancer Organisation; Petra H Peeters - Meander Medisch Centrum; Petra H Peeters - Institut Català d'Oncologia; Petra H Peeters - University Medical Center Utrecht; Petra H Peeters - Netherlands Comprehensive Cancer Organisation; Anne M May - Meander Medisch Centrum; Anne M May - Institut Català d'Oncologia; Anne M May - University Medical Center Utrecht; Anne M May - Netherlands Comprehensive Cancer Organisation",,"0000-0001-5228-7769; 0000-0001-7551-9200; 0000-0002-2775-8773; 0000-0002-4793-4666; 0000-0002-4953-5271; 0000-0002-8902-4337; 0000-0003-1550-1978; 0000-0003-2568-6937"
"Changes over time in the impact of gene-expression profiles on the administration of adjuvant chemotherapy in estrogen receptor positive early stage breast cancer patients: A nationwide study",10.1002/ijc.30132,"International Journal of Cancer",2016-04-19,3,journal-article,Wiley,"Anne Kuijer - Diakonessenhuis hospital; Anne Kuijer - University Medical Center Utrecht; Caroline A Drukker - Albert Schweitzer Ziekenhuis; S G Elias - University Medical Center Utrecht; Carolien H Smorenburg - The Netherlands Cancer Institute; Emiel J Rutgers - The Netherlands Cancer Institute; Sabine Siesling - Netherlands Comprehensive Cancer Organisation; T van Dalen - Diakonessenhuis hospital",,
"Association Between the Most Frequent Complications After Surgery for Stage I–III Colon Cancer and Short-Term Survival, Long-Term Survival, and Recurrences",10.1245/s10434-016-5226-z,"Annals of Surgical Oncology",2016-04-13,1,journal-article,"Springer Nature","A.J Breugom - Leiden University; D T van Dongen - Leiden University; Esther Bastiaannet - Leiden University; Friedo W Dekker - Leiden University Medical Center; Lydia G van der Geest - Netherlands Comprehensive Cancer Organisation; Gerrit‐Jan Liefers - Leiden University; A Marinelli - Medisch Centrum Haaglanden; Wilma E Mesker - Leiden University; Johanneke E.A Portielje - Haga Hospital; Willem H Steup - Haga Hospital; Larissa Tseng - Groene Hart Ziekenhuis; Cornelis J.�H van de Velde - Leiden University; Jan Willem T Dekker - Reinier de Graaf Hospital",,
"Volume–outcome relationships in pancreatoduodenectomy for cancer",10.1016/j.hpb.2016.01.515,HPB,2016-04-01,3,journal-article,"Elsevier BV","Lydia G van der Geest - Netherlands Comprehensive Cancer Organisation; L Bengt van Rijssen - Amsterdam UMC Location University of Amsterdam; Ignace H J T de Hingh - Catharina Ziekenhuis; Ignace H J T de Hingh - Radboud University Nijmegen; Bas Groot Koerkamp - Erasmus MC; Olivier R Busch - Amsterdam UMC Location University of Amsterdam; V.E.P.P Lemmens - Netherlands Comprehensive Cancer Organisation; Marc G Besselink - Amsterdam UMC Location University of Amsterdam",,"0000-0001-5918-1772; 0000-0001-9605-6831; 0000-0002-4109-5734; 0000-0003-1637-5520; 0000-0003-1917-6973; 0000-0003-2650-9350; 0000-0003-3491-4268"
"Population-Based Patterns of Surgical Care for Stage IIIA NSCLC in the Netherlands between 2010 and 2013",10.1016/j.jtho.2016.01.002,"Journal of Thoracic Oncology",2016-04-01,1,journal-article,"Elsevier BV","Chris Dickhoff - Amsterdam University Medical Centers; Max Dahele - Amsterdam University Medical Centers; Adrianus J de Langen - Amsterdam University Medical Centers; Marinus A Paul - Amsterdam University Medical Centers; Egbert F Smit - Amsterdam University Medical Centers; Egbert F Smit - The Netherlands Cancer Institute; Suresh Senan - Amsterdam University Medical Centers; Koen J Hartemink - The Netherlands Cancer Institute; Ronald Damhuis - Netherlands Comprehensive Cancer Organisation",,"0000-0001-5415-5663; 0000-0001-7248-7047; 0000-0002-2594-1486; 0000-0002-6396-8372; 0000-0002-7329-6995; 0000-0003-3995-2204; 0000-0003-4282-1096"
"Risk of regional recurrence in triple-negative breast cancer patients: a Dutch cohort study",10.1007/s10549-016-3757-4,"Breast Cancer Research and Treatment",2016-03-25,1,journal-article,"Springer Nature","Lori M van Roozendaal - Maastricht University; Lori M van Roozendaal - University Medical Center; Leonie Smit - Maastricht University; Leonie Smit - University Medical Center; Gaston H N M Duijsens - Maastricht University; Gaston H N M Duijsens - University Medical Center; Bart de Vries - Maastricht University; Sabine Siesling - Netherlands Comprehensive Cancer Organisation; Marc B I Lobbes - Maastricht University; Maaike de Boer - Maastricht University; Johannes H.W de Wilt - Radboud University Nijmegen; Johannes H.W de Wilt - Radboud University Medical Center; Marjolein L Smidt - Maastricht University",,"0000-0001-6773-9668; 0000-0002-0273-824X; 0000-0002-0835-8651; 0000-0002-2103-6956; 0000-0002-5127-2837; 0000-0002-8328-1869; 0000-0003-4831-1679"
"Waiting Time from Diagnosis to Treatment has no Impact on Survival in Patients with Esophageal Cancer",10.1245/s10434-016-5191-6,"Annals of Surgical Oncology",2016-03-24,1,journal-article,"Springer Nature","Els Visser - University Medical Center Utrecht; A.G Leeftink - University of Twente; Peter S.N van Rossum - University Medical Center Utrecht; Sabine Siesling - Netherlands Comprehensive Cancer Organisation; Richard van Hillegersberg - University Medical Center Utrecht; Jelle P Ruurda - University Medical Center Utrecht",,"0000-0001-6584-1677; 0000-0001-8835-5874; 0000-0002-0273-824X; 0000-0002-7134-261X; 0000-0003-4243-8388"
"Response to “Hair ‘regrowth’ during chemotherapy after scalp cooling technique”",10.1111/ijd.13270,"International Journal of Dermatology",2016-03-18,1,journal-article,Wiley,,,
"Adjuvant chemotherapy is not associated with improved survival for all high‐risk factors in stage II colon cancer",10.1002/ijc.30053,"International Journal of Cancer",2016-03-12,1,journal-article,Wiley,"Sarah R Verhoeff - Jeroen Bosch Ziekenhuis; Felice N van Erning - Netherlands Comprehensive Cancer Organisation; Felice N van Erning - Erasmus MC; V.E.P.P Lemmens - Netherlands Comprehensive Cancer Organisation; V.E.P.P Lemmens - Erasmus MC; Johannes H.W de Wilt - Radboud University Nijmegen; Johannes H.W de Wilt - Radboud University Medical Center; Hans Pruijt - Jeroen Bosch Ziekenhuis",,"0000-0001-6773-9668; 0000-0002-4109-5734; 0000-0002-9802-9455; 0000-0003-0125-1429; 0000-0003-4679-8938"
"Undernutrition screening survey in 564,063 patients: patients with a positive undernutrition screening score stay in hospital 1.4 d longer",10.3945/ajcn.115.126615,"The American Journal of Clinical Nutrition",2016-03-09,11,journal-article,"Oxford University Press (OUP)","Hinke Kruizenga - Amsterdam University Medical Centers; Peter J.M Weijs - Amsterdam University Medical Centers; Luc P Bastiaanse - Ipse de Bruggen; Sandra Beijer - Netherlands Comprehensive Cancer Organisation; Getty Huisman‐de Waal - Radboud University Nijmegen; Harriët Jager‐Wittenaar - Hanze University of Applied Sciences; Cora F Jonkers‐Schuitema - Amsterdam UMC Location University of Amsterdam; Mariël Klos - Gelre Hospitals; Ben J.�M Witteman - Ziekenhuis Gelderse Vallei; Getty Huisman‐de Waal - Radboud University Medical Center; Abel Thijs - Amsterdam University Medical Centers",,
"Preoperative radiochemotherapy versus immediate surgery for resectable and borderline resectable pancreatic cancer (PREOPANC trial): study protocol for a multicentre randomized controlled trial",10.1186/s13063-016-1262-z,Trials,2016-03-09,1,journal-article,"Springer Nature","Eva Versteijne - Amsterdam UMC Location University of Amsterdam; Casper H.J van Eijck - Erasmus MC; Cornelis J.A Punt - Amsterdam UMC Location University of Amsterdam; Mustafa Suker - Erasmus MC; Aeilko H Zwinderman - Amsterdam UMC Location University of Amsterdam; Miriam A C Dohmen - Netherlands Comprehensive Cancer Organisation; Karin Groothuis - Netherlands Comprehensive Cancer Organisation; O Busch - Amsterdam UMC Location University of Amsterdam; Marc G Besselink - Amsterdam UMC Location University of Amsterdam; Ignace H J T de Hingh - Catharina Ziekenhuis; Ignace H J T de Hingh - Radboud University Nijmegen; Albert J ten Tije - Amphia Ziekenhuis; Gijs A Patijn - Isala; Bert A Bonsing - Leiden University Medical Center; Judith de Vos‐Geelen - Maastricht University; Joost M Klaase - Medisch Spectrum Twente; Sebastiaan Festen - OLVG; Djamila Boerma - St. Antonius Ziekenhuis; Joris I Erdmann - University Medical Center Groningen; I Quintus Molenaar - University Medical Center Utrecht; Erwin van der Harst - Maasstad Ziekenhuis; Marion van der Kolk - Radboud University Nijmegen; Marion van der Kolk - University Medical Center; Marion van der Kolk - Radboud University Medical Center; C Rasch - Amsterdam UMC Location University of Amsterdam; Geertjan van Tienhoven - Amsterdam UMC Location University of Amsterdam",,"0000-0001-5892-9515; 0000-0001-6950-3376; 0000-0001-8233-1505; 0000-0001-9212-1317; 0000-0002-1317-5614; 0000-0002-1585-7184; 0000-0002-2516-2263; 0000-0002-4409-2280; 0000-0002-7935-4666; 0000-0002-9511-2157; 0000-0003-0294-0496; 0000-0003-0361-3139; 0000-0003-0846-1445; 0000-0003-2578-1766; 0000-0003-2650-9350; 0000-0003-3491-4268; 0000-0003-3861-5310; 0000-0003-4513-5737"
"Effects of physical exercise during adjuvant breast cancer treatment on physical and psychosocial dimensions of cancer-related fatigue: A meta-analysis",10.1016/j.maturitas.2015.12.007,Maturitas,2016-03-01,3,journal-article,"Elsevier BV","Jonna K van Vulpen - University Medical Center Utrecht; Petra H Peeters - Imperial College London; Petra H Peeters - University Medical Center Utrecht; Miranda J Velthuis - Netherlands Comprehensive Cancer Organisation; Elsken van der Wall - University Medical Center Utrecht; Anne M May - University Medical Center Utrecht",,"0000-0003-0643-3790; 0000-0003-2568-6937"
"Candidate Predictors of Health-Related Quality of Life of Colorectal Cancer Survivors: A Systematic Review",10.1634/theoncologist.2015-0258,"The Oncologist",2016-02-24,2,journal-article,"Oxford University Press (OUP)","Martijn J.L Bours - Maastricht University; B Lindén - Maastricht University; Renate M Winkels - Wageningen University & Research; Fränzel J.B van Duijnhoven - Wageningen University & Research; Floortje Mols - Tilburg University; Floortje Mols - Netherlands Comprehensive Cancer Organisation; Eline H van Roekel - Maastricht University; Ellen Kampman - Radboud University Nijmegen; Ellen Kampman - Radboud University Medical Center; Ellen Kampman - Wageningen University & Research; Sandra Beijer - Netherlands Comprehensive Cancer Organisation; Matty P Weijenberg - Maastricht University",,
"Time trends in axilla management among early breast cancer patients: Persisting major variation in clinical practice across European centers",10.3109/0284186x.2015.1136751,"Acta Oncologica",2016-02-15,1,journal-article,"Informa UK Limited","Ádám Gondos - German Cancer Research Center; Ádám Gondos - Heidelberg University; Lina Jansen - German Cancer Research Center; Lina Jansen - Heidelberg University; Jörg Heil - National Center for Tumor Diseases; Jörg Heil - Heidelberg University; Jörg Heil - University Hospital Heidelberg; Andreas Schneeweiß - National Center for Tumor Diseases; Andreas Schneeweiß - University Hospital Heidelberg; Andreas Schneeweiß - Heidelberg University; Adri C Voogd - Netherlands Comprehensive Cancer Organisation; Jan Frisell - Karolinska Institutet; Jan Frisell - Karolinska University Hospital; Irma Fredriksson - Karolinska University Hospital; Irma Fredriksson - Karolinska Institutet; Ulla Johansson - Karolinska University Hospital; Ulla Johansson - Karolinska Institutet; Tove Filtenborg Tvedskov - Copenhagen University Hospital; Maj‐Britt Jensen - Danish Breast Cancer Cooperative Group; Eva Balslev - Herlev Hospital; Olaf Johan Hartmann-Johnsen - Cancer Registry of Norway; Milena Sant - Fondazione IRCCS Istituto Nazionale dei Tumori; Paolo Baili - Fondazione IRCCS Istituto Nazionale dei Tumori; Roberto Agresti - Fondazione IRCCS Istituto Nazionale dei Tumori; Tony van de Velde - The Netherlands Cancer Institute; Annegien Broeks - Oncode Institute; Annegien Broeks - The Netherlands Cancer Institute; Jean-Marie Nogaret - Institut Jules Bordet; Pierre Bourgeois - Institut Jules Bordet; Michel Moreau - Institut Jules Bordet; Zoltán Mátrai - National Institute of Oncology; Ákos Sávolt - National Institute of Oncology; Péter Nagy - National Institute of Oncology; Miklós Kásler - National Institute of Oncology; Petra Schrotz‐King - Heidelberg University; Petra Schrotz‐King - Huntsman Cancer Institute; Petra Schrotz‐King - National Center for Tumor Diseases; Petra Schrotz‐King - German Cancer Research Center; Cornelia M Ulrich - Deutschen Konsortium für Translationale Krebsforschung; Cornelia M Ulrich - National Center for Tumor Diseases; Cornelia M Ulrich - German Cancer Research Center; Cornelia M Ulrich - Heidelberg University; Cornelia M Ulrich - Huntsman Cancer Institute; Hermann Brenner - Deutschen Konsortium für Translationale Krebsforschung; Hermann Brenner - German Cancer Research Center; Hermann Brenner - Heidelberg University; Hermann Brenner - National Center for Tumor Diseases",,"0000-0001-5348-3040; 0000-0001-7811-9317; 0000-0001-8004-4940; 0000-0001-8160-7100; 0000-0002-2429-4512; 0000-0002-2957-5671; 0000-0002-3718-6342; 0000-0002-3958-1813; 0000-0002-4148-8597; 0000-0002-6129-1572; 0000-0002-7235-8787; 0000-0002-7349-4334; 0000-0002-7568-1790; 0000-0002-8041-2720; 0000-0002-8699-5058; 0000-0003-0335-2418; 0000-0003-3393-235X; 0000-0003-4187-4508; 0000-0003-4339-3492; 0000-0003-4700-1951"
"The CAIRO4 study: The role of surgery of the primary tumour with few or absent symptoms in patients with synchronous unresectable metastases of colorectal cancer—A randomized phase III study of the Dutch Colorectal Cancer Group (DCCG).",10.1200/jco.2016.34.4_suppl.tps782,"Journal of Clinical Oncology",2016-02-01,1,journal-article,"American Society of Clinical Oncology (ASCO)","Johannes H.W de Wilt - Radboud University Nijmegen; Cornelis Verhoef - Erasmus MC Cancer Institute; Cornelis J.A Punt - University of Amsterdam; Cornelis J.A Punt - Amsterdam UMC Location University of Amsterdam; Jorine HW 't Lam-Boer - Radboud University Nijmegen; Jorine HW 't Lam-Boer - Radboud University Medical Center; Mette Yilmaz - Aalborg University Hospital; Linda Mol - Netherlands Comprehensive Cancer Organisation; Miriam Koopman - University Medical Center Utrecht",,"0000-0001-6773-9668; 0000-0001-9980-8613; 0000-0002-4155-1605; 0000-0003-0846-1445; 0000-0003-1550-1978"
"Migrant breast cancer patients and their participation in genetic counseling: results from a registry-based study",10.1007/s10689-016-9871-y,"Familial Cancer",2016-02-01,1,journal-article,"Springer Nature","Jessica Baars - University Medical Center Utrecht; Sandra van Dulmen - Radboud University Medical Center; Sandra van Dulmen - Vestfold University College; Sandra van Dulmen - Netherlands Institute for Health Services Research; Sandra van Dulmen - Radboud University Nijmegen; Mary E Velthuizen - University Medical Center Utrecht; E Theunissen - St. Antonius Ziekenhuis; B C Vrouenraets - Sint Lucas Andreas Hospital; A N Kimmings - Slotervaartziekenhuis; Thijs van Dalen - Diakonessenhuis hospital; B van Ooijen - Meander Medisch Centrum; Arjen J Witkamp - University Medical Center Utrecht; Maaike A van der Aa - Netherlands Comprehensive Cancer Organisation; Margreet G.E.M Ausems - University Medical Center Utrecht",,"0000-0002-0313-8844; 0000-0002-1651-7544; 0000-0002-2934-2704; 0000-0003-0305-3477; 0000-0003-0882-9086; 0000-0003-1450-6742; 0000-0003-4574-9798"
"Cancer patients' referral wish: effects of distress, problems, socio-demographic and illness-related variables and social support sufficiency",10.1002/pon.4067,Psycho-Oncology,2016-01-25,1,journal-article,Wiley,"J M Admiraal - University Medical Center Groningen; J M Admiraal - University of Groningen; Floor M van Nuenen - University Medical Center Groningen; Floor M van Nuenen - University of Groningen; Floor M van Nuenen - Netherlands Comprehensive Cancer Organisation; Johannes G M Burgerhof - University Medical Center Groningen; Johannes G M Burgerhof - University of Groningen; Anna K.L Reyners - University Medical Center Groningen; Anna K.L Reyners - University of Groningen; Josette E H M Hoekstra‐Weebers - University Medical Center Groningen; Josette E H M Hoekstra‐Weebers - University of Groningen; Josette E H M Hoekstra‐Weebers - Netherlands Comprehensive Cancer Organisation",,
"Results of 20- versus 45-min post-infusion scalp cooling time in the prevention of docetaxel-induced alopecia",10.1007/s00520-016-3084-7,"Supportive Care in Cancer",2016-01-25,1,journal-article,"Springer Nature","M.M.C Komen - Medisch Centrum Alkmaar; Carolien H Smorenburg - The Netherlands Cancer Institute; Tjeerd van der Ploeg - Medisch Centrum Alkmaar; S.H Goey - Elisabeth-TweeSteden Ziekenhuis; Jacobus J M van der Hoeven - Leiden University Medical Center; J.W.R Nortier - Leiden University Medical Center; Corina van den Hurk - Netherlands Comprehensive Cancer Organisation",,
"Elderly Patients Strongly Benefit from Centralization of Pancreatic Cancer Surgery: A Population-Based Study",10.1245/s10434-016-5089-3,"Annals of Surgical Oncology",2016-01-21,1,journal-article,"Springer Nature","Lydia G van der Geest - Netherlands Comprehensive Cancer Organisation; Ignace H J T de Hingh - Catharina Ziekenhuis; Ignace H J T de Hingh - Radboud University Nijmegen; Casper H.J van Eijck - Erasmus MC; C Dejong - Maastricht University; V.E.P.P Lemmens - Erasmus MC",,"0000-0002-4109-5734; 0000-0002-9511-2157; 0000-0003-1637-5520; 0000-0003-3491-4268"
"Factors Associated with the Use of Gene Expression Profiles in Estrogen Receptor-Positive Early-Stage Breast Cancer Patients: A Nationwide Study",10.1159/000448278,"Public Health Genomics",2016-01-01,1,journal-article,"S. Karger AG","Anne Kuijer - Diakonessenhuis hospital; K Schreuder - Netherlands Comprehensive Cancer Organisation; Sjoerd G Elias - University Medical Center Utrecht; Emiel J Rutgers - The Netherlands Cancer Institute; Sabine Siesling - Netherlands Comprehensive Cancer Organisation; Thijs van Dalen - Diakonessenhuis hospital",,"0000-0002-0273-824X; 0000-0002-4224-800X; 0000-0002-4244-0106; 0000-0002-6666-1368; 0000-0003-0882-9086"
"Clinical Practice of Adjuvant Chemotherapy in Patients with Early-Stage Epithelial Ovarian Cancer",10.1159/000445024,Chemotherapy,2016-01-01,1,journal-article,"S. Karger AG","Lindy M.J Frielink - Maastricht University; Brenda Pijlman - Jeroen Bosch Ziekenhuis; Nicole P M Ezendam - Eindhoven Cancer Registry; Johanna M.A Pijnenborg - Eindhoven Cancer Registry",,
"Employment and social benefits up to 10 years after breast cancer diagnosis: a population-based study",10.1038/bjc.2015.431,"British Journal of Cancer",2016-01-01,5,journal-article,"Springer Nature","Carmen Paalman - The Netherlands Cancer Institute; Flora E van Leeuwen - The Netherlands Cancer Institute; Neil K Aaronson - The Netherlands Cancer Institute; Angela G E M de Boer - Amsterdam UMC Location University of Amsterdam; Angela G E M de Boer - Netherlands Center for Occupational Diseases; Lonneke V van de Poll‐Franse - Netherlands Comprehensive Cancer Organisation; Hester S A Oldenburg - Oncode Institute; Hester S A Oldenburg - The Netherlands Cancer Institute; Michael Schaapveld - Netherlands Comprehensive Cancer Organisation",,
"National compliance to an evidence-based multidisciplinary guideline on pancreatic and periampullary carcinoma",10.1016/j.pan.2015.10.002,Pancreatology,2016-01-01,2,journal-article,"Elsevier BV","L Bengt van Rijssen - Amsterdam UMC Location University of Amsterdam; L Bengt van Rijssen - Dutch Colorectal Cancer Group; Lydia G van der Geest - Netherlands Comprehensive Cancer Organisation; Lydia G van der Geest - Dutch Colorectal Cancer Group; Thomas L Bollen - St. Antonius Ziekenhuis; Thomas L Bollen - Dutch Colorectal Cancer Group; Marco J Bruno - Erasmus MC; Marco J Bruno - Dutch Colorectal Cancer Group; Ate van der Gaast - Erasmus MC; Laetitia Veerbeek - Netherlands Comprehensive Cancer Organisation; Fibo J.W ten Kate - University Medical Center Utrecht; Olivier R Busch - Amsterdam UMC Location University of Amsterdam; Olivier R Busch - Dutch Colorectal Cancer Group",,"0000-0001-5918-1772; 0000-0001-9181-5499; 0000-0001-9605-6831; 0000-0002-5734-9823; 0000-0003-1637-5520"
"Second Cancer Risk Up to 40 Years after Treatment for Hodgkin’s Lymphoma",10.1056/nejmoa1505949,"New England Journal of Medicine",2015-12-24,14,journal-article,"New England Journal of Medicine (NEJM/MMS)","Michael Schaapveld - The Netherlands Cancer Institute; Michael Schaapveld - Netherlands Comprehensive Cancer Organisation; Anna M van Eggermond - The Netherlands Cancer Institute; Cècile P.M Janus - University Medical Center Utrecht; Augustinus D G Krol - Leiden University Medical Center; Richard W.M van der Maazen - Radboud University Nijmegen; Richard W.M van der Maazen - Radboud University Medical Center; Richard W.M van der Maazen - University Medical Center; John Raemaekers - Radboud University Nijmegen; John Raemaekers - Radboud University Medical Center; John Raemaekers - University Medical Center; Josée M Zijlstra - Amsterdam University Medical Centers; Josée M Zijlstra - University Medical Center; Josée M Zijlstra - University Hospital and Clinics; Philip Poortmans - University Medical Center Groningen; Philip Poortmans - Radboud University Nijmegen; Philip Poortmans - Radboud University Medical Center; Philip Poortmans - University Medical Center; Philip Poortmans - Instituut Verbeeten; Max Beijert - The Netherlands Cancer Institute; Marnix L.M Lybeert - Catharina Ziekenhuis; Marnix L.M Lybeert - Radboud University Nijmegen; Ina Mulder - The Netherlands Cancer Institute; Ina Mulder - Canisius-Wilhelmina Ziekenhuis; Ina Mulder - Netherlands Comprehensive Cancer Organisation; Otto Visser - Netherlands Comprehensive Cancer Organisation; Marieke W.J Louwman - Netherlands Comprehensive Cancer Organisation; Inge M Krul - The Netherlands Cancer Institute; Pieternella J Lugtenburg - The Netherlands Cancer Institute; Flora E van Leeuwen - The Netherlands Cancer Institute",,
"Systemic treatment of patients with metachronous peritoneal carcinomatosis of colorectal origin",10.1038/srep18632,"Scientific Reports",2015-12-21,1,journal-article,"Springer Nature","Thijs R van Oudheusden - Catharina Ziekenhuis; Thijs R van Oudheusden - Radboud University Nijmegen; Lieke G.E.M Razenberg - Netherlands Comprehensive Cancer Organisation; Yvette R van Gestel - Netherlands Comprehensive Cancer Organisation; G.J Creemers - Catharina Ziekenhuis; G.J Creemers - Radboud University Nijmegen; V.E.P.P Lemmens - Netherlands Comprehensive Cancer Organisation; Ignace H J T de Hingh - Catharina Ziekenhuis; Ignace H J T de Hingh - Radboud University Nijmegen",,"0000-0001-8448-6295; 0000-0002-4109-5734; 0000-0003-3491-4268"
"Chemotherapy-induced neuropathy in multiple myeloma: influence on quality of life and development of a questionnaire to compose common toxicity criteria grading for use in daily clinical practice",10.1007/s00520-015-3032-y,"Supportive Care in Cancer",2015-12-03,2,journal-article,"Springer Nature","Antoinetta J M Beijers - Máxima Medisch Centrum; Antoinetta J M Beijers - Radboud University Nijmegen; Gerard Vreugdenhil - Máxima Medisch Centrum; Gerard Vreugdenhil - Radboud University Nijmegen; Simone Oerlemans - Netherlands Comprehensive Cancer Organisation; M Eurelings - Spaarne Ziekenhuis; Monique C Minnema - Cancer Genomics Centre; Monique C Minnema - University Medical Center Utrecht; Corien Eeltink - Amsterdam University Medical Centers; Lonneke V van de Poll‐Franse - Netherlands Comprehensive Cancer Organisation; Floortje Mols - Tilburg University",,
"Increasing time trends of thin melanomas in The Netherlands: What are the explanations of recent accelerations?",10.1016/j.ejca.2015.09.008,"European Journal of Cancer",2015-12-01,1,journal-article,"Elsevier BV","R.J.T van der Leest - Erasmus MC; Judith Zoutendijk - Erasmus MC; Tamar Nijsten - Erasmus MC; Wolter J Mooi - Amsterdam University Medical Centers; Jasper I van der Rhee - Centrum Oosterwal; Jasper I van der Rhee - Leiden University Medical Center; Jasper I van der Rhee - Medisch Centrum Alkmaar; Esther de Vries - Instituto Nacional de Cancerología; Esther de Vries - Erasmus MC; Loes M Hollestein - Erasmus MC; Loes M Hollestein - Netherlands Comprehensive Cancer Organisation",,"0000-0001-8688-6612; 0000-0001-8922-6791; 0000-0001-9940-2875; 0000-0002-5560-2258"
"Chronic myeloid leukemia in the Netherlands: a population-based study on incidence, treatment, and survival in 3585 patients from 1989 to 2012",10.1111/ejh.12695,"European Journal of Haematology",2015-11-30,2,journal-article,Wiley,"Noortje Thielen - Amsterdam University Medical Centers; Otto Visser - Netherlands Comprehensive Cancer Organisation; Gert J Ossenkoppele - Amsterdam University Medical Centers; Jeroen J.W.M Janssen - Amsterdam University Medical Centers",,
"Using a gene expression signature when controversy exists regarding the indication for adjuvant systemic treatment reduces the proportion of patients receiving adjuvant chemotherapy: a nationwide study",10.1038/gim.2015.152,"Genetics in Medicine",2015-11-19,4,journal-article,"Springer Nature","Anne Kuijer - Diakonessenhuis hospital; A.C.M van Bommel - Leiden University; Caroline A Drukker - Albert Schweitzer Ziekenhuis; Margriet van der Heiden‐van der Loo - Netherlands Comprehensive Cancer Organisation; Carolien H Smorenburg - The Netherlands Cancer Institute; Sabine C Linn - The Netherlands Cancer Institute; Emiel J Rutgers - The Netherlands Cancer Institute; S G Elias - University Medical Center Utrecht; T van Dalen - Diakonessenhuis hospital",,
"In real life, one-quarter of patients with hormone receptor-positive metastatic breast cancer receive chemotherapy as initial palliative therapy: a study of the Southeast Netherlands Breast Cancer Consortium",10.1093/annonc/mdv544,"Annals of Oncology",2015-11-16,2,journal-article,"Oxford University Press (OUP)","D.J.A Lobbezoo - Maastricht University; D.J.A Lobbezoo - University Medical Center; D.J.A Lobbezoo - Máxima Medisch Centrum; D.J.A Lobbezoo - Radboud University Nijmegen; Roel J.W van Kampen - University Medical Center; Roel J.W van Kampen - Maastricht University; Adri C Voogd - University Medical Center; Adri C Voogd - Netherlands Comprehensive Cancer Organisation; Adri C Voogd - Maastricht University; M Wouter Dercksen - Máxima Medisch Centrum; M Wouter Dercksen - Radboud University Nijmegen; F van den Berkmortel - Atrium Medisch Centrum Parkstad; TJ Smilde - Jeroen Bosch Ziekenhuis; Agnès J van de Wouw - VieCuri Medisch Centrum; J.M.G.H van Riel - St. Elisabeth Hospital; Natascha A J B Peters - St.Jans Gasthuis Weert; Maaike de Boer - Maastricht University; Maaike de Boer - University Medical Center; P.G.M Peer - Radboud University Nijmegen; P.G.M Peer - Radboud University Medical Center; V.C.G Tjan-Heijnen - Maastricht University; V.C.G Tjan-Heijnen - University Medical Center",,"0000-0002-0835-8651; 0000-0002-2229-3970; 0000-0002-2400-0692; 0000-0002-8041-2720"
"Two decades of axillary management in breast cancer",10.1002/bjs.9955,"British Journal of Surgery",2015-11-12,1,journal-article,"Oxford University Press (OUP)","Martinus A Beek - Amphia Ziekenhuis; Nicole C Verheuvel - Maastricht University; Ernest J T Luiten - Amphia Ziekenhuis; Elisabeth G Klompenhouwer - Catharina Ziekenhuis; Elisabeth G Klompenhouwer - Radboud University Nijmegen; H.J.T Rutten - Maastricht University; H.J.T Rutten - Radboud University Nijmegen; H.J.T Rutten - Catharina Ziekenhuis; Rudi M H Roumen - Máxima Medisch Centrum; Rudi M H Roumen - Radboud University Nijmegen; Paul D Gobardhan - Amphia Ziekenhuis; Adri C Voogd - Maastricht University; Adri C Voogd - Netherlands Comprehensive Cancer Organisation",,"0000-0001-5888-0483; 0000-0002-8041-2720; 0000-0003-0199-576X; 0000-0003-0521-1985; 0000-0003-2532-950X; 0000-0003-3740-225X"
"Does long-term survival exist in pancreatic adenocarcinoma?",10.3109/0284186x.2015.1096020,"Acta Oncologica",2015-11-11,1,journal-article,"Informa UK Limited","Myrte Zijlstra - Catharina Ziekenhuis; Myrte Zijlstra - Radboud University Nijmegen; Nienke Bernards - Catharina Ziekenhuis; Nienke Bernards - Radboud University Nijmegen; Nienke Bernards - Netherlands Comprehensive Cancer Organisation; Ignace H J T de Hingh - Catharina Ziekenhuis; Ignace H J T de Hingh - Radboud University Nijmegen; Agnès J van de Wouw - VieCuri Medisch Centrum; S.H Goey - Elisabeth-TweeSteden Ziekenhuis; Esther Jacobs - Elkerliek Ziekenhuis; V.E.P.P Lemmens - Netherlands Comprehensive Cancer Organisation; V.E.P.P Lemmens - Erasmus MC; Geert‐Jan Creemers - Radboud University Nijmegen; Geert‐Jan Creemers - Catharina Ziekenhuis",,"0000-0002-2229-3970; 0000-0002-4109-5734; 0000-0003-3491-4268"
"Pancreatic cancer surgery in elderly patients: Balancing between short-term harm and long-term benefit. A population-based study in the Netherlands",10.3109/0284186x.2015.1105381,"Acta Oncologica",2015-11-09,2,journal-article,"Informa UK Limited","Lydia G van der Geest - Netherlands Comprehensive Cancer Organisation; Marc G Besselink - Amsterdam UMC Location University of Amsterdam; Yvette R.B.M van Gestel - Netherlands Comprehensive Cancer Organisation; Olivier R Busch - Amsterdam UMC Location University of Amsterdam; Ignace H J T de Hingh - Catharina Ziekenhuis; Ignace H J T de Hingh - Radboud University Nijmegen; Koert P de Jong - University Medical Center Groningen; I Quintus Molenaar - University Medical Center Utrecht; V.E.P.P Lemmens - Erasmus MC; V.E.P.P Lemmens - Netherlands Comprehensive Cancer Organisation",,
"Associated Links Among Smoking, Chronic Obstructive Pulmonary Disease, and Small Cell Lung Cancer: A Pooled Analysis in the International Lung Cancer Consortium",10.1016/j.ebiom.2015.09.031,EBioMedicine,2015-11-01,1,journal-article,"Elsevier BV","Ruyi Huang - Harvard University; Ruyi Huang - E-Da Hospital; Ruyi Huang - I-Shou University; Yongyue Wei - Harvard University; Yongyue Wei - Nanjing Medical University; Rayjean J Hung - Mount Sinai Hospital; Rayjean J Hung - Lunenfeld-Tanenbaum Research Institute; Geoffrey Liu - University Health Network; Geoffrey Liu - University of Toronto; Geoffrey Liu - Princess Margaret Cancer Centre; Li Su - Harvard University; Ruyang Zhang - Harvard University; Ruyang Zhang - Nanjing Medical University; Xuchen Zong - Mount Sinai Hospital; Xuchen Zong - Lunenfeld-Tanenbaum Research Institute; Zuo‐Feng Zhang - University of California, Los Angeles; Zuo‐Feng Zhang - Nanjing Medical University; Hal Morgenstern - University of Michigan; Irene Brüske - Helmholtz Zentrum München; Joachim Heinrich - Helmholtz Zentrum München; Yun‐Chul Hong - Seoul National University; Jin Hee Kim - Seoul National University; Michele L Coté - Wayne State University; Michele L Coté - The Barbara Ann Karmanos Cancer Institute; Angela S Wenzlaff - Wayne State University; Angela S Wenzlaff - Fondazione IRCCS Ca' Granda Ospedale Maggiore Policlinico; Angela S Wenzlaff - The Barbara Ann Karmanos Cancer Institute; Ann G Schwartz - Radboud University Nijmegen; Ann G Schwartz - Wayne State University; Ann G Schwartz - Radboud University Medical Center; Ann G Schwartz - The Barbara Ann Karmanos Cancer Institute; Isabelle Stücker - Inserm; Isabelle Stücker - Centre de recherche en Epidémiologie et Santé des Populations; Esther M John - Public Health Ontario; Esther M John - National Cancer Institute; Esther M John - Division of Cancer Epidemiology and Genetics; Michael W Marcus - University of Liverpool; Michael W Marcus - National Cancer Institute; Michael W Marcus - Division of Cancer Epidemiology and Genetics; Michael P.A Davies - University of Liverpool; Michael P.A Davies - Fondazione IRCCS Ca' Granda Ospedale Maggiore Policlinico; Triantafillos Liloglou - University of Liverpool; John K Field - University of Liverpool; Keitaro Matsuo - Aichi Cancer Center; Matt J Barnett - Fred Hutch Cancer Center; Mark Thornquist - Fred Hutch Cancer Center; Gary Goodman - Fred Hutch Cancer Center; Yi Wang - Wenzhou Medical University; Yi Wang - Mayo Clinic; Size Chen - First Affiliated Hospital of Guangdong Pharmaceutical University; Size Chen - Mayo Clinic; Ping Yang - Mayo Clinic; Eric J Duell - Institut d'Investigació Biomédica de Bellvitge; Eric J Duell - Institut Català d'Oncologia; Angeline S Andrew - Dartmouth College; Philip Lazarus - Penn State Milton S. Hershey Medical Center; Joshua Muscat - Penn State Milton S. Hershey Medical Center; Penella J Woll - University of Sheffield; Janet Horsman - University of Sheffield; M Dawn Teare - University of Sheffield; Anath Flugelman - Universidade de Santiago de Compostela; Anath Flugelman - Carmel Medical Center; Gad Rennert - Carmel Medical Center; Yan Zhang - German Cancer Research Center; Yan Zhang - Heidelberg University; Hermann Brenner - German Cancer Research Center; Hermann Brenner - Heidelberg University; Christa Stegmaier - Krebsregister Saarland; Erik H.F.M van der Heijden - Radboud University Nijmegen; Erik H.F.M van der Heijden - Radboud University Medical Center; Katja K.H Aben - Radboud University Nijmegen; Katja K.H Aben - Radboud University Medical Center; Katja K.H Aben - Netherlands Comprehensive Cancer Organisation; Lambertus A Kiemeney - Radboud University Nijmegen; Lambertus A Kiemeney - Radboud University Medical Center; Juan Miguel Barros-Dios - Universidade de Santiago de Compostela; Mónica Pérez‐Ríos - Universidade de Santiago de Compostela; Alberto Ruano‐Raviña - Universidade de Santiago de Compostela; Neil E Caporaso - National Cancer Institute; Neil E Caporaso - Division of Cancer Epidemiology and Genetics; Pier Alberto Bertazzi - University of Milan; Pier Alberto Bertazzi - Fondazione IRCCS Ca' Granda Ospedale Maggiore Policlinico; Maria Teresa Landi - University of Milan; Maria Teresa Landi - Fondazione IRCCS Ca' Granda Ospedale Maggiore Policlinico; Juncheng Dai - Nanjing Medical University; Hongbing Shen - Nanjing Medical University; Guillermo Fernández‐Tardón - Universidad de Oviedo; Guillermo Fernández‐Tardón - Centro de Investigación Biomédica en Red de Epidemiología y Salud Pública; Marta María Rodríguez-Suárez - Estación Biológica de Doñana; Adonina Tardón - Universidad de Oviedo; Adonina Tardón - Centro de Investigación Biomédica en Red de Epidemiología y Salud Pública; David C Christiani - Harvard University; David C Christiani - Massachusetts General Hospital; David C Christiani - Nanjing Medical University",,"0000-0001-5150-1209; 0000-0001-5256-0163; 0000-0001-6867-7171; 0000-0001-7562-4609; 0000-0001-8392-0707; 0000-0001-8669-8240; 0000-0001-9010-7271; 0000-0001-9927-7453; 0000-0002-0214-2147; 0000-0002-0301-0242; 0000-0002-0558-7491; 0000-0002-1028-1091; 0000-0002-1118-0831; 0000-0002-1132-1796; 0000-0002-2368-1326; 0000-0002-2581-5906; 0000-0002-2603-7296; 0000-0002-3731-5300; 0000-0002-3909-5671; 0000-0002-4486-7496; 0000-0002-4669-3995; 0000-0002-4835-8541; 0000-0002-6129-1572; 0000-0002-6453-199X; 0000-0002-6454-642X; 0000-0002-7609-4977; 0000-0002-7680-158X; 0000-0002-8512-068X; 0000-0002-8588-847X; 0000-0002-8632-6540; 0000-0002-8686-0874; 0000-0002-9525-1157; 0000-0002-9620-1629; 0000-0003-0312-1601; 0000-0003-0460-1404; 0000-0003-0835-5837; 0000-0003-0867-423X; 0000-0003-1204-7079; 0000-0003-1761-6314; 0000-0003-3133-4284; 0000-0003-3259-8003; 0000-0003-3475-2449; 0000-0003-3596-518X; 0000-0003-3861-4297; 0000-0003-3951-6365; 0000-0003-3994-0051; 0000-0003-4456-6631; 0000-0003-4495-7181"
"Long-Term Impact of Endometrial Cancer Diagnosis and Treatment on Health-Related Quality of Life and Cancer Survivorship: Results From the Randomized PORTEC-2 Trial",10.1016/j.ijrobp.2015.08.023,"International Journal of Radiation OncologyBiologyPhysics",2015-11-01,4,journal-article,"Elsevier BV","Stephanie M de Boer - Leiden University Medical Center; Remi A Nout - Leiden University Medical Center; Ina M Jürgenliemk‐Schulz - University Medical Center Utrecht; Jan J Jobsen - Medisch Spectrum Twente; Ludy Lutgens - Maastro Clinic; Elzbieta M van der Steen‐Banasik - Radiotherapiegroep; Jan Willem Mens - Erasmus MC Cancer Institute; Annerie Slot - Radiotherapeutisch Instituut Friesland; Simone Oerlemans - Tilburg University; Simone Oerlemans - Netherlands Comprehensive Cancer Organisation; Hein Putter - Leiden University Medical Center; Karen W Verhoeven-Adema - Netherlands Comprehensive Cancer Organisation; Hans W Nijman - University Medical Center Groningen; Carien L Creutzberg - Leiden University Medical Center",,
"Timing of adjuvant chemotherapy and its relation to survival among patients with stage III colon cancer",10.1016/j.ejca.2015.08.016,"European Journal of Cancer",2015-11-01,5,journal-article,"Elsevier BV","Amanda C R K Bos - Netherlands Comprehensive Cancer Organisation; Felice N van Erning - Netherlands Comprehensive Cancer Organisation; Felice N van Erning - Erasmus MC; Yvette R.B.M van Gestel - Netherlands Comprehensive Cancer Organisation; G.J Creemers - Catharina Ziekenhuis; G.J Creemers - Radboud University Nijmegen; C.J.A Punt - University of Amsterdam; Martijn G.H van Oijen - University of Amsterdam; Martijn G.H van Oijen - Netherlands Comprehensive Cancer Organisation; V.E.P.P Lemmens - Netherlands Comprehensive Cancer Organisation; V.E.P.P Lemmens - Erasmus MC",,
"Iodine seed-versuswire-guided localization in breast-conserving surgery for non-palpable ductal carcinomain situ",10.1002/bjs.9946,"British Journal of Surgery",2015-10-22,1,journal-article,Wiley,"Jacky D Luiten - Amphia Ziekenhuis; Martinus A Beek - Amphia Ziekenhuis; Adri C Voogd - Maastricht University; Adri C Voogd - Netherlands Comprehensive Cancer Organisation; Paul D Gobardhan - Amphia Ziekenhuis; Ernest J T Luiten - Amphia Ziekenhuis",,"0000-0001-5888-0483; 0000-0001-7374-2257; 0000-0002-8041-2720; 0000-0003-0199-576X; 0000-0003-3740-225X"
"Benefits of preoperative MRI in breast cancer surgery studied in a large population-based cancer registry",10.1002/bjs.9947,"British Journal of Surgery",2015-10-08,3,journal-article,"Oxford University Press (OUP)","Elvira L Vos - Erasmus MC Cancer Institute; Adri C Voogd - Maastricht University; Adri C Voogd - Netherlands Comprehensive Cancer Organisation; Cornelis Verhoef - Erasmus MC Cancer Institute; Sabine Siesling - Netherlands Comprehensive Cancer Organisation; Sabine Siesling - University of Twente; Inge-Marie Obdeijn - Erasmus MC Cancer Institute; Linetta B Koppert - Erasmus MC Cancer Institute",,
"Guidelines International Network: Principles for Disclosure of Interests and Management of Conflicts in Guidelines",10.7326/m14-1885,"Annals of Internal Medicine",2015-10-06,101,journal-article,"American College of Physicians","Holger J Schünemann - Radboud University Medical Center; Holger J Schünemann - Finnish Medical Society Duodecim; Holger J Schünemann - McMaster University; Holger J Schünemann - King Saud University; Holger J Schünemann - Norwegian Institute of Public Health; Holger J Schünemann - Therapeutic Guidelines; Holger J Schünemann - Netherlands Comprehensive Cancer Organisation; Holger J Schünemann - American College of Physicians; Holger J Schünemann - Association of the Scientific Medical Societies; Holger J Schünemann - Colorado Permanente Medical Group; Holger J Schünemann - Radboud University Nijmegen; Lubna A Al-Ansary - Finnish Medical Society Duodecim; Lubna A Al-Ansary - Association of the Scientific Medical Societies; Lubna A Al-Ansary - Radboud University Nijmegen; Lubna A Al-Ansary - McMaster University; Lubna A Al-Ansary - King Saud University; Lubna A Al-Ansary - Norwegian Institute of Public Health; Lubna A Al-Ansary - Therapeutic Guidelines; Lubna A Al-Ansary - Netherlands Comprehensive Cancer Organisation; Lubna A Al-Ansary - American College of Physicians; Lubna A Al-Ansary - Colorado Permanente Medical Group; Lubna A Al-Ansary - Radboud University Medical Center; Frode Forland - American College of Physicians; Frode Forland - Finnish Medical Society Duodecim; Frode Forland - Association of the Scientific Medical Societies; Frode Forland - Colorado Permanente Medical Group; Frode Forland - Radboud University Nijmegen; Frode Forland - Radboud University Medical Center; Frode Forland - McMaster University; Frode Forland - King Saud University; Frode Forland - Norwegian Institute of Public Health; Frode Forland - Therapeutic Guidelines; Frode Forland - Netherlands Comprehensive Cancer Organisation; Sonja Kersten - American College of Physicians; Sonja Kersten - Finnish Medical Society Duodecim; Sonja Kersten - Association of the Scientific Medical Societies; Sonja Kersten - Colorado Permanente Medical Group; Sonja Kersten - Radboud University Nijmegen; Sonja Kersten - Radboud University Medical Center; Sonja Kersten - McMaster University; Sonja Kersten - King Saud University; Sonja Kersten - Norwegian Institute of Public Health; Sonja Kersten - Therapeutic Guidelines; Sonja Kersten - Netherlands Comprehensive Cancer Organisation; Jorma Komulainen - King Saud University; Jorma Komulainen - Finnish Medical Society Duodecim; Jorma Komulainen - Association of the Scientific Medical Societies; Jorma Komulainen - Colorado Permanente Medical Group; Jorma Komulainen - Radboud University Nijmegen; Jorma Komulainen - American College of Physicians; Jorma Komulainen - Radboud University Medical Center; Jorma Komulainen - McMaster University; Jorma Komulainen - Norwegian Institute of Public Health; Jorma Komulainen - Therapeutic Guidelines; Jorma Komulainen - Netherlands Comprehensive Cancer Organisation; I Kopp - Finnish Medical Society Duodecim; I Kopp - Colorado Permanente Medical Group; I Kopp - Radboud University Nijmegen; I Kopp - American College of Physicians; I Kopp - Radboud University Medical Center; I Kopp - McMaster University; I Kopp - King Saud University; I Kopp - Norwegian Institute of Public Health; I Kopp - Therapeutic Guidelines; I Kopp - Netherlands Comprehensive Cancer Organisation; I Kopp - Association of the Scientific Medical Societies; Fergus Macbeth - Finnish Medical Society Duodecim; Fergus Macbeth - American College of Physicians; Fergus Macbeth - Association of the Scientific Medical Societies; Fergus Macbeth - Colorado Permanente Medical Group; Fergus Macbeth - Radboud University Nijmegen; Fergus Macbeth - Radboud University Medical Center; Fergus Macbeth - McMaster University; Fergus Macbeth - Norwegian Institute of Public Health; Fergus Macbeth - Therapeutic Guidelines; Fergus Macbeth - Netherlands Comprehensive Cancer Organisation; Fergus Macbeth - King Saud University; Susan M Phillips - King Saud University; Susan M Phillips - Finnish Medical Society Duodecim; Susan M Phillips - Association of the Scientific Medical Societies; Susan M Phillips - Colorado Permanente Medical Group; Susan M Phillips - Radboud University Nijmegen; Susan M Phillips - American College of Physicians; Susan M Phillips - Radboud University Medical Center; Susan M Phillips - McMaster University; Susan M Phillips - Norwegian Institute of Public Health; Susan M Phillips - Therapeutic Guidelines; Susan M Phillips - Netherlands Comprehensive Cancer Organisation; Craig Robbins - Finnish Medical Society Duodecim; Craig Robbins - Association of the Scientific Medical Societies; Craig Robbins - Colorado Permanente Medical Group; Craig Robbins - Radboud University Nijmegen; Craig Robbins - American College of Physicians; Craig Robbins - Radboud University Medical Center; Craig Robbins - McMaster University; Craig Robbins - King Saud University; Craig Robbins - Norwegian Institute of Public Health; Craig Robbins - Therapeutic Guidelines; Craig Robbins - Netherlands Comprehensive Cancer Organisation; Philip van der Wees - Finnish Medical Society Duodecim; Philip van der Wees - McMaster University; Philip van der Wees - King Saud University; Philip van der Wees - Norwegian Institute of Public Health; Philip van der Wees - Therapeutic Guidelines; Philip van der Wees - Netherlands Comprehensive Cancer Organisation; Philip van der Wees - American College of Physicians; Philip van der Wees - Association of the Scientific Medical Societies; Philip van der Wees - Colorado Permanente Medical Group; Philip van der Wees - Radboud University Nijmegen; Philip van der Wees - Radboud University Medical Center; Amir Qaseem - American College of Physicians; Amir Qaseem - Finnish Medical Society Duodecim; Amir Qaseem - Association of the Scientific Medical Societies; Amir Qaseem - Colorado Permanente Medical Group; Amir Qaseem - Radboud University Nijmegen; Amir Qaseem - McMaster University; Amir Qaseem - King Saud University; Amir Qaseem - Norwegian Institute of Public Health; Amir Qaseem - Therapeutic Guidelines; Amir Qaseem - Netherlands Comprehensive Cancer Organisation; Amir Qaseem - Radboud University Medical Center",,
"Influence of tumour stage at breast cancer detection on survival in modern times: population based study in 173 797 patients",10.1136/bmj.h4901,BMJ,2015-10-06,3,journal-article,BMJ,"Sepideh Saadatmand - Erasmus MC Cancer Institute; Reini Bretveld - Netherlands Comprehensive Cancer Organisation; Sabine Siesling - University of Twente; Sabine Siesling - Netherlands Comprehensive Cancer Organisation; Madeleine M.A Tilanus‐Linthorst - Erasmus MC Cancer Institute",,
"Survival in patients with primary liver cancer, gallbladder and extrahepatic biliary tract cancer and pancreatic cancer in Europe 1999–2007: Results of EUROCARE-5",10.1016/j.ejca.2015.07.034,"European Journal of Cancer",2015-10-01,3,journal-article,"Elsevier BV","Côme Lepage - Inserm; Côme Lepage - Business France; Côme Lepage - Maison des Sciences sociales et des Humanités de Dijon; Esther Molina‐Montes - Complejo Hospitalario Universitario de Granada; Riccardo Capocaccia - Istituto Superiore di Sanità; Daniela Pierannunzio - Istituto Superiore di Sanità; V Lemmens - Netherlands Comprehensive Cancer Organisation; Mario Šekerija - Fondazione IRCCS Istituto Nazionale dei Tumori; Miroslav Zvolský - Fondazione IRCCS Istituto Nazionale dei Tumori; Ladislav Dušek - Fondazione IRCCS Istituto Nazionale dei Tumori; Hans H Storm - Complejo Hospitalario Universitario de Granada; Margit Mägi - Fondazione IRCCS Istituto Nazionale dei Tumori; Tiiu Aareleid - Fondazione IRCCS Istituto Nazionale dei Tumori; Michel Velten - Fondazione IRCCS Istituto Nazionale dei Tumori; Véronique Bouvier - Business France; Véronique Bouvier - Inserm; Véronique Bouvier - Maison des Sciences sociales et des Humanités de Dijon; Anne–Marie Bouvier - Fondazione IRCCS Istituto Nazionale dei Tumori; Marc Maynadié - Fondazione IRCCS Istituto Nazionale dei Tumori; Anne‐Sophie Woronoff - Fondazione IRCCS Istituto Nazionale dei Tumori; Michel Robaszkiewicz - Fondazione IRCCS Istituto Nazionale dei Tumori; Marc Colonna - Fondazione IRCCS Istituto Nazionale dei Tumori; F Molinié - Business France; F Molinié - Maison des Sciences sociales et des Humanités de Dijon; F Molinié - Inserm; S Bara - Fondazione IRCCS Istituto Nazionale dei Tumori; M Meyer - Fondazione IRCCS Istituto Nazionale dei Tumori; Sabine Luttmann - Fondazione IRCCS Istituto Nazionale dei Tumori; Hermann Brenner - Complejo Hospitalario Universitario de Granada; Jutta Engel - Business France; Jutta Engel - Maison des Sciences sociales et des Humanités de Dijon; Jutta Engel - Inserm; Joachim Kieschke - Business France; Joachim Kieschke - Inserm; Joachim Kieschke - Maison des Sciences sociales et des Humanités de Dijon; Jan Heidrich - Business France; Jan Heidrich - Inserm; Jan Heidrich - Maison des Sciences sociales et des Humanités de Dijon; Laufey Tryggvadóttír - Fondazione IRCCS Istituto Nazionale dei Tumori; Harry Comber - Complejo Hospitalario Universitario de Granada; H Amash - Complejo Hospitalario Universitario de Granada; Stefano Ferretti - Fondazione IRCCS Istituto Nazionale dei Tumori; Milena Sant - Fondazione IRCCS Istituto Nazionale dei Tumori; Annalisa Trama - Fondazione IRCCS Istituto Nazionale dei Tumori; Jean Faivre - Business France; Jean Faivre - Maison des Sciences sociales et des Humanités de Dijon; Jean Faivre - Inserm; Z Valerianova - Istituto Superiore di Sanità; F Tisano - Business France; Franco Berrino - Business France; Franco Berrino - Maison des Sciences sociales et des Humanités de Dijon; Franco Berrino - Inserm; S Bonfarnuzzo - Fondazione IRCCS Istituto Nazionale dei Tumori; Laura Botta - Fondazione IRCCS Istituto Nazionale dei Tumori; F Di Salvo - Maison des Sciences sociales et des Humanités de Dijon; F Di Salvo - Inserm; F Di Salvo - Business France; Diego Serraino - Istituto Superiore di Sanità; Luigino Dal Maso - Fondazione IRCCS Istituto Nazionale dei Tumori; M Caldora - Fondazione IRCCS Istituto Nazionale dei Tumori; Silvia Francisci - Fondazione IRCCS Istituto Nazionale dei Tumori; Sandra Mallone - Fondazione IRCCS Istituto Nazionale dei Tumori; Silvia Rossi - Fondazione IRCCS Istituto Nazionale dei Tumori; Mariano Santaquilani - Fondazione IRCCS Istituto Nazionale dei Tumori; Fabio Pannozzo - Business France; Fabio Pannozzo - Maison des Sciences sociales et des Humanités de Dijon; Fabio Pannozzo - Inserm; S Busco - Fondazione IRCCS Istituto Nazionale dei Tumori; L Bonelli - Fondazione IRCCS Istituto Nazionale dei Tumori; Marina Vercelli - Fondazione IRCCS Istituto Nazionale dei Tumori; Valerio Gennaro - Business France; Valerio Gennaro - Maison des Sciences sociales et des Humanités de Dijon; Valerio Gennaro - Inserm; M Autelitano - Fondazione IRCCS Istituto Nazionale dei Tumori; Maurizio Ponz de Leòn - Fondazione IRCCS Istituto Nazionale dei Tumori; Mario Fusco - Fondazione IRCCS Istituto Nazionale dei Tumori; M Usala - Fondazione IRCCS Istituto Nazionale dei Tumori; Francesco Vitale - Business France; Francesco Vitale - Inserm; Francesco Vitale - Maison des Sciences sociales et des Humanités de Dijon; Maria Michiara - Fondazione IRCCS Istituto Nazionale dei Tumori; Fabio Falcini - Business France; Fabio Falcini - Inserm; Fabio Falcini - Maison des Sciences sociales et des Humanités de Dijon; Silvano Piffer - Fondazione IRCCS Istituto Nazionale dei Tumori; F Tisano - Maison des Sciences sociales et des Humanités de Dijon; F Tisano - Inserm; S Maspero - Fondazione IRCCS Istituto Nazionale dei Tumori; Stefano Rosso - Fondazione IRCCS Istituto Nazionale dei Tumori; T Scuderi - Fondazione IRCCS Istituto Nazionale dei Tumori; Fabrizio Stracci - Business France; Fabrizio Stracci - Maison des Sciences sociales et des Humanités de Dijon; Fabrizio Stracci - Inserm; J Wilkinson - Maison des Sciences sociales et des Humanités de Dijon; Fortunato Bianconi - Business France; Fortunato Bianconi - Maison des Sciences sociales et des Humanités de Dijon; Fortunato Bianconi - Inserm; Angelo Paolo Dei Tos - Istituto Superiore di Sanità; Stefano Guzzinati - Fondazione IRCCS Istituto Nazionale dei Tumori; Santa Pildava - Fondazione IRCCS Istituto Nazionale dei Tumori; D Agius - Istituto Superiore di Sanità; Jadwiga Rachtan - Business France; Jadwiga Rachtan - Maison des Sciences sociales et des Humanités de Dijon; Jadwiga Rachtan - Inserm; Stanisław Góźdż - Fondazione IRCCS Istituto Nazionale dei Tumori; Jerzy Błaszczyk - Business France; Jerzy Błaszczyk - Maison des Sciences sociales et des Humanités de Dijon; Jerzy Błaszczyk - Inserm; Marek Bębenek - Fondazione IRCCS Istituto Nazionale dei Tumori; Magdalena Bielska‐Lasota - Fondazione IRCCS Istituto Nazionale dei Tumori; Florian Nicula - Business France; Florian Nicula - Maison des Sciences sociales et des Humanités de Dijon; Florian Nicula - Inserm; Maja Primic‐Žakelj - Fondazione IRCCS Istituto Nazionale dei Tumori; M Errezola - Fondazione IRCCS Istituto Nazionale dei Tumori; J Bidaurrazaga - Inserm; J Bidaurrazaga - Maison des Sciences sociales et des Humanités de Dijon; J Bidaurrazaga - Business France; Jaume Galcerán - Business France; Jaume Galcerán - Inserm; Jaume Galcerán - Maison des Sciences sociales et des Humanités de Dijon; Marià Carulla - Fondazione IRCCS Istituto Nazionale dei Tumori; Mats Lambe - Fondazione IRCCS Istituto Nazionale dei Tumori; S Khan - Fondazione IRCCS Istituto Nazionale dei Tumori; Seyed Mohsen Mousavi - Fondazione IRCCS Istituto Nazionale dei Tumori; M Usel - Fondazione IRCCS Istituto Nazionale dei Tumori; H Frick - Complejo Hospitalario Universitario de Granada; Matthias Lorez - Fondazione IRCCS Istituto Nazionale dei Tumori; Lydia G van der Geest - Fondazione IRCCS Istituto Nazionale dei Tumori; Michel P Coleman - Fondazione IRCCS Istituto Nazionale dei Tumori; Julia Verne - Business France; Julia Verne - Maison des Sciences sociales et des Humanités de Dijon; Julia Verne - Inserm; Teresa Morán - Fondazione IRCCS Istituto Nazionale dei Tumori; Jem Rashbass - Business France; Daniela Coza - Istituto Superiore di Sanità; Jem Rashbass - Maison des Sciences sociales et des Humanités de Dijon; Jem Rashbass - Inserm; M Roche - Fondazione IRCCS Istituto Nazionale dei Tumori; J Wilkinson - Business France; J Wilkinson - Inserm",,
"Incidence and treatment of recurrent disease after cytoreductive surgery and intraperitoneal chemotherapy for peritoneally metastasized colorectal cancer: A systematic review",10.1016/j.ejso.2015.05.018,"European Journal of Surgical Oncology (EJSO)",2015-10-01,6,journal-article,"Elsevier BV","Thijs R van Oudheusden - Catharina Ziekenhuis; Thijs R van Oudheusden - Radboud University Nijmegen; Simon W Nienhuijs - Catharina Ziekenhuis; Simon W Nienhuijs - Radboud University Nijmegen; Misha Luyer - Catharina Ziekenhuis; Misha Luyer - Radboud University Nijmegen; Grard A P Nieuwenhuijzen - Catharina Ziekenhuis; Grard A P Nieuwenhuijzen - Radboud University Nijmegen; V.E.P.P Lemmens - Eindhoven Cancer Registry; H.J.T Rutten - Catharina Ziekenhuis; H.J.T Rutten - Radboud University Nijmegen; Ignace H J T de Hingh - Catharina Ziekenhuis; Ignace H J T de Hingh - Radboud University Nijmegen",,
"Survival variations by country and age for lymphoid and myeloid malignancies in Europe 2000–2007: Results of EUROCARE-5 population-based study",10.1016/j.ejca.2015.08.003,"European Journal of Cancer",2015-10-01,1,journal-article,"Elsevier BV","Roberta De Angelis - Istituto Superiore di Sanità; Pamela Minicozzi - Fondazione IRCCS Istituto Nazionale dei Tumori; Milena Sant - Fondazione IRCCS Istituto Nazionale dei Tumori; Luigino Dal Maso - Centro di Riferimento Oncologico; Luigino Dal Maso - Istituti di Ricovero e Cura a Carattere Scientifico; David Brewster - National Health Service Scotland; Gemma Osca‐Gelis - Universitat de Girona; Gemma Osca‐Gelis - Institut Català d'Oncologia; Gemma Osca‐Gelis - Generalitat de Catalunya; Otto Visser - Netherlands Comprehensive Cancer Organisation; Marc Maynadié - Université de Bourgogne; Marc Maynadié - CHU Dijon Bourgogne; Rafael Marcos‐Gragera - Institut Català d'Oncologia; Rafael Marcos‐Gragera - Generalitat de Catalunya; Xavier Troussard - Centre Hospitalier Universitaire de Caen Normandie; Xavier Troussard - Conseil Régional de Basse-Normandie; Dominic Agius - Heritage Malta; P Roazzi - Istituto Superiore di Sanità; E Meneghini - Fondazione IRCCS Istituto Nazionale dei Tumori; Alain Monnereau - Institut Bergonié; Alain Monnereau - Inserm; Monika Hackl - Institut Bergonié; Monika Hackl - Inserm; Z Valerianova - Istituto Superiore di Sanità; Mario Šekerija - Institut Bergonié; Mario Šekerija - Inserm; Miroslav Zvolský - Institut Bergonié; Miroslav Zvolský - Inserm; Ladislav Dušek - Institut Bergonié; Ladislav Dušek - Inserm; Hans H Storm - Fondazione IRCCS Istituto Nazionale dei Tumori; Margit Mägi - Institut Bergonié; Margit Mägi - Inserm; Tiiu Aareleid - Fondazione IRCCS Istituto Nazionale dei Tumori; Michel Velten - Institut Bergonié; Michel Velten - Inserm; X Troussard - Conseil Régional de Basse-Normandie; X Troussard - Centre Hospitalier Universitaire de Caen Normandie; Véronique Bouvier - Conseil Régional de Basse-Normandie; Véronique Bouvier - Centre Hospitalier Universitaire de Caen Normandie; Anne‐Valérie Guizard - Conseil Régional de Basse-Normandie; Anne‐Valérie Guizard - Centre Hospitalier Universitaire de Caen Normandie; Anne–Marie Bouvier - Fondazione IRCCS Istituto Nazionale dei Tumori; Anne‐Sophie Woronoff - Centro di Riferimento Oncologico; Anne‐Sophie Woronoff - Istituti di Ricovero e Cura a Carattere Scientifico; Michel Robaszkiewicz - Institut Bergonié; Michel Robaszkiewicz - Inserm; Brigitte Trétarre - Fondazione IRCCS Istituto Nazionale dei Tumori; M Colonna - Institut Bergonié; M Colonna - Inserm; F Molinié - Institut Català d'Oncologia; F Molinié - Generalitat de Catalunya; S Bara - Fondazione IRCCS Istituto Nazionale dei Tumori; B Lapôtre‐Ledoux - Fondazione IRCCS Istituto Nazionale dei Tumori; M Meyer - Institut Bergonié; M Meyer - Inserm; Sabine Luttmann - Fondazione IRCCS Istituto Nazionale dei Tumori; Hermann Brenner - Fondazione IRCCS Istituto Nazionale dei Tumori; Bernd Holleczek - Fondazione IRCCS Istituto Nazionale dei Tumori; Laufey Tryggvadóttír - Institut Bergonié; Laufey Tryggvadóttír - Inserm; Harry Comber - Fondazione IRCCS Istituto Nazionale dei Tumori; Stefano Ferretti - Fondazione IRCCS Istituto Nazionale dei Tumori; H Amash - Fondazione IRCCS Istituto Nazionale dei Tumori; Franco Berrino - Institut Català d'Oncologia; Franco Berrino - Generalitat de Catalunya; S Bonfarnuzzo - Fondazione IRCCS Istituto Nazionale dei Tumori; Laura Botta - Institut Bergonié; Laura Botta - Inserm; Francesca Di Salvo - Institut Català d'Oncologia; Francesca Di Salvo - Generalitat de Catalunya; Diego Serraino - Heritage Malta; R De Angelis - Istituto Superiore di Sanità; M Caldora - Institut Bergonié; M Caldora - Inserm; Silvia Francisci - Fondazione IRCCS Istituto Nazionale dei Tumori; Sandra Mallone - Fondazione IRCCS Istituto Nazionale dei Tumori; Daniela Pierannunzio - Heritage Malta; Silvia Rossi - Fondazione IRCCS Istituto Nazionale dei Tumori; Mariano Santaquilani - Institut Bergonié; Mariano Santaquilani - Inserm; Fabio Pannozzo - Institut Català d'Oncologia; Fabio Pannozzo - Generalitat de Catalunya; S Busco - Fondazione IRCCS Istituto Nazionale dei Tumori; L Bonelli - Institut Bergonié; L Bonelli - Inserm; Marina Vercelli - Institut Bergonié; Marina Vercelli - Inserm; Valerio Gennaro - Conseil Régional de Basse-Normandie; Valerio Gennaro - Centre Hospitalier Universitaire de Caen Normandie; M Autelitano - Institut Bergonié; M Autelitano - Inserm; Maurizio Ponz de Leòn - Institut Bergonié; Maurizio Ponz de Leòn - Inserm; Mario Fusco - Institut Bergonié; Mario Fusco - Inserm; M Usala - Institut Bergonié; M Usala - Inserm; Francesco Vitale - Institut Català d'Oncologia; Francesco Vitale - Generalitat de Catalunya; Barbara Ravazzolo - Fondazione IRCCS Istituto Nazionale dei Tumori; Maria Michiara - Institut Bergonié; Maria Michiara - Inserm; Fabio Falcini - Institut Català d'Oncologia; Fabio Falcini - Generalitat de Catalunya; Silvano Piffer - Fondazione IRCCS Istituto Nazionale dei Tumori; F Tisano - Institut Català d'Oncologia; F Tisano - Generalitat de Catalunya; S Maspero - Fondazione IRCCS Istituto Nazionale dei Tumori; Stefano Rosso - Fondazione IRCCS Istituto Nazionale dei Tumori; T Scuderi - Fondazione IRCCS Istituto Nazionale dei Tumori; Fabrizio Stracci - Institut Català d'Oncologia; Fabrizio Stracci - Generalitat de Catalunya; Fortunato Bianconi - Institut Català d'Oncologia; Fortunato Bianconi - Generalitat de Catalunya; Stefano Guzzinati - Fondazione IRCCS Istituto Nazionale dei Tumori; Santa Pildava - Fondazione IRCCS Istituto Nazionale dei Tumori; D Agius - Heritage Malta; Stanisław Góźdż - Fondazione IRCCS Istituto Nazionale dei Tumori; Marek Bębenek - Institut Bergonié; Marek Bębenek - Inserm; Magdalena Bielska‐Lasota - Institut Bergonié; Magdalena Bielska‐Lasota - Inserm; Florian Nicula - Institut Català d'Oncologia; Florian Nicula - Generalitat de Catalunya; Daniela Coza - Heritage Malta; Maja Primic‐Žakelj - Institut Bergonié; Maja Primic‐Žakelj - Inserm; M Errezola - Institut Bergonié; M Errezola - Inserm; Marià Carulla - Institut Bergonié; Marià Carulla - Inserm; Mats Lambe - Institut Bergonié; Mats Lambe - Inserm; S Khan - Fondazione IRCCS Istituto Nazionale dei Tumori; Seyed Mohsen Mousavi - Institut Bergonié; Seyed Mohsen Mousavi - Inserm; M Usel - Institut Bergonié; M Usel - Inserm; Henry Clay Frick - Fondazione IRCCS Istituto Nazionale dei Tumori; Matthias Lorez - Institut Bergonié; Matthias Lorez - Inserm; V Lemmens - Conseil Régional de Basse-Normandie; V Lemmens - Centre Hospitalier Universitaire de Caen Normandie; Michel P Coleman - Institut Bergonié; Michel P Coleman - Inserm; Bernard Rachet - Fondazione IRCCS Istituto Nazionale dei Tumori; Teresa Morán - Fondazione IRCCS Istituto Nazionale dei Tumori; M Roche - Institut Bergonié; M Roche - Inserm",,"0000-0001-5241-2101; 0000-0001-5837-7773; 0000-0001-6163-200X; 0000-0001-6248-3990; 0000-0001-6686-6905; 0000-0001-6816-2661; 0000-0001-6844-6189; 0000-0001-6902-3807; 0000-0001-7181-9513; 0000-0001-7223-8198; 0000-0001-7508-1501; 0000-0001-7716-5960; 0000-0001-7787-3043; 0000-0001-8064-3556; 0000-0001-8067-9030; 0000-0001-8562-117X; 0000-0001-8759-4371; 0000-0001-8940-3807; 0000-0001-9070-1027; 0000-0001-9090-078X; 0000-0001-9252-7317; 0000-0001-9824-3657; 0000-0001-9956-9990; 0000-0002-0166-7574; 0000-0002-0311-3882; 0000-0002-0645-4017; 0000-0002-0864-6266; 0000-0002-1552-1744; 0000-0002-2016-0779; 0000-0002-2793-5338; 0000-0002-3132-0061; 0000-0002-4148-8597; 0000-0002-4624-3767; 0000-0002-4858-1866; 0000-0002-4891-9628; 0000-0002-4908-5506; 0000-0002-5346-5608; 0000-0002-6129-1572; 0000-0002-6354-8060; 0000-0002-6823-2583; 0000-0002-7273-7947; 0000-0002-7594-6680; 0000-0002-8292-325X; 0000-0002-8316-3117; 0000-0002-8589-4378; 0000-0002-9034-9630; 0000-0002-9123-654X; 0000-0002-9396-7426; 0000-0002-9757-2616; 0000-0002-9815-2904; 0000-0003-0565-8920; 0000-0003-0960-8672; 0000-0003-1475-7883; 0000-0003-1496-1817; 0000-0003-1819-2883; 0000-0003-2805-7845; 0000-0003-2970-5752; 0000-0003-3537-6799; 0000-0003-3593-9774; 0000-0003-3772-0645; 0000-0003-4066-2829; 0000-0003-4465-1043"
"Survival of adults with primary malignant brain tumours in Europe; Results of the EUROCARE-5 study",10.1016/j.ejca.2015.07.032,"European Journal of Cancer",2015-10-01,2,journal-article,"Elsevier BV","Otto Visser - Netherlands Comprehensive Cancer Organisation; Eva Ardanáz - Centro de Investigación Biomédica en Red de Epidemiología y Salud Pública; Laura Botta - Fondazione IRCCS Istituto Nazionale dei Tumori; Milena Sant - Fondazione IRCCS Istituto Nazionale dei Tumori; Andrea Tavilla - Istituto Superiore di Sanità; Pamela Minicozzi - Fondazione IRCCS Istituto Nazionale dei Tumori; Monika Hackl - Fondazione IRCCS Istituto Nazionale dei Tumori; N Zielonke - Fondazione IRCCS Istituto Nazionale dei Tumori; E Van Eycken - Fondazione IRCCS Istituto Nazionale dei Tumori; Z Valerianova - Fondazione IRCCS Istituto Nazionale dei Tumori; Nadya Dimitrova - Fondazione IRCCS Istituto Nazionale dei Tumori; Mario Šekerija - Fondazione IRCCS Istituto Nazionale dei Tumori; Miroslav Zvolský - Fondazione IRCCS Istituto Nazionale dei Tumori; Ladislav Dušek - Fondazione IRCCS Istituto Nazionale dei Tumori; Margit Mägi - Fondazione IRCCS Istituto Nazionale dei Tumori; Tiiu Aareleid - Istituto Superiore di Sanità; Nea Malila - Fondazione IRCCS Istituto Nazionale dei Tumori; Michel Velten - Fondazione IRCCS Istituto Nazionale dei Tumori; Véronique Bouvier - Istituto Superiore di Sanità; A.V Guizard - Istituto Superiore di Sanità; Anne–Marie Bouvier - Fondazione IRCCS Istituto Nazionale dei Tumori; P Arveux - Fondazione IRCCS Istituto Nazionale dei Tumori; M Maynadié - Fondazione IRCCS Istituto Nazionale dei Tumori; Anne‐Sophie Woronoff - Fondazione IRCCS Istituto Nazionale dei Tumori; Michel Robaszkiewicz - Fondazione IRCCS Istituto Nazionale dei Tumori; Isabelle Baldi - Fondazione IRCCS Istituto Nazionale dei Tumori; Brigitte Trétarre - Fondazione IRCCS Istituto Nazionale dei Tumori; Nadine Bossard - Fondazione IRCCS Istituto Nazionale dei Tumori; Marc Colonna - Fondazione IRCCS Istituto Nazionale dei Tumori; S Bara - Fondazione IRCCS Istituto Nazionale dei Tumori; C Schvartz - Fondazione IRCCS Istituto Nazionale dei Tumori; B Lapôtre‐Ledoux - Fondazione IRCCS Istituto Nazionale dei Tumori; Pascale Grosclaude - Fondazione IRCCS Istituto Nazionale dei Tumori; M Meyer - Fondazione IRCCS Istituto Nazionale dei Tumori; Roland Stabenow - Istituto Superiore di Sanità; Sabine Luttmann - Fondazione IRCCS Istituto Nazionale dei Tumori; Bernd Holleczek - Fondazione IRCCS Istituto Nazionale dei Tumori; Laufey Tryggvadóttír - Fondazione IRCCS Istituto Nazionale dei Tumori; Carlotta Buzzoni - Fondazione IRCCS Istituto Nazionale dei Tumori; Pamela Mancuso - Fondazione IRCCS Istituto Nazionale dei Tumori; Stefano Ferretti - Fondazione IRCCS Istituto Nazionale dei Tumori; Emanuele Crocetti - Fondazione IRCCS Istituto Nazionale dei Tumori; C Amati - Fondazione IRCCS Istituto Nazionale dei Tumori; Paolo Baili - Fondazione IRCCS Istituto Nazionale dei Tumori; S Bonfarnuzzo - Fondazione IRCCS Istituto Nazionale dei Tumori; Roberto Foschi - Istituto Superiore di Sanità; C Margutti - Fondazione IRCCS Istituto Nazionale dei Tumori; E Meneghini - Fondazione IRCCS Istituto Nazionale dei Tumori; Diego Serraino - Istituto Superiore di Sanità; Luigino Dal Maso - Fondazione IRCCS Istituto Nazionale dei Tumori; Roberta De Angelis - Istituto Superiore di Sanità; M Caldora - Fondazione IRCCS Istituto Nazionale dei Tumori; Riccardo Capocaccia - Istituto Superiore di Sanità; E Carrani - Fondazione IRCCS Istituto Nazionale dei Tumori; Silvia Francisci - Fondazione IRCCS Istituto Nazionale dei Tumori; Sandra Mallone - Fondazione IRCCS Istituto Nazionale dei Tumori; Daniela Pierannunzio - Istituto Superiore di Sanità; P Roazzi - Fondazione IRCCS Istituto Nazionale dei Tumori; Silvia Rossi - Fondazione IRCCS Istituto Nazionale dei Tumori; Mariano Santaquilani - Fondazione IRCCS Istituto Nazionale dei Tumori; S Busco - Fondazione IRCCS Istituto Nazionale dei Tumori; L Bonelli - Fondazione IRCCS Istituto Nazionale dei Tumori; Marina Vercelli - Fondazione IRCCS Istituto Nazionale dei Tumori; Valerio Gennaro - Istituto Superiore di Sanità; Paolo Ricci - Fondazione IRCCS Istituto Nazionale dei Tumori; M Autelitano - Fondazione IRCCS Istituto Nazionale dei Tumori; Maurizio Ponz de Leòn - Fondazione IRCCS Istituto Nazionale dei Tumori; C Marchesi - Fondazione IRCCS Istituto Nazionale dei Tumori; Claudia Cirilli - Fondazione IRCCS Istituto Nazionale dei Tumori; Mario Fusco - Fondazione IRCCS Istituto Nazionale dei Tumori; M Usala - Fondazione IRCCS Istituto Nazionale dei Tumori; R Staiti - Istituto Superiore di Sanità; Barbara Ravazzolo - Fondazione IRCCS Istituto Nazionale dei Tumori; Maria Michiara - Fondazione IRCCS Istituto Nazionale dei Tumori; ­Rosario ­Tumino - Istituto Superiore di Sanità; Paolo Giorgi Rossi - Fondazione IRCCS Istituto Nazionale dei Tumori; E Di Felice - Fondazione IRCCS Istituto Nazionale dei Tumori; O Sechi - Fondazione IRCCS Istituto Nazionale dei Tumori; R Cesaraccio - Istituto Superiore di Sanità; Silvano Piffer - Fondazione IRCCS Istituto Nazionale dei Tumori; S Maspero - Fondazione IRCCS Istituto Nazionale dei Tumori; Roberto Zanetti - Istituto Superiore di Sanità; Stefano Rosso - Fondazione IRCCS Istituto Nazionale dei Tumori; P Candela - Fondazione IRCCS Istituto Nazionale dei Tumori; T Scuderi - Istituto Superiore di Sanità; Paolo Contiero - Fondazione IRCCS Istituto Nazionale dei Tumori; Stefano Guzzinati - Fondazione IRCCS Istituto Nazionale dei Tumori; Santa Pildava - Fondazione IRCCS Istituto Nazionale dei Tumori; Neville Calleja - Fondazione IRCCS Istituto Nazionale dei Tumori; D Agius - Istituto Superiore di Sanità; Stanisław Góźdż - Fondazione IRCCS Istituto Nazionale dei Tumori; Ryszard Mężyk - Istituto Superiore di Sanità; Marek Bębenek - Fondazione IRCCS Istituto Nazionale dei Tumori; Magdalena Bielska‐Lasota - Fondazione IRCCS Istituto Nazionale dei Tumori; Clara Castro - Fondazione IRCCS Istituto Nazionale dei Tumori; Daniela Coza - Istituto Superiore di Sanità; C Safaei Diba - Fondazione IRCCS Istituto Nazionale dei Tumori; Maja Primic‐Žakelj - Fondazione IRCCS Istituto Nazionale dei Tumori; E Almar - Fondazione IRCCS Istituto Nazionale dei Tumori; C Ramírez - Fondazione IRCCS Istituto Nazionale dei Tumori; M Errezola - Fondazione IRCCS Istituto Nazionale dei Tumori; R Jimenez-Chillaron - Istituto Superiore di Sanità; Rafael Marcos‐Gragera - Istituto Superiore di Sanità; Carmen Navarro - Fondazione IRCCS Istituto Nazionale dei Tumori; C Moreno-Iribas - Fondazione IRCCS Istituto Nazionale dei Tumori; M Carulla - Fondazione IRCCS Istituto Nazionale dei Tumori; Mats Lambe - Fondazione IRCCS Istituto Nazionale dei Tumori; S Khan - Fondazione IRCCS Istituto Nazionale dei Tumori; Seyed Mohsen Mousavi - Fondazione IRCCS Istituto Nazionale dei Tumori; Christine Bouchardy - Fondazione IRCCS Istituto Nazionale dei Tumori; M Usel - Fondazione IRCCS Istituto Nazionale dei Tumori; Matthias Lorez - Fondazione IRCCS Istituto Nazionale dei Tumori; C Herrmann - Fondazione IRCCS Istituto Nazionale dei Tumori; Isabelle Konzelmann - Fondazione IRCCS Istituto Nazionale dei Tumori; Rob H.A Verhoeven - Istituto Superiore di Sanità; Michel P Coleman - Fondazione IRCCS Istituto Nazionale dei Tumori; Claudia Allemani - Fondazione IRCCS Istituto Nazionale dei Tumori; Bernard Rachet - Fondazione IRCCS Istituto Nazionale dei Tumori; N Easey - Fondazione IRCCS Istituto Nazionale dei Tumori; Teresa Morán - Istituto Superiore di Sanità; M Roche - Fondazione IRCCS Istituto Nazionale dei Tumori; David Donnelly - Fondazione IRCCS Istituto Nazionale dei Tumori; Peter D White - Fondazione IRCCS Istituto Nazionale dei Tumori; R Otter - Istituto Superiore di Sanità",,
"The impact of having both cancer and diabetes on patient-reported outcomes: a systematic review and directions for future research",10.1007/s11764-015-0486-3,"Journal of Cancer Survivorship",2015-10-01,1,journal-article,"Springer Nature","Pauline A J Vissers - Tilburg University; Louise Falzon - Columbia University Irving Medical Center; Lonneke V van de Poll‐Franse - Tilburg University; Frans Pouwer - Tilburg University; Melissa S Y Thong - Netherlands Comprehensive Cancer Organisation",,
"Age and case mix-standardised survival for all cancer patients in Europe 1999–2007: Results of EUROCARE-5, a population-based study",10.1016/j.ejca.2015.07.025,"European Journal of Cancer",2015-10-01,6,journal-article,"Elsevier BV","Paolo Baili - Fondazione IRCCS Istituto Nazionale dei Tumori; Rafael Marcos‐Gragera - Institut Català d'Oncologia; Rafael Marcos‐Gragera - Generalitat de Catalunya; Sabine Siesling - Netherlands Comprehensive Cancer Organisation; Sabine Siesling - University of Twente; Sandra Mallone - Istituto Superiore di Sanità; Mariano Santaquilani - Istituto Superiore di Sanità; Andrea Micheli - University of Milan; Andrea Micheli - Fondazione IRCCS Istituto Nazionale dei Tumori; Roberto Lillini - University of Genoa; Roberto Lillini - University of Milano-Bicocca; Silvia Francisci - Istituto Superiore di Sanità; M Hackl - Fondazione IRCCS Istituto Nazionale dei Tumori; M Hackl - University of Milan; N Zielonke - Istituto Superiore di Sanità; Erik V Van der Eycken - University of Genoa; Erik V Van der Eycken - University of Milano-Bicocca; Nadya Dimitrova - Istituto Superiore di Sanità; Mario Šekerija - Fondazione IRCCS Istituto Nazionale dei Tumori; Mario Šekerija - University of Milan; Miroslav Zvolský - Fondazione IRCCS Istituto Nazionale dei Tumori; Miroslav Zvolský - University of Milan; Ladislav Dušek - Istituto Superiore di Sanità; Hans H Storm - Fondazione IRCCS Istituto Nazionale dei Tumori; Hans H Storm - University of Milan; Gerda Engholm - University of Twente; Margit Mägi - Fondazione IRCCS Istituto Nazionale dei Tumori; Margit Mägi - University of Milan; Tiiu Aareleid - University of Genoa; Tiiu Aareleid - University of Milano-Bicocca; Nea Malila - Istituto Superiore di Sanità; M Velten - Fondazione IRCCS Istituto Nazionale dei Tumori; M Velten - University of Milan; Véronique Bouvier - Istituto Superiore di Sanità; Guy Launoy - University of Twente; Anne–Marie Bouvier - Fondazione IRCCS Istituto Nazionale dei Tumori; Anne–Marie Bouvier - University of Milan; P Arveux - Fondazione IRCCS Istituto Nazionale dei Tumori; Marc Maynadié - Fondazione IRCCS Istituto Nazionale dei Tumori; Marc Maynadié - University of Milan; M Robaszkiewicz - Fondazione IRCCS Istituto Nazionale dei Tumori; M Robaszkiewicz - University of Milan; Isabelle Baldi - Istituto Superiore di Sanità; Brigitte Trétarre - University of Genoa; Brigitte Trétarre - University of Milano-Bicocca; Nadine Bossard - Istituto Superiore di Sanità; M Colonna - Fondazione IRCCS Istituto Nazionale dei Tumori; M Colonna - University of Milan; F Molinié - Istituto Superiore di Sanità; S Bara - Istituto Superiore di Sanità; C Schvartz - Istituto Superiore di Sanità; B Lapôtre‐Ledoux - University of Genoa; B Lapôtre‐Ledoux - University of Milano-Bicocca; Pascale Grosclaude - Fondazione IRCCS Istituto Nazionale dei Tumori; Martin Meyer - Fondazione IRCCS Istituto Nazionale dei Tumori; Martin Meyer - University of Milan; Roland Stabenow - Istituto Superiore di Sanità; Sabine Luttmann - Istituto Superiore di Sanità; Hermann Brenner - Fondazione IRCCS Istituto Nazionale dei Tumori; Hermann Brenner - University of Milan; G Schubert-Fritschle - University of Twente; Bernd Holleczek - University of Genoa; Bernd Holleczek - University of Milano-Bicocca; Laufey Tryggvadóttír - Istituto Superiore di Sanità; Harry Comber - Fondazione IRCCS Istituto Nazionale dei Tumori; F Di Salvo - Fondazione IRCCS Istituto Nazionale dei Tumori; Harry Comber - University of Milan; Fabio Falcini - Istituto Superiore di Sanità; Guido Mazzoleni - University of Twente; Carlotta Buzzoni - Istituto Superiore di Sanità; Stefano Ferretti - Istituto Superiore di Sanità; Emanuele Crocetti - University of Genoa; Emanuele Crocetti - University of Milano-Bicocca; Gianfranco Manneschi - University of Twente; Gemma Gatta - University of Twente; Milena Sant - Istituto Superiore di Sanità; H Amash - Fondazione IRCCS Istituto Nazionale dei Tumori; H Amash - University of Milan; C Amati - Istituto Superiore di Sanità; Franco Berrino - Istituto Superiore di Sanità; S Bonfarnuzzo - Istituto Superiore di Sanità; Laura Botta - Istituto Superiore di Sanità; Roberto Foschi - Istituto Superiore di Sanità; C Margutti - Istituto Superiore di Sanità; E Meneghini - University of Genoa; E Meneghini - University of Milano-Bicocca; Pamela Minicozzi - Fondazione IRCCS Istituto Nazionale dei Tumori; Diego Serraino - Fondazione IRCCS Istituto Nazionale dei Tumori; Diego Serraino - University of Milan; Roberta De Angelis - Istituto Superiore di Sanità; M Caldora - Fondazione IRCCS Istituto Nazionale dei Tumori; M Caldora - University of Milan; Riccardo Capocaccia - Istituto Superiore di Sanità; E Carrani - University of Genoa; E Carrani - University of Milano-Bicocca; Daniela Pierannunzio - Fondazione IRCCS Istituto Nazionale dei Tumori; Daniela Pierannunzio - University of Milan; P Roazzi - Fondazione IRCCS Istituto Nazionale dei Tumori; Silvia Rossi - Istituto Superiore di Sanità; Fabio Pannozzo - Istituto Superiore di Sanità; M Natali - Fondazione IRCCS Istituto Nazionale dei Tumori; M Natali - University of Milan; L Bonelli - Istituto Superiore di Sanità; Marina Vercelli - Fondazione IRCCS Istituto Nazionale dei Tumori; Marina Vercelli - University of Milan; Valerio Gennaro - Istituto Superiore di Sanità; P Ricci - Fondazione IRCCS Istituto Nazionale dei Tumori; M Autelitano - Fondazione IRCCS Istituto Nazionale dei Tumori; M Autelitano - University of Milan; G Randi - University of Twente; Maurizio Ponz de Leòn - Fondazione IRCCS Istituto Nazionale dei Tumori; Maurizio Ponz de Leòn - University of Milan; C Marchesi - Istituto Superiore di Sanità; Claudia Cirilli - Istituto Superiore di Sanità; Mario Fusco - Fondazione IRCCS Istituto Nazionale dei Tumori; Mario Fusco - University of Milan; M Usala - Fondazione IRCCS Istituto Nazionale dei Tumori; M Usala - University of Milan; Maurizio Zarcone - Fondazione IRCCS Istituto Nazionale dei Tumori; Maurizio Zarcone - University of Milan; Francesco Vitale - Istituto Superiore di Sanità; Rosanna Cusimano - Istituto Superiore di Sanità; Maria Michiara - Fondazione IRCCS Istituto Nazionale dei Tumori; Maria Michiara - University of Milan; ­Rosario ­Tumino - Istituto Superiore di Sanità; Paolo Giorgi Rossi - Fondazione IRCCS Istituto Nazionale dei Tumori; Massimo Vicentini - Fondazione IRCCS Istituto Nazionale dei Tumori; Massimo Vicentini - University of Milan; O Sechi - University of Genoa; O Sechi - University of Milano-Bicocca; Isabelle Konzelmann - Istituto Superiore di Sanità; R Cesaraccio - Istituto Superiore di Sanità; Silvano Piffer - Istituto Superiore di Sanità; F Tisano - Istituto Superiore di Sanità; S Maspero - Istituto Superiore di Sanità; Roberto Zanetti - Istituto Superiore di Sanità; Stefano Rosso - Istituto Superiore di Sanità; P Candela - Fondazione IRCCS Istituto Nazionale dei Tumori; T Scuderi - University of Genoa; T Scuderi - University of Milano-Bicocca; Fabrizio Stracci - Istituto Superiore di Sanità; Giovanna Tagliabue - University of Twente; Paolo Contiero - Fondazione IRCCS Istituto Nazionale dei Tumori; Sandro Tognazzo - Istituto Superiore di Sanità; Santa Pildava - Istituto Superiore di Sanità; Giedrė Smailytė - University of Twente; Neville Calleja - Istituto Superiore di Sanità; Stanisław Góźdż - Istituto Superiore di Sanità; Ryszard Mężyk - Istituto Superiore di Sanità; Magdalena Bielska‐Lasota - Fondazione IRCCS Istituto Nazionale dei Tumori; Magdalena Bielska‐Lasota - University of Milan; G Forjaz de Lacerda - University of Twente; Luís Antunes - Istituto Superiore di Sanità; Florian Nicula - Istituto Superiore di Sanità; Daniela Coza - Fondazione IRCCS Istituto Nazionale dei Tumori; Daniela Coza - University of Milan; C Safaei Diba - Istituto Superiore di Sanità; Maja Primic‐Žakelj - Fondazione IRCCS Istituto Nazionale dei Tumori; Maja Primic‐Žakelj - University of Milan; E Almar - University of Genoa; E Almar - University of Milano-Bicocca; M Errezola - Fondazione IRCCS Istituto Nazionale dei Tumori; M Errezola - University of Milan; Nerea Larrañaga - Istituto Superiore di Sanità; A.I Marcos-Navarro - Fondazione IRCCS Istituto Nazionale dei Tumori; L Vilardell - Istituto Superiore di Sanità; Esther Molina‐Montes - University of Genoa; Esther Molina‐Montes - University of Milano-Bicocca; Carmen Navarro - Istituto Superiore di Sanità; C Moreno-Iribas - Istituto Superiore di Sanità; Eva Ardanáz - University of Genoa; Eva Ardanáz - University of Milano-Bicocca; M Carulla - Fondazione IRCCS Istituto Nazionale dei Tumori; M Carulla - University of Milan; Mats Lambe - Fondazione IRCCS Istituto Nazionale dei Tumori; Mats Lambe - University of Milan; S Khan - Istituto Superiore di Sanità; Seyed Mohsen Mousavi - Fondazione IRCCS Istituto Nazionale dei Tumori; Seyed Mohsen Mousavi - University of Milan; Christine Bouchardy - Istituto Superiore di Sanità; M Usel - Fondazione IRCCS Istituto Nazionale dei Tumori; M Usel - University of Milan; H Frick - Fondazione IRCCS Istituto Nazionale dei Tumori; H Frick - University of Milan; Matthias Lorez - Fondazione IRCCS Istituto Nazionale dei Tumori; Matthias Lorez - University of Milan; C Herrmann - Istituto Superiore di Sanità; Bernard Rachet - University of Milano-Bicocca; N Easey - Istituto Superiore di Sanità; Gill Lawrence - University of Twente; Teresa Morán - University of Genoa; Teresa Morán - University of Milano-Bicocca; R Micallef - Istituto Superiore di Sanità; Otto Visser - University of Genoa; Otto Visser - University of Milano-Bicocca; V Lemmens - Istituto Superiore di Sanità; Michel P Coleman - Fondazione IRCCS Istituto Nazionale dei Tumori; Michel P Coleman - University of Milan; Claudia Allemani - Istituto Superiore di Sanità; Bernard Rachet - University of Genoa; Deirdre Fitzpatrick - University of Milan; Peter D White - Istituto Superiore di Sanità; M Roche - Fondazione IRCCS Istituto Nazionale dei Tumori; M Roche - University of Milan; Deirdre Fitzpatrick - Fondazione IRCCS Istituto Nazionale dei Tumori; R Otter - Istituto Superiore di Sanità",,
"Survival of women with cancers of breast and genital organs in Europe 1999–2007: Results of the EUROCARE-5 study",10.1016/j.ejca.2015.07.022,"European Journal of Cancer",2015-10-01,10,journal-article,"Elsevier BV","Milena Sant - Fondazione IRCCS Istituto Nazionale dei Tumori; María Dolores Chirlaque López - Centro de Investigación Biomédica en Red de Epidemiología y Salud Pública; Roberto Agresti - Fondazione IRCCS Istituto Nazionale dei Tumori; María‐José Sánchez - Andalusian School of Public Health; María‐José Sánchez - Centro de Investigación Biomédica en Red de Epidemiología y Salud Pública; María‐José Sánchez - Instituto de Investigación Biosanitaria de Granada; Bernd Holleczek - Krebsregister Saarland; Magdalena Bielska‐Lasota - Narodowy Instytut Zdrowia Publicznego PZH – Państwowy Instytut Badawczy; Kaire Innos - National Institute for Health Development; Alexander Katalinic - University of Lübeck; Hilde Langseth - Cancer Registry of Norway; Nerea Larrañaga - Centro de Investigación Biomédica en Red de Epidemiología y Salud Pública; Nerea Larrañaga - Basque Government; Silvia Rossi - Istituto Superiore di Sanità; Sabine Siesling - University of Twente; Sabine Siesling - Netherlands Comprehensive Cancer Organisation; Pamela Minicozzi - Fondazione IRCCS Istituto Nazionale dei Tumori; Monika Hackl - Fondazione IRCCS Istituto Nazionale dei Tumori; N Zielonke - Fondazione IRCCS Istituto Nazionale dei Tumori; Z Valerianova - Fondazione IRCCS Istituto Nazionale dei Tumori; Mario Šekerija - Fondazione IRCCS Istituto Nazionale dei Tumori; Miroslav Zvolský - Fondazione IRCCS Istituto Nazionale dei Tumori; Ladislav Dušek - Fondazione IRCCS Istituto Nazionale dei Tumori; Hans H Storm - Cancer Registry of Norway; Margit Mägi - Fondazione IRCCS Istituto Nazionale dei Tumori; Tiiu Aareleid - Cancer Registry of Norway; Michel Velten - Fondazione IRCCS Istituto Nazionale dei Tumori; X Troussard - University of Lübeck; Véronique Bouvier - Istituto Superiore di Sanità; Jean Faivre - Centro de Investigación Biomédica en Red de Epidemiología y Salud Pública; Jean Faivre - Instituto de Investigación Biosanitaria de Granada; Jean Faivre - Andalusian School of Public Health; Anne–Marie Bouvier - Fondazione IRCCS Istituto Nazionale dei Tumori; Marc Maynadié - Fondazione IRCCS Istituto Nazionale dei Tumori; Anne‐Sophie Woronoff - Narodowy Instytut Zdrowia Publicznego PZH – Państwowy Instytut Badawczy; Michel Robaszkiewicz - Fondazione IRCCS Istituto Nazionale dei Tumori; Brigitte Trétarre - Netherlands Comprehensive Cancer Organisation; Brigitte Trétarre - University of Twente; Marc Colonna - Fondazione IRCCS Istituto Nazionale dei Tumori; S Bara - University of Twente; S Bara - Netherlands Comprehensive Cancer Organisation; B Lapôtre‐Ledoux - University of Twente; B Lapôtre‐Ledoux - Netherlands Comprehensive Cancer Organisation; M Meyer - Fondazione IRCCS Istituto Nazionale dei Tumori; Sabine Luttmann - University of Twente; Sabine Luttmann - Netherlands Comprehensive Cancer Organisation; Hermann Brenner - Cancer Registry of Norway; Jutta Engel - Instituto de Investigación Biosanitaria de Granada; Jutta Engel - Andalusian School of Public Health; Jutta Engel - Centro de Investigación Biomédica en Red de Epidemiología y Salud Pública; Joachim Kieschke - Centro de Investigación Biomédica en Red de Epidemiología y Salud Pública; Joachim Kieschke - Instituto de Investigación Biosanitaria de Granada; Joachim Kieschke - Andalusian School of Public Health; Jan Heidrich - Centro de Investigación Biomédica en Red de Epidemiología y Salud Pública; Jan Heidrich - Instituto de Investigación Biosanitaria de Granada; Jan Heidrich - Andalusian School of Public Health; Laufey Tryggvadóttír - Fondazione IRCCS Istituto Nazionale dei Tumori; Harry Comber - Cancer Registry of Norway; Stefano Ferretti - University of Twente; Stefano Ferretti - Netherlands Comprehensive Cancer Organisation; H Amash - Cancer Registry of Norway; S Bonfarnuzzo - University of Twente; S Bonfarnuzzo - Netherlands Comprehensive Cancer Organisation; Laura Botta - Fondazione IRCCS Istituto Nazionale dei Tumori; Diego Serraino - Cancer Registry of Norway; Luigino Dal Maso - Fondazione IRCCS Istituto Nazionale dei Tumori; M Caldora - Fondazione IRCCS Istituto Nazionale dei Tumori; Silvia Francisci - University of Twente; Silvia Francisci - Netherlands Comprehensive Cancer Organisation; Sandra Mallone - University of Twente; Sandra Mallone - Netherlands Comprehensive Cancer Organisation; Daniela Pierannunzio - Cancer Registry of Norway; Mariano Santaquilani - Fondazione IRCCS Istituto Nazionale dei Tumori; S Busco - University of Twente; S Busco - Netherlands Comprehensive Cancer Organisation; L Bonelli - Fondazione IRCCS Istituto Nazionale dei Tumori; Marina Vercelli - Fondazione IRCCS Istituto Nazionale dei Tumori; Valerio Gennaro - Istituto Superiore di Sanità; M Autelitano - Fondazione IRCCS Istituto Nazionale dei Tumori; Maurizio Ponz de Leòn - Fondazione IRCCS Istituto Nazionale dei Tumori; Mario Fusco - Fondazione IRCCS Istituto Nazionale dei Tumori; M Usala - Fondazione IRCCS Istituto Nazionale dei Tumori; Barbara Ravazzolo - University of Twente; Barbara Ravazzolo - Netherlands Comprehensive Cancer Organisation; Maria Michiara - Fondazione IRCCS Istituto Nazionale dei Tumori; Silvano Piffer - University of Twente; Silvano Piffer - Netherlands Comprehensive Cancer Organisation; S Maspero - University of Twente; S Maspero - Netherlands Comprehensive Cancer Organisation; Stefano Rosso - University of Twente; Stefano Rosso - Netherlands Comprehensive Cancer Organisation; T Scuderi - Cancer Registry of Norway; Stefano Guzzinati - University of Twente; Stefano Guzzinati - Netherlands Comprehensive Cancer Organisation; Santa Pildava - University of Twente; Santa Pildava - Netherlands Comprehensive Cancer Organisation; D Agius - Cancer Registry of Norway; Jadwiga Rachtan - Centro de Investigación Biomédica en Red de Epidemiología y Salud Pública; Jadwiga Rachtan - Instituto de Investigación Biosanitaria de Granada; Jadwiga Rachtan - Andalusian School of Public Health; Stanisław Góźdż - University of Twente; Stanisław Góźdż - Netherlands Comprehensive Cancer Organisation; Jerzy Błaszczyk - Centro de Investigación Biomédica en Red de Epidemiología y Salud Pública; Jerzy Błaszczyk - Instituto de Investigación Biosanitaria de Granada; Jerzy Błaszczyk - Andalusian School of Public Health; Marek Bębenek - Fondazione IRCCS Istituto Nazionale dei Tumori; Daniela Coza - Cancer Registry of Norway; Maja Primic‐Žakelj - Fondazione IRCCS Istituto Nazionale dei Tumori; M Errezola - Fondazione IRCCS Istituto Nazionale dei Tumori; J Bidaurrazaga - Centro de Investigación Biomédica en Red de Epidemiología y Salud Pública; J Bidaurrazaga - Instituto de Investigación Biosanitaria de Granada; J Bidaurrazaga - Andalusian School of Public Health; J.M Díaz García - Fondazione IRCCS Istituto Nazionale dei Tumori; María‐Dolores Chirlaque - Centro de Investigación Biomédica en Red de Epidemiología y Salud Pública; Jaume Galcerán - Centro de Investigación Biomédica en Red de Epidemiología y Salud Pública; Jaume Galcerán - Instituto de Investigación Biosanitaria de Granada; Jaume Galcerán - Andalusian School of Public Health; Marià Carulla - Fondazione IRCCS Istituto Nazionale dei Tumori; Mats Lambe - Fondazione IRCCS Istituto Nazionale dei Tumori; S Khan - Netherlands Comprehensive Cancer Organisation; S Khan - University of Twente; Seyed Mohsen Mousavi - Fondazione IRCCS Istituto Nazionale dei Tumori; M Usel - Fondazione IRCCS Istituto Nazionale dei Tumori; H Frick - Cancer Registry of Norway; Matthias Lorez - Fondazione IRCCS Istituto Nazionale dei Tumori; V Lemmens - Istituto Superiore di Sanità; Michel P Coleman - Fondazione IRCCS Istituto Nazionale dei Tumori; Bernard Rachet - University of Twente; Bernard Rachet - Netherlands Comprehensive Cancer Organisation; Julia Verne - Centro de Investigación Biomédica en Red de Epidemiología y Salud Pública; Julia Verne - Instituto de Investigación Biosanitaria de Granada; Julia Verne - Andalusian School of Public Health; Teresa Morán - Cancer Registry of Norway; Jem Rashbass - Centro de Investigación Biomédica en Red de Epidemiología y Salud Pública; Jem Rashbass - Instituto de Investigación Biosanitaria de Granada; Jem Rashbass - Andalusian School of Public Health; M Roche - Fondazione IRCCS Istituto Nazionale dei Tumori; J Wilkinson - Centro de Investigación Biomédica en Red de Epidemiología y Salud Pública; J Wilkinson - Instituto de Investigación Biosanitaria de Granada; J Wilkinson - Andalusian School of Public Health; David Brewster - Krebsregister Saarland",,
"A Systematic Review of Prospective Studies Reporting Adverse Events of Commonly Used Opioids for Cancer-Related Pain: A Call for the Use of Standardized Outcome Measures",10.1016/j.jpain.2015.05.006,"The Journal of Pain",2015-10-01,5,journal-article,"Elsevier BV","Astrid W Oosten - Erasmus MC Cancer Institute; Wendy H Oldenmenger - Erasmus MC Cancer Institute; Ron H.J Mathijssen - Erasmus MC Cancer Institute; Carin C.D van der Rijt - Netherlands Comprehensive Cancer Organisation; Carin C.D van der Rijt - Erasmus MC Cancer Institute",,
"Effectiveness of azacitidine for the treatment of higher-risk myelodysplastic syndromes in daily practice: results from the Dutch population-based PHAROS MDS registry",10.1038/leu.2015.220,Leukemia,2015-09-15,1,journal-article,"Springer Nature","Avinash G Dinmohamed - Erasmus MC Cancer Institute; Avinash G Dinmohamed - Erasmus MC; Peter C Huijgens - Amsterdam University Medical Centers; Pieter Sonneveld - Erasmus MC; Pieter Sonneveld - Erasmus MC Cancer Institute; Arjan A van de Loosdrecht - Amsterdam University Medical Centers; Peter C Huijgens - Netherlands Comprehensive Cancer Organisation; Yvette van Norden - Erasmus MC Cancer Institute; Otto Visser - Netherlands Comprehensive Cancer Organisation; Yvette van Norden - Erasmus MC; Eduardus F M Posthuma - Reinier de Graaf Hospital; Mojca Jongen‐Lavrencic - Erasmus MC Cancer Institute; Mojca Jongen‐Lavrencic - Erasmus MC",,
"Combination therapy with bortezomib, continuous low-dose cyclophosphamide and dexamethasone followed by one year of maintenance treatment for relapsed multiple myeloma patients",10.1111/bjh.13653,"British Journal of Haematology",2015-09-11,1,journal-article,Wiley,"Esther G.M De Waal - University Medical Center Groningen; Linda de Munck - Netherlands Comprehensive Cancer Organisation; Mels Hoogendoorn - Medisch Centrum Leeuwarden; Gerhard Woolthuis - St. Antonius Ziekenhuis; Annette van der Velden - Martini Ziekenhuis; Edo Vellenga - University Medical Center Groningen; Sjoerd Hovenga - Ziekenhuis Nij Smellinghe",,"0000-0001-8032-2592; 0000-0002-2930-509X; 0000-0002-7741-8697"
"Repeat sentinel node biopsy should be considered in patients with locally recurrent breast cancer",10.1007/s10549-015-3571-4,"Breast Cancer Research and Treatment",2015-09-10,1,journal-article,"Springer Nature","Guusje Vugts - Radboud University Nijmegen; Guusje Vugts - Catharina Ziekenhuis; Adriana J G Maaskant-Braat - Radboud University Nijmegen; Adriana J G Maaskant-Braat - Catharina Ziekenhuis; Adri C Voogd - Maastricht University; Yvonne E A van Riet - Catharina Ziekenhuis; Yvonne E A van Riet - Radboud University Nijmegen; Ernest J T Luiten - Amphia Ziekenhuis; Emiel J Rutgers - The Netherlands Cancer Institute; H.J.T Rutten - Maastricht University Medical Centre; Rudi M H Roumen - Máxima Medisch Centrum; Rudi M H Roumen - Radboud University Nijmegen; Grard A P Nieuwenhuijzen - Radboud University Nijmegen; Grard A P Nieuwenhuijzen - Catharina Ziekenhuis",,"0000-0001-9964-0291; 0000-0002-4244-0106; 0000-0002-4465-5768; 0000-0002-5837-5513; 0000-0002-8041-2720; 0000-0003-0199-576X; 0000-0003-0521-1985; 0000-0003-2532-950X"
"Large variation in the utilization of liver resections in stage IV colorectal cancer patients with metastases confined to the liver",10.1016/j.ejso.2015.05.014,"European Journal of Surgical Oncology (EJSO)",2015-09-01,1,journal-article,"Elsevier BV","Jorine ‘t Lam-Boer - Radboud University Nijmegen; Jorine ‘t Lam-Boer - Radboud University Medical Center; Chehreei Ali - Amphia Ziekenhuis; Rob H.A Verhoeven - Netherlands Comprehensive Cancer Organisation; Rudi M H Roumen - Radboud University Nijmegen; Rudi M H Roumen - Máxima Medisch Centrum; V.E.P.P Lemmens - Netherlands Comprehensive Cancer Organisation; Arjen M Rijken - Amphia Ziekenhuis; Johannes H.W de Wilt - Radboud University Medical Center; Johannes H.W de Wilt - Radboud University Nijmegen",,"0000-0001-6773-9668; 0000-0001-9678-1611; 0000-0002-4109-5734; 0000-0003-0356-180X; 0000-0003-0521-1985; 0000-0003-4763-1291"
"Improved survival in adult patients with acute lymphoblastic leukemia in the Netherlands: a population-based study on treatment, trial participation and survival",10.1038/leu.2015.230,Leukemia,2015-08-19,2,journal-article,"Springer Nature","Avinash G Dinmohamed - Erasmus MC Cancer Institute; Anikó Szabó - Erasmus MC Cancer Institute; Marianne van der Mark - Netherlands Comprehensive Cancer Organisation; Otto Visser - Netherlands Comprehensive Cancer Organisation; Pieter Sonneveld - Erasmus MC Cancer Institute; Jan J Cornelissen - Erasmus MC Cancer Institute; Mojca Jongen‐Lavrencic - Erasmus MC Cancer Institute; Anita W Rijneveld - Erasmus MC Cancer Institute",,"0000-0002-0808-2237; 0000-0002-1864-4598; 0000-0002-4767-6716; 0000-0002-8129-0614; 0000-0003-1496-1817; 0000-0003-4715-6750"
"Variation in guideline adherence in non-Hodgkin’s lymphoma care: impact of patient and hospital characteristics",10.1186/s12885-015-1547-8,"BMC Cancer",2015-08-08,2,journal-article,"Springer Nature","Jozette J C Stienen - Radboud University Nijmegen; Jozette J C Stienen - Radboud University Medical Center; Rosella Hermens - Radboud University Medical Center; Lianne Wennekes - Radboud University Nijmegen; Lianne Wennekes - Radboud University Medical Center; S.A.M van de Schans - Netherlands Comprehensive Cancer Organisation; Richard W.M van der Maazen - Radboud University Nijmegen; Richard W.M van der Maazen - Radboud University Medical Center; Rosella Hermens - Radboud University Nijmegen; Helena M Dekker - Radboud University Medical Center; Helena M Dekker - Radboud University Nijmegen; Janine Liefers - Radboud University Nijmegen; Janine Liefers - Radboud University Medical Center; J Han van Krieken - Radboud University Medical Center; J Han van Krieken - Radboud University Nijmegen; Nicole M A Blijlevens - Radboud University Medical Center; Nicole M A Blijlevens - Radboud University Nijmegen; Petronella B Ottevanger - Radboud University Medical Center; Petronella B Ottevanger - Radboud University Nijmegen",,"0000-0001-7624-7120; 0000-0001-8209-487X; 0000-0002-1801-2072; 0000-0002-8105-0450; 0000-0003-0360-9172; 0000-0003-2045-2680; 0000-0003-2719-547X"
"Differences in Treatment and Outcome After Treatment with Curative Intent in the Screening and Control Arms of the ERSPC Rotterdam",10.1016/j.eururo.2014.10.008,"European Urology",2015-08-01,1,journal-article,"Elsevier BV","Leonard P Bokhorst - Erasmus MC; Ries Kranse - Netherlands Comprehensive Cancer Organisation; Lionne D F Venderbos - Erasmus MC; Jolanda Salman - Erasmus MC; Geert J.L.H van Leenders - Erasmus MC; Fritz H Schröder - Erasmus MC; Chris H Bangma - Erasmus MC; Monique J Roobol - Erasmus MC",,"0000-0001-6967-1708; 0000-0002-4269-0623; 0000-0003-1154-4794; 0000-0003-2176-9102"
"Treatment patterns and survival analysis in 9014 patients with malignant pleural mesothelioma from Belgium, the Netherlands and England",10.1016/j.lungcan.2015.05.014,"Lung Cancer",2015-08-01,1,journal-article,"Elsevier BV","Ronald Damhuis - Netherlands Comprehensive Cancer Organisation; Aamir Khakwani - University of Nottingham; Anna Rich - Nottingham City Hospital; J.A Burgers - The Netherlands Cancer Institute; Jan P van Meerbeeck - Antwerp University Hospital; Jan P van Meerbeeck - Ghent University",,"0000-0001-7248-7047; 0000-0001-7872-8622; 0000-0001-9257-1836; 0000-0002-7367-137X"
"Shared genetics underlying epidemiological association between endometriosis and ovarian cancer",10.1093/hmg/ddv306,"Human Molecular Genetics",2015-07-30,1,journal-article,"Oxford University Press (OUP)","Jodie N Painter - Molecular Oncology (United States); Dale R Nyholt - Queensland University of Technology; Australian Ovarian Cancer Study - Centre for Human Genetics; Australian Ovarian Cancer Study - University of Liverpool; Andrew P Morris - Centre for Human Genetics; Andrew P Morris - University of California, Los Angeles; Andrew P Morris - Universitätsklinikum Erlangen; Andrew P Morris - Comprehensive Cancer Center Erlangen; Peter A Fasching - Universitätsklinikum Erlangen; Peter A Fasching - Comprehensive Cancer Center Erlangen; Alexander Hein - Universitätsklinikum Erlangen; Alexander Hein - Comprehensive Cancer Center Erlangen; Stefanie Burghaus - Universitätsklinikum Erlangen; Stefanie Burghaus - Comprehensive Cancer Center Erlangen; Matthias W Beckmann - VIB-KU Leuven Center for Microbiology; Matthias W Beckmann - Comprehensive Cancer Center Erlangen; Matthias W Beckmann - KU Leuven; Diether Lambrechts - VIB-KU Leuven Center for Cancer Biology; Diether Lambrechts - KU Leuven; Els Van Nieuwenhuysen - KU Leuven; Ignace Vergote - KU Leuven; Adriaan Vanderstichele - Dartmouth College; Adriaan Vanderstichele - KU Leuven; Jennifer A Doherty - Dartmouth College; Jennifer A Doherty - University of Washington; Jennifer A Doherty - Fred Hutch Cancer Center; Mary Anne Rossing - Fred Hutch Cancer Center; Kristine G Wicklund - German Cancer Research Center; Kristine G Wicklund - Heidelberg University; Kristine G Wicklund - Fred Hutch Cancer Center; Jenny Chang‐Claude - German Cancer Research Center; Jenny Chang‐Claude - Heidelberg University; Ursula Eilber - German Cancer Research Center; Ursula Eilber - Heidelberg University; Anja Rudolph - German Cancer Research Center; Anja Rudolph - Universität Ulm; Anja Rudolph - Heidelberg University; Shan Wang‐Gohrke - Cedars-Sinai Medical Center; Shan Wang‐Gohrke - Universität Ulm; Shan Wang‐Gohrke - Samueli Institute; Marc T Goodman - Cedars-Sinai Medical Center; Marc T Goodman - Radiation Oncology Associates; Natalia Bogdanova - Radiation Oncology Associates; Thilo Dörk - Jena University Hospital; Thilo Dörk - Friedrich Schiller University Jena; Matthias Dürst - Medizinische Hochschule Hannover; Matthias Dürst - Jena University Hospital; Matthias Dürst - Friedrich Schiller University Jena; Peter Hillemanns - Medizinische Hochschule Hannover; Peter Hillemanns - Jena University Hospital; Peter Hillemanns - Friedrich Schiller University Jena; Ingo B Runnebaum - N.N. Alexandrov National Cancer Centre; Ingo B Runnebaum - Jena University Hospital; Ingo B Runnebaum - Friedrich Schiller University Jena; Natalia Antonenkova - N.N. Alexandrov National Cancer Centre; Ralf Bützow - University of Helsinki; Ralf Bützow - Helsinki University Hospital; Arto Leminen - University of Helsinki; Arto Leminen - Helsinki University Hospital; Heli Nevanlinna - University of Helsinki; Heli Nevanlinna - Helsinki University Hospital; Liisa M Pelttari - University of Helsinki; Liisa M Pelttari - University of Pittsburgh; Liisa M Pelttari - Helsinki University Hospital; Liisa M Pelttari - Magee-Womens Research Institute; Liisa M Pelttari - UPMC Hillman Cancer Center; Robert P Edwards - University of Pittsburgh; Robert P Edwards - Magee-Womens Research Institute; Joseph L Kelley - University of Pittsburgh; Joseph L Kelley - Magee-Womens Research Institute; Joseph L Kelley - UPMC Hillman Cancer Center; Francesmary Modugno - Roswell Park Comprehensive Cancer Center; Francesmary Modugno - Magee-Womens Research Institute; Francesmary Modugno - UPMC Hillman Cancer Center; Kirsten B Moysich - Roswell Park Comprehensive Cancer Center; Kirsten B Moysich - The University of Texas Health Science Center at Houston; Roberta B Ness - Roswell Park Comprehensive Cancer Center; Roberta B Ness - The University of Texas Health Science Center at Houston; Rikki Cannioto - Roswell Park Comprehensive Cancer Center; Rikki Cannioto - Herlev Hospital; Rikki Cannioto - Danish Cancer Society; Estrid Høgdall - Herlev Hospital; Estrid Høgdall - Danish Cancer Society; Allan Jensen - The University of Melbourne; Allan Jensen - Cancer Council Victoria; Allan Jensen - Danish Cancer Society; Allan Jensen - Monash University; Graham G Giles - The University of Melbourne; Fiona Bruinsma - University of Copenhagen; Fiona Bruinsma - Cancer Council Victoria; Fiona Bruinsma - Rigshospitalet; Fiona Bruinsma - Danish Cancer Society; Susanne K Kjær - University of Copenhagen; Susanne K Kjær - Copenhagen University Hospital; Susanne K Kjær - Danish Cancer Society; Michelle A.T Hildebrandt - Texas Southern University; Dong Liang - The University of Texas MD Anderson Cancer Center; Dong Liang - Texas Southern University; Karen H Lu - The University of Texas MD Anderson Cancer Center; Douglas A Levine - Brigham and Women's Hospital; Daniel W Cramer - Brigham and Women's Hospital; Daniel W Cramer - Harvard University; Kathryn L Terry - Brigham and Women's Hospital; Kathryn L Terry - Harvard University; Shelley S Tworoger - Brigham and Women's Hospital; Shelley S Tworoger - Harvard University; Stacey A Missmer - Brigham and Women's Hospital; Stacey A Missmer - Haukeland University Hospital; Stacey A Missmer - University of Bergen; Line Bjørge - Haukeland University Hospital; Line Bjørge - University of Bergen; Helga B Salvesen - Haukeland University Hospital; Helga B Salvesen - University of Bergen; Reidun Kristin Kopperud - Haukeland University Hospital; Reidun Kristin Kopperud - University of Bergen; Katharina Bischof - Radboud University Nijmegen; Katharina Bischof - Haukeland University Hospital; Katharina Bischof - Radboud University Medical Center; Katharina Bischof - Netherlands Comprehensive Cancer Organisation; Katja K.H Aben - Radboud University Nijmegen; Katja K.H Aben - Radboud University Medical Center; Katja K.H Aben - Radboud Institute for Molecular Life Sciences; Katja K.H Aben - Netherlands Comprehensive Cancer Organisation; Lambertus A Kiemeney - Radboud University Nijmegen; Lambertus A Kiemeney - Radboud University Medical Center; Lambertus A Kiemeney - Radboud Institute for Molecular Life Sciences; Leon F.A.G Massuger - Radboud University Nijmegen; Leon F.A.G Massuger - Simon Fraser University; Leon F.A.G Massuger - Radboud University Medical Center; Leon F.A.G Massuger - Radboud Institute for Molecular Life Sciences; Leon F.A.G Massuger - Canada's Michael Smith Genome Sciences Centre; Angela Brooks‐Wilson - Memorial Sloan Kettering Cancer Center; Angela Brooks‐Wilson - Canada's Michael Smith Genome Sciences Centre; Sara H Olson - Memorial Sloan Kettering Cancer Center; Sara H Olson - Stanford University; Valerie McGuire - Stanford University; Joseph H Rothstein - Stanford University; Weiva Sieh - Stanford University; Alice S Whittemore - University of New Mexico; Alice S Whittemore - Stanford University; Linda S Cook - BC Cancer Agency; Linda S Cook - University of New Mexico; Nhu D Le - BC Cancer Agency; Nhu D Le - University of British Columbia; C Blake Gilks - University of British Columbia; C Blake Gilks - International Hereditary Cancer Center; C Blake Gilks - Pomeranian Medical University; Jacek Gronwald - International Hereditary Cancer Center; Jacek Gronwald - Pomeranian Medical University; Anna Jakubowska - International Hereditary Cancer Center; Anna Jakubowska - Pomeranian Medical University; Jan Lubiński - International Hereditary Cancer Center; Jan Lubiński - Pomeranian Medical University; Jan Lubiński - University of Rzeszów; Jan Gawełko - University of Rzeszów; Jonathan P Tyrer - National Cancer Institute; Jonathan P Tyrer - Division of Cancer Epidemiology and Genetics; Nicolas Wentzensen - National Cancer Institute; Nicolas Wentzensen - Division of Cancer Epidemiology and Genetics; Louise A Brinton - National Cancer Institute; Louise A Brinton - Division of Cancer Epidemiology and Genetics; Britton Trabert - National Cancer Institute; Britton Trabert - The Maria Sklodowska-Curie National Research Institute of Oncology; Britton Trabert - Division of Cancer Epidemiology and Genetics; Jolanta Lissowska - Public Health Ontario; Jolanta Lissowska - The Maria Sklodowska-Curie National Research Institute of Oncology; Esther M John - University of Toronto; Esther M John - Women's College Hospital; Esther M John - Public Health Ontario; Steven A Narod - University of Toronto; Steven A Narod - Women's College Hospital; Steven A Narod - Moffitt Cancer Center; Catherine Phelan - University of California, Irvine; Catherine Phelan - Moffitt Cancer Center; Catherine Phelan - Cancer Genetics (United States); Hoda Anton‐Culver - University of California, Irvine; Argyrios Ziogas - University of Southampton; Diana Eccles - University of Southern California; Diana Eccles - University of Southampton; Simon A Gayther - University of Southern California; Simon A Gayther - University College London; Aleksandra Gentry‐Maharaj - University College London; Usha Menon - University of Southern California; Usha Menon - University College London; Susan J Ramus - University of Southern California; Anna H Wu - University of Southern California; Anna H Wu - The Maria Sklodowska-Curie National Research Institute of Oncology; Agnieszka Dansonka‐Mieszkowska - The Maria Sklodowska-Curie National Research Institute of Oncology; Jolanta Kupryjańczyk - The Maria Sklodowska-Curie National Research Institute of Oncology; Agnieszka Timorek - The Maria Sklodowska-Curie National Research Institute of Oncology; Lukasz M Szafron - The Maria Sklodowska-Curie National Research Institute of Oncology; Julie M Cunningham - University of Kansas; Brooke L Fridley - University of Kansas; Brooke L Fridley - Department of Medical Sciences; Stacey J Winham - Rutgers, The State University of New Jersey; Stacey J Winham - Department of Medical Sciences; Stacey J Winham - Rutgers Cancer Institute; Elisa V Bandera - Rutgers, The State University of New Jersey; Elisa V Bandera - Harvard University; Elisa V Bandera - Rutgers Cancer Institute; Elizabeth M Poole - Harvard University; Elizabeth M Poole - University of Portland; Terry K Morgan - Oregon Health & Science University; Terry K Morgan - Yale University; Terry K Morgan - Oregon Health and Science University Hospital; Harvey A Risch - Yale University; Harvey A Risch - Mayo Clinic; Ellen L Goode - Mayo Clinic; Ellen L Goode - Duke Cancer Institute; Joellen M Schildkraut - Public Health Department; Joellen M Schildkraut - Community Cancer Center; Penelope M Webb - University of Southern California; Penelope M Webb - University of Michigan; Penelope M Webb - Public Health Department; Celeste Leigh Pearce - University of Southern California; Celeste Leigh Pearce - Duke Medical Center; Andrew Berchuck - University of Cambridge; Andrew Berchuck - Duke Medical Center; Paul D.P Pharoah - Cancer Research UK; Paul D.P Pharoah - Cancer Research UK Cambridge Center; Grant W Montgomery - Centre for Human Genetics; Grant W Montgomery - University of Oxford; Grant W Montgomery - Endometriosis; Krina T Zondervan - Centre for Human Genetics; Krina T Zondervan - QIMR Berghofer Medical Research Institute; Georgia Chenevix‐Trench - QIMR Berghofer Medical Research Institute; Stuart MacGregor - Center for Human Genetics",,
"Personalisation of breast cancer follow-up: a time-dependent prognostic nomogram for the estimation of annual risk of locoregional recurrence in early breast cancer patients",10.1007/s10549-015-3490-4,"Breast Cancer Research and Treatment",2015-07-11,1,journal-article,"Springer Nature","Annemieke Witteveen - University of Twente; Ingrid Vliegen - University of Twente; Gabe S Sonke - The Netherlands Cancer Institute; Joost M Klaase - Medisch Spectrum Twente; Maarten J IJzerman - University of Twente; Sabine Siesling - Netherlands Comprehensive Cancer Organisation",,"0000-0001-5581-6478; 0000-0001-5788-5805; 0000-0001-8088-9628; 0000-0002-0273-824X; 0000-0002-4409-2280"
"The optimal utilization proportion of external beam radiotherapy in European countries: An ESTRO-HERO analysis",10.1016/j.radonc.2015.04.018,"Radiotherapy and Oncology",2015-07-01,10,journal-article,"Elsevier BV","Josep M Borràs - Universitat de Barcelona; Yolande Lievens - Ghent University Hospital; Peter Dunscombe - University of Calgary; Mary Coffey - Trinity College Dublin; Julian Malicki - Greater Poland Cancer Center; Julieta Corral - Universitat Autònoma de Barcelona; Chiara Gasparotto - European Society for Therapeutic Radiology and Oncology; Noémie Defourny - European Society for Therapeutic Radiology and Oncology; Michael Bartoň - Ingham Institute; Rob H.A Verhoeven - Netherlands Comprehensive Cancer Organisation; Maja Primic‐Žakelj - Institute of Oncology Ljubljana; Maciej Trojanowski - Greater Poland Cancer Center; Primož Strojan - Institute of Oncology Ljubljana; Cai Grau - Aarhus University Hospital",,
"Comorbidity in Patients With Small-Cell Lung Cancer: Trends and Prognostic Impact",10.1016/j.cllc.2014.12.003,"Clinical Lung Cancer",2015-07-01,5,journal-article,"Elsevier BV","Mieke J Aarts - Netherlands Comprehensive Cancer Organisation; Joachim G.J.V Aerts - Erasmus MC; Joachim G.J.V Aerts - Amphia Ziekenhuis; B.E van den Borne - Catharina Ziekenhuis; B.E van den Borne - Radboud University Nijmegen; Bonne Biesma - Jeroen Bosch Ziekenhuis; V.E.P.P Lemmens - Netherlands Comprehensive Cancer Organisation; Jeroen S Kloover - Elisabeth-TweeSteden Ziekenhuis",,
"The impact of cancer incidence and stage on optimal utilization of radiotherapy: Methodology of a population based analysis by the ESTRO-HERO project",10.1016/j.radonc.2015.04.021,"Radiotherapy and Oncology",2015-07-01,4,journal-article,"Elsevier BV","Josep M Borràs - Universitat de Barcelona; Michael Bartoň - UNSW Sydney; Cai Grau - Aarhus University Hospital; Julieta Corral - Universitat Autònoma de Barcelona; Rob H.A Verhoeven - Netherlands Comprehensive Cancer Organisation; V.E.P.P Lemmens - Netherlands Comprehensive Cancer Organisation; Maja Primic‐Žakelj - Institute of Oncology Ljubljana; Primož Strojan - Institute of Oncology Ljubljana; Maciej Trojanowski - Greater Poland Cancer Center; Agnieszka Dyzmann-Sroka - Greater Poland Cancer Center; Chiara Gasparotto - European Society for Therapeutic Radiology and Oncology; Noémie Defourny - European Society for Therapeutic Radiology and Oncology; Julian Malicki - Greater Poland Cancer Center; Peter Dunscombe - University of Calgary; Mary Coffey - Trinity College Dublin; Anna Kubiak - Greater Poland Cancer Center; Yolande Lievens - Ghent University Hospital",,
"Effects of an 18-week exercise programme started early during breast cancer treatment: a randomised controlled trial",10.1186/s12916-015-0362-z,"BMC Medicine",2015-06-08,3,journal-article,"Springer Nature","Noémie Travier - University Medical Center Utrecht; Miranda J Velthuis - Netherlands Comprehensive Cancer Organisation; Charlotte N Steins Bisschop - University Medical Center Utrecht; Bram van den Buijs - University Medical Center Utrecht; Bram van den Buijs - Heidelberg University; Bram van den Buijs - University Hospital Heidelberg; Evelyn M Monninkhof - University Medical Center Utrecht; Frank Backx - University Hospital Heidelberg; Frank Backx - University Medical Center Utrecht; Frank Backx - Heidelberg University; Maartje Los - St. Antonius Ziekenhuis; C.C Rodenhuis - University Medical Center Utrecht; C.C Rodenhuis - Heidelberg University; C.C Rodenhuis - University Hospital Heidelberg; Marnix A.J de Roos - Ziekenhuis Rivierenland; Daan ten Bokkel Huinink - Diakonessenhuis hospital; Elsken van der Wall - University Medical Center Utrecht; Elsken van der Wall - Heidelberg University; Elsken van der Wall - University Hospital Heidelberg; Petra H Peeters - University Medical Center Utrecht; Anne M May - University Medical Center Utrecht",,"0000-0001-5228-7769; 0000-0002-2775-8773; 0000-0002-4953-5271; 0000-0002-6641-7605; 0000-0003-0606-741X; 0000-0003-0643-3790; 0000-0003-2568-6937"
"Peritoneal metastases from small bowel cancer: Results of cytoreductive surgery and hyperthermic intraperitoneal chemotherapy in The Netherlands",10.1016/j.surg.2015.01.021,Surgery,2015-06-01,1,journal-article,"Elsevier BV","Thijs R van Oudheusden - Catharina Ziekenhuis; Thijs R van Oudheusden - Radboud University Nijmegen; V.E.P.P Lemmens - Eindhoven Cancer Registry; H.J Braam - St. Antonius Ziekenhuis; Bert van Ramshorst - St. Antonius Ziekenhuis; Jeroen Meijerink - Amsterdam University Medical Centers; E A te Velde - Amsterdam University Medical Centers; Akash Mehta - The Netherlands Cancer Institute; Victor J Verwaal - The Netherlands Cancer Institute; Ignace H J T de Hingh - Catharina Ziekenhuis; Ignace H J T de Hingh - Radboud University Nijmegen",,"0000-0002-1994-447X; 0000-0002-4109-5734; 0000-0002-4973-3016; 0000-0003-0865-0983; 0000-0003-2643-3560; 0000-0003-3491-4268"
"EUROCOURSE lessons learned from and for population-based cancer registries in Europe and their programme owners: Improving performance by research programming for public health and clinical evaluation",10.1016/j.ejca.2015.02.018,"European Journal of Cancer",2015-06-01,3,journal-article,"Elsevier BV","J.W.W Coebergh - Eindhoven Cancer Registry; Corina van den Hurk - Netherlands Comprehensive Cancer Organisation; Corina van den Hurk - Eindhoven Cancer Registry; Stefano Rosso - Piedmont Reference Center for Epidemiology and Cancer Prevention; Harry Comber - National Cancer Registry; Hans H Storm - Danish Cancer Society; Roberto Zanetti - Piedmont Reference Center for Epidemiology and Cancer Prevention; Lidia Sacchetto - Piedmont Reference Center for Epidemiology and Cancer Prevention; Lidia Sacchetto - Fondazione Edo ed Elvo Tempia; M.L.G Janssen‐Heijnen - Eindhoven Cancer Registry; M.L.G Janssen‐Heijnen - VieCuri Medisch Centrum; Melissa S Y Thong - Eindhoven Cancer Registry; Melissa S Y Thong - Tilburg University; Sabine Siesling - Netherlands Comprehensive Cancer Organisation; Sabine Siesling - University of Twente; Janny van den Eijnden-van Raaij - Eindhoven Cancer Registry",,"0000-0001-6498-4086; 0000-0001-6590-325X; 0000-0001-6816-2661; 0000-0001-7223-8198; 0000-0002-0273-824X; 0000-0002-2419-3930; 0000-0002-6566-5957; 0000-0002-6987-705X; 0000-0002-7802-1034; 0000-0003-1475-7883"
"EUROCOURSE recipe for cancer surveillance by visible population-based cancer RegisTrees® in Europe: From roots to fruits",10.1016/j.ejca.2015.02.017,"European Journal of Cancer",2015-06-01,5,journal-article,"Elsevier BV","J.W.W Coebergh - Eindhoven Cancer Registry; Corina van den Hurk - Netherlands Comprehensive Cancer Organisation; Corina van den Hurk - Eindhoven Cancer Registry; Marieke W.J Louwman - Netherlands Comprehensive Cancer Organisation; Marieke W.J Louwman - Eindhoven Cancer Registry; Harry Comber - National Cancer Registry; Stefano Rosso - Piedmont Reference Center for Epidemiology and Cancer Prevention; Roberto Zanetti - Piedmont Reference Center for Epidemiology and Cancer Prevention; Lidia Sacchetto - Fondazione Edo ed Elvo Tempia; Hans H Storm - Danish Cancer Society; Sabine Siesling - Netherlands Comprehensive Cancer Organisation; Janny van den Eijnden-van Raaij - Eindhoven Cancer Registry",,"0000-0001-6498-4086; 0000-0001-6590-325X; 0000-0001-6816-2661; 0000-0001-7223-8198; 0000-0001-9011-6741; 0000-0002-0273-824X; 0000-0002-2419-3930; 0000-0002-6566-5957; 0000-0002-7802-1034; 0000-0003-1475-7883"
"Recent trends in incidence of five common cancers in 26 European countries since 1988: Analysis of the European Cancer Observatory",10.1016/j.ejca.2013.09.002,"European Journal of Cancer",2015-06-01,19,journal-article,"Elsevier BV","Melina Arnold - Centre international de recherche sur le cancer; Henrike E Karim‐Kos - Erasmus MC; J.W.W Coebergh - Eindhoven Cancer Registry; J.W.W Coebergh - Erasmus MC; Graham Byrnes - Centre international de recherche sur le cancer; Ahti Antilla - Finnish Cancer Registry; Jacques Ferlay - Centre international de recherche sur le cancer; Andrew G Renehan - Manchester Academic Health Science Centre; Andrew G Renehan - University of Manchester; Andrew G Renehan - The Christie NHS Foundation Trust; David Forman - Centre international de recherche sur le cancer; Isabelle Soerjomataram - Centre international de recherche sur le cancer",,
"Uses of cancer registries for public health and clinical research in Europe: Results of the European Network of Cancer Registries survey among 161 population-based cancer registries during 2010–2012",10.1016/j.ejca.2014.07.016,"European Journal of Cancer",2015-06-01,11,journal-article,"Elsevier BV","Sabine Siesling - University of Twente; Sabine Siesling - Netherlands Comprehensive Cancer Organisation; Marieke W.J Louwman - Eindhoven Cancer Registry; A.B.G Kwast - Netherlands Comprehensive Cancer Organisation; Corina van den Hurk - Eindhoven Cancer Registry; Michael O’Callaghan - National Cancer Registry; Stefano Rosso - Piedmont Reference Center for Epidemiology and Cancer Prevention; Roberto Zanetti - Piedmont Reference Center for Epidemiology and Cancer Prevention; Hans H Storm - Danish Cancer Society; Harry Comber - National Cancer Registry; Eva Steliarova‐Foucher - Centre international de recherche sur le cancer; J.W.W Coebergh - Erasmus University Rotterdam; J.W.W Coebergh - Erasmus MC; J.W.W Coebergh - Eindhoven Cancer Registry",,"0000-0001-5777-9199; 0000-0001-6498-4086; 0000-0001-7223-8198; 0000-0001-9011-6741; 0000-0002-0273-824X; 0000-0002-2419-3930; 0000-0002-7802-1034; 0000-0002-8450-186X; 0000-0003-1475-7883"
"The Value of Ipsilateral Breast Tumor Recurrence as a Quality Indicator: Hospital Variation in the Netherlands",10.1245/s10434-015-4626-9,"Annals of Surgical Oncology",2015-05-19,1,journal-article,"Springer Nature","Margriet van der Heiden‐van der Loo - Netherlands Comprehensive Cancer Organisation; S Siesling - University of Twente; S Siesling - Netherlands Comprehensive Cancer Organisation; Michel W.J.M Wouters - The Netherlands Cancer Institute; Thijs van Dalen - Diakonessenhuis hospital; Emiel J Rutgers - The Netherlands Cancer Institute; PHM Peeters - University Medical Center Utrecht",,"0000-0001-5767-854X; 0000-0001-6173-0662; 0000-0002-4244-0106; 0000-0003-0882-9086"
"A cost-effectiveness analysis of real-world treatment for elderly patients with multiple myeloma using a full disease model",10.1111/ejh.12571,"European Journal of Haematology",2015-05-07,10,journal-article,Wiley,"Hedwig M Blommestein - Netherlands Comprehensive Cancer Organisation; Hedwig M Blommestein - Erasmus University Rotterdam; S Verelst - Erasmus MC; Saskia de Groot - Erasmus University Rotterdam; Peter C Huijgens - Amsterdam University Medical Centers; Peter C Huijgens - Netherlands Comprehensive Cancer Organisation; Pieter Sonneveld - Erasmus MC; Carin A Uyl‐de Groot - Erasmus University Rotterdam; Carin A Uyl‐de Groot - Netherlands Comprehensive Cancer Organisation",,
"Response Rates for Patient-Reported Outcomes Using Web-Based Versus Paper Questionnaires: Comparison of Two Invitational Methods in Older Colorectal Cancer Patients",10.2196/jmir.3741,"Journal of Medical Internet Research",2015-05-07,2,journal-article,"JMIR Publications Inc.","Nicole Horevoorts - Tilburg University; Nicole Horevoorts - Netherlands Comprehensive Cancer Organisation; Pauline A J Vissers - Tilburg University; Floortje Mols - Tilburg University; Melissa S Y Thong - Tilburg University; Lonneke V van de Poll‐Franse - Tilburg University",,"0000-0002-0677-888X; 0000-0002-5833-7007; 0000-0002-6987-705X; 0000-0003-0413-6872; 0000-0003-0818-2913"
"Treatment strategies in colorectal cancer patients with initially unresectable liver-only metastases, a study protocol of the randomised phase 3 CAIRO5 study of the Dutch Colorectal Cancer Group (DCCG)",10.1186/s12885-015-1323-9,"BMC Cancer",2015-05-06,2,journal-article,"Springer Nature","Joost Huiskens - Amsterdam UMC Location University of Amsterdam; Thomas M van Gulik - Amsterdam UMC Location University of Amsterdam; Krijn P van Lienden - Amsterdam UMC Location University of Amsterdam; Marc RW Engelbrecht - Amsterdam UMC Location University of Amsterdam; Gerrit A Meijer - Amsterdam University Medical Centers; Nicole C.T van Grieken - Amsterdam University Medical Centers; Jonne Schriek - Netherlands Comprehensive Cancer Organisation; Astrid Keijser - Netherlands Comprehensive Cancer Organisation; Linda Mol - Netherlands Comprehensive Cancer Organisation; I Quintus Molenaar - Utrecht University; Cornelis Verhoef - Erasmus MC Cancer Institute; Koert P de Jong - University Medical Center Groningen; Koert P de Jong - University of Groningen; Kees H C Dejong - Maastricht University Medical Centre; Geert Kazemier - Amsterdam University Medical Centers; Theo Ruers - The Netherlands Cancer Institute; Johanus HW de Wilt - Radboud University Nijmegen; Johanus HW de Wilt - Radboud University Medical Center; Harm van Tinteren - The Netherlands Cancer Institute; Cornelis J.A Punt - Amsterdam UMC Location University of Amsterdam",,
"Population based study on sentinel node biopsy before or after neoadjuvant chemotherapy in clinically node negative breast cancer patients: Identification rate and influence on axillary treatment",10.1016/j.ejca.2015.03.014,"European Journal of Cancer",2015-05-01,2,journal-article,"Elsevier BV","Margriet van der Heiden‐van der Loo - Netherlands Comprehensive Cancer Organisation; Linda de Munck - Netherlands Comprehensive Cancer Organisation; Gabe S Sonke - The Netherlands Cancer Institute; Thijs van Dalen - Diakonessenhuis hospital; P J van Diest - University Medical Center Utrecht; H.J.G.D van den Bongard - University Medical Center Utrecht; PHM Peeters - University Medical Center Utrecht; Emiel J Rutgers - The Netherlands Cancer Institute",,"0000-0001-5767-854X; 0000-0001-8088-9628; 0000-0002-2930-509X; 0000-0002-4244-0106; 0000-0002-5549-324X; 0000-0003-0882-9086"
"Variation in causes of death in patients with non-small cell lung cancer according to stage and time since diagnosis",10.1093/annonc/mdv061,"Annals of Oncology",2015-05-01,1,journal-article,"Elsevier BV","M.L.G Janssen‐Heijnen - University Medical Center; M.L.G Janssen‐Heijnen - Maastricht University; M.L.G Janssen‐Heijnen - VieCuri Medisch Centrum; Dirk K De Ruysscher - KU Leuven; J.W.W Coebergh - Erasmus University Rotterdam; Harry J.M Groen - University Medical Center Groningen; Harry J.M Groen - University of Groningen",,
"Age-related differences in quality of life among patients with diffuse large B-cell lymphoma",10.1002/cncr.29427,Cancer,2015-04-29,1,journal-article,Wiley,"Simone Oerlemans - Netherlands Comprehensive Cancer Organisation; Simone Oerlemans - Tilburg University; Marten R Nijziel - Radboud University Nijmegen; Marten R Nijziel - Máxima Medisch Centrum; Lonneke V van de Poll‐Franse - Tilburg University; Lonneke V van de Poll‐Franse - Netherlands Comprehensive Cancer Organisation",,"0000-0001-9069-4939; 0000-0003-0413-6872; 0000-0003-1595-7262"
"Nationwide trends in incidence, treatment and survival of colorectal cancer patients with synchronous metastases",10.1007/s10585-015-9719-0,"Clinical & Experimental Metastasis",2015-04-22,2,journal-article,"Springer Nature","Lydia G van der Geest - Netherlands Comprehensive Cancer Organisation; Jorine’t Lam-Boer - University Medical Center; Jorine’t Lam-Boer - Radboud University Nijmegen; Jorine’t Lam-Boer - Radboud University Medical Center; Miriam Koopman - Utrecht University; Cees Verhoef - Rotterdam University of Applied Sciences; Marloes A.G Elferink - Netherlands Comprehensive Cancer Organisation; Johannes H.W de Wilt - Radboud University Nijmegen; Johannes H.W de Wilt - Radboud University Medical Center; Johannes H.W de Wilt - University Medical Center",,
"Long-term effects of a regional care pathway for patients with rectal cancer",10.1007/s00384-015-2209-7,"International Journal of Colorectal Disease",2015-04-14,1,journal-article,"Springer Nature","Jolanda C van Hoeve - Netherlands Comprehensive Cancer Organisation; Marloes A.G Elferink - Netherlands Comprehensive Cancer Organisation; Joost M Klaase - Medisch Spectrum Twente; Ewout A Kouwenhoven - Ziekenhuis Groep Twente; P.P Schiphorst - Streekziekenhuis Koningin Beatrix; Sabine Siesling - University of Twente",,"0000-0001-8986-9076; 0000-0002-3986-4776; 0000-0002-4409-2280; 0000-0003-3133-6212"
"Survival after Locoregional Recurrence or Second Primary Breast Cancer: Impact of the Disease-Free Interval",10.1371/journal.pone.0120832,"PLOS ONE",2015-04-10,3,journal-article,"Public Library of Science (PLoS)","Annemieke Witteveen - University of Twente; A.B.G Kwast - Netherlands Comprehensive Cancer Organisation; Gabe S Sonke - The Netherlands Cancer Institute; Maarten J IJzerman - University of Twente; Sabine Siesling - University of Twente; Sabine Siesling - Netherlands Comprehensive Cancer Organisation",,"0000-0001-5581-6478; 0000-0001-5788-5805; 0000-0001-8088-9628; 0000-0002-0273-824X"
"Trends in cytoreductive surgery and hyperthermic intraperitoneal chemotherapy for the treatment of synchronous peritoneal carcinomatosis of colorectal origin in the Netherlands",10.1016/j.ejso.2015.01.018,"European Journal of Surgical Oncology (EJSO)",2015-04-01,4,journal-article,"Elsevier BV","Lieke G.E.M Razenberg - Eindhoven Cancer Registry; Lieke G.E.M Razenberg - Netherlands Comprehensive Cancer Organisation; Lieke G.E.M Razenberg - Catharina Ziekenhuis; Lieke G.E.M Razenberg - Radboud University Nijmegen; Yvette R.B.M van Gestel - Eindhoven Cancer Registry; Yvette R.B.M van Gestel - Netherlands Comprehensive Cancer Organisation; G.J Creemers - Radboud University Nijmegen; G.J Creemers - Catharina Ziekenhuis; Victor J Verwaal - The Netherlands Cancer Institute; V.E.P.P Lemmens - Erasmus MC; V.E.P.P Lemmens - Eindhoven Cancer Registry; V.E.P.P Lemmens - Netherlands Comprehensive Cancer Organisation; Ignace H J T de Hingh - Radboud University Nijmegen; Ignace H J T de Hingh - Catharina Ziekenhuis",,
"Peripheral neuropathy in colorectal cancer survivors: The influence of oxaliplatin administration. Results from the population-based PROFILES registry",10.3109/0284186x.2014.980912,"Acta Oncologica",2015-03-22,1,journal-article,"Informa UK Limited","Antoinetta J M Beijers - Máxima Medisch Centrum; Antoinetta J M Beijers - Radboud University Nijmegen; Floortje Mols - Tilburg University; Floortje Mols - Netherlands Comprehensive Cancer Organisation; Vivianne C G Tjan‐Heijnen - Maastricht University Medical Centre; Catharina G Faber - Maastricht University Medical Centre; Lonneke V van de Poll‐Franse - Netherlands Comprehensive Cancer Organisation; Lonneke V van de Poll‐Franse - Tilburg University; Gerard Vreugdenhil - Maastricht University Medical Centre; Gerard Vreugdenhil - Máxima Medisch Centrum; Gerard Vreugdenhil - Radboud University Nijmegen",,"0000-0002-2467-067X; 0000-0002-3935-7440; 0000-0002-8816-1540; 0000-0003-0413-6872; 0000-0003-0818-2913"
"Trends in quality of non-Hodgkin’s lymphoma care: is it getting better?",10.1007/s00277-015-2340-0,"Annals of Hematology",2015-03-15,1,journal-article,"Springer Nature","Jozette J C Stienen - Radboud University Nijmegen; Jozette J C Stienen - Radboud Institute for Molecular Life Sciences; Jozette J C Stienen - Radboud University Medical Center; P.B Ottevanger - Radboud Institute for Molecular Life Sciences; P.B Ottevanger - Radboud University Medical Center; P.B Ottevanger - Radboud University Nijmegen; Lianne Wennekes - Radboud University Nijmegen; Lianne Wennekes - Radboud Institute for Molecular Life Sciences; Lianne Wennekes - Radboud University Medical Center; S.A.M van de Schans - Netherlands Comprehensive Cancer Organisation; Helena M Dekker - Radboud University Nijmegen; Helena M Dekker - Radboud Institute for Molecular Life Sciences; Helena M Dekker - Radboud University Medical Center; Richard W.M van der Maazen - Radboud University Nijmegen; Richard W.M van der Maazen - Radboud University Medical Center; Richard W.M van der Maazen - Radboud Institute for Molecular Life Sciences; J Han van Krieken - Radboud Institute for Molecular Life Sciences; J Han van Krieken - Radboud University Medical Center; J Han van Krieken - Radboud University Nijmegen; Nicole M A Blijlevens - Radboud Institute for Molecular Life Sciences; Nicole M A Blijlevens - Radboud University Nijmegen; Nicole M A Blijlevens - Radboud University Medical Center; Rosella Hermens - Radboud University Nijmegen; Rosella Hermens - Radboud Institute for Molecular Life Sciences; Rosella Hermens - Radboud University Medical Center",,"0000-0001-7624-7120; 0000-0002-1801-2072; 0000-0002-8105-0450; 0000-0003-0360-9172; 0000-0003-2045-2680"
"Determinants of treatment waiting times for head and neck cancer in the Netherlands and their relation to survival",10.1016/j.oraloncology.2014.12.003,"Oral Oncology",2015-03-01,3,journal-article,"Elsevier BV","Michel C van Harten - The Netherlands Cancer Institute; Frank Hoebers - Maastricht University; Frank Hoebers - Maastro Clinic; Kenneth W Kross - Maastricht University Medical Centre; Erik van Werkhoven - The Netherlands Cancer Institute; Michiel W M van den Brekel - University of Amsterdam; Michiel W M van den Brekel - The Netherlands Cancer Institute; Michiel W M van den Brekel - Amsterdam UMC Location University of Amsterdam; Boukje A C van Dijk - Netherlands Comprehensive Cancer Organisation; Boukje A C van Dijk - University Medical Center Groningen; Boukje A C van Dijk - University of Groningen",,
"The Prognostic Value of Microsatellite Instability, KRAS, BRAF and PIK3CA Mutations in Stage II Colon Cancer Patients",10.2119/molmed.2015.00220,"Molecular Medicine",2015-01-01,1,journal-article,"Springer Nature","F Jeroen Vogelaar - Jeroen Bosch Ziekenhuis; Felice N van Erning - Netherlands Comprehensive Cancer Organisation; Marlies S Reimers - Leiden University Medical Center; Hans van der Linden - Jeroen Bosch Ziekenhuis; Hans Pruijt - Jeroen Bosch Ziekenhuis; Adriaan J C van den Brule - Jeroen Bosch Ziekenhuis; Koop Bosscha - Jeroen Bosch Ziekenhuis",,"0000-0002-2229-6581; 0000-0002-7961-3314; 0000-0003-0125-1429; 0000-0003-1253-0327; 0009-0006-8656-5839"
"Familiarity, opinions, experiences and knowledge about scalp cooling: a Dutch survey among breast cancer patients and oncological professionals",10.4103/2347-5625.152404,"Asia-Pacific Journal of Oncology Nursing",2015-01-01,1,journal-article,"Elsevier BV","Mijke Peerbooms - Eindhoven Cancer Registry; Corina J van den Hurk - Eindhoven Cancer Registry; W.P.M Breed - Eindhoven Cancer Registry",,
"Metachronous metastases from colorectal cancer: a population-based study in North-East Netherlands",10.1007/s00384-014-2085-6,"International Journal of Colorectal Disease",2014-12-12,3,journal-article,"Springer Nature","Marloes A.G Elferink - Netherlands Comprehensive Cancer Organisation; Koert P de Jong - University Medical Center Groningen; Joost M Klaase - Medisch Spectrum Twente; Esther J Siemerink - Ziekenhuis Groep Twente; Johannes H.W de Wilt - Radboud University Medical Center; Johannes H.W de Wilt - Radboud University Nijmegen",,
"Elderly multiple myeloma patients experience less deterioration in health-related quality of life than younger patients compared to a normative population: a study from the population-based PROFILES registry",10.1007/s00277-014-2264-0,"Annals of Hematology",2014-12-05,1,journal-article,"Springer Nature","Marjolein van der Poel - Maastricht University Medical Centre; Simone Oerlemans - Eindhoven Cancer Registry; Harry C Schouten - Maastricht University Medical Centre; Lonneke V van de Poll‐Franse - Eindhoven Cancer Registry",,"0000-0002-1305-4150; 0000-0002-2384-4797; 0000-0003-0413-6872; 0000-0003-1595-7262"
"Descriptive epidemiology of Kaposi sarcoma in Europe. Report from the RARECARE project",10.1016/j.canep.2014.09.009,"Cancer Epidemiology",2014-12-01,3,journal-article,"Elsevier BV","Charles Stiller - University of Oxford; Annalisa Trama - Fondazione IRCCS Istituto Nazionale dei Tumori; David Brewster - National Health Service Scotland; Julia Verne - Public Health England; Christine Bouchardy - University of Geneva; Carmen Navarro - Universidad de Murcia; Carmen Navarro - Centro de Investigación Biomédica en Red de Epidemiología y Salud Pública; M.D Chirlaque - Centro de Investigación Biomédica en Red de Epidemiología y Salud Pública; Rafael Marcos‐Gragera - Institut d'Investigació Biomèdica de Girona; Rafael Marcos‐Gragera - Institut Català d'Oncologia; Rafael Marcos‐Gragera - Generalitat de Catalunya; Otto Visser - Netherlands Comprehensive Cancer Organisation; Diego Serraino - Centro di Riferimento Oncologico; Diego Serraino - Istituti di Ricovero e Cura a Carattere Scientifico; Elisabete Weiderpass - Folkhälsans Forskningscentrum; Elisabete Weiderpass - Karolinska Institutet; Elisabete Weiderpass - UiT The Arctic University of Norway; Elisabete Weiderpass - Cancer Registry of Norway; Angelo Paolo Dei Tos - Ca' Foncello Hospital; Valeria Ascoli - Sapienza University of Rome",,
"Chemotherapy-induced peripheral neuropathy and its impact on health-related quality of life among ovarian cancer survivors: Results from the population-based PROFILES registry",10.1016/j.ygyno.2014.09.016,"Gynecologic Oncology",2014-12-01,1,journal-article,"Elsevier BV","Nicole P M Ezendam - Netherlands Comprehensive Cancer Organisation; Nicole P M Ezendam - Eindhoven Cancer Registry; Brenda Pijlman - Jeroen Bosch Ziekenhuis; Celine Bhugwandass - Jeroen Bosch Ziekenhuis; Hans Pruijt - Jeroen Bosch Ziekenhuis; Floortje Mols - Netherlands Comprehensive Cancer Organisation; Floortje Mols - Eindhoven Cancer Registry; M Caroline Vos - Elisabeth-TweeSteden Ziekenhuis; Johanna M.A Pijnenborg - Elisabeth-TweeSteden Ziekenhuis; Lonneke V van de Poll‐Franse - Netherlands Comprehensive Cancer Organisation; Lonneke V van de Poll‐Franse - Eindhoven Cancer Registry",,"0000-0002-1612-0395; 0000-0002-9802-9455; 0000-0003-0413-6872; 0000-0003-0818-2913; 0000-0003-1449-3726"
"Patients with Invasive Lobular Breast Cancer Are Less Likely to Undergo Breast-Conserving Surgery: A Population Based Study in The Netherlands",10.1245/s10434-014-4175-7,"Annals of Surgical Oncology",2014-10-17,1,journal-article,"Springer Nature","Wilfred Truin - Máxima Medisch Centrum; Wilfred Truin - Radboud University Nijmegen; Rudi M H Roumen - Radboud University Nijmegen; Rudi M H Roumen - Máxima Medisch Centrum; Sabine Siesling - Netherlands Comprehensive Cancer Organisation; Margriet van der Heiden‐van der Loo - Netherlands Comprehensive Cancer Organisation; Lucien E M Duijm - Canisius-Wilhelmina Ziekenhuis; Vivianne C G Tjan‐Heijnen - Maastricht University Medical Centre",,"0000-0001-5767-854X; 0000-0002-0273-824X; 0000-0002-3935-7440; 0000-0002-7919-1393; 0000-0003-0521-1985"
"Improvement in population‐based survival of stage IV <scp>NSCLC</scp> due to increased use of chemotherapy",10.1002/ijc.29216,"International Journal of Cancer",2014-09-30,1,journal-article,Wiley,"Mieke J Aarts - Eindhoven Cancer Registry; B.E van den Borne - Radboud University Nijmegen; B.E van den Borne - Catharina Ziekenhuis; Bonne Biesma - Jeroen Bosch Ziekenhuis; Jeroen S Kloover - Elisabeth-TweeSteden Ziekenhuis; Joachim G.J.V Aerts - Erasmus University Rotterdam; Joachim G.J.V Aerts - Erasmus MC; Joachim G.J.V Aerts - Amphia Ziekenhuis; V.E.P.P Lemmens - Eindhoven Cancer Registry",,"0000-0001-5386-170X; 0000-0001-6662-2951; 0000-0002-4109-5734"
"The Role of Ultrasound-Guided Lymph Node Biopsy in Axillary Staging of Invasive Breast Cancer in the Post-ACOSOG Z0011 Trial Era",10.1245/s10434-014-4071-1,"Annals of Surgical Oncology",2014-09-10,1,journal-article,"Springer Nature","Nicole C Verheuvel - Radboud University Nijmegen; Nicole C Verheuvel - Máxima Medisch Centrum; Ingrid van den Hoven - Radboud University Nijmegen; Ingrid van den Hoven - Máxima Medisch Centrum; H.W.A Ooms - Máxima Medisch Centrum; H.W.A Ooms - Radboud University Nijmegen; Rudi M H Roumen - Maastricht University",,0000-0003-0521-1985
"Changing incidence and improved survival of gliomas",10.1016/j.ejca.2014.05.019,"European Journal of Cancer",2014-09-01,4,journal-article,"Elsevier BV","Vincent K.Y Ho - Netherlands Comprehensive Cancer Organisation; Jaap C Reijneveld - Amsterdam University Medical Centers; Roelien H Enting - University Medical Center Groningen; Henri P Bienfait - Gelre Hospitals; Pierre A Robe - University Medical Center Utrecht; Brigitta G Baumert - University of Bonn; Brigitta G Baumert - Maastricht University Medical Centre; Otto Visser - Netherlands Comprehensive Cancer Organisation",,
"Does Adjuvant Chemoradiotherapy Improve the Prognosis of Gastric Cancer After an R1 Resection? Results from a Dutch Cohort Study",10.1245/s10434-014-4032-8,"Annals of Surgical Oncology",2014-08-28,3,journal-article,"Springer Nature","Jurriën Stiekema - Oncode Institute; Jurriën Stiekema - The Netherlands Cancer Institute; Anouk Kirsten Trip - The Netherlands Cancer Institute; Edwin P.M Jansen - The Netherlands Cancer Institute; Henk Boot - The Netherlands Cancer Institute; Annemieke Cats - The Netherlands Cancer Institute; Olga Balagué - The Netherlands Cancer Institute; Olga Balagué - Oncode Institute; Patrycja Gradowska - Oncode Institute; Patrycja Gradowska - The Netherlands Cancer Institute; Marcel Verheij - The Netherlands Cancer Institute; Johanna W van Sandick - Oncode Institute; Johanna W van Sandick - The Netherlands Cancer Institute",,
"Impact of hospital volume on breast cancer outcome: a population-based study in the Netherlands",10.1007/s10549-014-3075-7,"Breast Cancer Research and Treatment",2014-08-01,2,journal-article,"Springer Nature","Sabine Siesling - Netherlands Comprehensive Cancer Organisation; Vivianne C G Tjan‐Heijnen - Maastricht University; Vivianne C G Tjan‐Heijnen - University Medical Center; Marnix de Roos - Ziekenhuis Rivierenland; Yvonne E M Snel - Netherlands Federation of University Medical Centres; Thijs van Dalen - Diakonessenhuis hospital; Michel W.J.M Wouters - The Netherlands Cancer Institute; H Struikmans - Medisch Centrum Haaglanden; Johannes J M van der Hoeven - Leiden University Medical Center; John H Maduro - University of Groningen; John H Maduro - University Medical Center Groningen; Otto Visser - Netherlands Comprehensive Cancer Organisation",,
"Quality improvement by implementing an integrated oncological care pathway for breast cancer patients",10.1016/j.breast.2014.01.008,"The Breast",2014-08-01,8,journal-article,"Elsevier BV","J van Hoeve - Netherlands Comprehensive Cancer Organisation; Linda de Munck - Netherlands Comprehensive Cancer Organisation; R Otter - University Medical Center Groningen; R Otter - Netherlands Comprehensive Cancer Organisation; Jakob de Vries - University of Groningen; S Siesling - Netherlands Comprehensive Cancer Organisation; S Siesling - University of Twente",,
"Impact of active surveillance, chlorambucil, and other therapy on health-related quality of life in patients with CLL/SLL in the Netherlands",10.1007/s00277-014-2161-6,"Annals of Hematology",2014-07-20,1,journal-article,"Springer Nature","Marten R Nijziel - Radboud University Nijmegen; Marten R Nijziel - Máxima Medisch Centrum; Eduardus F M Posthuma - Reinier de Graaf Hospital; Lonneke V van de Poll‐Franse - Tilburg University",,"0000-0001-9069-4939; 0000-0003-0413-6872"
"Conditional survival for long-term colorectal cancer survivors in the Netherlands: who do best?",10.1016/j.ejca.2014.04.009,"European Journal of Cancer",2014-07-01,1,journal-article,"Elsevier BV","Felice N van Erning - Eindhoven Cancer Registry; Liza N van Steenbergen - Eindhoven Cancer Registry; V.E.P.P Lemmens - Erasmus University Rotterdam; V.E.P.P Lemmens - Eindhoven Cancer Registry; H.J.T Rutten - Maastricht University Medical Centre; H.J.T Rutten - Catharina Ziekenhuis; H.J.T Rutten - Radboud University Nijmegen; Hendrik Martijn - Catharina Ziekenhuis; Hendrik Martijn - Radboud University Nijmegen; D.J van Spronsen - Canisius-Wilhelmina Ziekenhuis; D.J van Spronsen - Radboud University Nijmegen; D.J van Spronsen - Radboud University Medical Center; Maryska L.G Janssen‐Heijnen - VieCuri Medisch Centrum; Maryska L.G Janssen‐Heijnen - Erasmus University Rotterdam",,"0000-0002-4109-5734; 0000-0002-7183-2694; 0000-0002-8141-842X; 0000-0003-0125-1429; 0000-0003-2532-950X; 0000-0003-3575-6070"
"The course of anxiety and depression for patients with Hodgkin’s lymphoma or diffuse large B cell lymphoma: a longitudinal study of the PROFILES registry",10.1007/s11764-014-0367-1,"Journal of Cancer Survivorship",2014-05-13,3,journal-article,"Springer Nature","Simone Oerlemans - Eindhoven Cancer Registry; Floortje Mols - Eindhoven Cancer Registry; Marten R Nijziel - Máxima Medisch Centrum; Marten R Nijziel - Radboud University Nijmegen; Wobbe P Zijlstra - Tilburg University; J.W.W Coebergh - Erasmus University Rotterdam; Lonneke V van de Poll‐Franse - Tilburg University",,
"Factors Influencing the Use of Sentinel Lymph Node Biopsy in the Netherlands",10.1245/s10434-014-3764-9,"Annals of Surgical Oncology",2014-05-12,2,journal-article,"Springer Nature","Anna M Huismans - University Medical Center Groningen; Maarten G Niebling - University Medical Center Groningen; Kevin P Wevers - University Medical Center Groningen; Melinda S Schuurman - Netherlands Comprehensive Cancer Organisation; Harald J Hoekstra - University Medical Center Groningen",,"0000-0001-9550-4997; 0000-0002-7444-7337; 0000-0003-4229-8821"
"Health-related quality of life and persistent symptoms in relation to (R-)CHOP14, (R-)CHOP21, and other therapies among patients with diffuse large B-cell lymphoma: results of the population-based PHAROS-registry",10.1007/s00277-014-2099-8,"Annals of Hematology",2014-05-08,3,journal-article,"Springer Nature","Simone Oerlemans - Eindhoven Cancer Registry; Djamila E Issa - Amsterdam University Medical Centers; Esther C van den Broek - Eindhoven Cancer Registry; Marten R Nijziel - Radboud University Nijmegen; Marten R Nijziel - Máxima Medisch Centrum; J.W.W Coebergh - Eindhoven Cancer Registry; Peter C Huijgens - Amsterdam University Medical Centers; Floortje Mols - Tilburg University; Lonneke V van de Poll‐Franse - Tilburg University",,
"Leukemia and brain tumors among children after radiation exposure from CT scans: design and methodological opportunities of the Dutch Pediatric CT Study",10.1007/s10654-014-9900-9,"European Journal of Epidemiology",2014-04-01,1,journal-article,"Springer Nature","Cécile M Ronckers - University of Amsterdam; Anne Smets - University of Amsterdam; Rutger A J Nievelstein - University Medical Center; Andréas Jahnen - Tudor Place; Choonsik Lee - National Institutes of Health; Johan S Laméris - University of Amsterdam; Marcel J W Greuter - University of Groningen; Cécile R L P N Jeukens - Maastricht University; Marcel van Straten - Erasmus University Rotterdam; Otto Visser - Centre for Concepts in Mechatronics",,"0000-0001-5721-9159; 0000-0002-0484-1486; 0000-0002-7379-5145; 0000-0003-0684-1436; 0000-0003-1403-8301; 0000-0003-1496-1817; 0000-0003-1959-1990; 0000-0003-3524-4657"
"Unmet information needs and impact of cancer in (long-term) thyroid cancer survivors: results of the PROFILES registry",10.1002/pon.3514,Psycho-Oncology,2014-03-11,1,journal-article,Wiley,"Olga Husson - Eindhoven Cancer Registry; Olga Husson - Tilburg University; Floortje Mols - Tilburg University; Floortje Mols - Eindhoven Cancer Registry; Wilma A Oranje - Elisabeth-TweeSteden Ziekenhuis; Harm R Haak - Máxima Medisch Centrum; Harm R Haak - Radboud University Nijmegen; Willy‐Anne Nieuwlaat - Elisabeth-TweeSteden Ziekenhuis; Romana T Netea–Maier - Radboud University Nijmegen; Romana T Netea–Maier - Radboud University Medical Center; Johannes W A Smit - Radboud University Nijmegen; Johannes W A Smit - Radboud University Medical Center; Lonneke V van de Poll‐Franse - Tilburg University; Lonneke V van de Poll‐Franse - Eindhoven Cancer Registry",,
"Effectiveness of Chemotherapy in Measurable Granulosa Cell Tumors",10.1097/igc.0000000000000077,"International Journal of Gynecological Cancer",2014-03-01,4,journal-article,"Ovid Technologies (Wolters Kluwer Health)","Hannah S van Meurs - Gynecologic Oncology Group; Marrije R Buist - Gynecologic Oncology Group; Anneke M Westermann - Amsterdam UMC Location University of Amsterdam; Gabe S Sonke - Netherlands Comprehensive Cancer Organisation; Gabe S Sonke - The Netherlands Cancer Institute; Gemma G Kenter - Gynecologic Oncology Group; Jacobus van der Velden - Gynecologic Oncology Group",,
"Chronic fatigue in Hodgkin lymphoma survivors and associations with anxiety, depression and comorbidity",10.1038/bjc.2013.779,"British Journal of Cancer",2014-01-16,3,journal-article,"Springer Nature","Laurien A Daniëls - Leiden University Medical Center; Simone Oerlemans - Eindhoven Cancer Registry; Augustinus D G Krol - Leiden University Medical Center; Carien L Creutzberg - Leiden University Medical Center; Lonneke V van de Poll‐Franse - Eindhoven Cancer Registry",,
"Quality of life more impaired in younger than in older diffuse large B cell lymphoma survivors compared to a normative population: a study from the population-based PROFILES registry",10.1007/s00277-013-1980-1,"Annals of Hematology",2013-12-08,8,journal-article,"Springer Nature","Marjolein van der Poel - Maastricht University Medical Centre; Simone Oerlemans - Eindhoven Cancer Registry; Harry C Schouten - Maastricht University Medical Centre; Floortje Mols - Eindhoven Cancer Registry; Hans Pruijt - Jeroen Bosch Ziekenhuis; Huub Maas - Elisabeth-TweeSteden Ziekenhuis; Lonneke V van de Poll‐Franse - Tilburg University",,
"Trends in incidence and survival of Dutch women with vulvar squamous cell carcinoma",10.1016/j.ejca.2013.08.003,"European Journal of Cancer",2013-12-01,3,journal-article,"Elsevier BV","Melinda S Schuurman - Netherlands Comprehensive Cancer Organisation; L.C.G van den Einden - Radboud University Medical Center; L.C.G van den Einden - Radboud University Nijmegen; Leon F.A.G Massuger - Radboud University Medical Center; Leon F.A.G Massuger - Radboud University Nijmegen; Lambertus A Kiemeney - Radboud University Medical Center; Lambertus A Kiemeney - Radboud University Nijmegen; Maaike A van der Aa - Netherlands Comprehensive Cancer Organisation; Joanne A de Hullu - Radboud University Medical Center; Joanne A de Hullu - Radboud University Nijmegen",,
"Attending the breast screening programme after breast cancer treatment: A population-based study",10.1016/j.canep.2013.09.003,"Cancer Epidemiology",2013-12-01,2,journal-article,"Elsevier BV","Linda de Munck - Netherlands Comprehensive Cancer Organisation; A.B.G Kwast - Radboud University Nijmegen; A.B.G Kwast - Radboud University Medical Center; A.B.G Kwast - Netherlands Comprehensive Cancer Organisation; Dick Reiding - Netherlands Comprehensive Cancer Organisation; Geertruida H de Bock - University Medical Center Groningen; Geertruida H de Bock - University of Groningen; R Otter - University of Groningen; R Otter - Netherlands Comprehensive Cancer Organisation; R Otter - University Medical Center Groningen; Pax H.B Willemse - University Medical Center Groningen; Pax H.B Willemse - University of Groningen; Sabine Siesling - Netherlands Comprehensive Cancer Organisation; Sabine Siesling - University of Twente",,"0000-0002-0273-824X; 0000-0002-2930-509X; 0000-0003-3104-4471"
"No difference between lowest and highest volume hospitals in outcome after colorectal cancer surgery in the southern Netherlands",10.1016/j.ejso.2013.08.020,"European Journal of Surgical Oncology (EJSO)",2013-11-01,2,journal-article,"Elsevier BV","Felice N van Erning - Eindhoven Cancer Registry; Liza N van Steenbergen - Eindhoven Cancer Registry; W.T van den Broek - St. Anna Ziekenhuis; H.J.T Rutten - Radboud University Nijmegen; H.J.T Rutten - Maastricht University Medical Centre; H.J.T Rutten - Catharina Ziekenhuis; V.E.P.P Lemmens - Erasmus MC; V.E.P.P Lemmens - Eindhoven Cancer Registry",,"0000-0002-4109-5734; 0000-0002-8141-842X; 0000-0003-0125-1429; 0000-0003-2532-950X"
"Impact of scalp cooling on chemotherapy-induced alopecia, wig use and hair growth of patients with cancer",10.1016/j.ejon.2013.02.004,"European Journal of Oncology Nursing",2013-10-01,2,journal-article,"Elsevier BV","Corina van den Hurk - Eindhoven Cancer Registry; Corina van den Hurk - Leiden University; M Elske van den Akker‐van Marle - Leiden University; W.P.M Breed - Eindhoven Cancer Registry; Lonneke V van de Poll‐Franse - Tilburg University; Lonneke V van de Poll‐Franse - Eindhoven Cancer Registry; J.W.R Nortier - Tilburg University; J.W.W Coebergh - Eindhoven Cancer Registry",,
"International development of an EORTC questionnaire for assessing health-related quality of life in chronic myeloid leukemia patients: the EORTC QLQ-CML24",10.1007/s11136-013-0523-5,"Quality of Life Research",2013-09-13,1,journal-article,"Springer Nature","Michele Baccarani - University of Bologna; Massimo Breccia - Sapienza University of Rome; Susanne Saußele - Heidelberg University; Susanne Saußele - Medizinische Fakultät Mannheim; Gregory A Abel - Dana-Farber Cancer Institute; Giovanni Caocci - University of Cagliari; François Guilhot - Centre Hospitalier Universitaire de Poitiers; François Guilhot - Inserm; Kim Cocks - University of York; Adel Naeem - Baghdad Medical City; Mirjam A G Sprangers - University of Amsterdam; Simone Oerlemans - Eindhoven Cancer Registry; Wei‐Chu Chie - National Taiwan University; Fausto Castagnetti - University of Bologna; Giora Sharf - Advocates for Youth; Annarita Cardoni - Fondazione Gimema Onlus; Lucien Noens - Ghent University Hospital; Stephan Pallua - Innsbruck Medical University; Marzia Salvucci - Azienda Unità Sanitaria Locale Della Romagna; Ourania Nicolatou‐Galitis - National and Kapodistrian University of Athens; Gianantonio Rosti - University of Bologna; Franco Mandelli - Fondazione Gimema Onlus",,"0000-0001-5584-6554; 0000-0001-7222-487X; 0000-0001-9036-6329; 0000-0002-0310-4206; 0000-0002-0602-2628; 0000-0002-3728-6933; 0000-0002-4871-0090; 0000-0002-6585-5187; 0000-0003-0357-5785; 0000-0003-1100-2813; 0000-0003-1163-6162; 0000-0003-1595-7262; 0000-0003-1999-1687; 0000-0003-2595-708X"
"Rare neuroendocrine tumours: Results of the surveillance of rare cancers in Europe project",10.1016/j.ejca.2013.02.029,"European Journal of Cancer",2013-07-01,8,journal-article,"Elsevier BV","Jan Maarten van der Zwan - Netherlands Comprehensive Cancer Organisation; Annalisa Trama - Fondazione IRCCS Istituto Nazionale dei Tumori; R Otter - Netherlands Comprehensive Cancer Organisation; Andrea Tavilla - Istituto Superiore di Sanità; Rafael Marcos‐Gragera - Clínica Girona; Angelo Paolo Dei Tos - Ca' Foncello Hospital; Éric Baudin - Institut Gustave Roussy; Graeme J Poston - Aintree University Hospital; Graeme J Poston - University of Liverpool; Thera P Links - University Medical Center Groningen",,
"Androgenetic Alopecia: Identification of Four Genetic Risk Loci and Evidence for the Contribution of WNT Signaling to Its Etiology",10.1038/jid.2013.43,"Journal of Investigative Dermatology",2013-06-01,2,journal-article,"Elsevier BV","Stefanie Heilmann‐Heimbach - University of Bonn; Stefanie Heilmann‐Heimbach - Life & Brain (Germany); Amy K Kiefer - 23andMe (United States); Nadine Fricker - University of Bonn; Nadine Fricker - Life & Brain (Germany); Dmitriy Drichel - German Center for Neurodegenerative Diseases; Axel M Hillmer - Genome Institute of Singapore; Christine Herold - German Center for Neurodegenerative Diseases; Joyce Y Tung - 23andMe (United States); Nicholas Eriksson - 23andMe (United States); Silke Redler - Life & Brain (Germany); Silke Redler - University of Bonn; Regina C Betz - University of Bonn; Regina C Betz - Life & Brain (Germany); Rui Li - Jewish General Hospital; Rui Li - McGill University; Ari Kárason - deCODE Genetics (Iceland); Dale R Nyholt - QIMR Berghofer Medical Research Institute; Kijoung Song - GlaxoSmithKline (United States); Sita H Vermeulen - Radboud University Nijmegen; Sita H Vermeulen - Radboud University Medical Center; Stavroula Kanoni - Wellcome Sanger Institute; George Dedoussis - Harokopio University of Athens; Nicholas G Martin - QIMR Berghofer Medical Research Institute; Lambertus A Kiemeney - Radboud University Nijmegen; Lambertus A Kiemeney - Radboud University Medical Center; Lambertus A Kiemeney - Netherlands Comprehensive Cancer Organisation; Vincent Mooser - GlaxoSmithKline (United States); Kāri Stefánsson - deCODE Genetics (Iceland); J Brent Richards - King's College London; J Brent Richards - Jewish General Hospital; J Brent Richards - McGill University; Tim Becker - German Center for Neurodegenerative Diseases; Tim Becker - Institut für Medizinische Biometrie, Informatik und Epidemiologie; Tim Becker - University of Bonn; Felix F Brockschmidt - University of Bonn; Felix F Brockschmidt - Life & Brain (Germany); David A Hinds - 23andMe (United States); Markus M Nöthen - Life & Brain (Germany); Markus M Nöthen - University of Bonn",,
"Persisting fatigue in Hodgkin lymphoma survivors: a systematic review",10.1007/s00277-013-1793-2,"Annals of Hematology",2013-06-01,7,journal-article,"Springer Nature","Laurien A Daniëls - Leiden University Medical Center; Simone Oerlemans - Eindhoven Cancer Registry; Augustinus D G Krol - Leiden University Medical Center; Lonneke V van de Poll‐Franse - Eindhoven Cancer Registry; Carien L Creutzberg - Leiden University Medical Center",,
"Trends in Basal Cell Carcinoma Incidence Rates: A 37-Year Dutch Observational Study",10.1038/jid.2012.431,"Journal of Investigative Dermatology",2013-04-01,1,journal-article,"Elsevier BV","S.C Flohil - Erasmus MC; Inge Seubring - Radboud University Nijmegen; Michelle M van Rossum - Radboud University Nijmegen; J.W.W Coebergh - Eindhoven Cancer Registry; J.W.W Coebergh - Erasmus MC; Esther de Vries - Eindhoven Cancer Registry; Esther de Vries - Erasmus MC; Tamar Nijsten - Erasmus MC",,
"Risk of prostate cancer among cancer survivors in the Netherlands",10.1016/j.canep.2012.11.004,"Cancer Epidemiology",2013-04-01,2,journal-article,"Elsevier BV","Dieuwertje E Kok - Radboud University Nijmegen; Dieuwertje E Kok - Radboud University Medical Center; Dieuwertje E Kok - Wageningen University & Research; S.A.M van de Schans - Netherlands Comprehensive Cancer Organisation; L Liu - Erasmus University Rotterdam; L Liu - Erasmus MC; Ellen Kampman - Radboud University Nijmegen; Ellen Kampman - Radboud University Medical Center; Ellen Kampman - Wageningen University & Research; J.W.W Coebergh - Erasmus University Rotterdam; J.W.W Coebergh - Erasmus MC; J.W.W Coebergh - Eindhoven Cancer Registry; Lambertus A Kiemeney - Radboud University Nijmegen; Lambertus A Kiemeney - Radboud University Medical Center; Lambertus A Kiemeney - Netherlands Comprehensive Cancer Organisation; Isabelle Soerjomataram - Erasmus University Rotterdam; Isabelle Soerjomataram - Erasmus MC; Isabelle Soerjomataram - Centre international de recherche sur le cancer; Katja K.H Aben - Radboud University Nijmegen; Katja K.H Aben - Radboud University Medical Center; Katja K.H Aben - Netherlands Comprehensive Cancer Organisation",,"0000-0001-7154-8207; 0000-0002-0214-2147; 0000-0002-2368-1326; 0000-0002-2419-3930; 0000-0002-6017-741X; 0000-0002-8606-7075"
"Oncologic multidisciplinary team meetings: evaluation of quality criteria",10.1111/jep.12022,"Journal of Evaluation in Clinical Practice",2013-02-26,2,journal-article,Wiley,"Nelleke Ottevanger - Radboud University Medical Center; Nelleke Ottevanger - Radboud University Nijmegen; Mirrian Hilbink - Radboud University Medical Center; Mirrian Hilbink - Radboud University Nijmegen; Mariska Weenk - Radboud University Nijmegen; Mariska Weenk - Radboud University Medical Center; Romy Janssen - Radboud University Nijmegen; Romy Janssen - Radboud University Medical Center; Talitha Vrijmoeth - Radboud University Nijmegen; Talitha Vrijmoeth - Radboud University Medical Center; Antoinette de Vries - Netherlands Comprehensive Cancer Organisation; Rosella Hermens - Radboud University Medical Center; Rosella Hermens - Radboud University Nijmegen",,
"Availability of stage at diagnosis, cancer treatment delay and compliance with cancer guidelines as cancer registry indicators for cancer care in Europe: Results of EUROCHIP-3 survey",10.1002/ijc.27957,"International Journal of Cancer",2012-12-13,1,journal-article,Wiley,"Sabine Siesling - Netherlands Comprehensive Cancer Organisation; Sabine Siesling - University of Twente; A.B.G Kwast - Netherlands Comprehensive Cancer Organisation; Anna Gavin - The Northern Ireland Cancer Centre; Anna Gavin - Queen's University Belfast; Paolo Baili - Fondazione IRCCS Istituto Nazionale dei Tumori; R Otter - Netherlands Comprehensive Cancer Organisation",,"0000-0002-0273-824X; 0000-0002-5858-928X; 0000-0003-0335-2418"
"Oesophageal cancer survival in Europe: A EUROCARE-4 study",10.1016/j.canep.2012.07.009,"Cancer Epidemiology",2012-12-01,3,journal-article,"Elsevier BV","Anna Gavin - The Northern Ireland Cancer Centre; Anna Gavin - Queen's University Belfast; Silvia Francisci - Istituto Superiore di Sanità; Roberto Foschi - Fondazione IRCCS Istituto Nazionale dei Tumori; David Donnelly - The Northern Ireland Cancer Centre; David Donnelly - Queen's University Belfast; V.E.P.P Lemmens - Eindhoven Cancer Registry; Hermann Brenner - Heidelberg University; Hermann Brenner - German Cancer Research Center; Lesley Anderson - Queen's University Belfast",,"0000-0002-1000-3649; 0000-0002-1552-1744; 0000-0002-4109-5734; 0000-0002-5858-928X; 0000-0002-6129-1572; 0000-0003-0076-7685"
"Differences in outcomes of oesophageal and gastric cancer surgery across Europe",10.1002/bjs.8966,"British Journal of Surgery",2012-11-23,10,journal-article,Wiley,"Johan L Dikken - Leiden University Medical Center; Johan L Dikken - The Netherlands Cancer Institute; Johanna W van Sandick - The Netherlands Cancer Institute; William Allum - Royal Marsden NHS Foundation Trust; J Johansson - Lund University; Lone Susanne Jensen - Aarhus University Hospital; Hein Putter - Leiden University Medical Center; Victoria H Coupland - King's College London; Michel W.J.M Wouters - Leiden University Medical Center; Michel W.J.M Wouters - The Netherlands Cancer Institute; V.E.P.P Lemmens - Eindhoven Cancer Registry; C.J.H van de Velde - Leiden University Medical Center",,
"Effect of adjuvant chemotherapy in postmenopausal patients with invasive ductal versus lobular breast cancer",10.1093/annonc/mds180,"Annals of Oncology",2012-11-01,1,journal-article,"Elsevier BV","Wilfred Truin - Radboud University Nijmegen; Wilfred Truin - Máxima Medisch Centrum; Adri C Voogd - Eindhoven Cancer Registry; Adri C Voogd - Maastricht University Medical Centre; Gerard Vreugdenhil - Máxima Medisch Centrum; Gerard Vreugdenhil - Radboud University Nijmegen; Margriet van der Heiden‐van der Loo - Netherlands Comprehensive Cancer Organisation; Sabine Siesling - University of Twente; Sabine Siesling - Netherlands Comprehensive Cancer Organisation; Rudi M H Roumen - Máxima Medisch Centrum; Rudi M H Roumen - Radboud University Nijmegen",,
"Incidence, survival and prevalence of myeloid malignancies in Europe",10.1016/j.ejca.2012.05.024,"European Journal of Cancer",2012-11-01,9,journal-article,"Elsevier BV","Otto Visser - Netherlands Comprehensive Cancer Organisation; Annalisa Trama - Fondazione IRCCS Istituto Nazionale dei Tumori; Marc Maynadié - Université de Bourgogne; Charles Stiller - University of Oxford; Rafael Marcos‐Gragera - Clínica Girona; Rafael Marcos‐Gragera - Institut Català d'Oncologia; Roberta De Angelis - Istituto Superiore di Sanità; Sandra Mallone - Istituto Superiore di Sanità; Carmen Ţereanu - Fondazione IRCCS Istituto Nazionale dei Tumori; Claudia Allemani - London School of Hygiene & Tropical Medicine; Claudia Allemani - Fondazione IRCCS Istituto Nazionale dei Tumori; Claudia Allemani - Cancer Research UK; Umberto Ricardi - Azienda Ospedaliero Universitaria San Giovanni Battista; Umberto Ricardi - University of Turin; Harry C Schouten - Maastricht University Medical Centre",,
"76. Epidural analgesia – Associated with survival in colon cancer?",10.1016/j.ejso.2012.06.075,"European Journal of Surgical Oncology (EJSO)",2012-09-01,1,journal-article,"Elsevier BV","F Jeroen Vogelaar - Jeroen Bosch Ziekenhuis; A van den Bogerd - Jeroen Bosch Ziekenhuis; V.E.P.P Lemmens - Eindhoven Cancer Registry; J.C van der Linden - Jeroen Bosch Ziekenhuis; H G J M Cornelisse - Jeroen Bosch Ziekenhuis; F R C van Dorsten - Jeroen Bosch Ziekenhuis; Koop Bosscha - Jeroen Bosch Ziekenhuis",,"0000-0002-2229-6581; 0000-0002-4109-5734; 0000-0002-5455-9251; 0000-0002-7961-3314"
"Carcinoma of endocrine organs: Results of the RARECARE project",10.1016/j.ejca.2012.01.029,"European Journal of Cancer",2012-09-01,1,journal-article,"Elsevier BV","Jan Maarten van der Zwan - Netherlands Comprehensive Cancer Organisation; Sandra Mallone - Istituto Superiore di Sanità; Boukje A C van Dijk - Netherlands Comprehensive Cancer Organisation; Magdalena Bielska‐Lasota - Narodowy Instytut Zdrowia Publicznego PZH – Państwowy Instytut Badawczy; R Otter - Netherlands Comprehensive Cancer Organisation; Roberto Foschi - Fondazione IRCCS Istituto Nazionale dei Tumori; Éric Baudin - Institut Gustave Roussy; Thera P Links - University Medical Center Groningen",,
"A high level of fatigue among long-term survivors of non-Hodgkin's lymphoma: results from the longitudinal population-based PROFILES registry in the south of the Netherlands",10.3324/haematol.2012.064907,Haematologica,2012-08-28,2,journal-article,"Ferrata Storti Foundation (Haematologica)","Simone Oerlemans - Eindhoven Cancer Registry; Simone Oerlemans - Tilburg University; Floortje Mols - Eindhoven Cancer Registry; Floortje Mols - Tilburg University; Djamila E Issa - Amsterdam University Medical Centers; Djamila E Issa - University Medical Center; Djamila E Issa - University Hospital and Clinics; J H F M Pruijt - Jeroen Bosch Ziekenhuis; W Peters - Radboud University Nijmegen; W Peters - Catharina Ziekenhuis; Marnix L.M Lybeert - Catharina Ziekenhuis; Marnix L.M Lybeert - Radboud University Nijmegen; Wobbe P Zijlstra - Tilburg University; J.W.W Coebergh - Eindhoven Cancer Registry; J.W.W Coebergh - Erasmus University Rotterdam; Lonneke V van de Poll‐Franse - Tilburg University; Lonneke V van de Poll‐Franse - Eindhoven Cancer Registry",,"0000-0002-2419-3930; 0000-0002-4512-7019; 0000-0003-0413-6872; 0000-0003-0818-2913; 0000-0003-1595-7262"
"Incidence, prevalence and survival of patients with rare epithelial digestive cancers diagnosed in Europe in 1995–2002",10.1016/j.ejca.2011.10.038,"European Journal of Cancer",2012-07-01,4,journal-article,"Elsevier BV","Jean Faivre - Inserm; Annalisa Trama - Fondazione IRCCS Istituto Nazionale dei Tumori; Roberta De Angelis - Istituto Superiore di Sanità; Marloes A.G Elferink - Netherlands Comprehensive Cancer Organisation; Sabine Siesling - Netherlands Comprehensive Cancer Organisation; Riccardo A Audisio - St Helens Hospital; Andrés Cervantes - Hospital Clínico Universitario de Valencia; Côme Lepage - Inserm",,
"Breslow thickness in the Netherlands: a population-based study of 40 880 patients comparing young and elderly patients",10.1038/bjc.2012.255,"British Journal of Cancer",2012-06-19,1,journal-article,"Springer Nature","Schelto Kruijff - University Medical Center Groningen; Esther Bastiaannet - Leiden University; A.B Francken - Isala; Michael Schaapveld - The Netherlands Cancer Institute; Maaike A van der Aa - Centre for Concepts in Mechatronics; Harald J Hoekstra - University Medical Center Groningen",,"0000-0001-8469-9813; 0000-0001-9550-4997; 0000-0002-2934-2704; 0000-0002-5151-7320; 0000-0003-4390-7182"
"Trends in therapy and survival of advanced stage epithelial ovarian cancer patients in the Netherlands",10.1016/j.ygyno.2012.02.033,"Gynecologic Oncology",2012-06-01,1,journal-article,"Elsevier BV","Anne M van Altena - Radboud University Nijmegen; Anne M van Altena - Radboud University Medical Center; Henrike E Karim‐Kos - Erasmus MC; Esther de Vries - Erasmus MC; Esther de Vries - Eindhoven Cancer Registry; Roy F.P.M Kruitwagen - Maastricht University; Roy F.P.M Kruitwagen - Maastricht University Medical Centre; Leon F.A.G Massuger - Radboud University Nijmegen; Leon F.A.G Massuger - Radboud University Medical Center; Lambertus A Kiemeney - Radboud University Nijmegen; Lambertus A Kiemeney - Radboud University Medical Center; Lambertus A Kiemeney - Netherlands Comprehensive Cancer Organisation",,"0000-0002-1241-5866; 0000-0002-1305-9541; 0000-0002-1539-8985; 0000-0002-2368-1326; 0000-0002-5560-2258; 0000-0003-2598-087X"
"Six Novel Susceptibility Loci for Early-Onset Androgenetic Alopecia and Their Unexpected Association with Common Diseases",10.1371/journal.pgen.1002746,"PLoS Genetics",2012-05-31,1,journal-article,"Public Library of Science (PLoS)","Rui Li - Jewish General Hospital; Rui Li - McGill University; Felix F Brockschmidt - University of Bonn; Amy K Kiefer - 23andMe (United States); Hreinn Stefánsson - deCODE Genetics (Iceland); Kijoung Song - GlaxoSmithKline (United States); Sita H Vermeulen - Radboud University Nijmegen; Sita H Vermeulen - Radboud University Medical Center; Stavroula Kanoni - Wellcome Sanger Institute; Daniel Glass - King's College London; Dale R Nyholt - QIMR Berghofer Medical Research Institute; Maria Dimitriou - Harokopio University of Athens; Dawn Waterworth - GlaxoSmithKline (United States); Joyce Y Tung - 23andMe (United States); Frank Geller - Statens Serum Institut; Stefanie Heilmann‐Heimbach - University of Bonn; Stefanie Heilmann‐Heimbach - Life & Brain (Germany); Axel M Hillmer - Genome Institute of Singapore; Véronique Bataille - King's College London; Sibylle Eigelshoven - Heinrich Heine University Düsseldorf; S Hanneken - Heinrich Heine University Düsseldorf; Susanne Moebus - University of Duisburg-Essen; Christine Herold - German Center for Neurodegenerative Diseases; Martin den Heijer - Radboud University Nijmegen; Martin den Heijer - Radboud University Medical Center; Grant W Montgomery - QIMR Berghofer Medical Research Institute; Panos Deloukas - Wellcome Sanger Institute; Nicholas Eriksson - 23andMe (United States); Andrew C Heath - Washington University in St. Louis; Tim Becker - Institut für Medizinische Biometrie, Informatik und Epidemiologie; Tim Becker - University of Bonn; Tim Becker - German Center for Neurodegenerative Diseases; Patrick Sulem - deCODE Genetics (Iceland); Massimo Mangino - King's College London; Péter Vollenweider - University Hospital of Lausanne; Sarah E Medland - QIMR Berghofer Medical Research Institute; Felix F Brockschmidt - Life & Brain (Germany); Tim D Spector - King's College London; George Dedoussis - Harokopio University of Athens; Nicholas G Martin - QIMR Berghofer Medical Research Institute; Lambertus A Kiemeney - Radboud University Nijmegen; Lambertus A Kiemeney - Radboud University Medical Center; Lambertus A Kiemeney - Netherlands Comprehensive Cancer Organisation; Vincent Mooser - GlaxoSmithKline (United States); Kāri Stefánsson - deCODE Genetics (Iceland); David A Hinds - 23andMe (United States); Markus M Nöthen - Life & Brain (Germany); Markus M Nöthen - German Center for Neurodegenerative Diseases; Markus M Nöthen - University of Bonn; J Brent Richards - McGill University; J Brent Richards - Jewish General Hospital; J Brent Richards - King's College London",,"0000-0001-7123-6123; 0000-0001-7159-3040; 0000-0001-8353-6772; 0000-0001-9251-070X; 0000-0001-9267-208X; 0000-0002-0072-5410; 0000-0002-0765-896X; 0000-0002-1691-9615; 0000-0002-2167-7470; 0000-0002-2368-1326; 0000-0002-3381-7266; 0000-0002-3746-9086; 0000-0002-4140-8139; 0000-0002-4911-803X; 0000-0002-5219-4148; 0000-0002-6573-1109; 0000-0002-8469-8068; 0000-0002-8632-0448; 0000-0002-8750-4150; 0000-0002-8770-2464; 0000-0002-9226-1317; 0000-0002-9238-3269; 0000-0002-9331-6666; 0000-0002-9414-6857; 0000-0002-9795-0365; 0000-0003-1057-465X; 0000-0003-1382-380X; 0000-0003-1676-864X; 0000-0003-2031-2872; 0000-0003-3620-5617; 0000-0003-4069-8020; 0000-0003-4913-8601"
"Perceived information provision and satisfaction among lymphoma and multiple myeloma survivors—results from a Dutch population-based study",10.1007/s00277-012-1495-1,"Annals of Hematology",2012-05-26,2,journal-article,"Springer Nature","Simone Oerlemans - Eindhoven Cancer Registry; Olga Husson - Eindhoven Cancer Registry; Floortje Mols - Eindhoven Cancer Registry; Philip Poortmans - Instituut Verbeeten; Henk Roerdink - Elisabeth-TweeSteden Ziekenhuis; Laurien A Daniëls - Leiden University Medical Center; Carien L Creutzberg - Leiden University Medical Center; Lonneke V van de Poll‐Franse - Tilburg University",,"0000-0001-7400-2293; 0000-0002-1387-8686; 0000-0002-7008-4321; 0000-0003-0413-6872; 0000-0003-0818-2913; 0000-0003-1595-7262"
"Having a Pap smear, quality of life before and after cervical screening: a questionnaire study",10.1111/j.1471-0528.2012.03344.x,"BJOG: An International Journal of Obstetrics and Gynaecology",2012-05-09,5,journal-article,Wiley,"IJ Korfage - Erasmus MC; Marjolein van Ballegooijen - Erasmus MC; Brendy Wauben - Netherlands Comprehensive Cancer Organisation; CWN Looman - Erasmus MC; JDF Habbema - Erasmus MC; M‐L Essink‐Bot - Erasmus University Rotterdam; M‐L Essink‐Bot - University of Amsterdam",,
"Rare thoracic cancers, including peritoneum mesothelioma",10.1016/j.ejca.2012.02.047,"European Journal of Cancer",2012-05-01,1,journal-article,"Elsevier BV","Sabine Siesling - University of Twente; Sabine Siesling - Netherlands Comprehensive Cancer Organisation; Jan Maarten van der Zwan - Netherlands Comprehensive Cancer Organisation; Isabel Izarzugaza - Basque Government; Jana Jaal - Tartu University Hospital; Tom Treasure - University College Hospital; Tom Treasure - University College London; Roberto Foschi - Fondazione IRCCS Istituto Nazionale dei Tumori; Umberto Ricardi - Azienda Ospedaliero Universitaria San Giovanni Battista; Umberto Ricardi - University of Turin; Harry J.M Groen - University Medical Center Groningen; Andrea Tavilla - Istituto Superiore di Sanità; Eva Ardanáz - Instituto de Salud Pública de Navarra; Eva Ardanáz - Centro de Investigación Biomédica en Red de Epidemiología y Salud Pública",,"0000-0001-8434-2013; 0000-0001-9358-7610; 0000-0002-0273-824X; 0000-0002-2978-5265; 0000-0003-1657-2196; 0000-0003-4406-7621"
"The Breast Imaging Reporting and Data System (BI-RADS) in the Dutch breast cancer screening programme: its role as an assessment and stratification tool",10.1007/s00330-012-2409-2,"European Radiology",2012-03-14,1,journal-article,"Springer Nature","J M H Timmers - Dutch Expert Centre for Screening; Heidi J van Doorne-Nagtegaal - Netherlands Comprehensive Cancer Organisation; Harmien M Zonderland - University of Amsterdam; Harm van Tinteren - Netherlands Comprehensive Cancer Organisation; Otto Visser - Netherlands Comprehensive Cancer Organisation; André L M Verbeek - Radboud University Medical Center; André L M Verbeek - Radboud University Nijmegen; Gerard J den Heeten - Dutch Expert Centre for Screening; Mireille J M Broeders - Radboud University Nijmegen; Mireille J M Broeders - Radboud University Medical Center",,"0000-0002-2319-5002; 0000-0002-4626-8702; 0000-0002-8741-8148; 0000-0003-1496-1817"
"Towards an Optimal Interval for Prostate Cancer Screening",10.1016/j.eururo.2011.08.002,"European Urology",2012-01-01,4,journal-article,"Elsevier BV","Pim J van Leeuwen - Erasmus MC; Monique J Roobol - Erasmus MC; Marco Zappa - Piedmont Reference Center for Epidemiology and Cancer Prevention; Sigrid Carlsson - University of Gothenburg; Meelan Bul - Erasmus MC; Xiaoye Zhu - Erasmus MC; Chris H Bangma - Erasmus MC; Fritz H Schröder - Erasmus MC; Jonas Hugosson - University of Gothenburg",,"0000-0001-5705-6660; 0000-0001-6967-1708; 0000-0002-2324-2817; 0000-0002-5531-6104; 0000-0002-6606-9786; 0000-0003-3553-5710"
"Population-based survival for malignant mesothelioma after introduction of novel chemotherapy",10.1183/09031936.00153611,"European Respiratory Journal",2011-12-01,1,journal-article,"European Respiratory Society (ERS)","Jacobus A Burgers - The Netherlands Cancer Institute",,
"Early identification of and proactive palliative care for patients in general practice, incentive and methods of a randomized controlled trial",10.1186/1471-2296-12-123,"BMC Family Practice",2011-11-03,9,journal-article,"Springer Nature","Bregje Thoonsen - Radboud University Medical Center; Bregje Thoonsen - Radboud University Nijmegen; Marieke Groot - Radboud University Medical Center; Marieke Groot - Radboud University Nijmegen; Yvonne Engels - Radboud University Medical Center; Yvonne Engels - Radboud University Nijmegen; Judith B Prins - Radboud University Nijmegen; Judith B Prins - Radboud University Medical Center; Stans Verhagen - Radboud University Medical Center; Stans Verhagen - Radboud University Nijmegen; Cilia Galesloot - Netherlands Comprehensive Cancer Organisation; Chris van Weel - Radboud University Nijmegen; Chris van Weel - Radboud University Medical Center; Kris Vissers - Radboud University Nijmegen; Kris Vissers - Radboud University Medical Center",,
"Impact of Preoperative Radiotherapy on General and Disease-Specific Health Status of Rectal Cancer Survivors: A Population-Based Study",10.1016/j.ijrobp.2010.12.030,"International Journal of Radiation OncologyBiologyPhysics",2011-11-01,1,journal-article,"Elsevier BV","Melissa S Y Thong - Eindhoven Cancer Registry; Melissa S Y Thong - Tilburg University; Floortje Mols - Eindhoven Cancer Registry; Floortje Mols - Tilburg University; V.E.P.P Lemmens - Erasmus University Rotterdam; V.E.P.P Lemmens - Eindhoven Cancer Registry; H.J.T Rutten - Radboud University Nijmegen; H.J.T Rutten - Catharina Ziekenhuis; Jan A Roukema - Elisabeth-TweeSteden Ziekenhuis; Hendrik Martijn - Radboud University Nijmegen; Hendrik Martijn - Catharina Ziekenhuis; Lonneke V van de Poll‐Franse - Eindhoven Cancer Registry; Lonneke V van de Poll‐Franse - Tilburg University",,
"Enhancing the quality of care for patients with breast cancer: Seven years of experience with a Dutch auditing system",10.1016/j.ejso.2011.03.003,"European Journal of Surgical Oncology (EJSO)",2011-08-01,2,journal-article,"Elsevier BV","Laetitia Veerbeek - Netherlands Comprehensive Cancer Organisation; Lydia G van der Geest - Netherlands Comprehensive Cancer Organisation; Michel W.J.M Wouters - The Netherlands Cancer Institute; Onno R Guicherit - Bronovo Hospital; Aukje Does‐den Heijer - Diakonessenhuis hospital; J.W.R Nortier - Leiden University; A Marinelli - Medisch Centrum Haaglanden; R.A.E.M Tollenaar - Leiden University",,"0000-0001-6173-0662; 0000-0003-1637-5520; 0000-0003-4862-1394"
"The impact of treatment, socio-demographic and clinical characteristics on health-related quality of life among Hodgkin’s and non-Hodgkin’s lymphoma survivors: a systematic review",10.1007/s00277-011-1274-4,"Annals of Hematology",2011-06-14,2,journal-article,"Springer Nature","Simone Oerlemans - National Student Clearinghouse Research Center; Floortje Mols - National Student Clearinghouse Research Center; Marten R Nijziel - Otemae Hospital; Lonneke V van de Poll‐Franse - National Student Clearinghouse Research Center",,
"Early diagnosis in primary oral cancer: is it possible?",10.4317/medoral.16.e300,"Medicina Oral Patología Oral y Cirugia Bucal",2011-01-01,1,journal-article,"Medicina Oral, S.L.","I van der Waal - University Medical Center; I van der Waal - Academic Center for Dentistry Amsterdam; Remco de Bree - Amsterdam University Medical Centers; Ruud H Brakenhoff - Amsterdam University Medical Centers; J.W.W Coebergh - Erasmus MC; J.W.W Coebergh - Eindhoven Cancer Registry",,"0000-0001-7128-5814; 0000-0002-2419-3930; 0000-0003-3251-5378; 0000-0003-3540-8981"
"Variations in treatment policies and outcome for bladder cancer in the Netherlands",10.1016/j.ejso.2010.06.003,"European Journal of Surgical Oncology (EJSO)",2010-09-01,2,journal-article,"Elsevier BV","Catharina A Goossens‐Laan - University Medical Center Utrecht; Catharina A Goossens‐Laan - Utrecht University; O Visser - Netherlands Comprehensive Cancer Organisation; Michel W.J.M Wouters - The Netherlands Cancer Institute; M.L.E.A Jansen-Landheer - Netherlands Comprehensive Cancer Organisation; J.W.W Coebergh - Eindhoven Cancer Registry; C.J.H van de Velde - Leiden University Medical Center; Maarten C.C.M Hulshof - Amsterdam UMC Location University of Amsterdam; P Kil - University Medical Center Utrecht; P Kil - Utrecht University",,"0000-0001-5240-3467; 0000-0001-6173-0662; 0000-0002-2419-3930"
"Variation in treatment and outcome in patients with non-small cell lung cancer by region, hospital type and volume in the Netherlands",10.1016/j.ejso.2010.06.020,"European Journal of Surgical Oncology (EJSO)",2010-09-01,4,journal-article,"Elsevier BV","Sabine Siesling - University of Twente; M.L.E.A Jansen-Landheer - Netherlands Comprehensive Cancer Organisation",,
"Impact of a smoking and alcohol intervention programme on lung and breast cancer incidence in Denmark: An example of dynamic modelling with Prevent",10.1016/j.ejca.2010.07.051,"European Journal of Cancer",2010-09-01,1,journal-article,"Elsevier BV","Isabelle Soerjomataram - Eindhoven Cancer Registry; Isabelle Soerjomataram - Erasmus University Rotterdam; Isabelle Soerjomataram - Erasmus MC; Esther de Vries - Erasmus MC; Esther de Vries - Eindhoven Cancer Registry; Esther de Vries - Erasmus University Rotterdam; Gerda Engholm - Danish Cancer Society; Georg Paludan-Müller - Danish Cancer Society; Henrik Brønnum‐Hansen - University of Southern Denmark; Hans H Storm - Danish Cancer Society; Jan J Barendregt - The University of Queensland",,"0000-0001-7223-8198; 0000-0002-5337-6234; 0000-0002-5560-2258; 0000-0002-6017-741X; 0000-0003-3513-7245"
"Increased consumption of fruit and vegetables and future cancer incidence in selected European countries",10.1016/j.ejca.2010.07.026,"European Journal of Cancer",2010-09-01,7,journal-article,"Elsevier BV","Isabelle Soerjomataram - Erasmus MC; D.W.G.D Oomen - Erasmus University Rotterdam; V.E.P.P Lemmens - Eindhoven Cancer Registry; Anke Oenema - Erasmus University Rotterdam; Vassiliki Benetou - Athens Medical Center; Antonia Trichopoulou - Athens Medical Center; J.W.W Coebergh - Erasmus MC; Jan J Barendregt - The University of Queensland; Esther de Vries - Erasmus MC",,
"Incidence and Trends of Cutaneous Malignancies in the Netherlands, 1989–2005",10.1038/jid.2010.58,"Journal of Investigative Dermatology",2010-07-01,2,journal-article,"Elsevier BV","Cynthia Holterhues - Erasmus University Rotterdam; Cynthia Holterhues - Erasmus MC; Esther de Vries - Erasmus MC; Esther de Vries - Erasmus University Rotterdam; Marieke W.J Louwman - Eindhoven Cancer Registry; Senada Koljenović - Erasmus University Rotterdam; Senada Koljenović - Erasmus MC; Tamar Nijsten - Erasmus University Rotterdam; Tamar Nijsten - Erasmus MC",,
